label,x0,y0,x1,y1,x2,y2,x3,y3,x4,y4,x5,y5,x6,y6,x7,y7,x8,y8,x9,y9,x10,y10,x11,y11,x12,y12,x13,y13,x14,y14,x15,y15,x16,y16,x17,y17,x18,y18,x19,y19
Circle,0.5300906842539159,0.03915910964550701,0.5300906842539159,0.03915910964550701,0.5300906842539159,0.03915910964550701,0.5300906842539159,0.03915910964550701,0.5663643858202804,0.03915910964550701,0.7283594394064304,0.06183017312448473,0.9212695795548229,0.17559769167353678,1.0,0.3668590272052762,0.917971970321517,0.5535861500412201,0.7271228359439409,0.6731244847485574,0.4620774938169827,0.7028029678483102,0.21764220939818651,0.6488046166529269,0.07131079967023911,0.5362737015663643,0.0,0.37798845836768374,0.024732069249793712,0.2225886232481452,0.11871393239901054,0.09892827699917575,0.244435284418796,0.024732069249793938,0.3252267106347897,0.0004122011541632434,0.361500412201154,0.0,0.38128606760098926,0.0
Circle,0.5713868613138685,0.033284671532846706,0.5713868613138685,0.02832116788321169,0.5713868613138685,0.023357664233576672,0.5751824817518246,0.022189781021897805,0.6151824817518247,0.022189781021897805,0.7500729927007298,0.04116788321167889,0.9150364963503647,0.14248175182481743,1.0,0.3351824817518248,0.9637956204379561,0.5302189781021898,0.7664233576642333,0.6557664233576641,0.4934306569343063,0.6931386861313868,0.2230656934306566,0.6581021897810215,0.060145985401459816,0.5249635036496351,0.0,0.3462773722627734,0.0872992700729928,0.17343065693430643,0.2665693430656937,0.060437956204379376,0.44846715328467157,0.009343065693430606,0.5471532846715327,0.0,0.576934306569343,0.0,0.576934306569343,0.0
Circle,0.6688429452303228,0.11715632934348934,0.6550598476605006,0.11715632934348934,0.6481682988755895,0.11715632934348934,0.6481682988755895,0.11715632934348934,0.6481682988755895,0.11715632934348934,0.6967718534639101,0.11715632934348934,0.8661588683351471,0.17482771128037736,1.0,0.3706927820094306,0.9590134203844757,0.6579615524120425,0.6191512513601737,0.8585418933623506,0.24156692056583212,0.8596300326441785,0.012332245194051468,0.6815379035183172,0.0,0.42437431991294894,0.1987667754805951,0.19187522669568355,0.4740660137830973,0.0544069640914037,0.6902430177729417,0.0036271309394270176,0.8081247733043164,0.0,0.8505622052956112,0.0,0.8618063112078347,0.0,0.8618063112078347,0.0
Circle,0.4415675297410777,0.006648005598320504,0.4398180545836251,0.006648005598320504,0.42827151854443674,0.006648005598320504,0.4216235129461162,0.006648005598320504,0.4149755073477957,0.0,0.4212736179146255,0.0,0.5524842547235825,0.0038488453463960013,0.8271518544436669,0.0724282715185444,1.0,0.26731980405878236,0.893631910426872,0.5958712386284114,0.47585724282715175,0.7890132960111965,0.11511546536039194,0.7204338698390481,0.0,0.42547235829251256,0.22603219034289693,0.18859342197340823,0.4293212036389082,0.08152554233729885,0.5199440167949615,0.05353393981805459,0.5412876137158853,0.05318404478656403,0.5412876137158853,0.05318404478656403,0.5412876137158853,0.05318404478656403,0.5412876137158853,0.05318404478656403
Circle,0.7779420461265523,0.06179775280898876,0.7779420461265523,0.06179775280898876,0.7779420461265523,0.06179775280898876,0.7723240685984624,0.06179775280898876,0.7566528681253696,0.06179775280898876,0.729745712596097,0.05854523950325258,0.7569485511531636,0.056179775280898875,0.9133648728562976,0.13719692489651084,1.0,0.49556475458308696,0.7829686575990534,0.7300413956238914,0.3036664695446478,0.7755765819041985,0.02158486102897691,0.6345357776463633,0.0,0.37315198107628594,0.22915434654050887,0.1395623891188644,0.4899467770549968,0.029863985807214718,0.6369012418687167,0.001478415138971065,0.694263749260792,0.0,0.7125960969840329,0.0,0.7161442933175635,0.0,0.7161442933175635,0.0
Circle,0.6209322779243623,0.0,0.6125769569041337,0.0,0.6125769569041337,0.0,0.6112576956904135,0.0,0.5941072999120492,0.0,0.5875109938434477,0.0,0.6116974494283206,0.0,0.7955145118733514,0.009234828496042244,1.0,0.1811785400175906,0.9929639401934914,0.638522427440634,0.4256816182937551,0.869393139841689,0.025505716798592332,0.7115215479331575,0.0,0.3979771328056284,0.30386983289357977,0.1684256816182936,0.635883905013193,0.06508355321020226,0.8157431838170626,0.050131926121372045,0.8856640281442397,0.050131926121372045,0.9041336851363238,0.050131926121372045,0.9050131926121373,0.050131926121372045,0.9050131926121373,0.050131926121372045
Circle,0.7076923076923076,0.06820512820512821,0.7066666666666666,0.06820512820512821,0.7028205128205128,0.06820512820512821,0.7028205128205128,0.06820512820512821,0.6979487179487179,0.06820512820512821,0.6979487179487179,0.06333333333333334,0.7141025641025641,0.06333333333333334,0.8130769230769231,0.07743589743589743,0.9505128205128206,0.16179487179487184,1.0,0.3682051282051283,0.7758974358974353,0.590769230769231,0.3615384615384612,0.6676923076923076,0.07948717948717926,0.5705128205128206,0.0,0.3799999999999998,0.12897435897435905,0.1892307692307691,0.32128205128205156,0.07333333333333321,0.4838461538461539,0.018974358974358962,0.5658974358974358,0.00205128205128211,0.5984615384615384,0.0,0.6151282051282051,0.0
Circle,0.6370819067685016,0.06004740584672111,0.6320779562812748,0.06004740584672111,0.6320779562812748,0.06004740584672111,0.6320779562812748,0.06004740584672111,0.6368185409533845,0.06004740584672111,0.7450618909665526,0.06689491703976816,0.9312615222544115,0.12483539636555191,1.0,0.2770608375032922,0.8841190413484333,0.5064524624703715,0.5622860152752176,0.6757966815907297,0.20621543323676594,0.640242296549908,0.0,0.42533579141427463,0.05794047932578375,0.17355807216223318,0.27311035027653435,0.032657361074532466,0.44298130102712685,0.0,0.5075059257308405,0.010271266789570722,0.5219910455622861,0.023966289175665043,0.5219910455622861,0.027653410587305777,0.5219910455622861,0.031340531998946576,0.5219910455622861,0.03502765341058731
Circle,0.6493979277513301,0.005320638476617195,0.6493979277513301,0.005320638476617195,0.6493979277513301,0.005320638476617195,0.6493979277513301,0.005320638476617195,0.6446373564827779,0.005320638476617195,0.644077289274713,0.0,0.6914029683562027,0.0,0.8468216185942317,0.038364603752450335,0.9862783534024081,0.18118174180901728,1.0,0.4029683562027445,0.7787734528143377,0.6255950714085691,0.39456734808176946,0.7107252870344442,0.09633155978717418,0.6034724166900026,0.0,0.3618034164099688,0.15513861663399628,0.14253710445253398,0.37580509661159356,0.03500420050406043,0.5219826379165501,0.005320638476617195,0.575189022682722,0.005320638476617195,0.5802296275553066,0.005320638476617195,0.5802296275553066,0.005320638476617195
Circle,0.5273802115743622,0.04729309271935284,0.5273802115743622,0.04729309271935284,0.5273802115743622,0.04729309271935284,0.5273802115743622,0.04729309271935284,0.5273802115743622,0.04729309271935284,0.5273802115743622,0.04729309271935284,0.5273802115743622,0.04729309271935284,0.5273802115743622,0.04729309271935284,0.5544492843808339,0.04729309271935284,0.7261978842563785,0.08245177349097699,0.9595519601742376,0.2601120099564406,1.0,0.5609831985065341,0.7009956440572495,0.7641568139390172,0.2744243932794026,0.7461107654013692,0.009334163036714475,0.5544492843808343,0.0,0.2874922215308026,0.2274424393279401,0.09676415681393893,0.42252644679527057,0.01586807716241439,0.5046670815183573,0.0,0.515556938394524,0.0
Circle,0.6809124278972206,0.07472469847928682,0.6754063974829574,0.07472469847928682,0.6709491347666491,0.07472469847928682,0.6709491347666491,0.07472469847928682,0.6617724174095435,0.07472469847928682,0.6484006292606186,0.07472469847928682,0.6861562663869953,0.07472469847928682,0.8156790770844256,0.10802307288935495,0.9562139486103826,0.2139486103828002,1.0,0.41295228106974285,0.8096486628211854,0.6415836392239117,0.3778185631882542,0.7606187729417933,0.06948085998951217,0.666229680125852,0.0,0.42920818038804404,0.17724174095437853,0.20398531725222874,0.4069218668065023,0.0736759307813319,0.5555846879916095,0.01966439433665442,0.6258521237545884,0.0010487676979548618,0.6504981646565284,0.0,0.6510225485055059,0.0
Circle,0.6209997355197038,0.03015075376884422,0.619941814334832,0.03015075376884422,0.6109494842634223,0.03015075376884422,0.607775720708807,0.03015075376884422,0.5966675482676539,0.03015075376884422,0.5860883364189368,0.03015075376884422,0.654588733139381,0.03147315524993385,0.8346998148637926,0.062152869611214016,0.9735519703782066,0.1840782861676806,1.0,0.44750066120074056,0.76461253636604,0.7209732874900822,0.3208145993123508,0.8127479502777041,0.03834964295159991,0.685797408093097,0.0,0.43374768579740786,0.16397778365511778,0.20576567045755076,0.3607511240412592,0.07987304945781523,0.49008198889182764,0.024596667548267566,0.5493255752446443,0.007140967997884147,0.569690558053425,0.0,0.5807987304945781,0.0
Circle,0.345309381237525,0.007584830339321356,0.33772455089820363,0.0,0.3225548902195609,0.0,0.3225548902195609,0.0,0.31696606786427134,0.0,0.30738522954091824,0.0,0.37245508982035924,0.008383233532934154,0.7848303393213575,0.10978043912175657,1.0,0.7189620758483032,0.3497005988023958,0.9489021956087825,0.0,0.6015968063872255,0.2423153692614772,0.2822355289421158,0.4778443113772454,0.1544910179640717,0.5704590818363273,0.12215568862275449,0.5880239520958084,0.11377245508982034,0.5956087824351297,0.11377245508982034,0.5956087824351297,0.11377245508982034,0.5956087824351297,0.11377245508982034,0.5880239520958084,0.11377245508982034,0.5880239520958084,0.11377245508982034
Circle,0.841736694677871,0.2560224089635854,0.841736694677871,0.2560224089635854,0.841736694677871,0.2560224089635854,0.841736694677871,0.2560224089635854,0.841736694677871,0.2560224089635854,0.841736694677871,0.2560224089635854,0.8809523809523807,0.2585434173669467,0.9655462184873951,0.2955182072829132,1.0,0.4655462184873948,0.819887955182073,0.7282913165266105,0.3932773109243695,0.826610644257703,0.06918767507002815,0.6605042016806721,0.0,0.35854341736694695,0.18431372549019615,0.10784313725490191,0.4291316526610646,0.0,0.5960784313725488,0.01680672268907565,0.680952380952381,0.07535014005602242,0.7123249299719887,0.1257703081232493,0.7322128851540616,0.1464985994397759,0.74593837535014,0.1495798319327731
Circle,0.946328437917223,0.28891855807743655,0.946328437917223,0.28891855807743655,0.9425901201602138,0.28891855807743655,0.9412550066755675,0.28891855807743655,0.9436582109479306,0.28891855807743655,0.9735647530040054,0.30253671562082773,1.0,0.4117489986648864,0.9022696929238987,0.703070761014686,0.594125500667557,0.919626168224299,0.24485981308411248,0.9257676902536717,0.042189586114819946,0.728437917222964,0.0,0.4606141522029375,0.14339118825100122,0.21708945260347148,0.3487316421895859,0.06515353805073443,0.5591455273698261,0.0032042723631508867,0.7425901201602138,0.0,0.8467289719626168,0.02857142857142852,0.8881174899866487,0.06461949265687572,0.9038718291054741,0.08918558077436575,0.9158878504672898,0.09105473965287049
Circle,0.9468085106382979,0.2765957446808511,0.9468085106382979,0.2765957446808511,0.9468085106382979,0.2765957446808511,0.9468085106382979,0.2765957446808511,0.9468085106382979,0.2765957446808511,0.9468085106382979,0.2765957446808511,0.9574468085106383,0.28191489361702127,1.0,0.34574468085106386,1.0,0.5372340425531915,0.7925531914893617,0.776595744680851,0.40425531914893614,0.8297872340425532,0.0797872340425532,0.6436170212765957,0.0,0.34574468085106386,0.16489361702127658,0.10106382978723404,0.39893617021276595,0.0,0.6117021276595744,0.015957446808510637,0.7340425531914894,0.07446808510638298,0.7819148936170213,0.11702127659574468,0.8085106382978723,0.1276595744680851,0.8138297872340425,0.13297872340425532
Circle,0.9249999999999999,0.19195402298850578,0.9249999999999999,0.19195402298850578,0.9249999999999999,0.19195402298850578,0.9249999999999999,0.19195402298850578,0.9249999999999999,0.19195402298850578,0.9448275862068966,0.19540229885057467,1.0,0.29770114942528725,0.9847701149425288,0.5695402298850574,0.7020114942528737,0.8014367816091954,0.23850574712643674,0.799712643678161,0.0,0.5304597701149428,0.051724137931034246,0.20660919540229913,0.2954022988505744,0.024712643678161,0.5936781609195398,0.0,0.8057471264367814,0.08160919540229876,0.9129310344827585,0.24367816091954017,0.9545977011494252,0.4206896551724138,0.9632183908045976,0.5408045977011494,0.9632183908045976,0.5781609195402299,0.9632183908045976,0.5795977011494253
Circle,0.9876179245283019,0.3637971698113207,0.9796580188679245,0.3581957547169811,0.9660966981132074,0.3581957547169811,0.9554834905660379,0.3581957547169811,0.9690448113207546,0.36202830188679236,1.0,0.4262971698113206,0.9575471698113208,0.6356132075471699,0.6114386792452833,0.8201650943396228,0.19369103773584898,0.8018867924528301,0.0,0.5622051886792452,0.06308962264150932,0.28095518867924546,0.2965801886792454,0.0784198113207547,0.5663325471698114,0.0,0.7452830188679244,0.04097877358490555,0.8390330188679245,0.11438679245283008,0.8717570754716981,0.17305424528301883,0.8853183962264148,0.20400943396226404,0.8979952830188679,0.21816037735849053,0.9035966981132075,0.21816037735849053,0.9035966981132075,0.22376179245283015
Circle,0.8878435256251547,0.14830403565238912,0.8878435256251547,0.14830403565238912,0.883139390938351,0.14830403565238912,0.883139390938351,0.14830403565238912,0.887595939589007,0.14830403565238912,0.935132458529339,0.16489230007427577,1.0,0.24114879920772453,0.9727655360237683,0.4211438474870013,0.7125526120326814,0.578360980440703,0.34934389700420915,0.6051002723446396,0.09309234959148319,0.48105966823471147,0.0,0.2896756622926467,0.12305025996533775,0.10373854914582815,0.39069076504085143,0.0,0.6362961128992323,0.005446892795246234,0.775934637286457,0.057192374350086665,0.834612527853429,0.09977717256746707,0.851448378311463,0.11537509284476347,0.8625897499381034,0.11537509284476347,0.8737311215647436,0.11537509284476347
Circle,1.0,0.2419618528610354,0.9948228882833787,0.2419618528610354,0.9948228882833787,0.2419618528610354,0.9948228882833787,0.26021798365122617,0.972207084468665,0.3305177111716621,0.8893732970027249,0.44686648501362386,0.6678474114441418,0.5863760217983651,0.36021798365122626,0.6588555858310627,0.1177111716621253,0.6158038147138964,0.0,0.4673024523160762,0.035422343324250656,0.27820163487738414,0.21144414168937356,0.11226158038147119,0.4485013623978201,0.018256130790190665,0.6634877384196188,0.0,0.8299727520435967,0.06920980926430509,0.9237057220708449,0.16893732970027256,0.9645776566757492,0.2512261580381471,0.9741144414168937,0.2948228882833787,0.9741144414168937,0.3040871934604904,0.9741144414168937,0.2989100817438692
Circle,0.920820279122757,0.24522927940757622,0.9134149814867559,0.23981771575049846,0.9099971518086014,0.23981771575049846,0.9040159498718313,0.23981771575049846,0.899174024494446,0.23981771575049846,0.9273711193392196,0.2589005981201936,1.0,0.3867843919111363,0.9908857875249214,0.5844488749643976,0.7963543150099686,0.7456565081173454,0.4417544859014528,0.7974935915693533,0.14525776132156107,0.6986613500427228,0.0,0.4944460267729993,0.01908288236969517,0.2660210766163488,0.1828538877812587,0.08459128453432095,0.416690401594987,0.0,0.6305895756194816,0.004841925377385344,0.7598974651096552,0.05354599829108514,0.8100256337225858,0.09655368840786097,0.8268299629735119,0.11335801765878664,0.8342352606095129,0.1153517516377101
Circle,0.7857715966836051,0.14067932602300073,0.7857715966836051,0.14067932602300073,0.7857715966836051,0.14067932602300073,0.7857715966836051,0.14067932602300073,0.796202193099759,0.14067932602300073,0.8769724525274134,0.1642150307568869,0.9796737095480073,0.26932334848890077,1.0,0.4514576089863598,0.8360524204332708,0.6269055897298741,0.5250066862797537,0.7066060443968973,0.21048408665418564,0.662476598020861,0.03022198448783096,0.49585450655255403,0.0,0.2888472853704197,0.13078363198716228,0.11420165819737889,0.3340465365070871,0.016849424979941203,0.5573682802888473,0.0,0.7165017384327358,0.026210216635464047,0.7932602300080234,0.050013372559507864,0.8111794597485957,0.0623161273067664,0.8111794597485957,0.06445573682802883
Circle,0.8682874699438954,0.11033930002671652,0.8632113278119157,0.11033930002671652,0.8632113278119157,0.11033930002671652,0.8565321934277319,0.11033930002671652,0.8530590435479564,0.11033930002671652,0.8765695965802834,0.11301095378039011,0.9465669249265297,0.14987977558108465,1.0,0.2628907293614746,0.9532460593107136,0.4683409030189686,0.7039807640929739,0.6647074539139726,0.3734971947635591,0.7387122628907297,0.12022441891530884,0.6516163505209727,0.0,0.46940956452043814,0.03980764092973549,0.2575474218541277,0.2233502538071065,0.0814854394870425,0.45792145337964196,0.0,0.6548223350253807,0.004007480630510256,0.7683676195565057,0.0542345711995725,0.8113812449906493,0.09350788137857327,0.8175260486240984,0.11033930002671652
Circle,0.8650856389986826,0.1702239789196311,0.8600790513833994,0.1702239789196311,0.8600790513833994,0.1702239789196311,0.8600790513833994,0.1702239789196311,0.8600790513833994,0.1702239789196311,0.8640316205533598,0.1702239789196311,0.9111989459815548,0.18656126482213442,0.9862977602108038,0.2729907773386035,1.0,0.45902503293807667,0.7596837944664028,0.651646903820817,0.38998682476943347,0.7309617918313571,0.1241106719367588,0.6611330698287219,0.0,0.4956521739130432,0.04163372859025052,0.2919631093544136,0.226613965744401,0.11857707509881404,0.4563899868247696,0.02239789196310928,0.6513833992094865,0.0,0.7652173913043481,0.028458498023715514,0.814229249011858,0.05928853754940709,0.8200263504611333,0.08010540184453228
Circle,0.9699735060347366,0.1156903149838092,0.9699735060347366,0.1156903149838092,0.9699735060347366,0.1156903149838092,0.9699735060347366,0.1156903149838092,0.9699735060347366,0.1156903149838092,0.9808654695319399,0.1265822784810126,1.0,0.1713276420370915,0.9879305269355315,0.2973211657344715,0.8972622902561084,0.5033853400058874,0.6302619958787169,0.6891374742419779,0.29643803355902293,0.7474241978216071,0.09390638798940246,0.6576390933176334,0.0,0.4833676773623785,0.03414777745069181,0.28348542831910506,0.18663526641153935,0.11392405063291161,0.37238740064763015,0.025610833088018776,0.5342949661465998,0.0,0.6414483367677362,0.018545775684427487,0.6853105681483662,0.04974977921695596,0.6959081542537533,0.0709449514277303
Circle,0.7739832350201803,0.08227258615336855,0.7739832350201803,0.08227258615336855,0.7739832350201803,0.08227258615336855,0.7739832350201803,0.08227258615336855,0.7739832350201803,0.08227258615336855,0.7739832350201803,0.08227258615336855,0.7739832350201803,0.08227258615336855,0.7854703508227262,0.08227258615336855,0.8643278484942567,0.10214219186588026,0.9823036324122947,0.22508537721204608,1.0,0.5082272586153371,0.715616268239677,0.7742936976094384,0.2992859360447064,0.8270723377832974,0.039118286246506914,0.655386525923626,0.0,0.3831108351443649,0.19000310462589287,0.14032909034461333,0.463831108351444,0.02390561937286559,0.67649798199317,0.0,0.7746041601986963,0.017696367587705687,0.8034771809996898,0.040981061782055274
Circle,0.7680658873538789,0.013283740701381459,0.763018065887354,0.013283740701381459,0.763018065887354,0.013283740701381459,0.7598299681190224,0.013283740701381459,0.757970244420829,0.013283740701381459,0.763815090329437,0.013549415515409096,0.8331562167906483,0.040116896918172155,0.9561636556854414,0.1352284803400639,1.0,0.3246546227417643,0.8212008501594049,0.5292242295430394,0.4426142401700315,0.6447927736450585,0.13868225292242276,0.6081296493092453,0.0,0.4527098831030817,0.04543039319872498,0.25053134962805496,0.2720510095642936,0.08209351753453763,0.5249734325185977,0.006641870350690657,0.6907545164718387,0.0,0.7725823591923489,0.011158342189160356,0.8063230605738577,0.01833156216790643,0.8235919234856537,0.01833156216790643
Circle,0.8054054054054054,0.05945945945945946,0.8,0.05945945945945946,0.7891891891891892,0.05945945945945946,0.7891891891891892,0.05945945945945946,0.7891891891891892,0.05945945945945946,0.7945945945945946,0.05945945945945946,0.8648648648648649,0.07027027027027027,0.9567567567567568,0.13513513513513514,1.0,0.2594594594594595,0.9351351351351351,0.42162162162162165,0.6972972972972973,0.5675675675675675,0.3621621621621622,0.6270270270270271,0.11351351351351352,0.5567567567567567,0.0,0.4,0.07027027027027027,0.22162162162162163,0.25405405405405407,0.08108108108108109,0.4540540540540541,0.016216216216216217,0.5945945945945946,0.0,0.6648648648648648,0.005405405405405406,0.6918918918918919,0.016216216216216217
Circle,0.6911504424778763,0.0,0.6852507374631269,0.0,0.6743362831858408,0.0,0.6743362831858408,0.0,0.6743362831858408,0.0,0.6772861356932154,0.0,0.7277286135693218,0.00914454277286146,0.8469026548672569,0.05368731563421839,0.9598820058997054,0.18348082595870222,1.0,0.4112094395280241,0.7852507374631268,0.6212389380530976,0.33746312684365753,0.6964601769911505,0.0740412979351029,0.5802359882005899,0.0,0.3755162241887905,0.12802359882005931,0.1693215339233036,0.3882005899705017,0.04867256637168138,0.6351032448377586,0.0017699115044248295,0.7699115044247792,0.0,0.8191740412979355,0.01091445427728613,0.8256637168141595,0.022418879056047204
Circle,0.5586361933308355,0.028475084301236422,0.5526414387411015,0.028475084301236422,0.5466466841513675,0.028475084301236422,0.5443986511802172,0.028475084301236422,0.5443986511802172,0.028475084301236422,0.5458973398276508,0.02997377294866996,0.5983514424878232,0.05133008617459728,0.7680779318096665,0.12926189584113906,0.8872236792806293,0.3169726489321843,0.8587485949793933,0.5713750468340202,0.4881978269014616,0.7216185837392282,0.15848632446609204,0.7126264518546273,0.0,0.511802173098539,0.15324091420007466,0.2630198576245787,0.47283626826526803,0.1131509928812287,0.7347321094042714,0.03184713375796168,0.8917197452229298,0.003746721618583846,0.971150243536905,0.0,0.9940052454102658,0.0,1.0,0.0
Circle,0.745421717823059,0.03404694351302552,0.7438741294815577,0.03404694351302552,0.7405210214083053,0.03404694351302552,0.7405210214083053,0.03404694351302552,0.7405210214083053,0.03404694351302552,0.7461955119938094,0.03688418880577759,0.8148052618003608,0.07067320092855306,0.9448026824864587,0.1846788754191383,1.0,0.34743358266701063,0.8638122259478976,0.5403662625741555,0.508382770183131,0.6554036626257415,0.1650760897601239,0.6502450348207377,0.0,0.4838792881093628,0.04255867939128215,0.2599948413721947,0.2447768893474334,0.09182357492906895,0.4794944544751095,0.014702089244261024,0.6597884962599948,0.0,0.7459375806035594,0.011348981171008415,0.7683776115553265,0.014444157854010823,0.774825896311581,0.014444157854010823
Circle,0.6153846153846154,0.0,0.6153846153846154,0.0,0.6153846153846154,0.0,0.5961538461538461,0.0,0.5897435897435898,0.0,0.6474358974358975,0.00641025641025641,0.8205128205128205,0.0641025641025641,0.9615384615384616,0.20512820512820512,1.0,0.4423076923076923,0.7948717948717948,0.6730769230769231,0.33974358974358976,0.7564102564102564,0.057692307692307696,0.6153846153846154,0.0,0.36538461538461536,0.19230769230769232,0.16025641025641027,0.4230769230769231,0.05128205128205128,0.5641025641025641,0.01282051282051282,0.6410256410256411,0.00641025641025641,0.6730769230769231,0.00641025641025641,0.6858974358974359,0.0,0.6923076923076923,0.0
Circle,0.8230245634803194,0.17993489197987567,0.8171056525599286,0.17993489197987567,0.8117786327315771,0.17431192660550457,0.8117786327315771,0.17431192660550457,0.8117786327315771,0.17431192660550457,0.8162178159218701,0.17431192660550457,0.872743415211601,0.20183486238532106,0.9704054453980465,0.33382657591003273,1.0,0.5720627404557562,0.7883989345960336,0.7022787807043506,0.37377922462266916,0.6907369044095883,0.09618230245634772,0.5696951760875996,0.0,0.3654927493341222,0.13879846108316063,0.1672092335010356,0.37170760580053297,0.05534181710565237,0.5691032849955607,0.007990529742527442,0.6818585380290024,0.0,0.7312814442142643,0.0,0.7496300680674752,0.0,0.755548978987866,0.0
Circle,0.899510603588907,0.07438825448613376,0.899510603588907,0.07438825448613376,0.8933115823817291,0.07438825448613376,0.8903752039151713,0.07438825448613376,0.8871125611745514,0.07438825448613376,0.8920065252854812,0.07438825448613376,0.9533442088091356,0.11027732463295283,1.0,0.264274061990212,0.9275693311582383,0.6309951060358892,0.5990212071778137,0.8427406199021205,0.2094616639477973,0.8355628058727569,0.0,0.6169657422512236,0.042414355628058696,0.32985318107667194,0.26721044045677017,0.12104404567699828,0.5099510603588906,0.027079934747145252,0.6890701468189235,0.0,0.8013050570962481,0.009461663947797808,0.8522022838499183,0.01859706362153344,0.8675367047308321,0.01859706362153344,0.8685154975530179,0.01859706362153344
Circle,0.806761877003789,0.0,0.806761877003789,0.0,0.806761877003789,0.0,0.8041387350626638,0.0,0.8012241329058584,0.0,0.8099679393762751,0.0043719032352083605,0.8767123287671235,0.037598367822792154,0.9758088020985134,0.1538909938793354,1.0,0.3963858933255611,0.7866511221218303,0.6205187991839115,0.39726027397260233,0.6945496939667736,0.10754881958612655,0.5852521130865638,0.0,0.38152142232585246,0.09151850772369595,0.17895657242786348,0.3039930049548236,0.053920139900903635,0.5333721946954245,0.0034975225881666567,0.7085397843194403,0.0029146021568056788,0.7924803264354416,0.014864470999708489,0.8169629845526087,0.02215097639172253,0.8178373651996503,0.02215097639172253
Circle,0.7675413576725612,0.02167712492869366,0.7675413576725612,0.02167712492869366,0.7675413576725612,0.02167712492869366,0.7675413576725612,0.02167712492869366,0.7820878494010268,0.02167712492869366,0.8399885909868793,0.03337136337706789,0.9306902452937819,0.0872789503707929,1.0,0.19623502567027948,0.9837421563034795,0.35738733599543643,0.8060467769537933,0.5550484883057614,0.46377638334284027,0.6617227609811749,0.15145464917284632,0.6135196805476324,0.0,0.4338277239018822,0.05818596691386235,0.22475755847119191,0.252994865944096,0.07843696520250987,0.46063890473474073,0.009127210496292018,0.6120935539075872,0.0,0.691100969766115,0.008556759840273749,0.7230462065031372,0.01083856246434683,0.7296063890473472,0.01083856246434683
Circle,0.6448598130841122,0.009865005192107994,0.6435617860851505,0.009865005192107994,0.637331256490135,0.009865005192107994,0.6300623052959502,0.009865005192107994,0.6305815160955348,0.009865005192107994,0.6721183800623054,0.011422637590861933,0.7827102803738316,0.046728971962616744,0.9215991692627207,0.14511941848390436,1.0,0.28400830737279326,0.9332814122533751,0.4631360332294911,0.670301142263759,0.5970924195223258,0.3052959501557632,0.6230529595015576,0.06827622014537928,0.49402907580477684,0.0,0.28816199376947055,0.11033229491173406,0.11396677050882673,0.3286604361370716,0.021287642782969927,0.5241433021806852,0.0,0.6292834890965734,0.0,0.6682242990654205,0.0,0.6695223260643822,0.0
Circle,0.7711466165413533,0.026785714285714277,0.7711466165413533,0.026785714285714277,0.7711466165413533,0.026785714285714277,0.7711466165413533,0.026785714285714277,0.7711466165413533,0.026785714285714277,0.8078007518796987,0.030545112781954986,0.9017857142857143,0.058270676691729445,0.9849624060150377,0.1687030075187969,1.0,0.4281015037593981,0.7969924812030074,0.6658834586466162,0.39097744360902265,0.7711466165413531,0.10714285714285711,0.6531954887218041,0.0,0.4252819548872181,0.10902255639097722,0.20065789473684242,0.33599624060150357,0.07095864661654132,0.558270676691729,0.006578947368420985,0.7133458646616537,0.0,0.7937030075187965,0.005639097744360807,0.8275375939849624,0.008928571428571426,0.8425751879699247,0.008928571428571426
Circle,0.6702008928571429,0.02120535714285714,0.6702008928571429,0.020926339285714277,0.6702008928571429,0.015904017857142856,0.6702008928571429,0.015904017857142856,0.6863839285714287,0.017020089285714315,0.7650669642857143,0.04547991071428565,0.8970424107142857,0.12974330357142877,1.0,0.2823660714285716,0.9902343749999999,0.4801897321428573,0.7698102678571422,0.6269531250000001,0.41908482142857156,0.6568080357142856,0.13476562499999975,0.5644531249999999,0.0,0.3903459821428569,0.017020089285714315,0.20703124999999983,0.17327008928571452,0.0761718749999999,0.37862723214285715,0.01506696428571426,0.5524553571428574,0.0,0.6503906250000002,0.0047433035714285554,0.6905691964285715,0.01060267857142857,0.7073102678571429,0.01060267857142857
Circle,0.6085187194791103,0.020618556701030927,0.6085187194791103,0.020618556701030927,0.605263157894737,0.020618556701030927,0.5982094411285949,0.020618556701030927,0.5982094411285949,0.015463917525773196,0.6093326098752035,0.015463917525773196,0.6809549647314165,0.03445469343461743,0.8464460119370592,0.10987520347259908,0.9831795984807383,0.27021161150298434,1.0,0.48887683125339165,0.6885512750949538,0.6671188279978297,0.23874118285404267,0.6915355398806295,0.0,0.534997287032013,0.0016277807921869915,0.294357026587086,0.1901790558871405,0.11231687466087911,0.4256646771568098,0.02740097666847536,0.564026044492675,0.0,0.6296798697775368,0.0,0.6481280520889855,0.0,0.6497558328811721,0.0
Circle,0.7293120638085744,0.0378863409770688,0.794616151545364,0.20388833499501513,0.8145563310069791,0.5269192422731807,0.7003988035892327,0.8564307078763711,0.4556331006979058,1.0,0.19990029910269144,0.9571286141575273,0.04037886340977103,0.756231306081755,0.0,0.5109670987038881,0.07876370887337941,0.3175473579262215,0.2288135593220337,0.20289132602193433,0.39631106679960093,0.12861415752741764,0.559820538384845,0.06779661016949158,0.6994017946161513,0.03439680957128632,0.8359920239282153,0.00648055832502511,0.9332003988035895,0.0,0.9775672981056831,0.0,0.9850448654037888,0.0,0.9945164506480559,0.0,0.9945164506480559,0.0,0.9945164506480559,0.0
Circle,0.34319371727748693,0.009424083769633494,0.34319371727748693,0.0044502617801046975,0.33821989528795815,0.0044502617801046975,0.34109947643979055,0.0015706806282722962,0.38664921465968605,0.0,0.49712041884816777,0.03324607329842928,0.6353403141361258,0.17853403141361243,0.7416230366492148,0.4727748691099474,0.7285340314136128,0.8013089005235603,0.5235602094240838,0.9861256544502618,0.2599476439790578,1.0,0.07120418848167573,0.873560209424084,0.0,0.685602094240838,0.026701570680628187,0.497905759162304,0.12094240837696313,0.35602094240837723,0.24345549738219885,0.2612565445026179,0.35785340314136116,0.20497382198952885,0.4217277486910995,0.16910994764397907,0.4596858638743457,0.14397905759162305,0.4924083769633508,0.11884816753926701
Circle,0.36907730673316713,0.026323081185924083,0.36381269049598236,0.026323081185924083,0.36381269049598236,0.026323081185924083,0.36381269049598236,0.026323081185924083,0.36381269049598236,0.021058464948739267,0.38071487946799676,0.021058464948739267,0.4715987808257135,0.03712939872540871,0.6082017179274039,0.1504571903574397,0.7265170407315047,0.43336104183984464,0.6965918536990858,0.8032696037683567,0.41147132169576084,1.0,0.12441119423663106,0.8880576336935443,0.0,0.6159600997506238,0.02105846494873897,0.3435854807425884,0.17650318647824892,0.1454696591853699,0.3940149625935161,0.03768356885563871,0.5583264062067054,0.0,0.622887226378498,0.005264616237184817,0.6428373510667776,0.010529232474369633,0.6428373510667776,0.010529232474369633
Circle,0.6180722891566265,0.00572289156626506,0.6180722891566265,0.0,0.6180722891566265,0.0,0.6180722891566265,0.0,0.6180722891566265,0.0,0.6364457831325301,0.0,0.7352409638554215,0.061746987951807185,0.9102409638554217,0.29186746987951806,0.9325301204819277,0.7042168674698793,0.6837349397590363,0.9972891566265057,0.33192771084337347,1.0,0.07560240963855425,0.7716867469879518,0.0,0.4834337349397592,0.08674698795180708,0.2548192771084341,0.30150602409638544,0.11114457831325307,0.516867469879518,0.04337349397590354,0.6569277108433734,0.01716867469879518,0.722289156626506,0.01716867469879518,0.7382530120481927,0.01716867469879518,0.7382530120481927,0.01716867469879518
Circle,0.8026783274118612,0.0,0.8026783274118612,0.0,0.8026783274118612,0.0,0.802951626127357,0.0,0.8207160426345999,0.007652364033888964,0.8677234216999181,0.06941787373599335,0.9611915823995625,0.2492484285323859,1.0,0.550150314293523,0.8365673681333698,0.8368406668488657,0.3771522273845314,0.9193768789286693,0.10276031702650995,0.7799945340256902,0.0,0.5506969117245147,0.014758130636785837,0.3274118611642526,0.13254987701557783,0.15140748838480478,0.30992074337250614,0.04728067778081445,0.4881115058759224,0.003826182016944482,0.6490844493030881,0.0,0.7614102213719594,0.005192675594424706,0.8507789013391633,0.0068324678874009765,0.9013391637059306,0.01557802678327412
Circle,0.8013937282229966,0.16898954703832758,0.79198606271777,0.16236933797909414,0.7881533101045297,0.16236933797909414,0.7864111498257838,0.16236933797909414,0.7749128919860627,0.15783972125435553,0.7815331010452962,0.1557491289198607,0.7850174216027876,0.1557491289198607,0.8205574912891986,0.1682926829268293,0.8923344947735193,0.3421602787456445,0.8191637630662021,0.7198606271777004,0.5048780487804879,0.9888501742160276,0.1487804878048783,0.9365853658536586,0.0,0.6808362369337977,0.055400696864111365,0.3961672473867597,0.28327526132404174,0.14285714285714313,0.5616724738675959,0.010452961672473974,0.7940766550522649,0.0,0.923693379790941,0.04425087108013949,0.9745644599303135,0.06689895470383275,1.0,0.08292682926829277
Circle,0.8595558335939949,0.04754457303722242,0.8536127619643421,0.04754457303722242,0.8536127619643421,0.04754457303722242,0.8536127619643421,0.04754457303722242,0.8536127619643421,0.04754457303722242,0.8536127619643421,0.04754457303722242,0.8536127619643421,0.04754457303722242,0.8723803565842981,0.05098529871754765,0.9415076634344703,0.1401313731623397,1.0,0.44573037222396,0.8880200187675951,0.8116984673131064,0.31811072880825764,0.9192993431341884,0.033781670315921476,0.711291836096341,0.0,0.41570222083203073,0.16546762589928046,0.17578980294025667,0.4338442289646549,0.04097591492023772,0.6862683766030656,0.0,0.8629965592743201,0.020957147325617695,0.9383797309978112,0.051298091961213765,0.9546449796684398,0.059430716296528026
Circle,0.9566099974625729,0.17229129662522197,0.9566099974625729,0.17229129662522197,0.9566099974625729,0.17229129662522197,0.9566099974625729,0.17229129662522197,0.9604161380360314,0.17609743719868046,0.9878203501649324,0.2309058614564831,1.0,0.42451154529307256,0.9073839127125095,0.7074346612534889,0.5145902055315913,0.8632326820603907,0.14920071047957412,0.7975133214920073,0.0,0.5699061151991881,0.01700076122811449,0.32022329358030976,0.15224562293834018,0.13346866277594527,0.3623445825932503,0.021568129916264972,0.585130677493022,0.0,0.7584369449378331,0.048211113930474496,0.8639939101750824,0.13270743466125343,0.9190560771377824,0.18244100482111136,0.942400405988328,0.18675463080436433,0.9566099974625729,0.18675463080436433
Circle,0.9758454106280193,0.178743961352657,0.9806763285024155,0.2028985507246377,0.9951690821256038,0.2898550724637681,1.0,0.45410628019323673,0.9420289855072463,0.6473429951690821,0.5169082125603864,0.7536231884057971,0.23671497584541062,0.7391304347826086,0.07246376811594203,0.6328502415458938,0.0,0.48792270531400966,0.00966183574879227,0.3333333333333333,0.06280193236714976,0.2028985507246377,0.1642512077294686,0.10144927536231885,0.30917874396135264,0.033816425120772944,0.463768115942029,0.0,0.6038647342995169,0.0,0.7053140096618358,0.03864734299516908,0.7874396135265701,0.1111111111111111,0.8647342995169082,0.18840579710144928,0.9420289855072463,0.25120772946859904,0.9903381642512077,0.28502415458937197
Circle,0.8838383838383839,0.45454545454545453,0.8787878787878788,0.45454545454545453,0.8737373737373737,0.45454545454545453,0.8737373737373737,0.4494949494949495,0.8737373737373737,0.4444444444444444,0.8787878787878788,0.4494949494949495,0.8888888888888888,0.51010101010101,0.8333333333333334,0.6767676767676768,0.5858585858585859,0.8080808080808081,0.2676767676767677,0.7929292929292929,0.06565656565656566,0.6313131313131313,0.0,0.398989898989899,0.06060606060606061,0.1717171717171717,0.22727272727272727,0.025252525252525252,0.4444444444444444,0.0,0.6464646464646465,0.11616161616161616,0.8383838383838383,0.3434343434343434,0.9696969696969697,0.5909090909090909,1.0,0.7373737373737373,1.0,0.7878787878787878
Circle,0.49408284023668625,0.10305719921104535,0.49408284023668625,0.08900394477317553,0.4893984220907296,0.08900394477317553,0.4893984220907296,0.08900394477317553,0.4893984220907296,0.08900394477317553,0.49975345167652846,0.08900394477317553,0.5392011834319526,0.09861932938856015,0.6605029585798813,0.18071992110453639,0.8089250493096645,0.3964497041420117,0.8567554240631162,0.7110453648915188,0.6824457593688361,0.9541420118343193,0.3693293885601581,1.0,0.08900394477317526,0.83456607495069,0.0,0.5456114398422091,0.0638560157790925,0.2790927021696254,0.24161735700197254,0.09590729783037466,0.4686883629191319,0.01306706114398419,0.6249999999999997,0.0,0.6868836291913212,0.0,0.7048816568047335,0.009368836291913213
Circle,0.733720010545742,0.07012918534141839,0.733720010545742,0.07012918534141839,0.7197469021882413,0.06617453203269183,0.7102557342472973,0.06511995781703137,0.7086738729238069,0.06511995781703137,0.7210651199578169,0.0674927498022674,0.7748484049564986,0.11125757975217508,0.876878460321645,0.2552069601898233,0.9224887951489587,0.5183232269971,0.7988399683627734,0.8404956498813603,0.484576852095966,1.0,0.1626680727656205,0.9296071711046664,0.011600316372264743,0.7186923279725811,0.0,0.4803585552333242,0.11653045083047708,0.2839441075665699,0.3002900079093067,0.1455312417611388,0.4806221987872397,0.06881096757184282,0.6158713419456893,0.0229369891906143,0.6952280516741365,0.0044819404165568,0.733720010545742,0.0
Circle,0.8397136632430747,0.02956738250855897,0.8397136632430747,0.02956738250855897,0.8456271397447865,0.02956738250855897,0.8456271397447865,0.02956738250855897,0.8515406162464983,0.02956738250855897,0.8686585745409272,0.0401493930905696,0.9277933395580448,0.12573918456271388,0.9881730469965764,0.3249299719887956,1.0,0.6187363834422657,0.8552754435107375,0.8829754123871768,0.5536881419234356,0.995642701525054,0.24307500778088972,0.9324618736383439,0.056022408963585665,0.7553688141923435,0.0,0.5210084033613444,0.08309990662931854,0.3118580765639586,0.2636165577342046,0.15281668222844702,0.4964207905384376,0.06473700591347648,0.6993464052287581,0.019607843137254947,0.8048552754435104,0.0034235916588857885,0.8515406162464983,0.0
Circle,0.6793685356559608,0.07757212847033207,0.6649428415895482,0.07757212847033207,0.6638541099618943,0.07757212847033207,0.6657593903102884,0.07757212847033207,0.680185084376701,0.07757212847033207,0.6946107784431136,0.08247142079477408,0.7166575939031029,0.12765378334240607,0.7912357103973872,0.27082199237887855,0.8347849755035385,0.5375612411540555,0.7057702776265653,0.8511159499183452,0.4069134458356018,1.0,0.14017419706042492,0.933315187806206,0.0,0.7210125204137181,0.010070767555797342,0.49020141535111594,0.1295590636907998,0.28633641807294524,0.3258029395753944,0.14099074578116513,0.5051714752313552,0.05933587370713127,0.6126837234621666,0.021502449646162245,0.6608600979858466,0.004082743603701731,0.6793685356559608,0.0
Circle,0.6755555555555557,0.004691358024691359,0.6641975308641975,0.0,0.6614814814814816,0.0,0.6614814814814816,0.0,0.6614814814814816,0.0,0.6822222222222224,0.005679012345679041,0.7607407407407407,0.09506172839506177,0.8528395061728395,0.3148148148148147,0.8417283950617286,0.6479012345679013,0.6753086419753086,0.9358024691358025,0.371604938271605,1.0,0.10691358024691357,0.8622222222222226,0.0,0.6009876543209876,0.06469135802469134,0.34419753086419763,0.23753086419753072,0.16395061728395077,0.4772839506172841,0.07530864197530866,0.686666666666667,0.03876543209876547,0.7856790123456793,0.03283950617283951,0.814320987654321,0.03555555555555557,0.8209876543209877,0.04691358024691358
Circle,0.8881524440762223,0.10494338580502627,0.8881524440762223,0.10494338580502627,0.8881524440762223,0.10494338580502627,0.8933996133664736,0.1112952223142779,0.8983706158519746,0.13090306545153285,0.9163214581607292,0.14885390776028726,0.9494614747307378,0.21181993924330308,1.0,0.3918806959403481,0.9701739850869929,0.6605909969621654,0.7622203811101907,0.9003037834852253,0.44490472245236135,0.9826014913007461,0.15161557580778795,0.8906379453189731,0.016846175089753952,0.6998066832366752,0.0,0.4979287489643745,0.10356255178127603,0.31759182546257947,0.2943938138635737,0.17647058823529413,0.5241645954156312,0.08533554266777132,0.7323943661971833,0.023198011599005797,0.8702016017674677,0.0,0.9353769676884841,0.0
Circle,0.9644820295983085,0.08139534883720932,0.9524312896405919,0.08139534883720932,0.9524312896405919,0.07737843551797043,0.9524312896405919,0.07737843551797043,0.9524312896405919,0.07737843551797043,0.9528541226215647,0.07780126849894295,0.966596194503171,0.10190274841437635,1.0,0.21543340380549678,0.9858350951374204,0.4509513742071881,0.7509513742071879,0.673784355179704,0.41881606765327684,0.7513742071881606,0.15369978858350988,0.674630021141649,0.011416490486257794,0.5040169133192388,0.0,0.29978858350951376,0.12346723044397447,0.13023255813953502,0.37124735729386893,0.0241014799154334,0.6291754756871036,0.0,0.8175475687103592,0.035095137420718785,0.9078224101479913,0.08033826638477806,0.9524312896405919,0.12156448202959833
Circle,0.9186283057250801,0.08166230746875915,0.9020633536762571,0.08166230746875915,0.9020633536762571,0.08166230746875915,0.9020633536762571,0.08166230746875915,0.9020633536762571,0.08166230746875915,0.9035164196454523,0.0831153734379542,0.9459459459459466,0.1362975879104913,1.0,0.30543446672478936,0.9662888695146763,0.6030223772159259,0.7256611450159833,0.8288288288288294,0.3246149375181634,0.823307178145888,0.06160999709386795,0.6332461493751816,0.0,0.3972682359779133,0.11159546643417617,0.1891891891891889,0.3391455972101135,0.051729148503342044,0.5986631793083409,0.0,0.7893054344667249,0.018308631211857072,0.8991572217378673,0.06887532693984325,0.9564080209241502,0.09241499564080216,0.9738448125544902,0.1092705608834642
Circle,0.8502202643171806,0.11894273127753303,0.8414096916299559,0.14096916299559473,0.8325991189427313,0.19383259911894274,0.8193832599118943,0.29515418502202645,0.788546255506608,0.43612334801762115,0.6607929515418502,0.5726872246696035,0.44493392070484583,0.6519823788546255,0.2290748898678414,0.6431718061674009,0.08370044052863436,0.5770925110132159,0.013215859030837005,0.4713656387665198,0.0,0.3303964757709251,0.05286343612334802,0.19383259911894274,0.18061674008810572,0.0881057268722467,0.3744493392070485,0.01762114537444934,0.5859030837004405,0.0,0.748898678414097,0.039647577092511016,0.8810572687224669,0.11013215859030837,0.960352422907489,0.16299559471365638,0.986784140969163,0.1762114537444934,1.0,0.18502202643171806
Circle,0.7641932928439398,0.17876947451808814,0.7583839450752573,0.17876947451808814,0.752574597306575,0.17876947451808814,0.7441246369157645,0.17876947451808814,0.7441246369157645,0.1756007393715342,0.7520464747821494,0.16371798257195663,0.7985212569316082,0.19276472141536827,0.8299445471349354,0.34776868233430147,0.7483496171111697,0.6099815157116448,0.48824927383152894,0.773435437021389,0.1959334565619222,0.7763401109057301,0.015843675732770165,0.6173752310536044,0.0,0.3778716662265647,0.14048059149722764,0.15579614470557154,0.3807763401109057,0.024029574861367805,0.6395563770794829,0.0,0.8407710588856614,0.026142064959070392,0.9569580142593083,0.07367309215738047,0.9941906522313178,0.09770266701874841,1.0,0.1135463427515183
Circle,0.8125565952309088,0.09175973437971631,0.8068216118321766,0.07606399034108066,0.7983700573498344,0.06881980078478724,0.795351645034712,0.06881980078478724,0.795351645034712,0.06881980078478724,0.8050105644431028,0.06881980078478724,0.8451554482342294,0.08179897373981293,0.9375188650769698,0.20193178388167835,1.0,0.48053124056746166,0.9031089646845762,0.8013884696649567,0.6070027165710837,0.9562330214307276,0.24539692121943865,0.9115605191669184,0.035013582855418085,0.7180802897675823,0.0,0.47449441593721703,0.10413522487171771,0.2535466344702686,0.3063688499849085,0.08994868699064291,0.5146392997283432,0.015092061575611338,0.6848777543012375,0.0,0.7914277090250529,0.0,0.8469664956233025,0.0
Circle,0.7787412587412587,0.03468531468531476,0.7753846153846152,0.03468531468531476,0.7734265734265734,0.03468531468531476,0.7734265734265734,0.03468531468531476,0.7734265734265734,0.03468531468531476,0.7972027972027971,0.03552447552447547,0.8718881118881115,0.08111888111888114,0.9706293706293708,0.2525874125874128,1.0,0.5720279720279723,0.6123076923076919,0.7974825174825175,0.19244755244755216,0.7955244755244754,0.0,0.6128671328671328,0.012867132867133231,0.3787412587412586,0.13426573426573474,0.1742657342657339,0.33034965034965047,0.035244755244755184,0.5507692307692305,0.0,0.7412587412587414,0.03104895104895117,0.8355244755244757,0.05986013986014004,0.8710489510489509,0.06657342657342664,0.8850349650349649,0.07188811188811195
Circle,0.8127955493741307,0.10041724617524339,0.8127955493741307,0.09151599443671771,0.8127955493741307,0.08456189151599443,0.8127955493741307,0.08456189151599443,0.8127955493741307,0.08456189151599443,0.8022253129346314,0.08233657858136294,0.8027816411682892,0.07399165507649513,0.8127955493741307,0.07399165507649513,0.8152990264255913,0.07399165507649513,0.8547983310152988,0.08789986091794168,0.9541029207232264,0.22531293463143234,1.0,0.5452016689847011,0.8147426981919333,0.826147426981919,0.45730180806675974,0.9285118219749652,0.14770514603616117,0.8542420027816412,0.0,0.6475660639777466,0.02948539638386642,0.4114047287899862,0.19026425591098717,0.21363004172461772,0.393880389429763,0.07287899860917968,0.5855354659248957,0.0
Circle,0.9185401459854015,0.1527007299270073,0.9185401459854015,0.13751824817518254,0.9185401459854015,0.12233576642335776,0.9118248175182482,0.10715328467153283,0.9074452554744525,0.09197080291970805,0.8963503649635037,0.09167883211678833,0.8986861313868614,0.09401459854014607,0.9451094890510949,0.12467153284671534,1.0,0.27766423357664244,0.9681751824817517,0.5556204379562044,0.7106569343065692,0.7979562043795623,0.35153284671532875,0.8598540145985403,0.09138686131386822,0.7337226277372263,0.0,0.5261313868613137,0.06335766423357672,0.3185401459854013,0.24058394160583935,0.14452554744525542,0.4837956204379563,0.03649635036496352,0.7153284671532849,0.0,0.8788321167883213,0.004379562043795667,0.9573722627737227,0.014014598540145992
Circle,0.9121245828698553,0.010567296996662957,0.9393770856507229,0.024193548387096708,0.9491101223581757,0.026418242491657393,0.9452169076751947,0.017241379310344866,0.9454949944382643,0.015850945494994436,0.9591212458286987,0.015850945494994436,0.967463848720801,0.015850945494994436,0.981368186874305,0.03865406006674086,1.0,0.16490545050055616,0.9549499443826476,0.3845939933259174,0.764182424916574,0.6078976640711901,0.4546718576195774,0.7171857619577305,0.14627363737486118,0.6779755283648498,0.0,0.5183537263626251,0.0013904338153505787,0.3092324805339263,0.13681868743047826,0.13459399332591773,0.3770856507230254,0.03142380422691878,0.6126251390433819,0.0,0.8142380422691878,0.020300333704115655,0.9385428253615127,0.05283648498331479
Circle,0.8240830899058748,0.17234664070107106,0.8208373904576439,0.166179811749432,0.8179162609542358,0.15968841285296978,0.8081791626095425,0.14410905550146064,0.8055826030509575,0.13469652710159036,0.809477442388835,0.1291788380395975,0.8607594936708863,0.1616358325219085,0.9665692956832195,0.3635183382018821,0.9876663420967223,0.7052904901006165,0.791626095423564,0.9454722492697175,0.4553716325868226,1.0,0.1541707237909773,0.9055501460564751,0.00032456994482329385,0.7185978578383643,0.0,0.49432002596559593,0.13599480688088267,0.28691983122362896,0.3635183382018823,0.1226874391431355,0.5890944498539435,0.032456994482310986,0.7773450178513471,0.0,0.9000324569944821,0.011684518013631918,0.9720869847452127,0.04284323271665043
Circle,0.6571018651362984,0.049067431850789094,0.6571018651362984,0.049067431850789094,0.6516499282639886,0.049067431850789094,0.6516499282639886,0.049067431850789094,0.6625538020086084,0.04849354375896698,0.6748923959827833,0.04361549497847919,0.7159253945480631,0.059684361549497834,0.8014347202295555,0.19397417503586792,0.8961262553802007,0.455954088952654,0.8513629842180775,0.7563845050215205,0.618651362984218,0.9546628407460545,0.31162123385939755,1.0,0.08923959827833593,0.8682926829268294,0.0,0.6470588235294121,0.025824964131994373,0.41692969870875213,0.1540889526542323,0.2358680057388811,0.33256814921090383,0.12252510760401729,0.49583931133428993,0.04505021520803447,0.6017216642754661,0.011190817790530853,0.6571018651362984,0.0
Circle,0.5682248894504105,0.17119393556538218,0.5682248894504105,0.17119393556538218,0.5682248894504105,0.17119393556538218,0.5682248894504105,0.17119393556538218,0.5742261528742892,0.17119393556538218,0.592545799115603,0.17119393556538218,0.6674036639292479,0.19330385344283,0.7728995578016423,0.3155401137081492,0.8543903979785219,0.5852811118130132,0.7650031585596966,0.8663929248262794,0.46778269109286175,1.0,0.16456096020214753,0.9504106127605809,0.01579279848389111,0.7315224257738467,0.0,0.47567909033480704,0.1269740998104866,0.24636765634870472,0.3202779532533167,0.09728363866077062,0.5290587492103602,0.024952621604548263,0.680353758686039,0.0,0.7710044219835753,0.010739102969046163,0.8082754264055589,0.021162349968414405
Circle,0.7756944444444445,0.052777777777777785,0.7593749999999997,0.052777777777777785,0.7329861111111112,0.052777777777777785,0.7163194444444444,0.052777777777777785,0.7100694444444442,0.052777777777777785,0.703125,0.052777777777777785,0.7097222222222223,0.06874999999999999,0.753472222222222,0.11840277777777787,0.8197916666666666,0.26354166666666684,0.818402777777778,0.5177083333333334,0.6288194444444442,0.7673611111111113,0.30277777777777776,0.8774305555555556,0.07916666666666668,0.8121527777777778,0.0,0.6374999999999998,0.06215277777777786,0.43229166666666663,0.2795138888888888,0.25486111111111104,0.5555555555555557,0.15069444444444444,0.8006944444444444,0.08506944444444443,0.942708333333333,0.029513888888888885,1.0,0.0
Circle,0.9242622094541654,0.024810655523635414,0.9537738312875421,0.0799164272656046,0.9874640898406891,0.20553669365369553,1.0,0.3875685557586837,0.9381039435884041,0.5928440846173935,0.7902846696265342,0.7693914860276836,0.6056411595716895,0.8665447897623401,0.40767824497257754,0.8981457299556019,0.2146774614781926,0.8641943066074691,0.0754766257508488,0.7667798380778271,0.0,0.6380255941499084,0.009924262209454165,0.49986941760250697,0.0671193523113085,0.37633846957430145,0.17602507182031854,0.2684774092452337,0.3288064768869155,0.17628623661530418,0.49334029772786603,0.10472708278924002,0.6581352833638026,0.056933925306868555,0.7926351527814048,0.030556281013319423,0.8939670932358313,0.017759206059023182,0.9589971271872549,0.0
Circle,0.3388451443569555,0.0748031496062992,0.3286089238845147,0.0748031496062992,0.3188976377952757,0.0748031496062992,0.3181102362204727,0.0748031496062992,0.3089238845144358,0.0748031496062992,0.3089238845144358,0.0748031496062992,0.3089238845144358,0.0748031496062992,0.31076115485564304,0.06981627296587926,0.363517060367454,0.07191601049868772,0.5141732283464573,0.14566929133858283,0.6965879265091862,0.4196850393700789,0.7196850393700788,0.8065616797900266,0.4409448818897635,1.0,0.12965879265091834,0.9115485564304459,0.0,0.6619422572178478,0.02440944881889762,0.3868766404199474,0.16062992125984282,0.16902887139107595,0.30918635170603703,0.052493438320209904,0.4026246719160106,0.00551181102362192,0.43359580052493446,0.0
Circle,0.5618892508143322,0.0,0.5618892508143322,0.0,0.5618892508143322,0.0,0.5931596091205212,0.00944625407166124,0.6739413680781762,0.06254071661237787,0.7713355048859936,0.20032573289902275,0.8657980456026058,0.42996742671009774,0.8540716612377849,0.7058631921824102,0.6879478827361561,0.917915309446254,0.40716612377850153,1.0,0.1625407166123777,0.9426710097719869,0.03094462540716612,0.778501628664495,0.0,0.5837133550488598,0.09315960912052135,0.39185667752443,0.26254071661237754,0.2348534201954399,0.447231270358306,0.12442996742671002,0.5859934853420191,0.049837133550488605,0.6638436482084692,0.011400651465798016,0.6990228013029314,0.0,0.7104234527687295,0.0
Circle,0.8056446440025655,0.0,0.8197562540089799,0.008980115458627317,0.8640153944836431,0.06029506093649772,0.9387427838357917,0.17190506735086591,1.0,0.34797947402180873,0.993585631815266,0.5740859525336754,0.8704297626683767,0.7754971135343166,0.6600384862091085,0.8800513149454775,0.4204618345093007,0.9047466324567027,0.21776779987171233,0.8447722899294418,0.07055805003207175,0.7264271969211029,0.0,0.5782552918537521,0.023091725465041648,0.433611289288005,0.12026940346375925,0.3078896728672224,0.2591404746632453,0.19820397690827454,0.41212315586914683,0.11674150096215503,0.5574085952533676,0.06350224502886462,0.6847338037203332,0.03848620910840286,0.7815907633098139,0.03656189865298267,0.8361128928800511,0.03656189865298267
Circle,0.9129300118623964,0.031553973902728356,0.9129300118623964,0.04412811387900354,0.9129300118623964,0.04507710557532622,0.9129300118623964,0.0405693950177936,0.918861209964413,0.041281138790035615,0.9482799525504155,0.0842230130486358,0.9995255041518389,0.23677342823250294,1.0,0.4939501779359428,0.8125741399762755,0.7293001186239622,0.49988137603796,0.8149466192170819,0.21470937129300155,0.7475682087781734,0.046737841043891046,0.5893238434163703,0.0,0.3850533807829183,0.06951364175563471,0.20213523131672598,0.24056939501779329,0.07069988137603805,0.43795966785290597,0.015658362989323906,0.5926453143534994,0.0,0.7098457888493479,0.01921708185053378,0.7924080664294189,0.05053380782918153,0.8543297746144723,0.06310794780545671
Circle,0.9162912912912912,0.15503003003003002,0.9091591591591591,0.15446696696696693,0.9091591591591591,0.14320570570570568,0.9091591591591591,0.1371996996996997,0.9114114114114112,0.13363363363363362,0.9262387387387385,0.13006756756756757,0.9478228228228227,0.14376876876876873,0.9851726726726724,0.21978228228228228,1.0,0.37518768768768773,0.9222972972972969,0.6073573573573574,0.6781156156156152,0.7762762762762762,0.3506006006006005,0.7713963963963963,0.09215465465465483,0.6079204204204205,0.0,0.3757507507507506,0.066629129129129,0.16516516516516525,0.27027027027027056,0.03885135135135129,0.5424174174174176,0.0,0.7494369369369369,0.06043543543543538,0.8522897897897899,0.1475225225225226,0.9091591591591591,0.21565315315315314
Circle,0.8369565217391305,0.26514611546685674,0.8369565217391305,0.3034568781183179,0.8043478260869565,0.3914825374198147,0.6797933000712758,0.5051674982181041,0.4903777619387029,0.6102993585174625,0.28688524590163944,0.6544903777619387,0.11813970064148253,0.615288667141839,0.0236992159657876,0.5053456878118318,0.0,0.362615823235923,0.0434782608695653,0.2136493228795438,0.152352102637206,0.09052031361368498,0.31842480399144724,0.017818959372772607,0.5213827512473274,0.0,0.7156094084105492,0.05096222380612987,0.8656450463292946,0.15627227369921615,0.960976478973628,0.2653243050605846,1.0,0.32911617961511047,0.9959016393442627,0.35334996436208127,0.9823592302209555,0.35994297933000713,0.9723806129722025,0.3633285816108339
Circle,0.6399807089462265,0.1374487581384133,0.635399083674946,0.1374487581384133,0.635399083674946,0.1374487581384133,0.6308174584036655,0.12900892211237042,0.6308174584036655,0.12828550759585244,0.6308174584036655,0.1249095731854353,0.6385338799131905,0.11912225705329155,0.6807330600434052,0.12201591511936336,0.7940680009645531,0.1880877742946708,0.9406800096455272,0.407523510971787,0.9276585483482038,0.7740535326742223,0.5485893416927904,1.0,0.1381721726549317,0.9098143236074273,0.0,0.61393778635158,0.1183988425367737,0.27851458885941643,0.39160839160839184,0.06293706293706304,0.6807330600434048,0.0,0.8251748251748255,0.023872679045092868,0.8784663612249821,0.0460573908849771,0.8919700988666509,0.059561128526645774
Circle,0.7094359796845763,0.10665597433841219,0.7094359796845763,0.10665597433841219,0.7094359796845763,0.10665597433841219,0.698209035017375,0.10665597433841219,0.6843090082865545,0.10665597433841219,0.694466720128308,0.10665597433841219,0.7679764768778402,0.16653301256348574,0.8978882651697407,0.37904303662122435,0.9486768243785084,0.7134456027800055,0.7888265169740711,0.9494787489975942,0.4734028334669872,1.0,0.18283881315156375,0.9083132852178561,0.020048115477144995,0.7324244854317025,0.0,0.5298048650093555,0.12590216519647152,0.3413525795241913,0.3327987169206095,0.1905907511360598,0.542101042502005,0.08767709168671475,0.7107725207163862,0.032611601176156094,0.8241112002138464,0.008821170809943863,0.8871959369152632,0.0
Circle,0.6236987140232698,0.0872627066748316,0.6175750153092463,0.0872627066748316,0.6062461726883035,0.0872627066748316,0.6053276178812002,0.0872627066748316,0.6004286589099813,0.0872627066748316,0.6313533374157986,0.09032455603184324,0.7700551132884261,0.16778934476423774,0.925290875688916,0.3992651561543172,0.905082669932639,0.7363747703612985,0.5921616656460499,0.9617268830373547,0.2109614206981012,1.0,0.0009185548071030206,0.8496631965707285,0.0,0.5964482547458663,0.16932026944274345,0.3594611145131656,0.43202694427434124,0.18677281077770977,0.6729944886711573,0.07593386405388856,0.8325168401714632,0.01928965094917327,0.906919779546846,0.0,0.9262094304960193,0.0,0.9262094304960193,0.0
Circle,0.6680814940577251,0.04838709677419355,0.6680814940577251,0.04838709677419355,0.6680814940577251,0.04838709677419355,0.6680814940577251,0.04838709677419355,0.6680814940577251,0.043010752688172046,0.6709111488398415,0.03763440860215054,0.7314657611771366,0.05319750990379172,0.8811544991511039,0.21137521222410854,0.953027730616865,0.5251839275608374,0.7801358234295419,0.8658743633276739,0.4204867006225244,1.0,0.12110922467459008,0.9145444255800792,0.0,0.6830786644029427,0.062252405206564734,0.44397283531409193,0.26825127334465226,0.26994906621392195,0.49575551782682514,0.1533672891907189,0.66893039049236,0.07668364459535941,0.7753254102999434,0.02914544425580078,0.8282399547255237,0.005942275042444838,0.8455008488964348,0.0
Triangle,0.658081705150977,0.011249259917110717,0.6524570751924216,0.005624629958555358,0.6524570751924216,0.005624629958555358,0.6524570751924216,0.005624629958555358,0.6524570751924216,0.004736530491415014,0.6471284783895797,0.0,0.6036116044997039,0.03197158081705146,0.4363528715216107,0.19626998223801032,0.14949674363528725,0.4783895796329187,0.0,0.6486086441681469,0.09976317347542905,0.6586737714624038,0.39017169923031353,0.6166370633510952,0.7226169330965068,0.6074600355239788,0.9582593250444049,0.613084665482534,1.0,0.5947306098283011,0.9023090586145649,0.4860864416814686,0.7483718176435763,0.3060982830076971,0.6157489638839551,0.1545293072824157,0.5476613380698637,0.08762581409117814,0.517465956187093,0.0674955595026643
Triangle,0.4750957854406131,0.10676883780332058,0.46871008939974457,0.10191570881226054,0.46538952745849305,0.10191570881226054,0.46538952745849305,0.10191570881226054,0.4641123882503193,0.10446998722860801,0.43039591315453385,0.17241379310344837,0.2756066411238825,0.41277139208173713,0.0707535121328225,0.7328224776500637,0.0,0.8738186462324395,0.14431673052362734,0.8303959131545336,0.4454661558109836,0.7540229885057471,0.7655172413793105,0.7185185185185188,0.9627075351213282,0.7008939974457218,1.0,0.6457215836526181,0.8674329501915711,0.5128991060025546,0.6679438058748404,0.323882503192848,0.49629629629629624,0.15249042145593864,0.3849297573435503,0.0523627075351213,0.3340996168582374,0.007918263090676834,0.3197956577266922,0.0
Triangle,0.47981848578934794,0.07260568426080725,0.47981848578934794,0.07188918079770716,0.47981848578934794,0.06806782899450681,0.47981848578934794,0.06806782899450681,0.47695247193694756,0.06806782899450681,0.46811559589204665,0.07523286362550746,0.330308096489133,0.21280152854072137,0.10102698829711013,0.49056603773584906,0.0,0.6424647719130642,0.10890852639121101,0.6484356341055648,0.40649629806544096,0.6047289228564603,0.7389539049438737,0.5853833293527585,0.9355146883209935,0.5853833293527585,1.0,0.551229997611655,0.8827322665392882,0.4275137329830429,0.70265106281347,0.252925722474325,0.5739192739431573,0.10986386434201101,0.4974922378791497,0.03439216622880351,0.4631000716503463,0.005970862192500509,0.4525913541915452,0.0
Triangle,0.3283365570599613,0.050531914893617025,0.3283365570599613,0.04593810444874275,0.3283365570599613,0.04593810444874275,0.323742746615087,0.04593810444874275,0.323742746615087,0.04690522243713736,0.3143133462282398,0.06818181818181816,0.2246131528046419,0.2144584139264994,0.055367504835589755,0.5493230174081241,0.0,0.7209864603481624,0.13249516441005826,0.724129593810445,0.4339941972920697,0.6864119922630562,0.7691005802707934,0.6706963249516441,0.9736460348162478,0.6706963249516441,1.0,0.608558994197292,0.8089941972920691,0.4480174081237908,0.5546421663442938,0.25725338491295924,0.37596711798839444,0.11508704061895539,0.2857833655705994,0.039651837524177835,0.25072533849129575,0.005319148936170103,0.2456479690522243,0.0
Triangle,0.3888484848484847,0.07830303030303028,0.3888484848484847,0.07830303030303028,0.3888484848484847,0.07830303030303028,0.38496969696969674,0.07830303030303028,0.3806060606060605,0.07830303030303028,0.37624242424242416,0.08169696969696964,0.2676363636363635,0.17478787878787874,0.08145454545454546,0.370181818181818,0.0,0.4846060606060605,0.15539393939393945,0.5020606060606059,0.503272727272727,0.5020606060606059,0.8307878787878787,0.5020606060606059,1.0,0.49696969696969684,0.9890909090909087,0.4370909090909088,0.7728484848484846,0.30181818181818165,0.5398787878787874,0.1633939393939392,0.39078787878787874,0.07393939393939393,0.3173333333333332,0.026181818181818133,0.2824242424242423,0.004363636363636355,0.269090909090909,0.0
Triangle,0.4121532364597093,0.05647291941875824,0.40653896961690883,0.05647291941875824,0.40587846763540286,0.05647291941875824,0.40587846763540286,0.05647291941875824,0.40587846763540286,0.05647291941875824,0.40587846763540286,0.05944517833553499,0.28896961690885076,0.1429986789960369,0.0990752972258918,0.3051519154557462,0.0,0.4002642007926022,0.06770145310435899,0.4332892998678995,0.3708718626155875,0.439233817701453,0.7651915455746364,0.450792602377807,0.9960369881109642,0.4517833553500659,1.0,0.4012549537648612,0.7919418758256276,0.2678335535006606,0.6126155878467636,0.1393659180977544,0.5069352708058124,0.059114927344782096,0.4521136063408188,0.01618229854689556,0.41710700132100403,0.0,0.39960369881109636,0.0
Triangle,0.6237288135593222,0.08372881355932206,0.6237288135593222,0.08372881355932206,0.6193220338983053,0.08372881355932206,0.6172881355932205,0.08372881355932206,0.6172881355932205,0.08372881355932206,0.6172881355932205,0.08508474576271192,0.5806779661016951,0.11999999999999997,0.3630508474576271,0.29118644067796623,0.1003389830508476,0.4867796610169494,0.0,0.5816949152542376,0.1715254237288132,0.5989830508474578,0.5393220338983052,0.5989830508474578,0.8406779661016951,0.5989830508474578,1.0,0.5867796610169493,0.992542372881356,0.5196610169491527,0.8064406779661019,0.3745762711864408,0.5627118644067799,0.2145762711864408,0.3779661016949155,0.09525423728813567,0.28372881355932233,0.029152542372881462,0.24372881355932208,0.0
Triangle,0.5360824742268041,0.005154639175257732,0.5360824742268041,0.0,0.5309278350515464,0.0,0.520618556701031,0.0,0.520618556701031,0.0,0.520618556701031,0.0,0.5103092783505154,0.0,0.42783505154639173,0.05154639175257732,0.17525773195876287,0.2422680412371134,0.0,0.3865979381443299,0.07216494845360824,0.4329896907216495,0.36597938144329895,0.4381443298969072,0.7164948453608248,0.4742268041237113,0.9278350515463918,0.5,1.0,0.4639175257731959,0.8711340206185567,0.3402061855670103,0.6494845360824743,0.19072164948453607,0.4896907216494845,0.08247422680412371,0.4072164948453608,0.02577319587628866,0.3711340206185567,0.0
Triangle,0.5832729905865315,0.06191165821868212,0.5832729905865315,0.06191165821868212,0.5702389572773353,0.06191165821868212,0.5695148443157133,0.06191165821868212,0.5695148443157133,0.06191165821868212,0.5695148443157133,0.06191165821868212,0.5695148443157133,0.06191165821868212,0.48805213613323684,0.13034033309196236,0.20383779869659643,0.3834178131788561,0.0,0.5901520637219406,0.03656770456191153,0.663649529326575,0.39681390296886354,0.6672700941346851,0.78783490224475,0.6672700941346851,0.9949312092686462,0.6517016654598116,1.0,0.5629978276611152,0.7715423606082549,0.38414192614047776,0.5141202027516293,0.20238957277335257,0.36495293265749446,0.08508327299058642,0.29362780593772625,0.019913106444605342,0.27371469949312094,0.0
Triangle,0.5064679415073116,0.0,0.49578177727784023,0.0,0.4952193475815522,0.0,0.4850956130483689,0.0,0.4850956130483689,0.0,0.4850956130483689,0.0,0.4645669291338581,0.02418447694038254,0.27840269966254183,0.18672665916760425,0.04218222722159699,0.4291338582677167,0.0,0.5444319460067493,0.24381327334083241,0.5556805399325085,0.6192350956130488,0.5618672665916762,0.8931383577052872,0.5750843644544434,1.0,0.5587739032620923,0.8937007874015744,0.45106861642294704,0.6870078740157478,0.2840269966254218,0.5272778402699662,0.1526996625421822,0.4403824521934757,0.08295838020247465,0.3951068616422945,0.05905511811023625,0.3782339707536557,0.053430821147356596
Triangle,0.4555206698063842,0.05965463108320252,0.4555206698063842,0.05965463108320252,0.4555206698063842,0.05965463108320252,0.4555206698063842,0.05965463108320252,0.4555206698063842,0.05965463108320252,0.4529042386185245,0.06227106227106221,0.37728937728937734,0.12323390894819479,0.16666666666666663,0.3223443223443225,0.0,0.5073260073260075,0.023024594453166257,0.5497121925693355,0.34170591313448484,0.5266875981161696,0.7394034536891685,0.521978021978022,0.973050758765045,0.5156985871271585,1.0,0.44139194139194127,0.8273155416012555,0.2893772893772892,0.6363160648874935,0.14678178963893246,0.5264259549973836,0.06436420722134993,0.4769754055468343,0.021454735740449933,0.45107273678702264,0.005232862375719526,0.44557823129251717,0.0
Triangle,0.46524064171123,0.12299465240641712,0.46524064171123,0.11764705882352941,0.46524064171123,0.11764705882352941,0.46524064171123,0.11764705882352941,0.46524064171123,0.11764705882352941,0.46524064171123,0.11764705882352941,0.37967914438502676,0.20320855614973263,0.1443850267379679,0.44385026737967914,0.0,0.5989304812834224,0.06417112299465241,0.6524064171122995,0.3850267379679144,0.6684491978609626,0.7754010695187166,0.6898395721925134,0.9946524064171123,0.6951871657754011,1.0,0.6042780748663101,0.8021390374331551,0.39572192513368987,0.6149732620320856,0.20855614973262032,0.5026737967914439,0.09090909090909091,0.44919786096256686,0.026737967914438502,0.42245989304812837,0.0,0.4117647058823529,0.0
Triangle,0.46261682242990654,0.0,0.46261682242990654,0.0,0.45794392523364486,0.0,0.4485981308411215,0.0,0.4392523364485981,0.004672897196261682,0.32710280373831774,0.10747663551401869,0.11682242990654206,0.3598130841121495,0.0,0.5186915887850467,0.12149532710280374,0.5654205607476636,0.48130841121495327,0.5887850467289719,0.822429906542056,0.6214953271028038,1.0,0.6261682242990654,0.9719626168224299,0.5327102803738317,0.7616822429906542,0.35514018691588783,0.5747663551401869,0.18691588785046728,0.4672897196261682,0.0794392523364486,0.411214953271028,0.02336448598130841,0.37850467289719625,0.004672897196261682,0.3598130841121495,0.0,0.35046728971962615,0.0
Triangle,0.3971774193548387,0.023941532258064516,0.3971774193548387,0.023941532258064516,0.3971774193548387,0.023941532258064516,0.3971774193548387,0.023941532258064516,0.388608870967742,0.02772177419354836,0.3203125,0.08896169354838711,0.14465725806451618,0.2943548387096774,0.0,0.4654737903225807,0.0372983870967742,0.5274697580645161,0.2870463709677421,0.5388104838709679,0.653477822580645,0.5599798387096774,0.9075100806451615,0.5745967741935484,1.0,0.5330141129032259,0.9047379032258062,0.4037298387096773,0.7288306451612903,0.24445564516129034,0.5824092741935483,0.12499999999999988,0.49798387096774194,0.05846774193548383,0.45312499999999994,0.022933467741935457,0.43044354838709675,0.009324596774193542,0.42111895161290325,0.0
Triangle,0.30434782608695654,0.0821256038647343,0.30434782608695654,0.0821256038647343,0.30434782608695654,0.0821256038647343,0.30434782608695654,0.0821256038647343,0.30434782608695654,0.08695652173913043,0.21739130434782608,0.15942028985507245,0.04830917874396135,0.38164251207729466,0.0,0.5120772946859904,0.30917874396135264,0.5603864734299517,0.7536231884057971,0.5893719806763285,1.0,0.6086956521739131,0.9951690821256038,0.5314009661835749,0.6859903381642513,0.34299516908212563,0.4106280193236715,0.178743961352657,0.26570048309178745,0.07729468599033816,0.2028985507246377,0.024154589371980676,0.178743961352657,0.004830917874396135,0.1642512077294686,0.0,0.15458937198067632,0.0,0.15458937198067632,0.0
Triangle,0.4527784699725891,0.1420383752803389,0.4527784699725891,0.1420383752803389,0.4527784699725891,0.1420383752803389,0.4527784699725891,0.1420383752803389,0.4527784699725891,0.1420383752803389,0.4527784699725891,0.1420383752803389,0.4527784699725891,0.1420383752803389,0.3914776974831795,0.18614502865686525,0.15649140294044359,0.33615748816346874,0.0,0.4637428357837029,0.06354348367804628,0.5315225517069524,0.4333416396710694,0.5813605781211065,0.8013954647395964,0.6431597308746574,1.0,0.669573884874159,0.7784699725890855,0.46598554697233974,0.47445801146274613,0.24370794916521316,0.317468228258161,0.11861450286568653,0.25342636431597304,0.05158235733864938,0.217792175429853,0.016944928980812374,0.19710939446797904,0.0
Triangle,0.4545699649501213,0.10757616608250199,0.4545699649501213,0.10757616608250199,0.4545699649501213,0.10757616608250199,0.4545699649501213,0.10757616608250199,0.4545699649501213,0.10757616608250199,0.4545699649501213,0.10757616608250199,0.4502561337287677,0.11916958748988946,0.3262334861148556,0.21326503100566194,0.08735508223240764,0.3858182798598004,0.0,0.4766783499595577,0.20409813966028584,0.5287139390671338,0.5872202750067402,0.586681046104071,0.8689673766513886,0.6225397681315717,1.0,0.6101375033701805,0.9336748449716901,0.499325963871663,0.6734968994338093,0.2766244270692907,0.492315988136964,0.13184146670261518,0.394715556753842,0.055540576974925815,0.3545430035049878,0.01644648153141011,0.3418711242922621,0.0
Triangle,0.45098039215686275,0.08823529411764706,0.44607843137254904,0.08823529411764706,0.44607843137254904,0.08823529411764706,0.44607843137254904,0.08823529411764706,0.44607843137254904,0.08823529411764706,0.44607843137254904,0.08823529411764706,0.4166666666666667,0.11274509803921569,0.1715686274509804,0.25980392156862747,0.0,0.4264705882352941,0.09313725490196079,0.49019607843137253,0.4803921568627451,0.5147058823529411,0.8333333333333334,0.5490196078431373,1.0,0.553921568627451,0.9656862745098039,0.45588235294117646,0.6862745098039216,0.24019607843137256,0.4950980392156863,0.10294117647058823,0.39705882352941174,0.03431372549019608,0.3627450980392157,0.004901960784313725,0.35784313725490197,0.0,0.35784313725490197,0.0
Triangle,0.5347439288290454,0.004568405866794902,0.5347439288290454,0.0,0.5347439288290454,0.0,0.5347439288290454,0.0,0.5347439288290454,0.0,0.5323395046886269,0.0024044241404183727,0.4284683818225534,0.051695119018994984,0.1981245491704737,0.1976436643423899,0.04544361625390724,0.3385429189709063,0.0,0.4097138735272901,0.18754508295263245,0.4489059870161095,0.571291175763404,0.4962731425823513,0.8636691512382784,0.527771098821832,1.0,0.5198364991584514,0.9790815099783602,0.4265448425102188,0.8415484491464295,0.27482567924981977,0.687424861745612,0.132964654965136,0.5881221447463332,0.04784804039432555,0.5412358740081751,0.010579466217840866,0.5256071170954556,0.0
Triangle,0.5290155440414508,0.0689119170984456,0.5290155440414508,0.0689119170984456,0.5290155440414508,0.0689119170984456,0.5224525043177893,0.0689119170984456,0.5240069084628669,0.06735751295336789,0.5290155440414508,0.06563039723661486,0.4189982728842834,0.1512953367875646,0.15699481865284984,0.39965457685664935,0.0,0.5552677029360968,0.0010362694300516564,0.5927461139896374,0.18428324697754725,0.6027633851468048,0.4998272884283244,0.6069084628670123,0.7791018998272883,0.5991364421416235,0.9419689119170986,0.5887737478411055,1.0,0.5531951640759933,0.9379965457685667,0.4630397236614854,0.8170984455958551,0.3219343696027636,0.6727115716753026,0.1723661485319521,0.5706390328151987,0.06044905008635593,0.5126079447322971,0.0
Triangle,0.5779972226508256,0.005863292701743559,0.5779972226508256,0.0029316463508717795,0.5750655762999538,0.006789075759913579,0.5750655762999538,0.01018361363987039,0.5591729671347015,0.029779355037802806,0.3724733837370776,0.21015275420459814,0.14149051072365387,0.5142724888134547,0.018824255516124072,0.7008177750347169,0.0,0.7571362444067274,0.18484801728128394,0.7409350408887517,0.5264619657460272,0.7085326338528006,0.800648048140719,0.6787532788149977,0.9498534176824563,0.660237617651597,1.0,0.6412590649591112,0.9558710075605618,0.5624132078382967,0.8333590495293935,0.40055546983490187,0.6867767319858046,0.21987347631538343,0.5784601141799105,0.0864064187625367,0.5182842153988583,0.022835982101527506,0.49297947847554396,0.0
Triangle,0.45054945054945056,0.10622710622710622,0.4468864468864469,0.10256410256410256,0.4432234432234432,0.10256410256410256,0.4358974358974359,0.10256410256410256,0.43223443223443225,0.10256410256410256,0.43223443223443225,0.10622710622710622,0.3992673992673993,0.1575091575091575,0.1684981684981685,0.43956043956043955,0.0,0.7692307692307693,0.018315018315018316,0.8937728937728938,0.3626373626373626,0.8681318681318682,0.7289377289377289,0.8498168498168498,0.9340659340659341,0.8351648351648352,1.0,0.73992673992674,0.8388278388278388,0.5421245421245421,0.5677655677655677,0.31135531135531136,0.3772893772893773,0.15384615384615385,0.28205128205128205,0.06227106227106227,0.24175824175824176,0.018315018315018316,0.22344322344322345,0.0
Triangle,0.3971486761710793,0.0,0.3971486761710793,0.0,0.3971486761710793,0.0,0.3971486761710793,0.0,0.3971486761710793,0.0,0.3971486761710793,0.0,0.3971486761710793,0.0,0.4023858015711375,0.0,0.4082048297934244,0.00407331975560081,0.3383764911259818,0.05469886528949661,0.1361652604015131,0.30782659295897546,0.0,0.4885074192609832,0.3040442246144898,0.6045970322956064,0.7282513820192021,0.654349723596159,0.9938900203665985,0.6837358161187077,1.0,0.610997963340122,0.6738434681408204,0.38754727960430585,0.4340995053826008,0.2182135583357577,0.2979342449810883,0.1085248763456503,0.23130637183590338,0.038696537678207715
Triangle,0.4899061700312767,0.15126528291157235,0.4899061700312767,0.15126528291157235,0.48905317031561,0.15126528291157235,0.48450383849872053,0.15126528291157235,0.48450383849872053,0.15126528291157235,0.48450383849872053,0.14643161785612738,0.48450383849872053,0.14586295137901617,0.48194483935172033,0.14700028433323856,0.3232868922377025,0.22206425931191354,0.11515496161501282,0.42052885982371346,0.0,0.5868638043787319,0.4068808643730452,0.6932044355985214,0.7975547341484215,0.7546204151265281,0.9914700028433324,0.7500710833096388,1.0,0.6528291157236281,0.721069092976969,0.40801819732726724,0.5021324992891668,0.218936593687802,0.371339209553597,0.09667330110889967,0.30793289735570084,0.03184532271822574,0.28461757179414277,0.0
Triangle,0.532838245532606,0.017637502900905076,0.532838245532606,0.017637502900905076,0.532838245532606,0.017637502900905076,0.532838245532606,0.017637502900905076,0.532838245532606,0.017637502900905076,0.532838245532606,0.017637502900905076,0.532838245532606,0.017637502900905076,0.532838245532606,0.017637502900905076,0.532838245532606,0.019494082153631978,0.4539336272917146,0.09886284520770507,0.14806219540496612,0.46971455093989317,0.0,0.7187282432118821,0.25156648874448895,0.7909027616616381,0.714318867486656,0.7818519378045948,1.0,0.7368298909259685,0.9278254815502432,0.5518681828730561,0.6198653980041768,0.27454165699698263,0.4472035275005797,0.11232304478997411,0.3754931538640052,0.032490136922719674,0.34764446507310265,0.0
Triangle,0.42169373549884,0.029389017788089708,0.41802010827532876,0.025715390564578493,0.41802010827532876,0.025715390564578493,0.41802010827532876,0.025715390564578493,0.41802010827532876,0.025715390564578493,0.42343387470997684,0.025715390564578493,0.4186001546790411,0.037509667440061886,0.2875096674400621,0.16647331786542902,0.06535189481825235,0.405259087393658,0.0,0.5222351121423046,0.2505800464037122,0.5361562258313998,0.6401778808971382,0.5431167826759473,0.8878576952822892,0.5436968290796595,1.0,0.5104408352668212,0.931941221964424,0.40197215777262196,0.7525135344160867,0.2430394431554525,0.6075019334880125,0.12084300077339527,0.5301624129930396,0.0504640371229699,0.49400618716163974,0.013534416086620331,0.4804717710750194,0.0
Triangle,0.4270929162833487,0.0218491260349586,0.41881324747010124,0.0218491260349586,0.4183532658693653,0.0218491260349586,0.4183532658693653,0.0218491260349586,0.4183532658693653,0.0218491260349586,0.4183532658693653,0.0218491260349586,0.4183532658693653,0.0218491260349586,0.408003679852806,0.04990800367985273,0.19733210671573148,0.28909843606255736,1.8629685344216056e-16,0.5593376264949399,0.0,0.6628334866605334,0.4096136154553816,0.6890524379024838,0.7996780128794847,0.6980220791168352,1.0,0.6738730450781968,0.9733210671573139,0.5524379024839009,0.756439742410304,0.34728610855565795,0.5522079116835328,0.17456301747930092,0.44250229990800377,0.07129714811407546,0.39512419503219887,0.020469181232750773,0.3746550137994481,0.0
Triangle,0.41386914971820643,0.0,0.41386914971820643,0.0,0.41386914971820643,0.0,0.41386914971820643,0.0,0.41386914971820643,0.0,0.41386914971820643,0.0,0.41386914971820643,0.0,0.4025974025974026,0.01813281058564083,0.22567998039696152,0.1943151188434209,0.04729233031119814,0.5131095319774567,0.0,0.6927223719676552,0.3300661602548393,0.7458956138201424,0.7439353099730466,0.7542269051703017,0.9852977211467784,0.7287429551580498,1.0,0.6125949522175936,0.7370742465082087,0.3619210977701543,0.5202156334231806,0.1899044351874541,0.39622641509433976,0.08968390100465572,0.3403577554520952,0.03234501347708895,0.32075471698113217,0.004655721636853714
Triangle,0.22311753264795786,0.0,0.22311753264795786,0.0,0.22311753264795786,0.0,0.22784106696304537,0.0,0.23645457071408743,0.0027785495971103112,0.24590163934426243,0.011392053348152284,0.27563212003334253,0.02000555709919418,0.3014726312864685,0.050291747707696566,0.22228396776882475,0.17921644901361483,0.05807168657960572,0.4581828285634897,0.0,0.6165601555987772,0.2742428452347872,0.6899138649624893,0.6749096971380935,0.7218671853292579,0.9252570158377326,0.7240900250069461,1.0,0.6629619338705193,0.7240900250069466,0.4365101417060294,0.4823562100583497,0.2445123645457071,0.34676298971936664,0.12614615170880802,0.2767435398721867,0.05890525145873854,0.2442345095859962,0.02639622117254792
Triangle,0.5136612021857924,0.10382513661202186,0.5136612021857924,0.09836065573770492,0.5136612021857924,0.09836065573770492,0.5136612021857924,0.09836065573770492,0.5136612021857924,0.09836065573770492,0.5136612021857924,0.09836065573770492,0.5136612021857924,0.09836065573770492,0.5136612021857924,0.09836065573770492,0.4972677595628415,0.11475409836065574,0.24043715846994534,0.3442622950819672,0.0,0.6502732240437158,0.01639344262295082,0.7759562841530054,0.47540983606557374,0.7759562841530054,0.8469945355191257,0.7704918032786885,1.0,0.6994535519125683,0.8579234972677595,0.5027322404371585,0.5737704918032787,0.273224043715847,0.3879781420765027,0.11475409836065574,0.3005464480874317,0.03278688524590164,0.2677595628415301,0.0
Triangle,0.48199513381995124,0.041605839416058395,0.48199513381995124,0.041605839416058395,0.48199513381995124,0.041605839416058395,0.48199513381995124,0.041605839416058395,0.48199513381995124,0.041605839416058395,0.47493917274939157,0.0440389294403893,0.38321167883211676,0.11776155717761556,0.13892944038929428,0.39221411192214106,0.0,0.5900243309002432,0.13406326034063235,0.6374695863746959,0.5192214111922137,0.6474452554744524,0.8440389294403889,0.6518248175182482,1.0,0.6282238442822384,0.9637469586374695,0.5072992700729927,0.8077858880778589,0.3236009732360097,0.6671532846715329,0.16399026763990274,0.5832116788321167,0.07031630170316304,0.5450121654501217,0.026034063260340582,0.524574209245742,0.009732360097323615,0.5143552311435522,0.0
Triangle,0.5140288749659492,0.06210841732497955,0.5140288749659492,0.06210841732497955,0.5140288749659492,0.06210841732497955,0.5140288749659492,0.06210841732497955,0.5140288749659492,0.06210841732497955,0.5083083628439116,0.06810133478616182,0.44865159357123396,0.13674748025061292,0.2533369654045217,0.35085807681830566,0.05230182511577227,0.6001089621356578,0.0,0.7022609643149003,0.19858349223644828,0.6878234813402341,0.549169163715609,0.6780168891310268,0.8504494688095884,0.6752928357395802,1.0,0.6382457096159082,0.9615908471806044,0.5311904113320619,0.7564696268046847,0.3380550258785067,0.5442658676110049,0.1634432034867881,0.4257695450830834,0.05965676927267766,0.38163988014165073,0.013620266957232303,0.3742849359847452,0.0
Triangle,0.4536357571714476,0.004225038914832111,0.4536357571714476,0.0,0.4536357571714476,0.0,0.4536357571714476,0.0,0.4536357571714476,0.0,0.44829886591060714,0.016455414720924988,0.33488992661774514,0.15254614187235924,0.06893484545252376,0.4260618189904382,0.0,0.5748276628863688,0.25661552145874994,0.6259728708027574,0.6339782076940177,0.6199688681343118,0.8825883922615076,0.5912830776072938,1.0,0.5588169891038469,0.9833222148098731,0.4843228819212809,0.829886591060707,0.3388925950633755,0.6579942183678006,0.1981320880587058,0.5372470535912832,0.09828774738714702,0.4736490993995997,0.03980431398710257,0.44874360684901055,0.012008005336891243,0.4409606404269513,0.004225038914832111
Triangle,0.4576931896354046,0.008713597798670028,0.4576931896354046,0.008713597798670028,0.4512726438890163,0.008713597798670028,0.44897959183673464,0.008713597798670028,0.44897959183673464,0.008713597798670028,0.4446227929373996,0.008713597798670028,0.3836276083467093,0.06535198349002533,0.16670488420087123,0.32332033937170385,0.012382481082320547,0.5340518229763815,0.0,0.6253152946571887,0.2749369410685621,0.625773905067645,0.6363219445081402,0.623022242604907,0.8835129557440956,0.623022242604907,1.0,0.589772987846824,0.9557440953909649,0.48222884659481746,0.7869754643430401,0.3219445081403346,0.5929832607200182,0.17679431323091024,0.46938775510204067,0.08163265306122444,0.40518229763815633,0.025911488190781918,0.3836276083467094,0.0
Triangle,0.4123889437314906,0.004689042448173741,0.4123889437314906,0.004689042448173741,0.4123889437314906,0.004689042448173741,0.4123889437314906,0.004689042448173741,0.4123889437314906,0.004689042448173741,0.4123889437314906,0.004689042448173741,0.4057255676209279,0.018262586377097715,0.32453109575518263,0.11154985192497528,0.10982230997038492,0.35735439289239884,0.0,0.5306021717670286,0.12956564659427464,0.6231490621915103,0.48864758144126347,0.645360315893386,0.8247778874629811,0.6379565646594274,0.9980256663376113,0.6063672260612044,1.0,0.5155478775913129,0.7504935834155969,0.3136722606120431,0.5649062191510366,0.1655972359328727,0.4587857847976309,0.07773938795656467,0.40918065153010863,0.027640671273445196,0.3889437314906219,0.0
Triangle,0.40501792114695334,0.07831541218637991,0.40501792114695334,0.07634408602150536,0.40501792114695334,0.071505376344086,0.40501792114695334,0.071505376344086,0.403942652329749,0.0725806451612903,0.3636200716845877,0.10340501792114697,0.23333333333333334,0.22956989247311818,0.04175627240143361,0.4353046594982079,0.0,0.5329749103942651,0.24462365591397825,0.5413978494623655,0.65,0.5596774193548386,0.9064516129032257,0.5788530465949819,1.0,0.5559139784946235,0.9779569892473117,0.47903225806451605,0.865412186379928,0.35555555555555535,0.7127240143369176,0.22956989247311838,0.5849462365591398,0.12383512544802869,0.5007168458781361,0.051433691756272305,0.450358422939068,0.016129032258064536,0.4254480286738351,0.0
Triangle,0.4813039309683605,0.0,0.4813039309683605,0.0,0.47993425558142716,0.0,0.4745925215723874,0.004109026160799897,0.37378441309409666,0.09149431584714422,0.16586768935762236,0.2998219421996986,0.0,0.4682920147924942,0.05328037255170516,0.5030817696206,0.3410491713463909,0.4589782221613478,0.6321051910697164,0.4187097657855089,0.8231749075469115,0.4017257909875361,0.938912477742775,0.4056978496096426,1.0,0.4055608820709493,0.9900013696753872,0.3785782769483633,0.9065881386111494,0.3144774688398851,0.7648267360635529,0.22791398438570068,0.6251198465963568,0.14340501301191622,0.5363648815230792,0.0797151075195179,0.4989727434598,0.053417340090398585,0.48650869743870706,0.0442405149979455
Triangle,0.6509787588504787,0.15826738858808823,0.6509787588504787,0.15826738858808823,0.6509787588504787,0.15826738858808823,0.6509787588504787,0.15826738858808823,0.6509787588504787,0.15826738858808823,0.6509787588504787,0.15826738858808823,0.6509787588504787,0.15826738858808823,0.6509787588504787,0.15826738858808823,0.6334860474802162,0.16992919616826313,0.428987921699292,0.3290295710120778,0.1182840483132032,0.6005830903790081,0.0,0.746355685131195,0.37859225322782153,0.7834235735110366,0.7992503123698452,0.7834235735110366,1.0,0.7363598500624736,0.9262807163681794,0.5739275301957514,0.6822157434402332,0.33944189920866297,0.4964598084131613,0.1595168679716784,0.40982923781757574,0.05705955851728448,0.3740108288213243,0.0
Triangle,0.5081081081081081,0.009781209781209782,0.5081081081081081,0.009781209781209782,0.5057915057915059,0.007464607464607469,0.5032175032175032,0.004890604890604891,0.5032175032175032,0.004890604890604891,0.5032175032175032,0.004890604890604891,0.5032175032175032,0.006949806949807008,0.4895752895752896,0.028314028314028288,0.41647361647361636,0.0882882882882883,0.20077220077220065,0.23423423423423423,0.0,0.37863577863577874,0.010553410553410436,0.46280566280566293,0.32329472329472386,0.5014157014157016,0.681338481338482,0.5135135135135136,0.9124839124839128,0.503989703989704,1.0,0.4563706563706563,0.8857142857142858,0.32664092664092664,0.6936936936936936,0.17889317889317885,0.5575289575289576,0.06666666666666662,0.4787644787644788,0.0
Triangle,0.371627502175805,0.02756019727299101,0.371627502175805,0.02756019727299101,0.371627502175805,0.02756019727299101,0.371627502175805,0.02756019727299101,0.371627502175805,0.02756019727299101,0.371627502175805,0.02756019727299101,0.3710472874963736,0.041485349579344286,0.3138961415723818,0.12706701479547436,0.12619669277632722,0.3455178416013925,0.0,0.5697708152016245,0.0278503046127064,0.6765303162170003,0.3362344067304905,0.6945169712793734,0.690745575863069,0.6866840731070496,0.9112271540469971,0.6631853785900784,1.0,0.593269509718596,0.8978822164200754,0.4534377719756309,0.6820423556715989,0.28633594429939097,0.4873803307223677,0.14766463591528886,0.3614737452857557,0.053959965187119284,0.2999709892660284,0.0
Triangle,0.7082706766917292,0.24761904761904763,0.7082706766917292,0.24761904761904763,0.7082706766917292,0.24761904761904763,0.7082706766917292,0.24761904761904763,0.7082706766917292,0.24761904761904763,0.7082706766917292,0.24761904761904763,0.6962406015037589,0.25664160401002517,0.5057644110275684,0.40150375939849653,0.17994987468671622,0.6982456140350878,0.0,0.9077694235588973,0.0636591478696741,0.9764411027568923,0.3694235588972436,0.9959899749373432,0.6852130325814539,1.0,0.8325814536340853,0.986967418546366,0.8065162907268164,0.8771929824561404,0.7012531328320804,0.6471177944862152,0.6095238095238096,0.3558897243107765,0.5578947368421051,0.13283208020050097,0.5278195488721801,0.030576441102756678,0.5177944862155387,0.0
Triangle,0.5117746005046256,0.06391925988225401,0.5117746005046256,0.055929352396972255,0.5117746005046256,0.055929352396972255,0.5117746005046256,0.055929352396972255,0.5117746005046256,0.055929352396972255,0.5117746005046256,0.055929352396972255,0.5117746005046256,0.055929352396972255,0.48107653490327973,0.09083263246425578,0.2779646761984857,0.28174936921783034,0.05677039529015938,0.5546677880571911,0.0,0.7232968881412954,0.2371740958788898,0.7985702270815815,0.6526492851135408,0.8435660218671153,0.9499579478553408,0.8906644238856184,1.0,0.872582001682086,0.792262405382674,0.6736753574432292,0.5941968040370054,0.36837678721614764,0.4474348191757776,0.1341463414634145,0.35239697224558464,0.022708158116063887,0.3040370058873001,0.0
Triangle,0.596244131455399,0.06690140845070422,0.596244131455399,0.06455399061032857,0.596244131455399,0.05946791862284819,0.596244131455399,0.05946791862284819,0.596244131455399,0.05946791862284819,0.596244131455399,0.05946791862284819,0.596244131455399,0.05946791862284819,0.5809859154929575,0.08215962441314555,0.38067292644757433,0.27112676056338036,0.09859154929577447,0.5684663536776215,0.0,0.7331768388106414,0.1874021909233177,0.7621283255086072,0.5719874804381848,0.7582159624413145,0.9252738654147107,0.7895148669796557,1.0,0.8039906103286384,0.8611111111111112,0.6940532081377152,0.6514084507042254,0.46205007824726113,0.5007824726134583,0.20500782472613427,0.43231611893583705,0.05125195618153341,0.4029733959311424,0.0
Triangle,0.4998282377189969,0.05221573342493987,0.4998282377189969,0.05221573342493987,0.4998282377189969,0.05221573342493987,0.4998282377189969,0.05221573342493987,0.4998282377189969,0.05221573342493987,0.4823084850566816,0.06423909309515625,0.45276537272414974,0.08622466506355198,0.42322226039161787,0.11576777739608375,0.33287530058399184,0.19993129508759866,0.16386121607694967,0.35760906904843676,0.029199587770525674,0.5252490553074542,0.0,0.6008244589488145,0.1745104774991411,0.607007901064926,0.49433184472689784,0.5953280659567158,0.8351082102370317,0.5874270010305735,1.0,0.5805565097904499,0.9426313981449674,0.4891789762968053,0.7763655101339751,0.31054620405359035,0.636551013397458,0.12435589144623857,0.5455170044658193,0.0
Triangle,0.39025423728813546,0.04025423728813559,0.3076271186440674,0.134322033898305,0.18559322033898307,0.3148305084745763,0.06864406779661006,0.5245762711864405,0.0,0.6902542372881355,0.013559322033898232,0.7796610169491525,0.12542372881355923,0.8254237288135594,0.3389830508474576,0.8529661016949152,0.6008474576271183,0.907627118644068,0.830508474576271,0.9644067796610168,0.972881355932203,1.0,0.9999999999999996,0.9720338983050847,0.9012711864406782,0.8788135593220339,0.7347457627118642,0.71906779661017,0.5788135593220338,0.5122881355932203,0.45593220338983015,0.31822033898305097,0.3749999999999999,0.1707627118644068,0.3245762711864403,0.07838983050847463,0.29322033898305094,0.02754237288135603,0.2775423728813558,0.0
Triangle,0.5333794534763058,0.019716361120719474,0.5268073331027326,0.019716361120719474,0.5243860255966795,0.019716361120719474,0.5202352127291595,0.019716361120719474,0.5153925977170531,0.019716361120719474,0.5108958837772396,0.019716361120719474,0.5070909719820131,0.019716361120719474,0.5070909719820131,0.019716361120719474,0.50051885160844,0.022829470771359387,0.4420615703908684,0.1065375302663435,0.1698374264960223,0.454859910065721,0.0,0.7907298512625389,0.07436873054306474,0.9045313040470424,0.40712556208924205,0.9450017295053614,0.6793497059840886,1.0,0.7367692839847801,0.9536492563126946,0.6215842269111035,0.6835005188516086,0.5274991352473193,0.315461777931512,0.49187132480110685,0.07540643375994494,0.4808024904877205,0.0
Triangle,0.5872966207759699,0.16645807259073842,0.5801001251564455,0.15331664580725904,0.5669586983729661,0.14267834793491865,0.5635168961201501,0.14267834793491865,0.5635168961201501,0.14267834793491865,0.5635168961201501,0.15456821026282852,0.5635168961201501,0.15456821026282852,0.5578848560700874,0.16614518147684604,0.4971839799749688,0.23873591989987486,0.2841051314142678,0.4458698372966208,0.05193992490613245,0.7280976220275347,0.0,0.8751564455569462,0.1864831038798497,0.9489987484355445,0.48310387984981246,1.0,0.6555068836045058,0.9884230287859823,0.6639549436795991,0.8272841051314137,0.5535043804755941,0.5641426783479345,0.4255319148936169,0.281914893617021,0.32259073842302866,0.08510638297872337,0.25438047559449306,0.0
Triangle,0.4819538670284936,0.22170963364993218,0.4767978290366347,0.22170963364993218,0.4767978290366347,0.22170963364993218,0.4767978290366347,0.22170963364993218,0.4819538670284936,0.22170963364993218,0.4871099050203525,0.22170963364993218,0.4871099050203525,0.22170963364993218,0.4955223880597013,0.22170963364993218,0.49742198100407026,0.22170963364993218,0.4892808683853458,0.23500678426051558,0.3147896879240162,0.3842605156037992,0.0,0.7050203527815467,0.02442333785617291,0.8602442333785618,0.45807327001356724,0.951696065128901,0.8282225237449115,1.0,0.8401628222523745,0.7896879240162825,0.6407055630936228,0.39728629579375885,0.44559023066485737,0.10800542740841271,0.3370420624151964,0.014925373134328419,0.32727272727272694,0.0
Triangle,0.444634703196347,0.09218036529680365,0.444634703196347,0.09218036529680365,0.444634703196347,0.09218036529680365,0.444634703196347,0.09218036529680365,0.444634703196347,0.09218036529680365,0.444634703196347,0.09788812785388128,0.4169520547945208,0.13070776255707764,0.25199771689497674,0.2979452054794522,0.06392694063926938,0.5439497716894978,0.0,0.6835045662100456,0.14982876712328808,0.7457191780821918,0.48858447488584505,0.8056506849315069,0.8381849315068493,0.846175799086758,1.0,0.8353310502283104,0.9503424657534245,0.7089041095890408,0.823915525114155,0.4808789954337894,0.6755136986301369,0.24257990867579873,0.5519406392694063,0.09103881278538802,0.4817351598173514,0.020833333333333308,0.4554794520547945,0.0
Triangle,0.45092117185140435,0.08607671398369073,0.45092117185140435,0.08607671398369073,0.45092117185140435,0.08607671398369073,0.45092117185140435,0.08607671398369073,0.4451827242524916,0.08607671398369073,0.4448807006946539,0.08637873754152825,0.4116581093325277,0.12836001208094233,0.2724252491694348,0.32648746602234985,0.0881908788885532,0.631833282996074,0.0,0.8363032316520688,0.10601026880096671,0.8964059196617337,0.3850800362428273,0.919661733615222,0.7242524916943521,0.9761401389308366,0.9377831470854727,1.0,0.9571126547870733,0.8710359408033826,0.8637873754152822,0.617034128662035,0.6910299003322257,0.3500453035336753,0.5324675324675324,0.15524010872848065,0.44548474781032926,0.047417698580489234,0.41075203865901533,0.0
Triangle,0.4072312083729783,0.018078020932445288,0.4072312083729783,0.017602283539486188,0.4081826831588965,0.008087535680304507,0.4267364414843007,0.0,0.4452901998097053,0.0,0.46146527117031416,0.0,0.46146527117031416,0.005708848715509072,0.4267364414843007,0.07754519505233125,0.2787821122740249,0.28306374881065655,0.09276879162702219,0.5704091341579451,0.0,0.7745004757373929,0.05137963843958177,0.8601332064700284,0.3111322549952437,0.8824928639391056,0.6603235014272123,0.8948620361560418,0.9010466222645103,0.8882017126546143,1.0,0.8068506184586105,0.9067554709800184,0.6227402473834439,0.7159847764034253,0.36584205518553703,0.5204567078972405,0.1498572787821117,0.389153187440533,0.018078020932445288
Triangle,0.43375174337517414,0.059623430962343085,0.4316596931659691,0.059623430962343085,0.4271269177126916,0.059623430962343085,0.4271269177126916,0.059623430962343085,0.4271269177126916,0.06624825662482565,0.4271269177126916,0.06624825662482565,0.4271269177126916,0.06624825662482565,0.4163179916317989,0.07705718270571824,0.3260111576011154,0.16387726638772665,0.13040446304044584,0.34414225941422605,0.0,0.4755927475592747,0.021617852161785075,0.5264993026499302,0.23640167364016726,0.5366108786610878,0.5829846582984661,0.5439330543933054,0.8807531380753134,0.5564853556485355,1.0,0.5352161785216177,0.926778242677824,0.4267782426778241,0.7423291492329146,0.24895397489539717,0.5672942817294279,0.08507670850767052,0.466875871687587,0.0
Triangle,0.6136820925553323,0.007645875251509055,0.6136820925553323,0.007645875251509055,0.6136820925553323,0.0,0.6136820925553323,0.0,0.6136820925553323,0.0,0.6136820925553323,0.0,0.6136820925553323,0.0,0.5995975855130791,0.0,0.5730382293762578,0.017706237424547244,0.45191146881287775,0.13601609657947683,0.17424547283702252,0.41086519114688125,0.0,0.6120724346076459,0.09778672032193154,0.6893360160965795,0.4277665995975853,0.7066398390342052,0.7919517102615694,0.7239436619718309,1.0,0.7191146881287727,0.9847082494969823,0.6092555331991952,0.8414486921529177,0.3891348088531188,0.6643863179074451,0.16740442655935617,0.5219315895372236,0.03822937625754527
Triangle,0.47718582717308183,0.038745857761916906,0.47718582717308183,0.038745857761916906,0.47718582717308183,0.038745857761916906,0.47718582717308183,0.038745857761916906,0.4868722916135611,0.038745857761916906,0.4868722916135611,0.038745857761916906,0.4868722916135611,0.038745857761916906,0.4603619678817233,0.06423655365791484,0.30486872291613565,0.19857252102982423,0.09151159826663255,0.4343614580678056,0.0,0.576089727249554,0.11368850369615072,0.6196788172317106,0.4328320163140455,0.6372673973999491,0.8037216416008162,0.6495029314300282,1.0,0.6319143512617896,0.9910782564364009,0.5238338006627582,0.8417027784858526,0.3591639051746112,0.6948763701249043,0.18812133571246475,0.582972215141473,0.060667856232474955,0.5110884527147591,0.0
Triangle,0.3804375157153632,0.038219763640935385,0.3804375157153632,0.038219763640935385,0.3877294443047523,0.038219763640935385,0.40709077193864707,0.038219763640935385,0.42846366607995984,0.038219763640935385,0.4329896907216494,0.03344229318581846,0.4329896907216494,0.03344229318581846,0.4161428212220268,0.041488559215489065,0.3442293185818456,0.10258989187830024,0.1576565250188582,0.28715111893386974,0.014080965551923149,0.49911993965300494,0.0,0.5989439275836059,0.22227809906965007,0.6369122454111141,0.5825999497108371,0.6653256223283883,0.8757857681669597,0.6864470706562736,1.0,0.6560221272315818,0.9876791551420672,0.5159668091526278,0.8529041991450845,0.30098063867236624,0.6693487553432235,0.11918531556449591,0.514206688458637,0.0
Triangle,0.5617224880382775,0.0,0.5617224880382775,0.0,0.5582137161084529,0.0,0.5534290271132377,0.0,0.53652312599681,0.0,0.5253588516746411,0.0,0.5148325358851676,0.016586921850079744,0.47623604465709757,0.07974481658692174,0.3448165869218501,0.2529505582137159,0.11291866028708145,0.5387559808612439,0.0,0.7814992025518339,0.10015948963317393,0.8813397129186602,0.40382775119617204,0.9601275917065392,0.7279106858054226,1.0,0.8771929824561401,0.9805422647527912,0.8341307814992026,0.8692185007974484,0.6969696969696973,0.6456140350877196,0.5620414673046253,0.3945773524720895,0.46698564593301456,0.21531100478468904,0.4283891547049441,0.13333333333333333
Triangle,0.4522980501392757,0.013231197771587745,0.4522980501392757,0.011142061281337037,0.4522980501392757,0.002437325905292455,0.4522980501392757,0.0,0.4522980501392757,0.0,0.4484679665738162,0.014275766016713078,0.3903203342618385,0.08774373259052931,0.23711699164345423,0.26427576601671304,0.07729805013927535,0.4752785515320336,0.0,0.6399721448467969,0.02402506963788313,0.7155292479108637,0.2078690807799444,0.7144846796657383,0.5194986072423396,0.7144846796657383,0.8318245125348193,0.7144846796657383,0.9850278551532031,0.6928969359331478,1.0,0.614206128133705,0.8990250696378831,0.4589136490250696,0.7520891364902503,0.2775069637883007,0.6034122562674092,0.12465181058495793,0.49199164345403895,0.02646239554317549
Triangle,0.3932448733413753,0.007639726578206671,0.3932448733413753,0.0072376357056694665,0.3932448733413753,0.0,0.3932448733413753,0.0,0.3932448733413753,0.0,0.3892239646160033,0.013671089666264579,0.3329312424607959,0.10052271813429846,0.212303980699638,0.297145154804986,0.07277844792923252,0.5524728588661036,0.0,0.7318053880176919,0.07076799356654628,0.8142340168878163,0.2971451548049862,0.8492159227985522,0.6043425814234024,0.88821873743466,0.8661037394451145,0.9067149175713707,1.0,0.8789706473663043,0.9605950944913548,0.7768395657418573,0.825492561318858,0.6027342179332524,0.6397265782066746,0.4000804181745068,0.45878568556493726,0.21069561720948873,0.33212706071572196,0.06875753920386005
Triangle,0.7134778510838832,0.023876845743009738,0.6779767514923027,0.043983663210807385,0.5497957901350926,0.14043355325164938,0.3151115300031416,0.31196983977379833,0.11624253848570555,0.4759660697455231,0.0,0.5765001570845115,0.005655042412818256,0.6116870876531573,0.11907005969211451,0.608545397423814,0.334904178448005,0.5793276782909205,0.60320452403393,0.540684888469997,0.8328620797989318,0.5032987747408105,0.9591580270185358,0.48130694313540673,1.0,0.45711592836946274,0.9742381401193845,0.4068488846999685,0.9139176877159911,0.319195727301288,0.8284637134778513,0.21237825950361294,0.7565190072258876,0.11907005969211434,0.6974552309142316,0.053094564875903215,0.6632108074143889,0.015394282123782608,0.6478165252906064,0.0
Triangle,0.5303332383936201,0.0008544574195386173,0.5257761321560811,0.0,0.47906579322130455,0.052121902591854195,0.3577328396468243,0.17915123896325835,0.1953859299344916,0.3614354884648249,0.0666476787240103,0.5297636001139276,0.0,0.6357163201367133,0.02905155226431222,0.6810025633722586,0.15180860153802322,0.7015095414411849,0.3543150099686698,0.7129023070350328,0.5935630874394756,0.7328396468242665,0.7980632298490461,0.7544859014525777,0.9359156935346054,0.7567644545713472,1.0,0.7114782113358019,0.9786385645115353,0.6043862147536314,0.8966106522358303,0.4636855596696099,0.7809740814582741,0.31671888350897187,0.6647678724010255,0.19310737681572213,0.5801765878667047,0.10395898604386226,0.5357448020506979,0.054970093990316174
Triangle,0.7321196358907673,0.0988296488946684,0.7321196358907673,0.0988296488946684,0.7321196358907673,0.0988296488946684,0.7321196358907673,0.09102730819245773,0.7321196358907673,0.08647594278283485,0.7321196358907673,0.08647594278283485,0.7161898569570873,0.10240572171651496,0.6001300390117037,0.20676202860858248,0.30071521456436945,0.477893368010403,0.04356306892067621,0.7083875162548764,0.0,0.7994148244473341,0.20643693107932387,0.8114434330299088,0.5731469440832253,0.7903120936280884,0.8689856957087125,0.7815344603381016,1.0,0.7555266579973993,0.9470091027308193,0.6375162548764628,0.8315994798439533,0.4275032509752926,0.7272431729518857,0.2106631989596881,0.6719765929778934,0.06762028608582565,0.6456436931079325,0.0
Triangle,0.9428804569563445,0.20155038759689922,0.933088535291718,0.20155038759689922,0.9232966136270915,0.20155038759689922,0.9196246430028561,0.20155038759689922,0.91187270501836,0.20155038759689922,0.9094247246022032,0.20155038759689922,0.8829049367605063,0.21827825377396984,0.7417380660954717,0.32109343125254985,0.4055487556099552,0.6124031007751938,0.10526315789473698,0.8784169726642188,0.0,0.9914320685434517,0.11913504691962494,1.0,0.4414524683802525,0.982048143614851,0.7307221542227661,0.9436964504283968,0.8580171358629135,0.8543451652386781,0.8657690738474096,0.6715626274989801,0.8139534883720935,0.4190126478988169,0.776417788657691,0.19991840065279484,0.7588739290085683,0.058751529987760114,0.7490820073439414,0.0
Triangle,0.5683208701563564,0.1033310673011557,0.5683208701563564,0.09041468388851123,0.5683208701563564,0.09041468388851123,0.5683208701563564,0.09041468388851123,0.5690006798096534,0.09041468388851123,0.5747790618626786,0.09041468388851123,0.5737593473827329,0.09041468388851123,0.5486063902107413,0.11012916383412644,0.3953093133922503,0.25424881033310665,0.12712440516655352,0.5329707681849083,0.0,0.7076818490822571,0.08463630183548611,0.7773623385452074,0.39326988443235866,0.8198504418762748,0.7977566281441192,0.8633582596872876,1.0,0.85588035350102,0.9360978925900751,0.7185588035350106,0.7607070020394291,0.44833446634942253,0.6223657375934738,0.19204622705642438,0.5462270564242014,0.05574439157036033,0.5166553365057784,0.0
Triangle,1.0,0.12682519816437215,0.9920734251147267,0.11430955360867752,0.9920734251147267,0.11097204839382564,0.9862327909887362,0.10304547350855238,0.9737171464330412,0.10304547350855238,0.9532749269920734,0.10304547350855238,0.9365874009178139,0.10304547350855238,0.9361702127659572,0.11138923654568214,0.8827701293283271,0.15477680433875682,0.5715477680433877,0.3500208594075927,0.12473925740508944,0.658322903629537,0.0,0.831038798498123,0.21735502711722957,0.9023779724655822,0.5515227367542762,0.9557780559032124,0.8076762619941595,0.9995828118481437,0.9078014184397162,0.9745515227367545,0.8827701293283271,0.8431372549019608,0.7855652899457652,0.566958698372966,0.6741760534000838,0.23529411764705924,0.571964956195244,0.0
Triangle,0.3932619647355162,0.16750629722921917,0.3932619647355162,0.16750629722921917,0.3932619647355162,0.16750629722921917,0.3932619647355162,0.16152392947103278,0.3932619647355162,0.16152392947103278,0.39263224181360185,0.16152392947103278,0.37499999999999967,0.16782115869017636,0.3000629722921913,0.23110831234256923,0.1312972292191434,0.3957808564231739,0.0,0.5676952141057935,0.0025188916876571626,0.654596977329975,0.180100755667506,0.660264483627204,0.4911838790931987,0.6580604534005039,0.8302896725440804,0.6580604534005039,0.9984256926952139,0.6413727959697735,1.0,0.5632871536523929,0.8696473551637279,0.41813602015113355,0.6989924433249373,0.2459068010075569,0.5226700251889168,0.09445843828715354,0.38727959697732983,0.0
Triangle,0.49477682811016155,0.07217473884140549,0.49477682811016155,0.06616017727128837,0.5036403925292814,0.0572966128521684,0.51883507439063,0.05413105413105412,0.51883507439063,0.05413105413105412,0.5087052864830645,0.058246280468502665,0.4700854700854702,0.09686609686609686,0.33903133903133886,0.23488445710667938,0.11870845204178547,0.46565368787591005,0.0,0.6400759734093067,0.053814498258942856,0.6999050332383665,0.2975625197847422,0.7169990503323835,0.6593858816081045,0.7610003165558721,0.9300411522633744,0.7853751187084518,1.0,0.7464387464387463,0.9309908198797086,0.6036720481164923,0.7768281101614435,0.37986704653371295,0.6198163975941754,0.1668249446027223,0.5125039569484013,0.04779993668882556,0.47071858182969306,0.0
Triangle,0.4696605185779203,0.0,0.4696605185779203,0.0,0.4696605185779203,0.0,0.4696605185779203,0.0,0.4696605185779203,0.0,0.4696605185779203,0.0,0.47099705960973015,0.0,0.4798182304196738,0.02245388933440263,0.4250200481154771,0.1518310612135794,0.24752739909115193,0.46164127238706226,0.03929430633520431,0.7682437850842023,0.0,0.9021651964715318,0.2285485164394547,0.909115209836942,0.6140069500133654,0.9481422079657845,0.8430900828655443,1.0,0.7917669072440521,0.9382518043303928,0.6116011761561078,0.7540764501470192,0.4381181502272119,0.5044105854049717,0.31756214915797926,0.31836407377706494,0.25126971398021913,0.243785084202085
Triangle,0.49138211382113806,0.10504065040650408,0.49138211382113806,0.08552845528455283,0.49138211382113806,0.07414634146341464,0.49138211382113806,0.07414634146341464,0.49138211382113806,0.07414634146341464,0.4865040650406503,0.07902439024390241,0.4852032520325202,0.09235772357723578,0.4162601626016256,0.16162601626016265,0.20878048780487807,0.3443902439024392,0.029268292682926612,0.5739837398373985,0.0,0.7108943089430896,0.2191869918699183,0.8178861788617888,0.5265040650406502,0.9463414634146342,0.7027642276422763,1.0,0.7134959349593496,0.889756097560976,0.6276422764227643,0.596422764227642,0.5209756097560974,0.3310569105691057,0.43317073170731685,0.15121951219512206,0.3830894308943087,0.04910569105691048,0.3678048780487803,0.0
Triangle,0.5184125849124062,0.23096174472649267,0.5212727922774403,0.22130854486950305,0.5377189846263856,0.21058276725062566,0.5609581694672867,0.2087951376474794,0.577404361816232,0.19914193779048978,0.5931355023239185,0.19699678226671433,0.5895602431176263,0.20057204147300678,0.5273507329281374,0.24311762602788697,0.2967465141222738,0.4154451197711834,0.06399713979263505,0.6349660350375401,0.0,0.7583124776546298,0.22130854486950333,0.803360743653915,0.6281730425455848,0.8226671433678941,0.9138362531283518,0.8523417947801214,1.0,0.8255273507329282,0.9181265641759025,0.6360386127994276,0.7486592777976403,0.3546657132642117,0.5992134429746157,0.1465856274579908,0.5026814444047193,0.038612799427958464,0.4572756524848052,0.0
Triangle,0.48869509043927667,0.12273901808785533,0.48869509043927667,0.11660206718346255,0.48869509043927667,0.11660206718346255,0.48869509043927667,0.11660206718346255,0.48869509043927667,0.11660206718346255,0.48869509043927667,0.11660206718346255,0.5051679586563309,0.11046511627906978,0.5171188630490959,0.10432816537467703,0.5193798449612406,0.10788113695090443,0.4005167958656334,0.19799741602067175,0.08591731266149873,0.4489664082687338,0.0,0.5907622739018088,0.2913436692506456,0.6136950904392766,0.7399870801033586,0.6379198966408268,1.0,0.6689276485788115,0.975452196382429,0.5823643410852714,0.8032945736434113,0.353682170542636,0.6240310077519384,0.12370801033591754,0.5061369509043931,0.02390180878552979,0.4702842377260984,0.0
Triangle,0.653670530382859,0.013347383210396913,0.653670530382859,0.013347383210396913,0.653670530382859,0.006673691605198456,0.653670530382859,0.006673691605198456,0.653670530382859,0.006673691605198456,0.6628029504741831,0.0,0.667017913593256,0.0,0.6452406041447134,0.02177730944854238,0.4759395855286264,0.1685985247629084,0.15525114155251094,0.4418686336494557,0.0,0.6332982086406745,0.11556023884791017,0.6968739023533547,0.4899894625922025,0.741131015103618,0.8542325254654027,0.7741482262030209,1.0,0.7397260273972602,0.9476642079381804,0.5914998243765366,0.7952230417983843,0.3558131366350543,0.6378644186863366,0.13698630136986295,0.549701440112399,0.025992272567615018,0.5135230066736916,0.0
Triangle,0.43074581430745806,0.01156773211567732,0.43074581430745806,0.01156773211567732,0.43074581430745806,0.01156773211567732,0.43074581430745806,0.01156773211567732,0.43074581430745806,0.01156773211567732,0.41978691019786873,0.01156773211567732,0.4021308980213091,0.020091324200913238,0.3473363774733636,0.0602739726027398,0.17929984779299815,0.228310502283105,0.0,0.4681887366818874,0.0045662100456620655,0.6264840182648402,0.2447488584474883,0.7738203957382039,0.5975646879756467,0.9515981735159816,0.7729071537290714,1.0,0.7375951293759511,0.8392694063926938,0.574124809741248,0.5415525114155254,0.4170471841704719,0.26057838660578386,0.324505327245053,0.08340943683409427,0.289497716894977,0.012480974124809767,0.2745814307458142,0.0
Triangle,0.7097560975609754,0.09847560975609752,0.7039634146341461,0.09847560975609752,0.7039634146341461,0.09847560975609752,0.7039634146341461,0.09847560975609752,0.7039634146341461,0.09847560975609752,0.7039634146341461,0.09847560975609752,0.7006097560975608,0.09847560975609752,0.6466463414634145,0.1344512195121951,0.4408536585365852,0.3012195121951217,0.14634146341463397,0.564024390243902,0.0,0.7548780487804875,0.0884146341463413,0.8484756097560973,0.4051829268292676,0.9091463414634142,0.7542682926829262,0.9689024390243897,0.9676829268292677,0.9826219512195119,1.0,0.8780487804878045,0.8911585365853656,0.6533536585365852,0.7521341463414632,0.3853658536585365,0.6192073170731704,0.14603658536585362,0.5359756097560974,0.0
Triangle,0.5726973684210528,0.0,0.5726973684210528,0.0,0.5726973684210528,0.0,0.5726973684210528,0.0,0.5726973684210528,0.0,0.5726973684210528,0.0013157894736842036,0.5720394736842109,0.019407894736842124,0.49605263157894763,0.0891447368421053,0.2723684210526315,0.32828947368421046,0.0401315789473685,0.6490131578947367,0.0,0.8621710526315788,0.2523026315789476,0.9549342105263158,0.5569078947368424,1.0,0.7328947368421052,0.9759868421052632,0.7776315789473685,0.8555921052631579,0.6598684210526319,0.6486842105263161,0.5023026315789476,0.39309210526315796,0.37335526315789486,0.16973684210526302,0.29572368421052636,0.053289473684210574,0.27269736842105274,0.01875
Triangle,0.4974984365228269,0.20200125078173858,0.5053158223889933,0.19606003752345214,0.5153220762976861,0.19606003752345214,0.5153220762976861,0.19606003752345214,0.5212632895559726,0.19606003752345214,0.5212632895559726,0.19606003752345214,0.510006253908693,0.20137585991244525,0.40150093808630416,0.288305190744215,0.1591619762351469,0.49593495934959353,0.0,0.6797998749218264,0.054096310193871185,0.7573483427141963,0.315509693558474,0.7898686679174484,0.6622889305816141,0.8220762976860538,0.9202626641651032,0.8436522826766729,1.0,0.8058161350844278,0.8964978111319574,0.647279549718574,0.6882426516572856,0.39837398373983723,0.4749843652282675,0.17354596622889273,0.3242651657285803,0.046904315196997934,0.24796747967479685,0.0
Triangle,0.5260416666666666,0.005208333333333333,0.5260416666666666,0.005208333333333333,0.5260416666666666,0.0,0.5260416666666666,0.0,0.5260416666666666,0.0,0.5260416666666666,0.0,0.5260416666666666,0.0,0.5260416666666666,0.0,0.5260416666666666,0.0,0.5208333333333334,0.005208333333333333,0.3645833333333333,0.11458333333333333,0.0625,0.40625,0.0,0.5885416666666666,0.3333333333333333,0.6510416666666666,0.7916666666666666,0.71875,1.0,0.7447916666666666,0.953125,0.6145833333333334,0.734375,0.3333333333333333,0.5208333333333334,0.11458333333333333,0.4010416666666667,0.020833333333333332
Triangle,0.544619422572178,0.2119422572178479,0.5321522309711281,0.19947506561679804,0.5321522309711281,0.19947506561679804,0.5321522309711281,0.19947506561679804,0.5321522309711281,0.19947506561679804,0.5321522309711281,0.19947506561679804,0.5426509186351697,0.19947506561679804,0.5406824146981621,0.2034120734908138,0.45800524934383113,0.27624671916010524,0.20341207349081317,0.5032808398950136,0.0,0.719160104986877,0.07217847769028797,0.8005249343832025,0.43110236220472453,0.810367454068242,0.809711286089239,0.8372703412073497,1.0,0.83989501312336,0.9868766404199472,0.7401574803149609,0.8057742782152224,0.528215223097113,0.5393700787401569,0.26968503937007876,0.3438320209973747,0.08595800524934386,0.2578740157480308,0.0
Triangle,0.7384196185286104,0.05177111716621251,0.7384196185286104,0.05177111716621251,0.7513623978201636,0.05177111716621251,0.7663487738419623,0.05177111716621251,0.7772479564032698,0.05177111716621251,0.7772479564032698,0.05177111716621251,0.7772479564032698,0.05177111716621251,0.7547683923705727,0.06948228882833779,0.5470027247956405,0.1825613079019073,0.18460490463215296,0.41212534059945516,0.0,0.5769754768392368,0.1178474114441424,0.6341961852861032,0.4625340599455049,0.6130790190735691,0.8222070844686654,0.608310626702997,1.0,0.5667574931880106,0.9666212534059947,0.41485013623978184,0.8113079019073572,0.21730245231607603,0.7152588555858305,0.05585831062670281,0.699591280653951,0.000681198910081671,0.7125340599455041,0.0
Triangle,0.8481104651162791,0.0,0.8481104651162791,0.0,0.8481104651162791,0.0,0.8481104651162791,0.0,0.8481104651162791,0.0,0.8481104651162791,0.0,0.805959302325581,0.04215116279069759,0.47601744186046563,0.2994186046511628,0.09593023255813989,0.6497093023255811,0.0,0.8081395348837208,0.27180232558139594,0.8081395348837208,0.6656976744186046,0.8008720930232557,0.9186046511627908,0.8008720930232557,1.0,0.778343023255814,0.982558139534884,0.6656976744186046,0.9084302325581393,0.5406976744186046,0.8001453488372096,0.35029069767441867,0.6933139534883721,0.20421511627906985,0.6402616279069764,0.1518895348837209,0.5995639534883722,0.1518895348837209
Triangle,0.6223290598290598,0.08119658119658119,0.6223290598290598,0.08119658119658119,0.6223290598290598,0.08119658119658119,0.6223290598290598,0.08119658119658119,0.6223290598290598,0.06730769230769233,0.6223290598290598,0.06089743589743589,0.6111111111111116,0.07211538461538464,0.46848290598290565,0.18643162393162402,0.18482905982906045,0.44017094017093994,0.0,0.6485042735042734,0.06784188034188024,0.6858974358974358,0.38568376068376065,0.6570512820512818,0.7852564102564106,0.6485042735042734,0.9951923076923073,0.5902777777777777,1.0,0.48557692307692296,0.8910256410256414,0.34348290598290615,0.7756410256410257,0.20405982905982906,0.6837606837606841,0.0918803418803418,0.6207264957264954,0.02884615384615387,0.6020299145299145,0.0
Slash,0.004629629629629629,0.023148148148148147,0.0,0.023148148148148147,0.0,0.023148148148148147,0.0,0.023148148148148147,0.0,0.023148148148148147,0.0,0.023148148148148147,0.0007309941520468044,0.023148148148148147,0.023635477582846016,0.023148148148148147,0.08869395711500977,0.023148148148148147,0.21174463937621854,0.01973684210526306,0.3847465886939571,0.012670565302144214,0.5682261208576999,0.005604288499025369,0.7146686159844053,0.004629629629629629,0.8230994152046786,0.0007309941520468044,0.8932748538011694,0.0,0.9373781676413254,0.0,0.9641812865497078,0.0,0.9809941520467836,0.0,0.9929337231968813,0.0,1.0,0.0
Slash,1.0,0.1676470588235294,1.0,0.1676470588235294,0.9970588235294118,0.1676470588235294,0.9970588235294118,0.1676470588235294,0.9970588235294118,0.1676470588235294,0.9970588235294118,0.1676470588235294,0.994891640866873,0.1676470588235294,0.9804953560371517,0.16160990712074302,0.9178018575851394,0.14721362229102158,0.7515479876160993,0.12755417956656342,0.4647058823529411,0.09334365325077405,0.2374613003095974,0.05061919504643965,0.11300309597523224,0.023839009287925705,0.04674922600619194,0.007275541795665591,0.014241486068111441,0.0,0.0034055727554179595,0.0,0.0,0.004798761609907174,0.0,0.0058823529411764705,0.0,0.0058823529411764705,0.0,0.0058823529411764705
Slash,0.0,0.0028328611898017,0.0,0.0,0.0023855673177277546,0.0,0.0056657223796034,0.0,0.0056657223796034,0.0,0.009393171313553,0.0,0.025943044580289263,0.0,0.06619949306694502,0.0,0.1826449977635306,0.010884150887132914,0.36961383629044275,0.03548531385120028,0.5673177277471297,0.06306843596242726,0.7301326971820487,0.0836439540778291,0.8468763977933503,0.09661547636797377,0.9126285969882212,0.103324884449083,0.9548233189205307,0.1048158640226629,0.9771880125242284,0.1048158640226629,0.9871775756672134,0.1048158640226629,0.9919487103026687,0.1048158640226629,0.9959743551513344,0.1048158640226629,1.0,0.1048158640226629
Slash,1.0,0.4584717607973422,1.0,0.4584717607973422,1.0,0.4584717607973422,1.0,0.4584717607973422,1.0,0.4584717607973422,1.0,0.4584717607973422,0.9951040391676867,0.4584717607973422,0.9928309144955413,0.45462493442909596,0.9645042839657283,0.432593110683686,0.8774261234481551,0.38223465640846294,0.7016961007169084,0.30092673544325926,0.4743836335023605,0.20388179751704846,0.26875327854520037,0.1189019059276098,0.13446406714460565,0.060674943171883176,0.05368071341143558,0.02517922713761148,0.01853470886518618,0.006469662528414053,0.002447980416156646,0.0,0.0,0.0,0.0,0.004721105088302191,0.0,0.006644518272425249
Slash,0.0031446540880503146,0.0,0.0031446540880503146,0.0,0.0031446540880503146,0.0,0.0,0.0,0.0,0.0,0.0,0.0,0.006454816285998018,0.0,0.0388944058258855,0.0,0.11304203905991397,0.002979145978152925,0.25140681893412775,0.018536908308507107,0.4321416749420721,0.04650777888116516,0.6062562065541212,0.07994041708043693,0.743296921549156,0.1117179741807349,0.8421052631578947,0.13505461767626614,0.9074809665673618,0.14928831512744128,0.9455478318437603,0.16054286660046344,0.9700430321085735,0.16633565044687187,0.9827871565706718,0.16981132075471697,0.9913935782853361,0.17179741807348567,1.0,0.17295597484276728
Slash,0.002890173410404624,0.09248554913294797,0.002890173410404624,0.09248554913294797,0.0012169151201703616,0.09248554913294797,0.0,0.09248554913294797,0.0,0.09248554913294797,0.0,0.09248554913294797,0.0,0.09248554913294797,0.0015211439002129623,0.09248554913294797,0.024338302403407397,0.08685731670215995,0.12153939762701543,0.06814724672954066,0.29221174323090965,0.04745968968664439,0.49817462731974466,0.02677213264374812,0.6797992090051718,0.011712808031639797,0.8092485549132948,0.005019774870702747,0.8948889564952845,0.0,0.9472163066626101,0.0,0.9755095832065714,0.0,0.9908731365987223,0.0,0.9977182841496806,0.0,1.0,0.0
Slash,1.0,0.0056179775280898875,1.0,0.0056179775280898875,1.0,0.0035481963335304762,1.0,0.0,1.0,0.0,1.0,0.0,0.9994086339444116,0.0,0.9971910112359551,0.0,0.9945298639858071,0.0,0.9716144293317563,0.003696037847427583,0.9062684801892372,0.011383796570076881,0.7792726197516263,0.026020106445890027,0.5885570668243642,0.045239503252513316,0.3991720875221761,0.0644589000591366,0.241425192193968,0.0836782968657599,0.13172678888231812,0.09994086339444112,0.06091070372560613,0.10895919574216438,0.02084565345949142,0.1151685393258427,0.003104671791839137,0.1151685393258427,0.0,0.11235955056179775
Slash,0.0027100271002710027,0.1002710027100271,0.0,0.1002710027100271,0.0,0.09798887462558838,0.0,0.0975609756097561,0.0,0.0975609756097561,0.0,0.0975609756097561,0.001426330052774214,0.0975609756097561,0.015546997575238908,0.09499358151476252,0.07716445585508487,0.08643560119811723,0.19569248324062183,0.0748823277706461,0.37212951076879175,0.06332905434317504,0.5556981885608331,0.0517757809157039,0.7174440165454288,0.040222507488232764,0.8329767508201398,0.029952931108258456,0.9084296106118956,0.02225074882327772,0.9526458422478961,0.014548566538296913,0.9774639851661676,0.008843246327200058,0.9900156896305805,0.00499215518470973,0.9961489088575096,0.001141064042219402,1.0,0.0
Slash,1.0,0.04521276595744681,1.0,0.0425531914893617,1.0,0.0425531914893617,1.0,0.0425531914893617,1.0,0.0425531914893617,1.0,0.0425531914893617,1.0,0.0425531914893617,0.9984602463605824,0.0425531914893617,0.9948208286674132,0.0425531914893617,0.970464725643897,0.03737402015677492,0.9031354983202687,0.028275475923852232,0.77491601343785,0.02113661814109742,0.5884658454647255,0.0174972004479283,0.38983762597984306,0.018057110862262023,0.22326427771556542,0.018617021276595744,0.12080067189249716,0.017217245240761438,0.057390817469204894,0.013577827547592394,0.022396416573348257,0.007278835386338242,0.005599104143337074,0.003639417693169045,0.0,0.0
Slash,0.0106951871657754,0.0,0.0106951871657754,0.0,0.0106951871657754,0.0,0.010413734871939199,0.0,0.005488319729805802,0.0,0.00042217844075428517,0.0,0.0,0.0005629045876724056,0.0,0.00267379679144385,0.007599211933577266,0.00267379679144385,0.06487475372924291,0.001829439909935242,0.17647058823529413,0.0,0.3412609062763861,0.0,0.518575851393189,0.0022516183506896222,0.674781874472277,0.01379116239797348,0.7997466929355475,0.02842668167745572,0.8850267379679144,0.041654939487756795,0.9401913875598087,0.05023923444976075,0.9728398536448073,0.056853363354911285,0.9916971573318324,0.058823529411764705,1.0,0.058823529411764705
Slash,1.0,0.3018867924528302,1.0,0.2991913746630728,1.0,0.2991913746630728,1.0,0.2991913746630728,0.9981557667754292,0.29734714143850194,0.9940417080436941,0.2935168108951624,0.9849624060150376,0.28826783940984535,0.9658107532983401,0.2806071783231664,0.9090651156192369,0.26358348701943535,0.796708753014612,0.23634558093346572,0.6102993332387574,0.1947794013335226,0.40133352248545895,0.14328273513973613,0.22471272520924943,0.09561639948928922,0.11746346999574413,0.05986664775145412,0.05248971485317066,0.034047382607462026,0.020002837281883987,0.01900978862249965,0.0048233792027237935,0.009504894311249863,0.0,0.004965243296921575,0.00156050503617535,0.0011349127535820623,0.0026954177897574125,0.0
Slash,0.0026954177897574125,0.0026954177897574125,0.0,0.0,0.0,0.0,0.0,0.002127961412966362,0.0032628741665484246,0.005674563767910311,0.0236913037310257,0.0133352248545893,0.07703220314938286,0.0266704497091786,0.17009504894311242,0.04596396652007377,0.3074194921265427,0.07561356220740531,0.4738260746205135,0.11164704213363594,0.6355511420059583,0.15250390126259042,0.7636544190665341,0.190949070790183,0.8544474393530997,0.22088239466591006,0.912327989785785,0.23904099872322312,0.9492126542772024,0.2508157185416371,0.9721946375372393,0.25847637962831604,0.9828344446020713,0.26202298198325996,0.9917718825365299,0.2641509433962264,0.9965952617392538,0.266137040714995,1.0,0.2695417789757412
Slash,1.0,0.004629629629629629,1.0,0.0,0.9990253411306043,0.0,0.9924463937621835,0.0,0.9802631578947367,0.0,0.9600389863547757,0.0,0.9256822612085769,0.002923976608187086,0.871101364522417,0.008040935672514585,0.7785087719298245,0.020955165692007865,0.658625730994152,0.03630604288499036,0.5309454191033138,0.05653021442495129,0.40302144249512656,0.07699805068226129,0.27997076023391804,0.09624756335282648,0.18104288499025328,0.10989278752436643,0.10794346978557495,0.11574074074074074,0.057261208576997964,0.11574074074074074,0.03216374269005834,0.11257309941520471,0.016812865497076106,0.10745614035087722,0.005604288499025238,0.10233918128654972,0.0,0.10185185185185185
Slash,0.0,0.09900990099009901,0.0,0.09405940594059406,0.003126628452319005,0.09249609171443456,0.019280875455966635,0.08676393955185,0.06096925482021891,0.07790515893694643,0.14955706096925486,0.06253256904637841,0.27618551328817087,0.05002605523710267,0.4293903074517976,0.03856175091193327,0.5771235018238665,0.028400208441896783,0.7120896300156333,0.022668056279312083,0.8152683689421574,0.01693590411672752,0.8866597186034393,0.01120375195414268,0.9364252214695156,0.005471599791557977,0.966128191766545,0.0,0.9822824387701928,0.0,0.991922876498176,0.0,0.9976550286607608,0.0,1.0,0.0,1.0,0.0,1.0,0.0
Slash,1.0,0.0,0.9952267303102625,0.0,0.9823108240909728,0.0,0.9570405727923628,0.002105854274884162,0.8944265056858067,0.012213954794328276,0.6644672188684543,0.05011933174224342,0.4304366137863261,0.08900744068510455,0.24175207075670377,0.11933174224343682,0.12368384107819742,0.1368805278674716,0.051663624877158504,0.14600589639196973,0.011231222799382271,0.14937526323178435,0.0,0.14937526323178435,0.0005615611399691206,0.1462866769619543,0.01066966165941314,0.1429173101221395,0.025691422153586954,0.1395479432823249,0.03664186438298469,0.13617857644251025,0.04618840376245963,0.1328092096026955,0.052927137442089,0.12943984276288084,0.057700407131826476,0.12607047592306622,0.061069773971641164,0.12536852449810473
Slash,0.007537688442211055,0.11557788944723618,0.007537688442211055,0.11557788944723618,0.005157365776249673,0.11557788944723618,0.0014546416291986303,0.11557788944723618,0.0,0.11557788944723618,0.0,0.11557788944723618,0.002115842369743443,0.11557788944723618,0.034250198360222174,0.10989156307855055,0.14374504099444585,0.09111346204707758,0.3253107643480559,0.06955831790531602,0.523406506215287,0.04919333509653535,0.6929383760909812,0.03358899761967736,0.8144670722031208,0.022480825178524195,0.8953980428458079,0.014281935995768364,0.9430044961650357,0.008463369478973772,0.9686590848981751,0.004760645331922764,0.984263422375033,0.001057921184871757,0.9925945517058979,0.0,0.9962972758529488,0.0,1.0,0.0
Slash,1.0,0.006134969325153374,0.9964481756538587,0.002906038101388436,0.9867613819825637,0.0,0.9770745883112688,0.0,0.9673877946399742,0.0,0.9568937681627382,0.0008072328059411692,0.94107200516629,0.0050048433968357025,0.9094284791733935,0.01146270584436558,0.846787213432354,0.020503713270907303,0.7410397158540525,0.033419438165967055,0.5892799483371006,0.04794962867290932,0.42169841782370054,0.060542460445592486,0.27639651275427835,0.06829189538262838,0.17129480142072973,0.07474975783015816,0.09896674200839524,0.0789473684210527,0.05376170487568619,0.07975460122699386,0.03051340006457862,0.07975460122699386,0.016628995802389402,0.07975460122699386,0.006619309008718128,0.07975460122699386,0.0,0.07975460122699386
Slash,0.0,0.1757188498402556,0.0,0.17252396166134185,0.0,0.17252396166134185,0.0,0.17252396166134185,0.0,0.17252396166134185,0.0,0.17252396166134185,0.003026736169497221,0.17252396166134185,0.0052127122919119005,0.16865646544476204,0.03329409786446947,0.1595762569362704,0.11232554229023056,0.13939801580628894,0.2713973431982513,0.10795359004540102,0.45871868168824614,0.07701362031276275,0.6359508996132505,0.053136034975618016,0.7775348915419541,0.03463931393980157,0.8683369766268707,0.023541281318311697,0.9278627879603162,0.013620312762737539,0.9638473179754498,0.006221624348410958,0.9831847990583488,0.0010089120564991038,0.9952917437363377,0.0,1.0,0.0
Slash,1.0,0.0,0.999002244948865,0.0,0.993265153404839,0.0,0.9815415315540035,0.0,0.9563482165128461,0.0039910202045398985,0.9116986779745574,0.009977550511349478,0.8278872536792214,0.022698927413320136,0.6632576702419557,0.03991020204539791,0.45347967074083306,0.05387877276128716,0.27937141431778484,0.06535295584933896,0.16363182838613127,0.07632826141182342,0.09528560738338739,0.08056872037914692,0.06834622100274389,0.08056872037914692,0.05113494637066597,0.08056872037914692,0.03841356946869545,0.08056872037914692,0.03242703916188574,0.08056872037914692,0.024943876278373696,0.08056872037914692,0.01346969319032189,0.08056872037914692,0.00573709154402597,0.08056872037914692,0.0,0.08056872037914692
Slash,0.016574585635359115,0.0,0.016574585635359115,0.0,0.016574585635359115,0.0,0.011922070369293424,0.0,0.006687990694969501,0.0,0.001453911020645578,0.0,0.0,0.0,0.0,0.0,0.0,0.0,0.0,0.0,0.007851119511485963,0.0,0.049142192497819114,0.0,0.15295143937191039,0.0,0.3186972957255017,0.0,0.5050886885722591,0.001453911020645578,0.6656004652515262,0.007851119511485963,0.7947077638848501,0.017446932247746304,0.8860133759813899,0.022681011922070386,0.9528932829310846,0.027624309392265192,1.0,0.027624309392265192
Slash,1.0,0.0,0.9971181556195965,0.0,0.9971181556195965,0.0,0.9963597755194903,0.0,0.990292734718641,0.0,0.9739117245563476,0.003488548460488332,0.9132413165478538,0.014712573942059768,0.7617169725466403,0.042014257545881964,0.5173669042924314,0.08372516305172152,0.29713332322159874,0.12194752009707267,0.158956468982254,0.14651903534051272,0.07932655847110572,0.16107993326255118,0.03655392082511752,0.16714697406340057,0.016077658122250878,0.16714697406340057,0.006370392840891852,0.16714697406340057,0.0019717882602760554,0.16623691794327314,0.0,0.16214166540269978,0.0004550280600637066,0.15804641286212656,0.002881844380403458,0.15561959654178675,0.002881844380403458,0.15561959654178675
Slash,0.0,0.11055276381909548,0.0,0.11055276381909548,0.0,0.11055276381909548,0.0,0.11055276381909548,0.0,0.11055276381909548,0.0027770431102882823,0.10804020100502512,0.008992330071409685,0.10671779952393558,0.02922507273208147,0.10314731552499347,0.09032002115842369,0.09521290663845543,0.20457550912457015,0.08450145464162924,0.35043639248875946,0.07074847923829669,0.5111081724411531,0.05805342501983603,0.6606717799523936,0.04482941020893949,0.7844485585823856,0.03530811954509389,0.8780745834435335,0.028167151547209748,0.9333509653530812,0.021026183549325603,0.9670722031208675,0.013885215551441454,0.9861147844485587,0.007140967997884147,0.9953715948161861,0.003570483998942109,1.0,0.0
Slash,1.0,0.008220363426593597,0.9972598788578021,0.0054802422843957315,0.9972598788578021,0.0037496394577443987,0.9946639746178253,0.0027401211421978658,0.9903374675511971,0.0020190366310932216,0.9799538505912895,0.0,0.9606287856936834,0.0,0.9216902220940294,0.0,0.8445341794058264,0.001442169022209444,0.7112777617536775,0.009662532448803041,0.5305739832708393,0.02682434381309488,0.32953562157484845,0.04225555235073546,0.17738678973175648,0.05307182001730606,0.08234785116815677,0.05422555523507354,0.027833862128641453,0.04586097490625892,0.0054802422843957315,0.035044707239688555,0.0,0.02711277761753677,0.0036054225555235127,0.020911450822036316,0.007210845111047025,0.01730602826651286,0.010816267666570518,0.016440726853187194
Slash,0.015665796344647518,0.028720626631853787,0.013467088085749633,0.02610966057441253,0.00824515597086711,0.02610966057441253,0.004534835783976913,0.02610966057441253,0.0008245155970867164,0.02610966057441253,0.0,0.02610966057441253,0.0054967706472447515,0.02610966057441253,0.03270578535110623,0.02610966057441253,0.1295863680087948,0.015390957812285274,0.2833585268654664,0.006321286244331486,0.4618661536347395,0.002061288992716763,0.6263570152535385,0.0,0.7582795107874124,0.0027483853236223757,0.8510375154596673,0.005221932114882507,0.9149374742338876,0.005221932114882507,0.9509413219733407,0.005221932114882507,0.9730658238285007,0.005221932114882507,0.9855709770509825,0.005221932114882507,0.9951903256836608,0.005221932114882507,1.0,0.005221932114882507
Slash,1.0,0.009584664536741214,0.9968051118210862,0.009080208508491661,0.9957961997645873,0.006389776357827476,0.9920968555574238,0.004876408273078911,0.9843618631242642,0.0011770640659155304,0.9707415503615269,0.0,0.9468639650243822,0.0,0.9051622666890872,0.0,0.8384059189507315,0.0,0.7351605851689926,0.0,0.6075332100218597,0.0,0.4625861779048259,0.0,0.32520598621153524,0.0,0.21035816378005706,0.0,0.13300823944846146,0.0,0.07970405246342693,0.0,0.04405582646712626,0.0,0.02101900117706403,0.0,0.007903144442576041,0.0,0.0,0.0
Slash,0.003048780487804878,0.027439024390243903,0.003048780487804878,0.027439024390243903,0.0017650834403080942,0.027439024390243903,0.0,0.027439024390243903,0.0,0.027439024390243903,0.0,0.027439024390243903,0.0,0.027439024390243903,0.007220795892169437,0.027439024390243903,0.04862002567394094,0.025353016688061645,0.15404364569961493,0.021662387676508355,0.316591784338896,0.01797175866495506,0.48636071887034665,0.01524390243902439,0.6465019255455713,0.013639281129653355,0.7739088575096277,0.009948652118100152,0.8623234916559689,0.00625802310654686,0.9199293966623877,0.005616174582798446,0.9560333761232349,0.0019255455712451541,0.9783376123234915,0.0,0.991976893453145,0.0,1.0,0.0
Slash,1.0,0.0064516129032258064,1.0,0.0064516129032258064,1.0,0.0064516129032258064,1.0,0.0064516129032258064,1.0,0.0064516129032258064,0.997283531409168,0.0064516129032258064,0.9928692699490662,0.0064516129032258064,0.9865874363327675,0.004584040747028901,0.968590831918506,0.00016977928692690804,0.9076400679117149,0.0010186757215619984,0.7928692699490661,0.005432937181663808,0.6137521222410867,0.00984719864176571,0.39507640067911703,0.01426146010186761,0.22631578947368414,0.013582342954159611,0.12088285229202032,0.009168081494057711,0.06383701188455007,0.004753820033955809,0.03429541595925294,0.0003395585738539995,0.016808149405772514,0.0,0.005602716468590807,0.0,0.0,0.0
Slash,0.0034129692832764505,0.06484641638225255,0.0,0.059996407400754403,0.0,0.05802047781569966,0.0,0.05802047781569966,0.0,0.05802047781569966,0.0,0.05802047781569966,0.0,0.05802047781569966,0.019400035925992473,0.05478713849470092,0.11963355487695349,0.03933896173881799,0.2893838692293874,0.019938925812825564,0.4824860786779234,0.005388898868331294,0.64576971438836,0.0,0.7749236572660321,0.00017962996227771302,0.862223818932998,0.0034129692832764505,0.9179091072390874,0.0034129692832764505,0.950781390335908,0.0034129692832764505,0.9725166157715108,0.0034129692832764505,0.9874259026405605,0.0034129692832764505,0.9951499910185019,0.0034129692832764505,1.0,0.0034129692832764505
Slash,1.0,0.05379746835443038,0.9968354430379747,0.05063291139240506,0.9968354430379747,0.05063291139240506,0.9968354430379747,0.05063291139240506,0.9968354430379747,0.05063291139240506,0.9968354430379747,0.05063291139240506,0.9968354430379747,0.05063291139240506,0.9915056628914057,0.05063291139240506,0.9741838774150565,0.0502998001332445,0.9232178547634909,0.04630246502331784,0.8332778147901397,0.04230512991339101,0.6930379746835444,0.038307794803464364,0.52964690206529,0.030646235842771458,0.36842105263157915,0.023984010659560254,0.23134576948700886,0.019986675549633605,0.1304130579613592,0.015989340439706866,0.0686209193870753,0.011992005329780127,0.03214523650899402,0.007994670219853478,0.01282478347768155,0.003997335109926739,0.0,0.0
Slash,0.0,0.011661807580174927,0.0,0.011661807580174927,0.0,0.011661807580174927,0.0,0.011661807580174927,0.0,0.011661807580174927,0.0,0.011661807580174927,0.0053705692803437035,0.011048028233849913,0.029768298296762332,0.007058462482737491,0.08500843946601198,0.003068896731624985,0.1914991560533988,0.0,0.3530765689734541,0.0019947828755562114,0.5223262237225716,0.00936013503145621,0.6797606260549335,0.026545956728556093,0.8049716127052324,0.044192112935399736,0.8869111554396195,0.053398803130274695,0.9366272824919443,0.05984348626668717,0.9686972533374252,0.0638330520177996,0.9877244130735,0.0641399416909621,0.9960104342488876,0.0641399416909621,1.0,0.0641399416909621
Slash,1.0,0.010958904109589041,0.9989906272530642,0.00821917808219178,0.995241528478731,0.00821917808219178,0.9945205479452055,0.00821917808219178,0.9932227829848594,0.00821917808219178,0.9917808219178083,0.00591204037490989,0.98788752703677,0.0027397260273972603,0.9756308579668349,0.0011535688536409845,0.9465032444124009,0.0,0.8770007209805335,0.0,0.7664023071377073,0.0018745493871665999,0.615717375630858,0.00865176640230715,0.4545061283345348,0.01989906272530644,0.30194664744051897,0.031146359048305726,0.18226387887527032,0.039221341023792385,0.10843547224224942,0.045277577505407396,0.0607065609228551,0.04902667627974044,0.03129055515501081,0.049315068493150684,0.01225666906993511,0.05104542177361216,0.0,0.0547945205479452
Slash,0.0027247956403269754,0.06267029972752043,0.0,0.06267029972752043,0.0,0.06267029972752043,0.0,0.06267029972752043,0.0,0.06267029972752043,0.0,0.06267029972752043,0.0057364118743725885,0.06123619675892725,0.04187580668291986,0.05220134805679049,0.13150724221999138,0.03685644629284379,0.28380897748458334,0.021368134232037924,0.44858740857593565,0.00975190018643343,0.6039007600745734,0.00200774415603046,0.7397103112003443,0.0,0.839093646923849,0.0,0.9057794349634304,0.0,0.9469381901620537,0.0,0.9738993259716048,0.0,0.987666714470099,0.0,0.9961279219847985,0.0,1.0,0.0
Slash,1.0,0.32051282051282054,0.9967948717948718,0.3173076923076923,0.9967948717948718,0.3173076923076923,0.9959514170040487,0.3173076923076923,0.9935897435897436,0.315114709851552,0.990047233468286,0.3141025641025641,0.9854925775978409,0.31241565452091763,0.9748650472334682,0.3048245614035088,0.9365721997300945,0.28458164642375167,0.8647098515519568,0.25472334682861003,0.7385290148448044,0.21373144399460187,0.5684885290148447,0.16160593792172742,0.39844804318488514,0.11066126855600536,0.26180836707152505,0.0711875843454791,0.15772604588394054,0.040485829959514136,0.08721322537112013,0.022604588394062083,0.04200404858299596,0.011302294197031042,0.017712550607287453,0.005904183535762469,0.005904183535762469,0.0013495276653171773,0.0,0.0
Slash,0.0,0.0,0.0,0.0,0.0,0.0,0.0,0.0,0.0008860535176324902,0.0,0.009214956583377612,0.0019493177387913828,0.028530923267765324,0.006379585326953738,0.07531454899875956,0.020379230905546702,0.15683147262094635,0.04607478291688815,0.27130958709906083,0.08842814105972004,0.4192805245436826,0.14602161970583027,0.5727449937976256,0.2140705298600036,0.7100832890306576,0.28229665071770343,0.8178273967747653,0.3402445507708667,0.8904837852206274,0.38029416976785396,0.938153464469254,0.4063441431862484,0.9670388091440724,0.4212298422824739,0.9835194045720361,0.4288499025341131,0.9945064681906787,0.4332801701222754,1.0,0.43434343434343436
Slash,1.0,0.4807017543859649,1.0,0.4807017543859649,0.9996306555863342,0.4807017543859649,0.995937211449677,0.4807017543859649,0.9922437673130193,0.4807017543859649,0.988550323176362,0.4797783933518005,0.9815327793167127,0.47497691597414593,0.9628808864265929,0.4650046168051708,0.9311172668513388,0.44727608494921517,0.8838411819021237,0.42179132040627887,0.8155124653739613,0.38670360110803326,0.7159741458910435,0.3399815327793167,0.5881809787626963,0.2816251154201293,0.4467220683287166,0.21883656509695296,0.31301939058171746,0.15863342566943678,0.20590951061865187,0.10507848568790397,0.12391505078485691,0.06223453370267782,0.06518928901200365,0.03416435826408123,0.026408125577100698,0.01495844875346263,0.0,0.0
Slash,0.0,0.0,0.0,0.0,0.0,0.0,0.0025715755186010436,0.0,0.014057946168352507,0.0036002057260414977,0.04183096176924394,0.01285787759300531,0.08829075947196983,0.02897308417623863,0.15960912052117263,0.052288702211554954,0.26178638779358815,0.088119321104063,0.4006514657980456,0.13166466655237447,0.5508314760843477,0.18103891650951479,0.689010800617178,0.23624207097548428,0.7985599177095833,0.284759129093091,0.8739927995885478,0.31904680267443847,0.9245671181210354,0.3433910509171953,0.9564546545516885,0.3577918738213612,0.9759986284930569,0.3655066003771644,0.9883421909823419,0.3696211212069261,0.9958854791702382,0.3713355048859935,1.0,0.3713355048859935
Slash,1.0,0.005390835579514825,0.9991488154348136,0.0022698255071642013,0.9937579798552988,0.0,0.9880834160873883,0.0,0.9770180167399632,0.0,0.9581500922116611,0.0,0.9260888069229679,0.0051071073911193,0.8761526457653569,0.02142147822386146,0.7823804795006384,0.053057171229961675,0.6555539792878421,0.10129096325719956,0.5088665058873599,0.1559086395233367,0.36416512980564625,0.2069797134345297,0.23989218328840964,0.2472691161866932,0.14796425024826207,0.27308838133068525,0.086395233366435,0.2906795290112073,0.04667328699106259,0.30217052064122574,0.021137750035466012,0.3086962689743226,0.007944389275074475,0.30997304582210244,0.003121010072350681,0.30997304582210244,0.0,0.30997304582210244
Slash,0.0,0.41543026706231456,0.00843354677494923,0.4098079025456817,0.03014212088083708,0.39622052163048577,0.06762455099172261,0.37216929564266754,0.14446353271903792,0.3328127440262378,0.24410432609714192,0.28845853506168984,0.35420896454786815,0.2414493206309542,0.4666562548805247,0.19553334374511946,0.5756676557863502,0.15227237232547247,0.6746837419959394,0.11478994221458697,0.7590192097454318,0.08527252850226462,0.8274246446977979,0.06247071685147588,0.8799000468530377,0.04388567858816178,0.9183195377166953,0.02889270654380757,0.9461190067156021,0.0184288614711854,0.9645478681867875,0.010620021864750863,0.9781352491019834,0.005466187724504125,0.9890676245509916,0.002655005466187716,0.9971888177416837,0.0,1.0,0.0
Slash,1.0,0.005633802816901409,0.9971830985915493,0.002223869532987381,0.9971830985915493,0.0,0.9971830985915493,0.0,0.994810971089696,0.0,0.9940696812453669,0.0,0.9872498146775389,0.0,0.977761304670126,0.0,0.9544848035581913,0.0,0.9061527057079318,0.0,0.8097850259451447,0.0,0.6604892512972572,0.0,0.5021497405485544,0.0,0.35641215715344704,0.0,0.23869532987398087,0.0,0.1455893254262416,0.0032616753150481966,0.08124536693847292,0.005633802816901409,0.04002965159377318,0.005633802816901409,0.012601927353595234,0.005633802816901409,0.0,0.005633802816901409
Slash,0.0,0.010362694300518135,0.000545404963185162,0.01022634305972184,0.012817016634851373,0.007499318243796011,0.040632669757294765,0.004772293427870182,0.09353695118625581,0.002045268611944353,0.17875647668393782,0.0,0.28811017180256343,0.0016362148895555414,0.41273520589037355,0.007090264521407199,0.54963185164985,0.01690755385874008,0.6836651213526043,0.032042541587128395,0.7832015271338968,0.04431415325879466,0.8542405235887646,0.05372238887373873,0.9027815653122443,0.06026724843196075,0.9365966730297246,0.06394873193346057,0.9589582765203164,0.0666757567493864,0.9739569130079083,0.06940278156531222,0.983228797382056,0.07212980638123799,0.9914098718298338,0.07253886010362694,0.9971366239432778,0.07253886010362694,1.0,0.07253886010362694
Slash,1.0,0.009259259259259259,1.0,0.0,1.0,0.0,1.0,0.0,1.0,0.0,1.0,0.0,1.0,0.0,1.0,0.0,0.9785575048732943,0.0004873294346978696,0.8689083820662771,0.015594541910331302,0.6812865497076027,0.04288499025341147,0.4610136452241715,0.08187134502923972,0.2597465886939574,0.12183235867446372,0.12719298245614055,0.15009746588693962,0.05214424951267073,0.16520467836257305,0.009746588693957392,0.16666666666666666,0.0,0.16666666666666666,0.0,0.16666666666666666,0.0,0.16666666666666666,0.0,0.16666666666666666
Slash,1.0,0.0125,0.99375,0.0125,0.99375,0.004605263157894867,0.99375,0.0,0.99375,0.0,0.99375,0.0,0.99375,0.0,0.9743421052631582,0.002631578947368496,0.8828947368421055,0.012828947368421061,0.7315789473684212,0.027302631578947256,0.5582236842105267,0.049671052631578935,0.38059210526315823,0.08026315789473681,0.23782894736842125,0.11710526315789468,0.13322368421052638,0.1463815789473685,0.06217105263157876,0.1615131578947368,0.022368421052631503,0.17171052631578937,0.005592105263157876,0.175,0.0,0.175,0.0,0.175,0.0,0.175
Slash,0.0,0.1641025641025641,0.0,0.16059379217273959,0.0,0.15897435897435896,0.0,0.15897435897435896,0.0,0.15897435897435896,0.0,0.15897435897435896,0.0,0.15897435897435896,0.0,0.15897435897435896,0.01997300944669364,0.14898785425101216,0.07395411605937928,0.12577597840755744,0.160323886639676,0.09986504723346822,0.27638326585695006,0.07665317139001349,0.41025641025640996,0.0593792172739542,0.5697705802968958,0.04210526315789477,0.7222672064777326,0.024831309041835333,0.8326585695006746,0.008906882591093079,0.9055330634278002,0.0002699055330634355,0.9546558704453441,0.0,0.9827260458839407,0.0,1.0,0.0
Slash,1.0,0.059113300492610835,1.0,0.059113300492610835,1.0,0.059113300492610835,1.0,0.059113300492610835,1.0,0.059113300492610835,1.0,0.059113300492610835,0.9981851179673322,0.059113300492610835,0.9901477832512315,0.059113300492610835,0.983666061705989,0.059113300492610835,0.9429608504018668,0.05366865439460719,0.826289862587503,0.03500129634430906,0.6683951257453979,0.020482240082966056,0.4876847290640394,0.014778325123152709,0.31656728026963954,0.014778325123152709,0.1807103966813588,0.012185636505055669,0.09385532797511034,0.007778065854290841,0.044594244231267975,0.0,0.017630282603059315,0.0,0.004407570650764829,0.0,0.0,0.0
Slash,0.0,0.0684931506849315,0.0,0.0684931506849315,0.0,0.0684931506849315,0.0,0.0684931506849315,0.0,0.0684931506849315,0.0,0.0684931506849315,0.0,0.0684931506849315,0.0,0.0684931506849315,0.0,0.0684931506849315,0.00624849795722174,0.06536890170632051,0.037490987743330956,0.05791876952655608,0.09829367940398924,0.05046863734679164,0.19226147560682505,0.04301850516702721,0.3068973804373946,0.03556837298726265,0.45974525354482093,0.028118240807498217,0.622927180966114,0.020668108627733786,0.7707281903388609,0.013217976447969225,0.8872867099254987,0.005767844268204663,0.9569814948329728,0.0,1.0,0.0
Slash,1.0,0.0,0.9925457420374971,0.0,0.9914163090128756,0.0,0.9905127625931782,0.0,0.9830585046306756,0.0,0.9756042466681726,0.0,0.9505308335215721,0.0,0.8775694601310139,0.0006776598147730032,0.7429410435961148,0.011971990060989358,0.5798509148407499,0.0365936299977412,0.40727354867856336,0.07228371357578493,0.24983058504630679,0.11384684888186125,0.13395075672012627,0.14750395301558622,0.06415179579850902,0.16805963406370003,0.025976959566297725,0.18161283035915973,0.008357804382200129,0.18454935622317598,0.0009035464196973376,0.18454935622317598,0.0,0.18454935622317598,0.0,0.18454935622317598,0.0,0.18454935622317598
Slash,1.0,0.004048582995951417,0.9955252503728957,0.0,0.9919028340080972,0.0,0.9919028340080972,0.0,0.9919028340080972,0.0,0.9919028340080972,0.0,0.9919028340080972,0.0,0.9848710845940765,0.0,0.979757085020243,0.0,0.979757085020243,0.0,0.9795440017046664,0.0,0.9590880034093331,0.004687832942680491,0.8561687619859364,0.013211165565736233,0.6490517792456851,0.03430641380779879,0.40762838269763496,0.07436607713616017,0.2145748987854251,0.11463882378009806,0.09503515874707028,0.13914340507138295,0.03665033027913903,0.14894523758789685,0.00894949925420842,0.14979757085020243,0.0,0.14979757085020243
Slash,0.0035714285714285713,0.1392857142857143,0.0,0.1392857142857143,0.0,0.1357142857142857,0.0,0.1357142857142857,0.0,0.1357142857142857,0.0,0.1357142857142857,0.0026315789473683945,0.13308270676691722,0.020112781954887284,0.12481203007518797,0.06015037593984971,0.11203007518796997,0.1357142857142857,0.09530075187969922,0.26033834586466165,0.07612781954887211,0.4124060150375941,0.05695488721804521,0.5902255639097743,0.037781954887218,0.756390977443609,0.023120300751879645,0.8772556390977444,0.010526315789473679,0.9449248120300752,0.004135338345864678,0.9804511278195489,0.0,0.9943609022556391,0.0,1.0,0.0,1.0,0.0
Slash,1.0,0.0,1.0,0.0,1.0,0.0,1.0,0.0,1.0,0.0,1.0,0.0,1.0,0.0,0.9985447489691974,0.0,0.9808391947610964,0.0,0.9138976473441669,0.005821004123211289,0.7984477322338105,0.012612175600291146,0.6504972107688578,0.020373514431239442,0.4974533106960952,0.03395585738539903,0.3548387096774196,0.052874120785835615,0.23744845985932553,0.07033713315546922,0.14673781227261687,0.08391947610962894,0.08003880669415465,0.09483385884064996,0.04050448702401162,0.10138248847926268,0.01576521950036387,0.10138248847926268,0.0,0.10138248847926268
Slash,0.0,0.13839285714285715,0.0,0.13392857142857142,0.0,0.13392857142857142,0.0,0.13392857142857142,0.0,0.13392857142857142,0.0,0.13392857142857142,0.0,0.13392857142857142,0.0091635338345866,0.13087406015037598,0.0514567669172933,0.11771616541353389,0.1398026315789474,0.09727443609022554,0.2431860902255641,0.07683270676691732,0.3731203007518799,0.05639097744360898,0.5234962406015039,0.04182330827067674,0.6726973684210529,0.028195488721804423,0.7925281954887217,0.016212406015037675,0.8827537593984963,0.009398496240601517,0.9398496240601505,0.00258458646616536,0.9722744360902256,0.0,0.9908364661654137,0.0,1.0,0.0
Slash,1.0,0.008032128514056224,1.0,0.008032128514056224,1.0,0.008032128514056224,1.0,0.008032128514056224,1.0,0.008032128514056224,0.9942929613189601,0.008032128514056224,0.9871063200169097,0.008032128514056224,0.9735785246248151,0.008032128514056224,0.9425068695835978,0.008032128514056224,0.8740224054111182,0.0033819488480236557,0.762418093426337,0.0,0.6161488057493129,0.0,0.47135912069329966,0.0,0.3297400126823084,0.0,0.21411963644049886,0.0023250898330162274,0.12597759458888177,0.009088987529063654,0.06594800253646169,0.015852885225110965,0.030014796026210044,0.020080321285140562,0.009511731135066624,0.020080321285140562,0.0,0.024096385542168676
Slash,0.0,0.05907172995780591,0.0028869642460583856,0.05618476571174776,0.011547856984232583,0.05063291139240506,0.030202087497224212,0.05041083721963135,0.05773928492116363,0.043304463690872666,0.10282034199422599,0.036198090162114095,0.16433488785254285,0.029091716633355528,0.23495447479458134,0.01865423051299139,0.31512325116588935,0.01065956029313797,0.39129469242727055,0.0035531867643792837,0.47301798800799444,0.0,0.5669553630912727,0.002220741727737127,0.6715522984676882,0.004219409282700422,0.7743726404619141,0.004219409282700422,0.862314012880302,0.006662225183211142,0.9276038196757718,0.009549189429269288,0.9693537641572284,0.012658227848101266,0.9884521430157672,0.012658227848101266,0.9971130357539418,0.013990672884743541,1.0,0.016877637130801686
Slash,1.0,0.004347826086956522,0.9981693363844393,0.0,0.9919908466819221,0.0,0.9869565217391304,0.0,0.9839816933638444,0.0,0.9821510297482837,0.0,0.9736842105263157,0.0,0.9489702517162473,0.004118993135011435,0.8894736842105263,0.005949656750572004,0.8050343249427919,0.008695652173913044,0.6903890160183068,0.013958810068649912,0.5668192219679633,0.022883295194507918,0.4478260869565215,0.03546910755148743,0.334553775743707,0.054004576659038954,0.237299771167048,0.068649885583524,0.15881006864988564,0.08535469107551483,0.09725400457665896,0.09771167048054913,0.04874141876430209,0.10503432494279179,0.02036613272311209,0.10869565217391304,0.0,0.10869565217391304
Slash,0.0,0.12927756653992395,0.0,0.12927756653992395,0.0,0.12927756653992395,0.0,0.12927756653992395,0.0,0.12927756653992395,0.001600960576345853,0.1276766059635781,0.012607564538723267,0.12127276365819491,0.04082449469681795,0.11186712027216335,0.09585751450870525,0.09725835501300775,0.1725035021012607,0.07804682809685817,0.2717630578347008,0.058835301180708476,0.3956373824294578,0.03962377426455878,0.5301180708425053,0.021212727636581902,0.6611967180308183,0.011807084250550342,0.7728637182309382,0.0054032419451671455,0.8589153492095257,0.0028016810086052427,0.9221532919751849,0.0,0.9625775465279166,0.0,0.9845907544526715,0.0,1.0,0.0
Slash,1.0,0.004347826086956522,0.9956521739130435,0.0,0.9869565217391304,0.0,0.9826086956521739,0.0,0.9695652173913043,0.0,0.9521739130434783,0.0,0.9304347826086956,0.0,0.9043478260869565,0.0,0.8695652173913043,0.0,0.8217391304347826,0.0,0.7652173913043478,0.0,0.7,0.0,0.6260869565217392,0.004347826086956522,0.5434782608695652,0.008695652173913044,0.45217391304347826,0.017391304347826087,0.36086956521739133,0.02608695652173913,0.26521739130434785,0.0391304347826087,0.16956521739130434,0.05217391304347826,0.0782608695652174,0.06521739130434782,0.0,0.08260869565217391
Slash,0.09933774834437085,0.0,0.09933774834437085,0.0,0.09933774834437085,0.0,0.09933774834437085,0.0,0.05855698849773456,0.0,0.022307424189613363,0.0,0.0027884280237017176,0.0,0.0,0.0,0.01394214011850821,0.0,0.054374346462181984,0.0,0.19762983617985377,0.0,0.4820494945974207,0.018473335657023502,0.7542697804112928,0.04078075984663649,0.8975252701289653,0.052980132450331126,0.9606134541652138,0.052980132450331126,0.9926803764377835,0.059602649006622516,1.0,0.06099686301847319,1.0,0.06622516556291391,1.0,0.06622516556291391,1.0,0.06622516556291391
Slash,1.0,0.009315323707498848,1.0,0.006365471200124218,1.0,0.006365471200124218,1.0,0.006365471200124218,1.0,0.006365471200124218,0.9970501474926253,0.006365471200124218,0.9937897841950006,0.006365471200124218,0.9888216115510015,0.006365471200124218,0.9566837447601303,0.004968172643999436,0.8650830616363919,0.0,0.6713243285204162,0.004968172643999353,0.45101692283806843,0.02748020493712159,0.2710759198882163,0.05728924080111779,0.145474305232107,0.08445893494798941,0.06800186306474158,0.10122651762148738,0.025617140195621772,0.11038658593386123,0.0063654712001241336,0.1153547585778606,0.0,0.11551001397298558,0.0,0.11551001397298558,0.0,0.11551001397298558
Slash,0.006920415224913495,0.16608996539792387,0.004188672372973978,0.16608996539792387,0.0034602076124567475,0.16608996539792387,0.0034602076124567475,0.16608996539792387,0.0034602076124567475,0.16608996539792387,0.00018211619012930766,0.16608996539792387,0.0,0.16608996539792387,0.0,0.1642688034966308,0.002185394281551594,0.16153706064469128,0.025496266618102288,0.1500637406665453,0.12147149881624478,0.11291203788016752,0.24931706428701522,0.07576033509378982,0.4194135858677835,0.04370788563103266,0.5989801493352759,0.021489710435257714,0.7545073757057004,0.006738299034784187,0.8666909488253507,0.000546348570387923,0.9344381715534508,0.0,0.9712256419595704,0.0,0.9910763066836642,0.0007284647605172306,1.0,0.0034602076124567475
Slash,1.0,0.0,0.998582314371788,0.0,0.9937976253765727,0.0,0.9932659932659933,0.0,0.9932659932659933,0.0,0.9932659932659933,0.0,0.9932659932659933,0.0,0.9868864079390394,0.0,0.9677476519581784,0.0,0.9209640262271843,0.0,0.8348396243133088,0.0007088428141059921,0.7093744462165512,0.0076200602516391285,0.5599858231437177,0.024632287790182558,0.4100655679603048,0.053340421761474376,0.27857522594364686,0.0820485557327663,0.17614743930533427,0.11075668970405811,0.09746588693957105,0.13698387382597915,0.04678362573099414,0.1531100478468899,0.01718943824206983,0.1655147970937444,0.0,0.1717171717171717
Slash,0.0,0.2965779467680608,0.0,0.2965779467680608,0.0,0.2965779467680608,0.0,0.2957774664798879,0.0,0.29277566539923955,0.0,0.29277566539923955,0.0,0.29277566539923955,0.0,0.29277566539923955,0.0,0.28937362417450463,0.01961176706023616,0.27416449869921955,0.07844706824094463,0.23694216529917955,0.22293376025615355,0.16329797878727237,0.4296577946768063,0.09405643386031605,0.6493896337802686,0.049829897938763267,0.8086852111266762,0.023013808284970988,0.9067440464278569,0.007404442665599354,0.9571743045827498,0.0008004802881729265,0.9811887132279367,0.0,0.9933960376225734,0.0,1.0,0.0
Slash,1.0,0.0,1.0,0.0,0.9997445068983138,0.0,0.9951456310679612,0.0,0.9951456310679612,0.0,0.9890137966274909,0.0,0.955799693408278,0.0,0.9039345937659683,0.0033214103219212647,0.8362289218191108,0.011752682677567764,0.7256004087889624,0.02657128257537053,0.498211548288196,0.10143076136944315,0.3137455288707203,0.1791006642820645,0.1839550332141032,0.23735309146653052,0.10398569238630535,0.2736331119059786,0.059018906489524806,0.29483903934593764,0.03065917220235058,0.3053142565150741,0.01532958610117529,0.31272355646397537,0.005109862033725097,0.3155339805825243,0.0,0.3155339805825243,0.0,0.3155339805825243
Slash,0.003861003861003861,0.1776061776061776,0.0,0.17374517374517376,0.0,0.17374517374517376,0.0,0.17293233082706766,0.0,0.16622637675269256,0.0,0.16602316602316602,0.0016256858362121982,0.16602316602316602,0.008331639910587297,0.16155252997358258,0.021946758788864016,0.1548465758992075,0.05324121113594796,0.14184108920951025,0.11643974801869529,0.12842918106075993,0.2111359479780532,0.11115626905100587,0.324933956512904,0.09449298922983128,0.4539727697622436,0.07437512700670587,0.5880918512497463,0.05547652916073973,0.7177402966876654,0.04206462101198942,0.8256451940662468,0.028652712863239227,0.9065230644178013,0.01524080471448892,0.9636252794147531,0.006705954074375098,1.0,0.0
Slash,1.0,0.04819277108433735,0.9926019868949482,0.04417670682730924,0.9852039737898962,0.04417670682730924,0.9778059606848444,0.04417670682730924,0.9704079475797924,0.04417670682730924,0.963009934474741,0.04417670682730924,0.9558232931726908,0.04417670682730924,0.9558232931726908,0.04417670682730924,0.9558232931726908,0.04417670682730924,0.9534982033396745,0.04417670682730924,0.9262312407524836,0.04248573240329735,0.8262523779327838,0.030014796026210044,0.664130205030649,0.015218769816106507,0.4791798774043543,0.004227436060029598,0.3149439864722047,0.0,0.1868526738533078,0.0025364616360178272,0.0993447474106955,0.00993447474106948,0.045867681251321124,0.017332487846121365,0.018177975058127308,0.020080321285140562,0.0,0.020080321285140562
Slash,0.009302325581395349,0.08372093023255814,0.009302325581395349,0.08372093023255814,0.009302325581395349,0.08372093023255814,0.009302325581395349,0.08372093023255814,0.009302325581395349,0.08372093023255814,0.009302325581395349,0.08372093023255814,0.0024479804161567404,0.08372093023255814,0.0,0.08372093023255814,0.0,0.08372093023255814,0.001958384332925392,0.08274173806609544,0.016646266829865305,0.07539779681762536,0.04749082007343944,0.06634026927784581,0.1752753977968173,0.042839657282741764,0.3517747858017137,0.023011015911872698,0.5223990208078333,0.008812729498164001,0.6776009791921667,0.0014687882496940443,0.8078335373317013,0.0,0.9028151774785802,0.0,0.9652386780905754,0.0,1.0,0.0
Slash,0.9811320754716981,0.0,0.9811320754716981,0.0,0.9828699106256206,0.0,0.990814299900695,0.0,0.9987586891757695,0.0,1.0,0.0,1.0,0.0,1.0,0.0,1.0,0.0,0.9689672293942404,0.0,0.8617179741807348,0.007944389275074437,0.6760178748758687,0.040714995034756785,0.46673286991062574,0.08714001986097311,0.28872889771598836,0.13853028798411113,0.15789473684210534,0.1760178748758688,0.0762164846077458,0.20059582919563052,0.029543197616683253,0.21648460774577952,0.008192651439920654,0.22169811320754718,0.0,0.22169811320754718,0.0,0.22169811320754718
Slash,0.0,0.1953125,0.0,0.1953125,0.0,0.1953125,0.0,0.1953125,0.0,0.1953125,0.0,0.1953125,0.0,0.1953125,0.0,0.1936677631578947,0.012952302631578871,0.18297697368421062,0.05921052631578938,0.16118421052631582,0.13692434210526305,0.1344572368421053,0.2537006578947367,0.09888980263157898,0.40645559210526305,0.06681743421052633,0.5713404605263157,0.040501644736842146,0.7208059210526314,0.021381578947368474,0.830592105263158,0.009868421052631637,0.906044407894737,0.0034950657894737835,0.9547697368421053,0.0,0.9847861842105263,0.0,1.0,0.0
Slash,1.0,0.044059011164274284,1.0,0.044059011164274284,1.0,0.044059011164274284,0.9898325358851675,0.044059011164274284,0.9848484848484849,0.044059011164274284,0.9848484848484849,0.044059011164274284,0.9848484848484849,0.044059011164274284,0.9848484848484849,0.044059011164274284,0.9848484848484849,0.044059011164274284,0.984250398724083,0.044059011164274284,0.9519537480063797,0.044059011164274284,0.8656299840510367,0.033891547049441674,0.7161084529505584,0.012958532695374739,0.5424641148325359,0.0,0.36503189792663515,0.0005980861244018232,0.2153110047846891,0.013157894736842049,0.11303827751196181,0.027511961722488067,0.05203349282296648,0.041068580542264733,0.017743221690590186,0.04784688995215307,0.0,0.04784688995215307
Slash,0.0,0.08045977011494253,0.0,0.08045977011494253,0.0,0.08045977011494253,0.0,0.08045977011494253,0.0,0.08045977011494253,0.0048396854204477,0.07803992740471863,0.02157693083282916,0.0721919741883444,0.050211736237144595,0.06634402097197019,0.09699536196813877,0.05585803589433349,0.1669691470054446,0.044162129461584945,0.2546884452510588,0.0324662230288364,0.36015325670498083,0.020770316596087857,0.4763057067957252,0.010284331518451267,0.5932647711232106,0.00443637830207694,0.698326275458762,0.0,0.794313369630974,0.0,0.8775962895745111,0.0,0.936882435974995,0.0,0.9745916515426497,0.0,1.0,0.0
Slash,1.0,0.009966777408637873,0.9966777408637874,0.009966777408637873,0.9933554817275747,0.009966777408637873,0.9933554817275747,0.009966777408637873,0.9933554817275747,0.009966777408637873,0.9933554817275747,0.009966777408637873,0.9933554817275747,0.009966777408637873,0.9900332225913622,0.009966777408637873,0.9861863962231158,0.009966777408637873,0.9631054380136386,0.007693652736492424,0.9122224165063822,0.00227312467214545,0.8237454100367196,0.0,0.704668648365099,0.0,0.5514950166112956,0.010841056128693852,0.35950340968700845,0.04336422451477522,0.21787025703794374,0.07920965203706941,0.11505507955936349,0.11138310893512857,0.05438013638748036,0.13358978842454977,0.02045812204930924,0.14862738240951223,0.0,0.15614617940199335
Slash,0.0,0.1732283464566929,0.0,0.1732283464566929,0.0,0.1732283464566929,0.0,0.1732283464566929,0.0,0.1732283464566929,0.0,0.1732283464566929,0.0,0.17281392457521755,0.0,0.16929133858267717,0.0018648984666389797,0.1674264401160382,0.013675922088686223,0.16079569001243263,0.03688354745130536,0.1508495648570245,0.0837132200580191,0.1315789473684211,0.16763365105677575,0.10609200165768763,0.2944467467882302,0.07293825113966024,0.4484044757563197,0.046000828843762914,0.606506423539163,0.02548694571073347,0.7515540820555325,0.012225445503522598,0.871943638624119,0.005387484459179486,0.9521342726895978,0.0,1.0,0.0
Slash,1.0,0.0,0.9980063795853271,0.0,0.9962121212121212,0.0,0.9962121212121212,0.0,0.9962121212121212,0.0,0.9914274322169058,0.0,0.983652312599681,0.0,0.9643141945773525,0.0,0.9238437001594896,0.0,0.8520733652312599,0.002791068580542344,0.7480063795853269,0.009569377990430679,0.6176236044657096,0.021132376395534246,0.4738835725677829,0.03269537480063803,0.33572567783094065,0.04744816586921856,0.22248803827751193,0.06339712918660284,0.13437001594896325,0.07496012759170652,0.07436204146730459,0.0865231259968102,0.035287081339712846,0.09449760765550239,0.01355661881977667,0.10027910685805427,0.0,0.10606060606060606
Slash,0.017857142857142856,0.026785714285714284,0.017857142857142856,0.026785714285714284,0.017857142857142856,0.026785714285714284,0.017857142857142856,0.026785714285714284,0.017152255639097596,0.026785714285714284,0.009163533834586346,0.026785714285714284,0.0011748120300753481,0.026785714285714284,0.0,0.026785714285714284,0.010103383458646777,0.02537593984962402,0.06954887218045107,0.016917293233082806,0.21334586466165412,0.004934210526315803,0.4323308270676695,0.0,0.655545112781955,0.0021146616541352714,0.8211936090225562,0.01010338345864665,0.9212875939849623,0.013392857142857142,0.9696898496240601,0.017152255639097853,0.9922462406015039,0.017857142857142856,1.0,0.017857142857142856,1.0,0.017857142857142856,1.0,0.017857142857142856
Slash,1.0,0.006896551724137931,1.0,0.006896551724137931,1.0,0.006896551724137931,1.0,0.006896551724137931,1.0,0.006896551724137931,1.0,0.006896551724137931,1.0,0.006896551724137931,1.0,0.006896551724137931,1.0,0.006896551724137931,0.9876588021778585,0.005989110707803967,0.9343012704174227,0.000907441016333866,0.8279491833030855,0.0,0.6738656987295826,0.0023593466424682084,0.5067150635208715,0.015970961887477278,0.3506352087114337,0.038475499092559,0.22377495462794916,0.060072595281306755,0.13012704174228681,0.07840290381125224,0.0638838475499093,0.09346642468239566,0.023593466424682477,0.10181488203266784,0.0,0.10689655172413794
Slash,0.00823045267489712,0.1728395061728395,0.0021659085986571983,0.1728395061728395,0.0,0.1728395061728395,0.0,0.1728395061728395,0.0,0.1728395061728395,0.0,0.1728395061728395,0.0,0.1728395061728395,0.001299545159194319,0.1728395061728395,0.013861815031405718,0.16959064327485382,0.05717998700454828,0.1520467836257311,0.13905133203378814,0.1247563352826511,0.26532380333549915,0.09356725146198827,0.42581763049599275,0.059995668182802754,0.5882607753952782,0.035087719298245675,0.7294780160277238,0.019493177387914198,0.8414554905782975,0.007797270955165679,0.9144466103530431,0.0017327268789257585,0.9599306909248428,0.0,0.9859215941087286,0.0,1.0,0.0
Slash,1.0,0.0,1.0,0.0,1.0,0.0,1.0,0.0,0.9997076023391811,0.0,0.9926900584795321,0.0,0.9856725146198831,0.0,0.9833333333333333,0.0,0.9833333333333333,0.0,0.9833333333333333,0.0,0.9798245614035087,0.0,0.9728070175438597,0.0,0.963157894736842,0.0,0.9233918128654974,0.0,0.8374269005847957,0.0,0.7005847953216374,0.005263157894736834,0.5184210526315793,0.02017543859649117,0.32894736842105265,0.043859649122807,0.15175438596491234,0.07602339181286545,0.0,0.1111111111111111
Slash,0.0,0.15315315315315314,0.0,0.15315315315315314,0.0,0.15315315315315314,0.0,0.15315315315315314,0.0,0.15315315315315314,0.0,0.15315315315315314,0.0,0.15315315315315314,0.0,0.15315315315315314,0.0,0.15315315315315314,0.00023707918444761225,0.14864864864864866,0.013039355144618289,0.14438122332859177,0.06638217164532964,0.1275486012328118,0.17591275486012342,0.09933617828354671,0.33902323376007604,0.0680417259364628,0.5320056899004265,0.04243717401612144,0.7200094831673778,0.02323376007586536,0.8684210526315789,0.007586533902323335,0.9471313418681842,0.0,0.9874348032242769,0.0,1.0,0.0
Slash,1.0,0.00558659217877095,0.994413407821229,0.00558659217877095,0.994413407821229,0.00558659217877095,0.994413407821229,0.00558659217877095,0.994413407821229,0.00558659217877095,0.994413407821229,0.0020582181711260392,0.994413407821229,0.0,0.994413407821229,0.0,0.9841223169655983,0.0,0.9417818288738605,0.0,0.8579829461922963,0.0,0.7383122610996764,0.0,0.5995295501323138,0.007350779182593405,0.4460452807997646,0.020582181711261503,0.3043222581593648,0.03763598941487809,0.19141428991473083,0.054689797118494685,0.11526021758306358,0.06939135548368133,0.05763010879153195,0.07791825933548956,0.02558071155542481,0.08379888268156424,0.0,0.0893854748603352
Slash,0.004464285714285714,0.08482142857142858,0.004464285714285714,0.08482142857142858,0.0,0.08482142857142858,0.0,0.08482142857142858,0.0,0.08482142857142858,0.0,0.08482142857142858,0.0,0.08482142857142858,0.0,0.08482142857142858,0.00046992481203008855,0.08458646616541353,0.027255639097744373,0.07730263157894741,0.09562969924812036,0.06273496240601517,0.2145206766917292,0.04088345864661656,0.3719454887218043,0.019031954887217952,0.5439379699248116,0.0035244360902255373,0.7077067669172933,0.0,0.8397556390977444,0.0,0.9278665413533835,0.0,0.9762687969924811,0.0,0.9971804511278195,0.0,1.0,0.0
Slash,1.0,0.0,0.9885167464114835,0.0,0.9815789473684209,0.0,0.9772727272727273,0.0,0.9772727272727273,0.0,0.9772727272727273,0.0,0.9772727272727273,0.0,0.9772727272727273,0.0,0.9772727272727273,0.0,0.9772727272727273,0.0,0.9772727272727273,0.0,0.9557416267942586,0.0,0.8889952153110048,0.0,0.765071770334928,0.0,0.5911483253588518,0.007894736842105229,0.4078947368421051,0.021770334928229638,0.2590909090909091,0.04210526315789477,0.14019138755980845,0.058612440191387546,0.05574162679425828,0.07248803827751209,0.0,0.08181818181818182
Slash,0.0,0.09829059829059829,0.0,0.09829059829059829,0.0,0.09829059829059829,0.0,0.09829059829059829,0.0,0.09829059829059829,0.0,0.09829059829059829,0.0,0.09829059829059829,0.0,0.09829059829059829,0.007647323436797095,0.09446693657219975,0.05847953216374265,0.08434547908232128,0.1549707602339183,0.06365272154745838,0.29712100764732324,0.04138551506972568,0.4788573999100316,0.01911830859199274,0.6680161943319841,0.006072874493927177,0.8164642375168693,0.0,0.9120557804768331,0.0,0.9613135402609085,0.0,0.9831309041835359,0.0,0.9925775978407559,0.0,1.0,0.0
