label,x0,y0,x1,y1,x2,y2,x3,y3,x4,y4,x5,y5,x6,y6,x7,y7,x8,y8,x9,y9,x10,y10,x11,y11,x12,y12,x13,y13,x14,y14,x15,y15,x16,y16,x17,y17,x18,y18,x19,y19,x20,y20,x21,y21,x22,y22,x23,y23,x24,y24,x25,y25,x26,y26,x27,y27,x28,y28,x29,y29,x30,y30,x31,y31,x32,y32,x33,y33,x34,y34,x35,y35,x36,y36,x37,y37,x38,y38,x39,y39,x40,y40,x41,y41,x42,y42,x43,y43,x44,y44,x45,y45,x46,y46,x47,y47,x48,y48,x49,y49,x50,y50,x51,y51,x52,y52,x53,y53,x54,y54,x55,y55,x56,y56,x57,y57,x58,y58,x59,y59,x60,y60,x61,y61,x62,y62,x63,y63,x64,y64,x65,y65,x66,y66,x67,y67,x68,y68,x69,y69,x70,y70,x71,y71,x72,y72,x73,y73,x74,y74,x75,y75,x76,y76,x77,y77,x78,y78,x79,y79
Circle,0.53125,0.0390625,0.53125,0.0390625,0.53125,0.0390625,0.53125,0.0390625,0.53125,0.0390625,0.53125,0.0390625,0.53125,0.0390625,0.53125,0.0390625,0.53125,0.0390625,0.53125,0.0390625,0.53125,0.0390625,0.53125,0.0390625,0.53125,0.0390625,0.53125,0.0390625,0.5352056962025316,0.0390625,0.5417325949367089,0.0390625,0.5559731012658227,0.0390625,0.5779272151898733,0.0390625,0.6064082278481009,0.0390625,0.6476463607594938,0.043314873417721333,0.6915545886075951,0.050435126582278667,0.7390229430379747,0.06467563291139244,0.7893591772151898,0.08465189873417733,0.8415743670886076,0.10838607594936711,0.8846914556962027,0.14121835443037956,0.922962816455696,0.17741297468354444,0.951443829113924,0.22013449367088622,0.9767602848101267,0.26602056962025333,1.0,0.3134889240506331,1.0,0.36095727848101267,0.9946598101265822,0.40842563291139244,0.9804193037974684,0.45589398734177244,0.9557950949367089,0.4999011075949369,0.9269185126582276,0.5422270569620253,0.8936906645569618,0.5802017405063291,0.8542325949367089,0.6140229430379747,0.8067642405063289,0.6425039556962024,0.7517800632911391,0.6634691455696202,0.6934335443037973,0.6810719936708862,0.6269778481012658,0.6905656645569622,0.5628955696202529,0.6976859177215191,0.5011867088607591,0.7024327531645571,0.43542325949367067,0.6990704113924049,0.369956487341772,0.6923457278481011,0.30824762658227844,0.6781052215189873,0.25454905063291133,0.6611946202531644,0.20708069620253156,0.6422072784810127,0.16396360759493667,0.618868670886076,0.12509889240506356,0.5938488924050633,0.09661787974683511,0.5653678797468353,0.07110363924050622,0.5309533227848102,0.04736946202531622,0.4929786392405062,0.028283227848101333,0.45500395569620244,0.012460443037974667,0.41702927215189867,0.0029667721518986667,0.37905458860759467,0.0,0.3410799050632911,0.0003955696202533332,0.3031052215189871,0.009889240506329111,0.26513053797468356,0.023140822784810222,0.22903481012658222,0.04212816455696178,0.19580696202531644,0.06467563291139244,0.1661392405063291,0.08840981012658222,0.13765822784810133,0.11214398734177222,0.10917721518987333,0.14022943037974667,0.082871835443038,0.17345727848101267,0.059137658227848,0.20282832278481044,0.04311708860759489,0.23130933544303822,0.029667721518987555,0.2597903481012658,0.020174050632911333,0.2833267405063291,0.013152689873417778,0.3023140822784811,0.008405854430379778,0.31714794303797467,0.0036590189873417778,0.33030063291139244,0.0,0.33979430379746844,0.0,0.34928797468354444,0.0,0.3587816455696202,0.0,0.3638251582278482,0.0,0.3685719936708862,0.0,0.373318829113924,0.0,0.378065664556962,0.0,0.3828125,0.0
Circle,0.5694191742477256,0.0331700489853044,0.5694191742477256,0.0331700489853044,0.5694191742477256,0.0331700489853044,0.5694191742477256,0.03268019594121758,0.5694191742477256,0.028831350594821583,0.5694191742477256,0.02764170748775367,0.5694191742477256,0.02764170748775367,0.5694191742477256,0.02764170748775367,0.5694191742477256,0.024492652204338765,0.5694191742477256,0.022113365990202933,0.5694191742477256,0.022113365990202933,0.5694191742477256,0.022113365990202933,0.5713785864240727,0.022113365990202933,0.5752274317704688,0.022113365990202933,0.5790762771168648,0.022113365990202933,0.5878236529041286,0.022113365990202933,0.6009097270818754,0.022113365990202933,0.6201539538138559,0.022113365990202933,0.648215535339398,0.022113365990202933,0.6802659202239328,0.02463261021693489,0.7149055283414973,0.03233030090972703,0.7564030790762769,0.04345696291112664,0.798740377886634,0.05850244926522054,0.8410076976906926,0.07795661301609523,0.8794961511546535,0.1087473757872638,0.9135059482155352,0.14401679496151162,0.9431770468859342,0.18362491252624213,0.9662701189643108,0.22981105668299515,0.9839048285514346,0.27872638208537437,0.9961511546536037,0.32876137158852353,1.0,0.37879636109167253,0.9941917424772564,0.4288313505948217,0.9834149755073475,0.4757872638208536,0.9680195941217635,0.5181245626312105,0.9377886634009794,0.5567529741077677,0.89888033589923,0.5911826452064379,0.8512946116165147,0.6212736179146255,0.7897130860741776,0.6443666899930021,0.7281315605318401,0.6624212736179144,0.6657102869139255,0.6761371588523443,0.6002799160251919,0.6838348495451362,0.53184044786564,0.6885234429671095,0.4625612316305106,0.6910426871938417,0.39328201539538116,0.6910426871938417,0.32400279916025154,0.680545836249125,0.26200139958012575,0.6671798460461861,0.20839748075577297,0.6513645906228129,0.16221133659902012,0.6244226731980405,0.12064380685794249,0.5928621413575927,0.08404478656403078,0.557592722183345,0.05710286913925804,0.5191042687193839,0.0357592722183345,0.4778166550034986,0.017634709587123834,0.43547935619314193,0.0022393282015395494,0.3931420573827852,0.0,0.34751574527641665,0.006438068579426245,0.3029391182645204,0.02183344996501053,0.2606018194541637,0.04856543037088869,0.2182645206438067,0.07970608817354811,0.18012596221133637,0.1151854443666902,0.14590622813156032,0.15752274317704693,0.11511546536039176,0.20244926522043388,0.08950314905528338,0.24863540937718706,0.06731980405878214,0.29482155353394024,0.048075577326801865,0.34100769769069295,0.034989503149055266,0.3857942617214836,0.023442967109866972,0.4281315605318403,0.011896431070678838,0.46333100069979033,0.007487753673897722,0.49230230930720786,0.003638908327501729,0.5151854443666899,0.0,0.5344296710986703,0.0,0.5489153254023792,0.0,0.5597620713785862,0.0,0.5674597620713784,0.0,0.5722883135059482,0.0,0.5749475157452762,0.0,0.5749475157452762,0.0,0.5749475157452762,0.0,0.5749475157452762,0.0,0.5749475157452762,0.0
Circle,0.6618429807052562,0.11169328010645375,0.6581836327345308,0.11169328010645375,0.6545242847638058,0.11169328010645375,0.6508649367930803,0.11169328010645375,0.6487025948103793,0.11169328010645375,0.6487025948103793,0.11169328010645375,0.6464570858283433,0.11169328010645375,0.6427977378576182,0.11169328010645375,0.6421324018629407,0.11169328010645375,0.6421324018629407,0.11169328010645375,0.6421324018629407,0.11169328010645375,0.6421324018629407,0.11169328010645375,0.6421324018629407,0.11169328010645375,0.6421324018629407,0.11169328010645375,0.6421324018629407,0.11169328010645375,0.6421324018629407,0.11169328010645375,0.6421324018629407,0.11169328010645375,0.6421324018629407,0.11169328010645375,0.6426314038589488,0.11169328010645375,0.6536094477711245,0.11169328010645375,0.6682468396540252,0.11169328010645375,0.6938622754491018,0.11169328010645375,0.7244677312042581,0.11668330006653349,0.7610612109115102,0.12766134397870932,0.8048902195608784,0.14587491683300066,0.8524617431803059,0.16783100465735198,0.8905522288755822,0.2024284763805722,0.9263972055888222,0.24001996007984014,0.9520126413838992,0.2912508316699933,0.9756320691949433,0.3464737192282104,0.9939288090485697,0.4123419827012642,1.0,0.478210246174318,0.9926813040585495,0.5440785096473718,0.9529274783765803,0.6099467731204258,0.8980372588157022,0.6758150365934793,0.820442448436461,0.725465735196274,0.7392714570858283,0.7717065868263474,0.6514471057884232,0.8046407185628742,0.5625415834996675,0.8300066533599466,0.4710578842315372,0.8373253493013971,0.3832335329341321,0.8373253493013971,0.2990685296074521,0.8300066533599469,0.22521623419826997,0.8072188955422488,0.1556886227544911,0.7779441117764471,0.10612109115103133,0.7353626081170991,0.060212907518296825,0.6902029274783767,0.027278775781770032,0.6353127079174984,0.0036593479707250957,0.5792581503659351,0.0,0.5207085828343313,0.007817697937458389,0.4602461743180307,0.026114437791084612,0.39803725881570207,0.06037924151696585,0.3411510312707919,0.1006320691949432,0.28626081170991363,0.1545242847638053,0.23478043912175667,0.21041250831669944,0.1850465735196277,0.2726214238190285,0.14479374584164995,0.3360778443113771,0.10828343313373258,0.4019461077844311,0.07900864936793088,0.46382235528942134,0.05572188955422474,0.5223719228210244,0.03742514970059888,0.5754324683965402,0.024617431803060582,0.626663339986693,0.01363938789088511,0.6674151696606786,0.0061543579507651455,0.7059214903526279,0.0,0.7351962741184297,0.0,0.7618097139055223,0.0,0.7837658017298736,0.0,0.8015635395874915,0.0,0.8162009314703923,0.0,0.8251829673985365,0.0,0.832501663339987,0.0,0.8362441783100464,0.0,0.8399035262807717,0.0,0.843562874251497,0.0,0.8458083832335329,0.0,0.8458083832335329,0.0,0.8458083832335329,0.0,0.8458083832335329,0.0,0.8458083832335329,0.0,0.8458083832335329,0.0
Circle,0.4425403225806452,0.006636424731182795,0.4425403225806452,0.006636424731182795,0.4425403225806452,0.006636424731182795,0.4425403225806452,0.006636424731182795,0.4413642473118279,0.006636424731182795,0.4377520161290323,0.006636424731182795,0.4341397849462368,0.006636424731182795,0.4305275537634409,0.006636424731182795,0.4292674731182796,0.006636424731182795,0.4292674731182796,0.006636424731182795,0.4263272849462367,0.006636424731182795,0.4227150537634411,0.006636424731182795,0.4226310483870968,0.006636424731182795,0.4221270161290325,0.006636424731182795,0.4185147849462365,0.006636424731182795,0.415994623655914,0.0055443548387097774,0.415994623655914,0.0019321236559140477,0.415994623655914,0.0,0.415994623655914,0.0,0.415994623655914,0.0,0.415994623655914,0.0,0.42456317204301103,0.0,0.43539986559139804,0.0,0.46690188172043035,0.0,0.5019321236559139,0.0004200268817204205,0.5561155913978496,0.004032258064516151,0.614331317204301,0.010668682795698946,0.6829637096774193,0.025117607526881677,0.7515961021505375,0.04435483870967746,0.8202284946236562,0.06964045698924738,0.8779401881720432,0.1036626344086022,0.9285114247311831,0.14339717741935484,0.9652217741935483,0.19422043010752688,0.9977318548387096,0.24840389784946243,1.0,0.3227486559139784,0.9969758064516128,0.39961357526881724,0.9644657258064514,0.4863071236559144,0.9227150537634411,0.567456317204301,0.8540826612903224,0.6324764784946235,0.7688172043010748,0.6884240591397849,0.660450268817204,0.7317708333333335,0.545782930107527,0.7688172043010754,0.4265793010752685,0.8013272849462365,0.32619287634408567,0.8042674731182795,0.23227486559139804,0.797043010752688,0.1645665322580645,0.7537802419354835,0.100806451612903,0.7053091397849458,0.05384744623655927,0.6366767473118279,0.01444892473118292,0.566364247311828,0.0,0.49050739247311803,0.0055443548387097774,0.4175067204301076,0.0416666666666667,0.34887432795698914,0.09391801075268841,0.28830645161290297,0.1589381720430106,0.23412298387096778,0.22395833333333337,0.19035618279569896,0.2889784946236561,0.15062163978494614,0.34122983870967766,0.12365591397849471,0.39096102150537626,0.09887432795698933,0.4234711021505376,0.08442540322580641,0.4544690860215052,0.07148857526881731,0.47975470430107553,0.06426411290322585,0.5010080645161291,0.058383736559139775,0.5154569892473116,0.054771505376344044,0.5260416666666669,0.05309139784946236,0.5332661290322583,0.05309139784946236,0.5379704301075269,0.05309139784946236,0.5415826612903227,0.05309139784946236,0.5420866935483871,0.05309139784946236,0.5420866935483871,0.05309139784946236,0.5420866935483871,0.05309139784946236,0.5420866935483871,0.05309139784946236,0.5420866935483871,0.05309139784946236,0.5420866935483871,0.05309139784946236,0.5420866935483871,0.05309139784946236,0.5420866935483871,0.05309139784946236,0.5420866935483871,0.05309139784946236,0.5420866935483871,0.05309139784946236,0.5420866935483871,0.05309139784946236,0.5420866935483871,0.05309139784946236,0.5420866935483871,0.05309139784946236
Circle,0.7822486023880185,0.05997653392228587,0.7822486023880185,0.05997653392228587,0.7822486023880185,0.05997653392228587,0.7822486023880185,0.05997653392228587,0.7822486023880185,0.05997653392228587,0.7822486023880185,0.05997653392228587,0.7822486023880185,0.05997653392228587,0.7822486023880185,0.05997653392228587,0.7822486023880185,0.05997653392228587,0.7821795845123886,0.05997653392228587,0.7791427979846781,0.05997653392228587,0.7767961902132652,0.05997653392228587,0.7767961902132652,0.05997653392228587,0.7754848505762991,0.05997653392228587,0.7724480640485885,0.05997653392228587,0.769411277520878,0.05997653392228587,0.7663744909931672,0.05997653392228587,0.7582303816688523,0.05997653392228587,0.74925805783698,0.05997653392228587,0.7431844847815585,0.05997653392228587,0.7378701083580649,0.05921733729035819,0.7348333218303541,0.056180550762647614,0.7317965353026434,0.05452412174753261,0.7287597487749327,0.05452412174753261,0.7417351093933328,0.05452412174753261,0.7629926150873076,0.05452412174753261,0.79474083787701,0.059769480295396415,0.8287666505624957,0.06708537511215398,0.871281661950445,0.09137966733383937,0.9104838153081646,0.12644074815377196,0.9408516805852716,0.1902132652356961,0.9668714196977019,0.2713782869763268,0.9881289253916763,0.3715922423907791,0.9969632134722892,0.4593829801918695,1.0,0.5413762164400575,0.9653530264338465,0.5991441783421904,0.9209055145282629,0.652425978328387,0.8267651321692321,0.6919042031886259,0.725446890744703,0.7251018013665538,0.6070122161639866,0.7433225205328178,0.4916143281109811,0.7539512733798054,0.3792532265856864,0.7569880599075162,0.28614811236110155,0.7450479674235628,0.2011180895852026,0.7268272482572987,0.13817378701083582,0.6920422389398856,0.07950859272551603,0.6538753537166128,0.0369935813375667,0.6022499827455312,0.006073573055421464,0.5467596107391818,0.0,0.48298709365725717,0.008213127199944723,0.41921457657533306,0.029470632893919536,0.3554420594934088,0.06839671474911989,0.29387811443163786,0.11394851266477994,0.23314238387742448,0.17930844088618925,0.18372558492649618,0.24611774449582396,0.137207536752019,0.3129270481054593,0.10380288494720126,0.3776658154462004,0.07350403754572438,0.4384015460004141,0.04920974532403898,0.4925115604941681,0.03154116916281313,0.5411001449375386,0.019394023051970515,0.5783007799019946,0.011802056732693685,0.6117054317068117,0.005728483677272531,0.6364138311822761,0.0025536613983021643,0.659258748015736,0.0,0.6744426806542894,0.0,0.6874180412726898,0.0,0.6965284008558214,0.0,0.7039133135482089,0.0,0.7099868866036304,0.0,0.7137138518876389,0.0,0.7167506384153497,0.0,0.7197874249430605,0.0,0.7222720684657327,0.0,0.7222720684657327,0.0,0.7222720684657327,0.0,0.7222720684657327,0.0,0.7222720684657327,0.0,0.7222720684657327,0.0,0.7222720684657327,0.0,0.7222720684657327,0.0
Circle,0.5992738390980317,0.0,0.5955474871010891,0.0,0.5918211351041466,0.0,0.5917255876170456,0.0,0.5917255876170456,0.0,0.5917255876170456,0.0,0.5917255876170456,0.0,0.5917255876170456,0.0,0.5917255876170456,0.0,0.5917255876170456,0.0,0.5917255876170456,0.0,0.5917255876170456,0.0,0.5917255876170456,0.0,0.5885725205427094,0.0,0.5848461685457673,0.0,0.5811198165488247,0.0,0.5773934645518821,0.0,0.57366711255494,0.0,0.5699407605579975,0.0,0.5690808331740874,0.0,0.5690808331740874,0.0,0.5690808331740874,0.0,0.5690808331740874,0.0,0.5717561628129183,0.0,0.5754825148098603,0.0,0.5921077775654502,0.0,0.6144658895471051,0.0,0.6517294095165295,0.0,0.6964456334798395,0.0,0.7507166061532581,0.007166061532581744,0.8103382381043379,0.01834511752340923,0.8584941716032868,0.04328301165679343,0.8994840435696542,0.07682017962927588,0.933881138926046,0.1411236384483087,0.9636919549015861,0.226829734377986,0.9850945920122302,0.3293521880374549,1.0,0.44486909994267193,0.966749474488821,0.5423275367857825,0.8922224345499713,0.6243072807185172,0.7794763997706856,0.6929103764570993,0.6304223198929859,0.7488056564112365,0.4940760557997324,0.7811007070514046,0.37110643990063047,0.7885534110452895,0.26533537167972465,0.7753678578253391,0.17962927575004733,0.7381043378559143,0.10529333078540039,0.68947066692146,0.0456716988343206,0.6261226829734379,0.0074527039938849194,0.5597171794381806,0.0,0.4889164914962733,0.008312631377794874,0.41954901586088256,0.04184979935027712,0.3524746799159181,0.08742595069749659,0.2907510032486143,0.15450028664246152,0.23858207529141964,0.22654309191668304,0.1913816166634816,0.30852283584941714,0.1541180966940568,0.3893560099369388,0.12029428626027115,0.46760940187273076,0.09420982228167382,0.5406076820179632,0.0723294477355245,0.6002293139690426,0.06115039174469701,0.6550735715650675,0.051882285495891474,0.6960634435314349,0.04815593349894891,0.7344735333460729,0.0452895088859163,0.7642843493216129,0.0452895088859163,0.7918020256067264,0.0452895088859163,0.8104337855914387,0.0452895088859163,0.8270590483470281,0.0452895088859163,0.8345117523409137,0.0452895088859163,0.8413911714121917,0.0452895088859163,0.8451175234091342,0.0452895088859163,0.8488438754060768,0.0452895088859163,0.8525702274030194,0.0452895088859163,0.8559143894515574,0.0452895088859163,0.8559143894515574,0.0452895088859163,0.8559143894515574,0.0452895088859163,0.8559143894515574,0.0452895088859163,0.8559143894515574,0.0452895088859163,0.8559143894515574,0.0452895088859163,0.8559143894515574,0.0452895088859163,0.8559143894515574,0.0452895088859163,0.8559143894515574,0.0452895088859163
Circle,0.7084870848708487,0.06801968019680198,0.7084870848708487,0.06801968019680198,0.7084870848708487,0.06801968019680198,0.7084870848708487,0.06801968019680198,0.7078720787207872,0.06801968019680198,0.7052890528905289,0.06801968019680198,0.7036285362853628,0.06801968019680198,0.7036285362853628,0.06801968019680198,0.7036285362853628,0.06801968019680198,0.7036285362853628,0.06801968019680198,0.7036285362853628,0.06801968019680198,0.7036285362853628,0.06801968019680198,0.7036285362853628,0.06801968019680198,0.7036285362853628,0.06801968019680198,0.7014760147601476,0.06801968019680198,0.698892988929889,0.06801968019680198,0.698769987699877,0.06801968019680198,0.698769987699877,0.06801968019680198,0.698769987699877,0.06801968019680198,0.698769987699877,0.06752767527675284,0.698769987699877,0.06494464944649454,0.698769987699877,0.06316113161131612,0.698769987699877,0.06316113161131612,0.7009840098400982,0.06316113161131612,0.7061500615006151,0.06316113161131612,0.7155596555965558,0.06316113161131612,0.7284747847478475,0.06316113161131612,0.7499999999999999,0.06488314883148837,0.7758302583025831,0.06746617466174666,0.8097785977859778,0.07613776137761379,0.845940959409594,0.08646986469864686,0.8821033210332102,0.10381303813038138,0.9180196801968019,0.12220172201722009,0.9438499384993849,0.15319803198031967,0.9685731857318574,0.1864083640836405,0.9866543665436655,0.23290282902829032,1.0,0.28277982779827787,1.0,0.34218942189421875,0.9852398523985241,0.40356703567035646,0.9464944649446495,0.4681426814268139,0.892250922509225,0.5223862238622387,0.8225092250922512,0.5662976629766298,0.7351783517835181,0.6022140221402214,0.6370233702337028,0.6332103321033209,0.5350553505535062,0.6527675276752767,0.43173431734317413,0.6682656826568265,0.3394833948339484,0.6638376383763838,0.2490774907749079,0.6560885608856089,0.18388683886838894,0.6306888068880689,0.12127921279212812,0.6036285362853632,0.07736777367773691,0.5648831488314888,0.03788437884378844,0.5244772447724478,0.014637146371463605,0.4779827798277986,0.0,0.43062730627306295,0.0025830258302581613,0.3815498154981553,0.018019680196801644,0.3324723247232476,0.04901599015990137,0.28339483394834003,0.08444034440344386,0.23874538745387472,0.12318573185731835,0.1974169741697419,0.1672816728167277,0.1614391143911441,0.21377613776137722,0.12785977859778624,0.26027060270602687,0.10264452644526445,0.3067650676506764,0.07939729397293975,0.3508610086100859,0.06334563345633465,0.3945264452644523,0.047970479704797064,0.4332718327183269,0.03505535055350557,0.47029520295202915,0.023001230012300266,0.4987084870848704,0.015252152521525368,0.5241697416974167,0.00897908979089787,0.5422509225092248,0.006396063960639572,0.5582410824108239,0.0038130381303812725,0.5711562115621157,0.0012300123001229733,0.5813653136531363,0.0,0.5891143911439115,0.0,0.5952029520295203,0.0,0.6003690036900369,0.0,0.6055350553505535,0.0,0.61070110701107,0.0,0.6135916359163591,0.0,0.6161746617466174,0.0
Circle,0.6408974439097558,0.059246297106430854,0.6408974439097558,0.059246297106430854,0.6393350415599026,0.059246297106430854,0.6360852446722082,0.059246297106430854,0.6359602524842198,0.059246297106430854,0.6359602524842198,0.059246297106430854,0.6359602524842198,0.059246297106430854,0.6359602524842198,0.059246297106430854,0.6359602524842198,0.059246297106430854,0.6359602524842198,0.059246297106430854,0.6359602524842198,0.059246297106430854,0.6359602524842198,0.059246297106430854,0.6359602524842198,0.059246297106430854,0.6359602524842198,0.059246297106430854,0.6359602524842198,0.059246297106430854,0.6359602524842198,0.059246297106430854,0.6385850884319731,0.059246297106430854,0.6437097681394913,0.059246297106430854,0.6534591588025748,0.059246297106430854,0.6782076120242486,0.059246297106430854,0.7115180301231175,0.060871195550278104,0.7570151865508405,0.0673707893256671,0.8048871945503407,0.07624523467283291,0.8529466908318231,0.0873695394037872,0.8984438472595463,0.10361852384225985,0.932691706768327,0.12436722704830948,0.9608149490656834,0.14936566464595963,0.9835635272795452,0.18511343041059927,0.9956877695144056,0.2251109305668396,1.0,0.26823323542278593,0.9902506093369164,0.3169801887382039,0.9685019686269611,0.37172676707705765,0.9380038747578279,0.4299106305855883,0.8957565152177991,0.48515717767639516,0.8403849759390042,0.5385288419473783,0.774639085057184,0.5895881507405787,0.6966439597525158,0.6253359165052185,0.6081494906568344,0.6558340103743516,0.5108430723079811,0.6813949128179488,0.42309855634022914,0.6846447097056436,0.3386038372601715,0.67489531904256,0.25735891506780856,0.6521467408286983,0.18567589525654665,0.6166489594400352,0.12317980126242128,0.5734016623961005,0.07118305105930899,0.5214049121929881,0.03449784388475732,0.46328354477845146,0.009749390663083645,0.4034122867320794,0.0,0.34166614586588373,0.01374914067870755,0.2799200049996878,0.037497656396474933,0.2206737078932572,0.07324542216111488,0.1654271608024501,0.1202424848446974,0.12142991063058559,0.17123929754390327,0.08368226985813405,0.22648584463470994,0.054434097868883535,0.27904505968376964,0.03324792200487477,0.3290419348790702,0.016748953190425585,0.3745390913067932,0.006999562527342079,0.41234922817323894,0.0023748515717767946,0.44459721267420776,0.0,0.46734579088806955,0.0,0.48521967377038944,0.0024373476657708762,0.49996875195300283,0.005687144553465378,0.5097181426160866,0.00893694144115995,0.5171551778013875,0.012186738328854451,0.5230298106368353,0.015436535216548954,0.5262796075245297,0.018686332104243454,0.5273420411224299,0.021936128991937958,0.5273420411224299,0.024685957127679525,0.5273420411224299,0.024685957127679525,0.5273420411224299,0.024685957127679525,0.5273420411224299,0.025060933691644294,0.5273420411224299,0.028310730579338795,0.5273420411224299,0.029623148553215427,0.5273420411224299,0.029623148553215427,0.5273420411224299,0.029623148553215427,0.5273420411224299,0.031435535279045065,0.5273420411224299,0.03456033997875133,0.5273420411224299,0.03456033997875133,0.5273420411224299,0.03456033997875133,0.5273420411224299,0.03456033997875133
Circle,0.6386482375504267,0.005224522187685999,0.6386482375504267,0.005224522187685999,0.6386482375504267,0.005224522187685999,0.6386482375504267,0.005224522187685999,0.6386482375504267,0.005224522187685999,0.6386482375504267,0.005224522187685999,0.6386482375504267,0.005224522187685999,0.6386482375504267,0.005224522187685999,0.6386482375504267,0.005224522187685999,0.6386482375504267,0.005224522187685999,0.6386482375504267,0.005224522187685999,0.6386482375504267,0.005224522187685999,0.6386482375504267,0.005224522187685999,0.6386482375504267,0.005224522187685999,0.6386482375504267,0.005224522187685999,0.6386482375504267,0.005224522187685999,0.6359367766682097,0.005224522187685999,0.6334237153627407,0.005224522187685999,0.6334237153627407,0.005224522187685999,0.6334237153627407,0.00363732557370536,0.6334237153627407,0.0005290655379934475,0.6334237153627407,0.0,0.6348125123999738,0.0,0.6441372925071093,0.0,0.6592817935321738,0.0,0.6810396137821572,0.0,0.7125851464850209,0.002446928113220029,0.7474373388003439,0.006547186032669767,0.7878447192645991,0.018980226175517565,0.8282520997288539,0.03538125785331637,0.8686594801931088,0.05713907810330005,0.9044375371999207,0.08815554526816996,0.9380331988625092,0.12294160439124381,0.9628992791482045,0.1664572448912109,0.9841941670524436,0.21235368031214846,0.9997354672310034,0.26208584088353937,1.0,0.3161827921433764,0.9933866807750812,0.3721314727861913,0.9685206004893856,0.428080153429006,0.9330732094438201,0.48508696514780736,0.8771245288010054,0.5441439058263341,0.8088750743998417,0.5909000727465112,0.7342768335427555,0.6313074532107663,0.6414258316248929,0.6595463263011706,0.5481780305535352,0.6828913431651343,0.45493022948217726,0.6953243833079823,0.36551815356127304,0.6962502479994708,0.2784868725613389,0.6900337279280473,0.2060048938562271,0.6634481846438729,0.14007010118378446,0.6315058527875143,0.09033794061239356,0.5879902122875471,0.047748164803915395,0.5373321870246681,0.010449044375372297,0.48138350638185323,0.0009258646914887559,0.4198796375901068,0.0,0.3583757687983602,0.018649560214271475,0.29931882811983385,0.05052575887838122,0.24356854705376632,0.09404139937834799,0.19072812644666381,0.14284769525824983,0.1484690165994316,0.19310892136763447,0.11017789828715022,0.245949341974737,0.08220355796574316,0.29878976258183965,0.05879240790952991,0.351630183188942,0.040142847695258436,0.39944448118510695,0.02651941009192516,0.4440843859533098,0.01487996825606768,0.4751669863104289,0.008663448184643855,0.5020831955558496,0.005224522187685999,0.523841015805833,0.005224522187685999,0.5384564512929039,0.005224522187685999,0.5506249586667546,0.005224522187685999,0.5599497387738908,0.005224522187685999,0.5667614575755573,0.005224522187685999,0.5698697176112693,0.005224522187685999,0.5707294491105086,0.005224522187685999,0.5707294491105086,0.005224522187685999,0.5707294491105086,0.005224522187685999,0.5707294491105086,0.005224522187685999,0.5707294491105086,0.005224522187685999,0.5707294491105086,0.005224522187685999,0.5707294491105086,0.005224522187685999
Circle,0.5337245475113122,0.04468325791855202,0.5337245475113122,0.04468325791855202,0.5337245475113122,0.04468325791855202,0.5337245475113122,0.04468325791855202,0.5337245475113122,0.04468325791855202,0.5337245475113122,0.04468325791855202,0.5337245475113122,0.04468325791855202,0.5337245475113122,0.04468325791855202,0.5337245475113122,0.04468325791855202,0.5337245475113122,0.04468325791855202,0.5337245475113122,0.04468325791855202,0.5337245475113122,0.04468325791855202,0.5337245475113122,0.04468325791855202,0.5337245475113122,0.04468325791855202,0.5337245475113122,0.04468325791855202,0.5337245475113122,0.04468325791855202,0.5337245475113122,0.04468325791855202,0.5337245475113122,0.04468325791855202,0.5337245475113122,0.04468325791855202,0.5337245475113122,0.04468325791855202,0.5337245475113122,0.04468325791855202,0.5337245475113122,0.04468325791855202,0.5337245475113122,0.04468325791855202,0.5337245475113122,0.04468325791855202,0.5337245475113122,0.04468325791855202,0.5337245475113122,0.04468325791855202,0.5337245475113122,0.04468325791855202,0.5337245475113122,0.04468325791855202,0.5337245475113122,0.04468325791855202,0.5337245475113122,0.04468325791855202,0.5337245475113122,0.04468325791855202,0.5342901583710405,0.04468325791855202,0.5407946832579184,0.04468325791855202,0.5533088235294116,0.04468325791855202,0.5760746606334839,0.04468325791855202,0.609445701357466,0.048925339366515726,0.6484728506787328,0.05542986425339379,0.6996606334841629,0.07105486425339362,0.7545248868778283,0.09085124434389137,0.8195701357466063,0.12337386877828056,0.8748585972850675,0.164027149321267,0.9203902714932124,0.21281108597285056,0.9557409502262442,0.27177601809954727,0.9869909502262438,0.33420531674208115,1.0,0.40575509049773756,0.9994343891402713,0.4773048642533937,0.9734162895927599,0.5488546380090498,0.9268947963800901,0.6060520361990948,0.8683540723981898,0.6548359728506786,0.780118778280543,0.6917420814479636,0.6871464932126699,0.7236990950226242,0.5863263574660634,0.7399604072398187,0.4870616515837108,0.7422228506787327,0.3894937782805427,0.7292138009049772,0.29934954751131215,0.7063065610859728,0.212669683257919,0.6795814479638009,0.15087669683257887,0.6373020361990946,0.09544683257918524,0.590780542986425,0.053167420814479435,0.5354920814479633,0.022765837104072414,0.4762443438914024,0.0,0.4144513574660631,0.006221719457013685,0.35265837104072373,0.021069004524886966,0.2919966063348416,0.060096153846153896,0.23670814479637997,0.10654694570135746,0.18587386877828052,0.1618354072398189,0.1403421945701357,0.21952771493212658,0.10682975113122167,0.27785633484162875,0.07770079185520355,0.32664027149321245,0.05493495475113129,0.3724547511312215,0.03513857466063353,0.41148190045248845,0.02212952488687789,0.44287330316742063,0.012938348416289549,0.4688914027149319,0.006433823529411807,0.4892533936651584,0.0027573529411764547,0.5067873303167422,0.0,0.5132918552036199,0.0,0.5183823529411764,0.0,0.5216346153846154,0.0,0.5225537330316742,0.0,0.5225537330316742,0.0
Circle,0.6826666666666668,0.07348837209302327,0.6826666666666668,0.07348837209302327,0.6826046511627907,0.07348837209302327,0.6801240310077522,0.07348837209302327,0.6776434108527133,0.07348837209302327,0.6751627906976746,0.07348837209302327,0.6728682170542637,0.07348837209302327,0.6728682170542637,0.07348837209302327,0.6728682170542637,0.07348837209302327,0.6728682170542637,0.07348837209302327,0.6728682170542637,0.07348837209302327,0.6728682170542637,0.07348837209302327,0.6728682170542637,0.07348837209302327,0.6728682170542637,0.07348837209302327,0.6724341085271319,0.07348837209302327,0.6699534883720931,0.07348837209302327,0.6669767441860465,0.07348837209302327,0.6620155038759691,0.07348837209302327,0.6576124031007752,0.07348837209302327,0.6551317829457365,0.07348837209302327,0.6526511627906978,0.07348837209302327,0.6501705426356591,0.07348837209302327,0.6504186046511629,0.07348837209302327,0.6578604651162792,0.07348837209302327,0.6690232558139536,0.07348837209302327,0.6888682170542636,0.07348837209302327,0.7119379844961244,0.07590697674418612,0.7417054263565894,0.08334883720930236,0.7740775193798454,0.09252713178294579,0.8112868217054265,0.10493023255813959,0.8484961240310082,0.12105426356589158,0.8857054263565896,0.14337984496124048,0.9189457364341089,0.16967441860465127,0.9462325581395352,0.2019224806201551,0.970356589147287,0.23944186046511634,0.9902015503875972,0.2840930232558141,1.0,0.33209302325581413,0.9975193798449613,0.384186046511628,0.982077519379845,0.43863565891472905,0.95231007751938,0.4956899224806206,0.9076589147286822,0.5502635658914731,0.8481240310077519,0.6023565891472871,0.7664496124031012,0.6466356589147287,0.6647441860465115,0.6838449612403104,0.561674418604651,0.7142325581395352,0.4574883720930233,0.7390387596899226,0.3604341085271312,0.7467286821705427,0.26865116279069723,0.7417674418604653,0.19324031007751924,0.7219224806201551,0.12874418604651153,0.6921550387596901,0.07665116279069778,0.6499844961240311,0.03199999999999972,0.6003720930232557,0.009922480620154954,0.5443100775193798,0.0,0.4847751937984496,0.011844961240310255,0.42524031007751906,0.03417054263565901,0.36570542635658887,0.07386046511627924,0.3096434108527131,0.12099224806201572,0.2550697674418604,0.17531782945736435,0.2094883720930232,0.2323720930232562,0.16731782945736412,0.2894263565891475,0.13444961240310074,0.34648062015503894,0.10468217054263561,0.39584496124031054,0.08068217054263553,0.44297674418604677,0.05835658914728665,0.48217054263565917,0.04396899224806197,0.5193798449612409,0.031565891472868104,0.546356589147287,0.023255813953488403,0.5711627906976746,0.015813953488372015,0.5896434108527132,0.010480620155038775,0.6070077519379846,0.005519379844961227,0.6200310077519381,0.0027286821705426157,0.6324341085271319,0.00024806201550391213,0.640372093023256,0.0,0.6478139534883721,0.0,0.6506666666666668,0.0,0.6531472868217055,0.0,0.6532713178294575,0.0,0.6532713178294575,0.0,0.6532713178294575,0.0,0.6532713178294575,0.0
Circle,0.6180585516178737,0.02921417565485362,0.6180585516178737,0.02921417565485362,0.6180585516178737,0.02921417565485362,0.6180585516178737,0.02921417565485362,0.6174422187981511,0.02921417565485362,0.6148536209553159,0.02921417565485362,0.6122650231124808,0.02921417565485362,0.6096764252696457,0.02921417565485362,0.6083204930662558,0.02921417565485362,0.6083204930662558,0.02921417565485362,0.6083204930662558,0.02921417565485362,0.6083204930662558,0.02921417565485362,0.6064714946070879,0.02921417565485362,0.6038828967642528,0.02921417565485362,0.6012942989214176,0.02921417565485362,0.5987057010785826,0.02921417565485362,0.5961171032357474,0.02921417565485362,0.5935285053929122,0.02921417565485362,0.5909399075500771,0.02921417565485362,0.5883513097072419,0.02921417565485362,0.5857627118644069,0.02921417565485362,0.5847765793528505,0.02921417565485362,0.5873651771956858,0.02921417565485362,0.5988289676425271,0.02921417565485362,0.622126348228043,0.02921417565485362,0.6525115562403697,0.0306317411402157,0.6887519260400615,0.03322033898305089,0.7301694915254235,0.03926040061633274,0.7741756548536207,0.0470261941448382,0.8202157164869028,0.05885978428351314,0.8668104776579354,0.07180277349768864,0.899352850539291,0.09645608628659479,0.9302311248073959,0.12277349768875183,0.953528505392912,0.166779661016949,0.9757164869029274,0.21263482280431392,0.9912480739599385,0.26958397534668715,1.0,0.3306009244992295,0.9896456086286595,0.4030816640986131,0.9674576271186444,0.4765485362095528,0.9260400616332822,0.5516178736517716,0.8716795069337443,0.6163328197226502,0.804375963020031,0.670693374422188,0.7114329738058556,0.7138366718027734,0.6027118644067803,0.7500770416024652,0.49781201848998524,0.7729429892141757,0.39426810477658014,0.7910631741140214,0.3040369799691836,0.7847765793528506,0.21602465331278925,0.7744221879815099,0.15328197226502344,0.7438520801232666,0.09288135593220369,0.710816640986133,0.04887519260400652,0.6590446841294304,0.012080123266563976,0.6056086286594763,0.0017257318952234645,0.5460708782742685,0.0,0.4856702619414487,0.015531587057010765,0.42354391371340566,0.04043143297380552,0.36375963020030855,0.0766718027734973,0.30681047765793573,0.1188289676425267,0.2557781201849,0.16542372881355913,0.20918335901386784,0.21380585516178705,0.16973805855161814,0.26298921417565446,0.13349768875192622,0.3079815100154083,0.10773497688751925,0.3519876733436053,0.0844375963020031,0.3887827426810476,0.06594761171032373,0.4246533127889058,0.04819722650231131,0.45312788906009216,0.03784283513097081,0.4803081664098612,0.027919876733436128,0.5010169491525421,0.020154083204930746,0.5195069337442219,0.013867488443759662,0.5324499229583974,0.011278890600924534,0.5432973805855161,0.008690292758089337,0.5510631741140215,0.00610169491525421,0.5574730354391372,0.0035130970724190818,0.5626502311248075,0.0009244992295839543,0.5661633281972264,0.0,0.5687519260400616,0.0,0.5713405238828968,0.0,0.573929121725732,0.0,0.576517719568567,0.0,0.5791063174114022,0.0
Circle,0.3378865490419276,0.007493834187061279,0.33304875735154615,0.0026560424966800143,0.3303927148548663,0.0,0.3303927148548663,0.0,0.3303927148548663,0.0,0.32868525896414363,0.0,0.3238474672737622,0.0,0.3190096755833809,0.0,0.3154050464807438,0.0,0.3154050464807438,0.0,0.3154050464807438,0.0,0.3154050464807438,0.0,0.3154050464807438,0.0,0.3154050464807438,0.0,0.3154050464807438,0.0,0.3154050464807438,0.0,0.3129387213052551,0.0,0.308100929614874,0.0,0.30326313792449255,0.0,0.3004173781066212,0.0,0.3004173781066212,0.0,0.3004173781066212,0.0,0.3004173781066212,0.0,0.3004173781066212,0.0,0.3263137924492509,0.003699487763232763,0.36852589641434236,0.008537279453614134,0.44109277177006284,0.0133750711439954,0.5362360083475622,0.024663251754885193,0.6438057294631004,0.04429899449819773,0.759912730032252,0.10235249478277365,0.8567634225004745,0.19891861126920893,0.9385315879339786,0.32593435780686747,0.9965850882185542,0.5146082337317396,1.0,0.6759628154050468,0.941946499715424,0.8065831910453424,0.7813507873268823,0.9015367103016507,0.6030165054069437,0.9574084613925251,0.4095048377916901,0.9525706697021438,0.2638019351166764,0.9039081768165435,0.1389679377727185,0.8378865490419276,0.04221210396509233,0.7508062986150638,0.005122367672168523,0.6531967368620755,0.0,0.5541642952001521,0.038702333523050754,0.46708404477328763,0.10168848415860358,0.3891102257636124,0.1790931512047051,0.3180610889774236,0.2564978182508062,0.264845380383229,0.3262189337886549,0.2218744071333713,0.3891102257636124,0.18800986530070182,0.43302978561942707,0.1683741225573895,0.47239612976664763,0.15110984632896973,0.5062606715993171,0.13659647125782573,0.5273192942515653,0.13062037564029608,0.5450578637829632,0.1257825839499146,0.5595712388541072,0.12094479225953332,0.5664959210775944,0.11610700056915206,0.5713337127679758,0.1124075128059192,0.5761715044583574,0.1124075128059192,0.5776892430278886,0.1124075128059192,0.5783532536520586,0.1124075128059192,0.58319104534244,0.1124075128059192,0.5851830772149499,0.1124075128059192,0.5851830772149499,0.1124075128059192,0.5851830772149499,0.1124075128059192,0.5851830772149499,0.1124075128059192,0.5851830772149499,0.1124075128059192,0.5851830772149499,0.1124075128059192,0.5851830772149499,0.1124075128059192,0.5851830772149499,0.1124075128059192,0.5851830772149499,0.1124075128059192,0.5851830772149499,0.1124075128059192,0.5851830772149499,0.1124075128059192,0.5851830772149499,0.1124075128059192,0.5842344906089927,0.1124075128059192,0.5793966989186112,0.1124075128059192,0.5776892430278886,0.1124075128059192,0.5776892430278886,0.1124075128059192,0.5776892430278886,0.1124075128059192,0.5776892430278886,0.1124075128059192,0.5776892430278886,0.1124075128059192
Circle,0.8395505020280603,0.25526963228938093,0.8395505020280603,0.25526963228938093,0.8395505020280603,0.25526963228938093,0.8395505020280603,0.25526963228938093,0.8395505020280603,0.25526963228938093,0.8395505020280603,0.25526963228938093,0.8395505020280603,0.25526963228938093,0.8395505020280603,0.25526963228938093,0.8395505020280603,0.25526963228938093,0.8395505020280603,0.25526963228938093,0.8395505020280603,0.25526963228938093,0.8395505020280603,0.25526963228938093,0.8395505020280603,0.25526963228938093,0.8395505020280603,0.25526963228938093,0.8395505020280603,0.25526963228938093,0.8395505020280603,0.25526963228938093,0.8395505020280603,0.25526963228938093,0.8395505020280603,0.25526963228938093,0.8395505020280603,0.25526963228938093,0.8395505020280603,0.25526963228938093,0.8395505020280603,0.25526963228938093,0.8398164771593852,0.25526963228938093,0.8463328678768536,0.25526963228938093,0.8542456280337788,0.25526963228938093,0.8640202141099805,0.25526963228938093,0.8791143028126869,0.25792938360263307,0.8960702174346699,0.2618525167896801,0.9156193895870737,0.2683689075071481,0.937096881441585,0.27874193762883165,0.9599042489527227,0.2917747190637674,0.9763282133120551,0.3175743068023139,0.990225413923798,0.34962431012700285,1.0,0.39198084979054443,0.9974732362524102,0.44663873927787756,0.9876986501762085,0.506682625174546,0.9583748919476027,0.5751047277079592,0.9134915885364718,0.6400691535341443,0.8548440720792607,0.7019748653500897,0.7632821331205536,0.7459272558015821,0.6658022474898597,0.7842941684952455,0.5615399960103734,0.8136179267238511,0.45727774453088654,0.820333798789813,0.3538134184453753,0.8149478023804774,0.2593257530420908,0.7856240441518718,0.17860230068488603,0.7471241438925459,0.113438393510207,0.6982512135115367,0.06503091960901658,0.638207327614868,0.025001662344570765,0.573907839616996,0.0021942948334331136,0.5022275417248488,0.0,0.42642462929716063,0.010240042556020972,0.34842742203603977,0.04282199614336056,0.2800053195026266,0.08205332801383082,0.21557284393909162,0.13092625839483968,0.15692532748188082,0.18757896136711188,0.11124409867677389,0.24682492186980506,0.07128133519515925,0.3087306336857504,0.0419575769665536,0.3669126936631425,0.02008112241505409,0.4223020147616195,0.0037901456213844486,0.46831571248088283,0.0,0.511669658886894,0.00013298756566259258,0.5507680031917016,0.006649378283130525,0.5850787951326548,0.015559545182525348,0.6164638606290309,0.02613205665270284,0.6392712281401687,0.04242303344637271,0.6587539065097414,0.057051665669259906,0.6750448833034111,0.07008444710419577,0.685484407207926,0.08311722853913149,0.6943280803244894,0.09615000997406735,0.7008444710419575,0.10918279140900322,0.7073608617594255,0.12002127801050597,0.7138772524768932,0.12959638273821397,0.7203936431943612,0.13611277345568185,0.7254471706895405,0.1411663009508611,0.7287053660482744,0.14442449630959503,0.7319635614070081,0.14768269166832895,0.7352217567657421,0.1502094554159186,0.7384799521244761,0.1502094554159186,0.7417381474832101,0.1502094554159186,0.7449963428419442,0.1502094554159186
Circle,0.9469957902793725,0.2922566653909938,0.9469957902793725,0.2922566653909938,0.9469957902793725,0.2922566653909938,0.9469957902793725,0.2922566653909938,0.9469957902793725,0.2922566653909938,0.9469957902793725,0.2922566653909938,0.9469957902793725,0.2922566653909938,0.9469957902793725,0.2922566653909938,0.9441893098609517,0.2922566653909938,0.9419568822553899,0.2922566653909938,0.9419568822553899,0.2922566653909938,0.9419568822553899,0.2922566653909938,0.9419568822553899,0.2922566653909938,0.9419568822553899,0.2922566653909938,0.9419568822553899,0.2922566653909938,0.9419568822553899,0.2922566653909938,0.9425309350682488,0.2922566653909938,0.9454011991325426,0.2922566653909938,0.9495471361143004,0.2935323383084577,0.9552876642428881,0.2964026023727517,0.9649827784156143,0.3012501594591147,0.9764638346727901,0.30699068758770254,0.9852659778032917,0.3234468682229877,0.9933665008291878,0.3432197984436792,0.9991070289577754,0.3747927031509123,1.0,0.4172726113024623,0.9942594718714123,0.4746778925883406,0.9751243781094527,0.5435642301313944,0.9492920015308075,0.6181910958030364,0.9077688480673555,0.6954330909554793,0.8598035463707103,0.7693583365225161,0.785176680699069,0.8238933537441001,0.7059573925245568,0.8715397372113792,0.6198494705957389,0.9088531700472002,0.5318918229365992,0.9350682485010846,0.44291363694348757,0.9551600969511419,0.3590381426202319,0.94973848705192,0.2780966960071438,0.9380660798571248,0.21208062252838353,0.9064931751498917,0.15365480290853406,0.8684143385635922,0.10773057787983159,0.8196198494705959,0.06895012118892706,0.7636815920398009,0.034506952417400004,0.7034060466896285,0.014989156780201504,0.6406429391504018,0.0,0.5771782115065697,0.0028702640642939217,0.5111621380278094,0.013904834800357247,0.44616660288302074,0.039737211379002546,0.38302079346855444,0.0724582217119533,0.3233193009312409,0.10977165454777409,0.2659140196453628,0.15435642301313968,0.21578007398902901,0.2005357826253349,0.16800612323000388,0.24933027171833164,0.13069269039418283,0.2990815154994262,0.09720627631075385,0.35074626865671665,0.0713738997321087,0.40241102181400706,0.050516647531572825,0.4540757749712977,0.033295063145809295,0.5033805332312796,0.020793468554662572,0.5521750223242764,0.009695114172726095,0.600969511417273,0.003954586044138251,0.64797805842582,0.0,0.691032019390229,0.0,0.7308967980609774,0.003189182293659905,0.7682102308967982,0.00892971042224775,0.7963388187268786,0.014670238550835593,0.8217884934302848,0.020538333971169817,0.8390100778160482,0.02914912616405165,0.8545732874091084,0.03775991835693328,0.8660543436662841,0.04637071054981504,0.876004592422503,0.05498150274269681,0.8846153846153848,0.06359229493557857,0.8909937492027045,0.07220308712846034,0.8966704936854191,0.08075009567546888,0.8995407577497132,0.08649062380405664,0.9024110218140071,0.09146574818216614,0.9052812858783009,0.09433601224646,0.9081515499425951,0.09573925245567039,0.911021814006889,0.09573925245567039,0.9138920780711828,0.09573925245567039,0.9167623421354766,0.09573925245567039
Circle,0.9334612077518356,0.2754150406772935,0.9334612077518356,0.2754150406772935,0.9334612077518356,0.2754150406772935,0.9334612077518356,0.2754150406772935,0.9334612077518356,0.2754150406772935,0.9334612077518356,0.2754150406772935,0.9334612077518356,0.2754150406772935,0.9334612077518356,0.2754150406772935,0.9334612077518356,0.2754150406772935,0.9334612077518356,0.2754150406772935,0.9334612077518356,0.2754150406772935,0.9334612077518356,0.2754150406772935,0.9334612077518356,0.2754150406772935,0.9334612077518356,0.2754150406772935,0.9334612077518356,0.2754150406772935,0.9334612077518356,0.2754150406772935,0.9334612077518356,0.2754150406772935,0.9334612077518356,0.2754150406772935,0.9334612077518356,0.2754150406772935,0.9334612077518356,0.2754150406772935,0.9334612077518356,0.2754150406772935,0.9334612077518356,0.2754150406772935,0.9334612077518356,0.2754150406772935,0.9334612077518356,0.2754150406772935,0.9367683047820624,0.2770685891924069,0.9443084860109798,0.2810371056286792,0.951848667239897,0.2885772868575964,0.9619022422117866,0.3011442555724585,0.9732125140551624,0.31834116012963815,0.9845227858985385,0.34096170381639,0.9924598187710831,0.37370196441563586,0.9980818837224686,0.4133871287783584,1.0,0.4600171969045572,0.9886897281566241,0.5165685561214364,0.9662676102916862,0.5758978768437066,0.9319399431179313,0.6375421654871353,0.8829287651299692,0.7016337059329322,0.8120907467425097,0.747536212712481,0.7295456048680472,0.7840465639261854,0.6383358687743901,0.8112970434552551,0.5440836034129246,0.8263774059130896,0.4528738673192673,0.8232025927640716,0.3608042859977516,0.8077253786626101,0.26708115616112216,0.7806733249553546,0.1879092532574908,0.7354322375818507,0.12342086116806672,0.6804021429988757,0.07183014749652789,0.6180964349494019,0.03412924135194141,0.5502348038891463,0.009656723328262558,0.4790660757986639,0.0,0.40743435412395046,0.006151200476221922,0.3361994840928637,0.032541834777432437,0.2683378530326081,0.06977974733778709,0.20861168066671082,0.11376413783980402,0.1545737151928041,0.16277531582776644,0.10556253720484167,0.21535815860837362,0.07083801838745947,0.27025596931013923,0.0432568291553676,0.3268073285270189,0.021959124280706475,0.3833586877438985,0.00687876182287192,0.4399100469607775,0.0007275613466499981,0.4934188769098483,0.0,0.5423639129572062,0.003902374495667659,0.5876050003307098,0.015212646339043614,0.625702758118923,0.02652291818241942,0.6587075864805874,0.038759177194258844,0.6888683113962565,0.053839539652093406,0.7125471261326806,0.06891990210992781,0.7315960050267877,0.08221443217143984,0.7463456577815994,0.0935247040148158,0.7576559296249755,0.10483497585819175,0.7663205238441696,0.11349957007738598,0.7738607050730868,0.11984919637542159,0.7814008863020043,0.12361928698988034,0.7889410675309215,0.12738937760433894,0.7944308486010979,0.1291090680600569,0.7982009392155568,0.1291090680600569,0.8019710298300154,0.1291090680600569,0.8028308750578743,0.1320193134466566,0.8028308750578743,0.13433428136781536,0.8028308750578743,0.13433428136781536
Circle,0.9113188647746243,0.18991652754590985,0.9113188647746243,0.18991652754590985,0.9113188647746243,0.18991652754590985,0.9113188647746243,0.18991652754590985,0.9113188647746243,0.18991652754590985,0.9113188647746243,0.18991652754590985,0.9113188647746243,0.18991652754590985,0.9113188647746243,0.18991652754590985,0.9113188647746243,0.18991652754590985,0.9113188647746243,0.18991652754590985,0.9113188647746243,0.18991652754590985,0.9113188647746243,0.18991652754590985,0.9113188647746243,0.18991652754590985,0.9113188647746243,0.18991652754590985,0.9113188647746243,0.18991652754590985,0.9113188647746243,0.18991652754590985,0.9113188647746243,0.18991652754590985,0.9113188647746243,0.18991652754590985,0.9119866444073456,0.18991652754590985,0.916126878130217,0.18991652754590985,0.9239398998330549,0.18991652754590985,0.9322203672787981,0.19499165275459104,0.9419031719532556,0.2060767946577629,0.9545909849749584,0.22343906510851422,0.9711519198664441,0.2524207011686143,0.9844407345575958,0.29449081803004995,0.9947245409015025,0.34644407345575945,1.0,0.40641068447412343,0.9958597662771286,0.47265442404006675,0.971686143572621,0.5469115191986645,0.9353589315525876,0.6185642737896492,0.8852754590984975,0.6820033388981634,0.818363939899833,0.7334223706176962,0.7231385642737895,0.7706844741235392,0.6134891485809683,0.7971285475792987,0.5017028380634395,0.8120868113522537,0.3912520868113526,0.8123539232053423,0.2846076794657765,0.7945909849749583,0.19766277128547594,0.7531886477462436,0.12994991652754598,0.6989649415692821,0.07612687813021725,0.6347913188647749,0.03432387312186987,0.5625375626043407,0.005342237061769719,0.4838731218697832,0.0,0.4052086811352254,0.012687813021702849,0.3265442404006678,0.04006677796327218,0.2528881469115192,0.07893155258764614,0.18771285475792984,0.12861435726210374,0.12974958263772945,0.18537562604340582,0.0859432387312186,0.245742904841402,0.05175292153589332,0.3103839732888143,0.026577629382303923,0.38076794657762913,0.010283806343906547,0.4511519198664439,0.0020033388981635604,0.5215358931552586,0.0,0.5879131886477461,0.004006677796327195,0.648280467445743,0.014023372287145222,0.7021035058430717,0.030584307178631046,0.7481803005008346,0.05101836393989984,0.788247078464107,0.07719532554257102,0.8223038397328881,0.10938230383973266,0.8508180300500832,0.1466444073455758,0.8756594323873119,0.18390651085141885,0.8935559265442403,0.22464106844741216,0.9077796327212019,0.2660434056761268,0.918998330550918,0.3074457429048413,0.9272787979966611,0.3488480801335557,0.935559265442404,0.3902504173622704,0.9438397328881468,0.4285809682804674,0.9482470784641068,0.46196994991652746,0.9482470784641068,0.4901502504173623,0.9482470784641068,0.5149916527545908,0.9482470784641068,0.5322203672787978,0.9482470784641068,0.5461101836393989,0.9482470784641068,0.5554590984974958,0.9482470784641068,0.5595993322203672,0.9482470784641068,0.5637395659432387,0.9482470784641068,0.564474123539232,0.9482470784641068,0.564474123539232,0.9482470784641068,0.564474123539232,0.9482470784641068,0.564474123539232
Circle,0.9800530059980471,0.357511507881155,0.9800530059980471,0.354303250104617,0.9791463244525038,0.3520016738736226,0.9759380666759658,0.3520016738736226,0.972729808899428,0.3520016738736226,0.9695215511228902,0.3520016738736226,0.9663132933463522,0.3520016738736226,0.9631050355698145,0.3520016738736226,0.9598967777932765,0.3520016738736226,0.9566885200167385,0.3520016738736226,0.9534802622402009,0.3520016738736226,0.9502720044636629,0.3520016738736226,0.9470637466871252,0.3520016738736226,0.9501325149951177,0.3520016738736226,0.9533407727716557,0.3520016738736226,0.9565490305481937,0.3520016738736226,0.9597572883247314,0.3537452922304366,0.9629655461012694,0.3569535500069746,0.9714744036825219,0.36546240758822707,0.9807504533407727,0.37648207560329205,0.9871669688938484,0.39893988003905706,0.993583484446924,0.4264193053424466,1.0,0.4617101408843632,0.997768168503278,0.5099734970009765,0.9913516529502023,0.5645138792021204,0.9481099177012133,0.6282605663272421,0.8970567722136978,0.6878225693960105,0.8264751011298647,0.7327381782675411,0.7341330729529918,0.7709582926489049,0.6218440507741663,0.8030408704142838,0.5121355837634256,0.8248012275073232,0.40389175617240897,0.8409820058585578,0.30443576509973486,0.8249407169758683,0.21683637885339668,0.7994141442321107,0.14946296554610133,0.7577067931371181,0.09464360440786722,0.7055377319012417,0.04651973775979931,0.6477890919235602,0.01938903612777224,0.5810433812247174,0.0,0.5136699679174221,0.003208257776537751,0.4462965546101269,0.019249546659227134,0.3789231413028317,0.04812386664806799,0.3115497279955363,0.08955223880597003,0.25170874598967796,0.13530478448877076,0.19458780862044925,0.19305342446645293,0.14646394197238102,0.2530338959408565,0.10280373831775698,0.31719905147161387,0.06751290277584039,0.38338680429627564,0.040312456409541196,0.4507602176035708,0.017854651973775917,0.5122750732319709,0.007113962895801424,0.5707211605523781,0.0,0.6188450272004462,0.0032082577765378296,0.6639001255405215,0.011019668015064862,0.7056074766355139,0.023852699121216493,0.7399916306318873,0.0391267959269076,0.7716557399916304,0.05530757427814193,0.7941135444273957,0.07455712093736938,0.8144790068349841,0.0927604965825081,0.8305202957176734,0.10880178546519756,0.8426558794810991,0.12484307434788686,0.8522806528107127,0.14088436323057615,0.8590458920351516,0.15406611800809045,0.8649044497140465,0.1663411912400615,0.8681127074905844,0.17596596456967514,0.8713209652671221,0.18412609847956482,0.8745292230436601,0.19054261403264064,0.8777374808201981,0.1969591295857163,0.8809457385967358,0.20330590040451937,0.8841539963732737,0.20651415818105734,0.8873622541498117,0.2097224159575952,0.8905705119263494,0.21293067373413316,0.8918956618775282,0.2142558236853118,0.8918956618775282,0.2142558236853118,0.8946854512484307,0.2142558236853118,0.8974054958850607,0.2142558236853118,0.8974054958850607,0.2142558236853118,0.8974054958850607,0.2142558236853118,0.8974054958850607,0.2142558236853118,0.8974054958850607,0.2165573999163064,0.8974054958850607,0.21976565769284423
Circle,0.8775112266603639,0.1582368234459939,0.8775112266603639,0.1582368234459939,0.8775112266603639,0.1582368234459939,0.8775112266603639,0.1582368234459939,0.8775112266603639,0.1582368234459939,0.8775112266603639,0.1582368234459939,0.8755613330181987,0.1582368234459939,0.8729023871425193,0.1582368234459939,0.8728432994563932,0.1582368234459939,0.8728432994563932,0.1582368234459939,0.8728432994563932,0.1582368234459939,0.8728432994563932,0.1582368234459939,0.8728432994563932,0.1582368234459939,0.8728432994563932,0.1582368234459939,0.8728432994563932,0.1582368234459939,0.8728432994563932,0.1582368234459939,0.8739068778066652,0.1582368234459939,0.8792247695580241,0.1582368234459939,0.8869061687544314,0.15941857716851823,0.8975419522571497,0.1620775230441977,0.9118411722996929,0.16839990545970235,0.9277948475537698,0.1763767430867408,0.9462302056251479,0.18931694634838103,0.9638974237768848,0.20402978019380769,0.9771921531552825,0.2253013471992438,0.9893642164972819,0.25218624438666987,1.0,0.2867525407705035,1.0,0.3284093594894824,0.9946821082486411,0.37361143937603425,0.965138265185535,0.4236587095249352,0.9303356180571966,0.4725242259513119,0.8798156464192862,0.5124084140865044,0.8144055778775698,0.5480382888206098,0.7266603639801461,0.5772866934530845,0.6389151500827226,0.5996809264949184,0.5511699361852987,0.6182935476246751,0.4634247222878748,0.6203616166390924,0.37674308674072304,0.6182344599385488,0.29697471047033774,0.6022807846844718,0.22423776884897154,0.5803001654455211,0.16308201370834305,0.5483928149373671,0.11350744504845173,0.5115220987946113,0.0709643110375795,0.47163791065941835,0.03994327582131875,0.42714488300638137,0.012762940203261575,0.3816473646891987,0.0021271567005435184,0.3337863389269674,0.0,0.2859253131647364,0.01329472937839757,0.23806428740250504,0.03935239896005691,0.19179862916568163,0.0739186953438904,0.1465965492791301,0.12420231623729636,0.11037579768376266,0.1783266367289057,0.07675490427794855,0.24214133774521404,0.052824391396832863,0.30861498463720194,0.0306665090995036,0.38040652328054836,0.012053887969747202,0.4475892224060507,0.0026589458756795803,0.5114039234223591,0.0,0.5664736468919878,0.006086031670999837,0.6189435121720634,0.014240132356417023,0.6614866461829356,0.024875915859135077,0.70072086977074,0.03633892696762018,0.7326282202788942,0.049633656346017685,0.7586268021744268,0.06292838572441506,0.7798983691798629,0.0762231151028127,0.7969156227842118,0.08739068778066661,0.8125147719215317,0.0979082959111322,0.8204916095485699,0.1058851335381708,0.8277003072559679,0.11309383124556847,0.8330181990073268,0.1184117229969275,0.8369179862916568,0.12231151028125752,0.8395769321673363,0.12497045615693697,0.8422358780430157,0.12556133301819905,0.8448948239186954,0.12556133301819905,0.8475537697943749,0.12556133301819905,0.8502127156700543,0.12556133301819905,0.8528716615457338,0.12556133301819905,0.8555306074214135,0.12556133301819905,0.8581895532970929,0.12556133301819905,0.8608484991727724,0.12556133301819905,0.8635074450484518,0.12556133301819905
Circle,1.0,0.24532467532467536,0.9975974025974026,0.24532467532467536,0.9951948051948052,0.24532467532467536,0.9948701298701299,0.24532467532467536,0.9948701298701299,0.24532467532467536,0.9948701298701299,0.24532467532467536,0.9948701298701299,0.24532467532467536,0.9948701298701299,0.24532467532467536,0.9948701298701299,0.24532467532467536,0.9948701298701299,0.24642857142857136,0.9948701298701299,0.2488311688311689,0.9948701298701299,0.2527922077922078,0.9948701298701299,0.26,0.9939610389610388,0.2685714285714286,0.989155844155844,0.28298701298701306,0.9842207792207793,0.2977922077922078,0.9770129870129869,0.31941558441558443,0.9698051948051949,0.3410389610389611,0.9515584415584416,0.3670779220779221,0.9323376623376624,0.39350649350649347,0.9093506493506492,0.42370129870129886,0.8853246753246754,0.45493506493506497,0.8441558441558442,0.49084415584415586,0.7937012987012987,0.5292857142857144,0.7346103896103897,0.5615584415584414,0.6673376623376623,0.5879870129870132,0.5973376623376624,0.6116883116883116,0.522857142857143,0.6309090909090909,0.44837662337662326,0.6477922077922079,0.37389610389610406,0.6574025974025973,0.30097402597402584,0.6649350649350648,0.24090909090909096,0.6553246753246755,0.1808441558441558,0.6457142857142856,0.13714285714285715,0.6220779220779221,0.09389610389610398,0.5980519480519482,0.06272727272727271,0.563961038961039,0.03389610389610384,0.527922077922078,0.015194805194805257,0.48681818181818204,0.0007792207792208198,0.4435714285714287,0.0,0.398961038961039,0.009610389610389625,0.3533116883116883,0.027532467532467606,0.3076623376623376,0.05636363636363634,0.2620129870129872,0.08948051948051935,0.21779220779220793,0.13272727272727275,0.17694805194805216,0.17792207792207795,0.13805194805194815,0.2331818181818183,0.10922077922077927,0.2885064935064933,0.08058441558441568,0.34616883116883107,0.05896103896103902,0.4038311688311688,0.037337662337662364,0.4593506493506495,0.022142857142857252,0.5146103896103899,0.007727272727272814,0.5662337662337662,0.002402597402597552,0.6166883116883116,0.0,0.6641558441558442,0.005064935064935037,0.7098051948051949,0.014675324675324663,0.751948051948052,0.02896103896103906,0.7903896103896103,0.048181818181818166,0.8254545454545454,0.06909090909090909,0.8542857142857143,0.09311688311688315,0.8810389610389611,0.11714285714285708,0.9002597402597403,0.14116883116883128,0.919090909090909,0.16500000000000006,0.9335064935064937,0.18662337662337672,0.9479220779220778,0.20824675324675337,0.9555194805194803,0.22759740259740266,0.9627272727272729,0.2468181818181819,0.966038961038961,0.2601948051948053,0.9684415584415584,0.27220779220779234,0.9708441558441558,0.2825974025974026,0.9732467532467532,0.29220779220779225,0.9743506493506493,0.2992207792207792,0.9743506493506493,0.30402597402597403,0.9743506493506493,0.3068831168831169,0.9743506493506493,0.3068831168831169,0.9743506493506493,0.3068831168831169,0.9743506493506493,0.3068831168831169,0.9743506493506493,0.30655844155844164,0.9743506493506493,0.3041558441558442,0.9743506493506493,0.3017532467532468
Circle,0.9102032629045199,0.24732548809842195,0.9102032629045199,0.2443166622091468,0.9094677721315861,0.24204332709280546,0.9064589462423107,0.24204332709280546,0.9034501203530355,0.24204332709280546,0.9004412944637604,0.24204332709280546,0.899638940893287,0.24204332709280546,0.899638940893287,0.24204332709280546,0.899638940893287,0.24204332709280546,0.899638940893287,0.24204332709280546,0.899638940893287,0.24204332709280546,0.8982348221449586,0.24204332709280546,0.8952259962556832,0.24204332709280546,0.8922171703664081,0.24204332709280546,0.8892083444771327,0.24204332709280546,0.889074618882054,0.24204332709280546,0.889074618882054,0.24204332709280546,0.889074618882054,0.24204332709280546,0.890411874832843,0.24338058304359442,0.8934207007221181,0.24638940893286956,0.9047205135062849,0.2535437282695908,0.9197646429526611,0.26257020593741637,0.9404252473923509,0.28563787108852623,0.9604172238566461,0.3118480877239903,0.9754613533030224,0.3479539983952929,0.9879646964428992,0.387871088526344,0.9969911741107249,0.433003476865472,1.0,0.4801417491307837,1.0,0.528282963359187,0.9808103771061782,0.5736828028884727,0.9560042792190424,0.6183471516448248,0.9108718908799144,0.6604707140946777,0.8609253811179458,0.6977801551216902,0.8037576892217166,0.7278684140144426,0.7291388071676919,0.7521396095212622,0.644891682267986,0.7732013907461888,0.5606445573682799,0.7835651243648035,0.4767986092538111,0.7901845413212089,0.3955603102433804,0.7811580636533831,0.3177320139074614,0.7664482481947041,0.24552019256485688,0.7423776410805027,0.18454132120887917,0.7108184006418828,0.13038245520192546,0.67471248997058,0.09186948381920305,0.6307836319871623,0.05676651511099213,0.5846483016849423,0.0296870821075152,0.5304894356779882,0.009026477667825642,0.4763305696710349,0.0,0.422171703664081,0.0018052955335652184,0.36801283765712717,0.010831773201390785,0.3138539716501736,0.03256218240171183,0.26223589194971886,0.057970045466702425,0.2116207542123561,0.0970847820272802,0.16648836587322796,0.1392083444771332,0.12536774538646667,0.18734955870553632,0.09227066060443954,0.23896763840599108,0.06438887403048926,0.2931265044129451,0.04031826691628755,0.34975929392885813,0.023669430328964847,0.4067263974324687,0.00922706606044385,0.46088526343942265,0.0032094142818934216,0.5141080502808242,0.0,0.5652580903985028,0.003008825889275139,0.6113934207007222,0.009360791655522654,0.653516983150575,0.018387269323348523,0.6884193634661676,0.02982080770259423,0.7209815458678792,0.04185611125969524,0.7420433270928057,0.05389141481679594,0.7613666755817062,0.06592671837389665,0.7764108050280826,0.07796202193099751,0.7882455201925651,0.0883926183471515,0.7972719978603905,0.09741909601497721,0.8039582776143352,0.10410537576892212,0.8099090665953462,0.11005616474993307,0.8129178924846213,0.1130649906392082,0.8159267183738969,0.1160738165284835,0.8189355442631723,0.11908264241775864,0.8204065258090398,0.12055362396362654,0.8204065258090398,0.12055362396362654,0.8226798609253811,0.12055362396362654,0.8256886868146563,0.12055362396362654
Circle,0.7804739694945165,0.13941762258918441,0.7804739694945165,0.13941762258918441,0.7804739694945165,0.13941762258918441,0.7804739694945165,0.13941762258918441,0.7804739694945165,0.13941762258918441,0.7804739694945165,0.13941762258918441,0.7804739694945165,0.13941762258918441,0.7804739694945165,0.13941762258918441,0.7804739694945165,0.13941762258918441,0.7804739694945165,0.13941762258918441,0.7804739694945165,0.13941762258918441,0.7804739694945165,0.13941762258918441,0.7804739694945165,0.13941762258918441,0.7804739694945165,0.13941762258918441,0.7804739694945165,0.13941762258918441,0.7804739694945165,0.13941762258918441,0.7852010588680195,0.13941762258918441,0.7938989033152652,0.13941762258918441,0.8097819236102356,0.14181268120509252,0.8278078910878608,0.1453422412706416,0.8510021429471828,0.1540400857178873,0.8753308962561452,0.16614143451405514,0.9014244295978824,0.1835371234085467,0.9275179629396193,0.20679440312618175,0.9536114962813564,0.2328879364679189,0.971385352325728,0.2673011471070213,0.987394428337325,0.3041724442203453,0.9989915542669858,0.3476616664565738,1.0,0.39266355729232333,0.9913021555527542,0.4390520610109669,0.9686121265599394,0.4854405647296105,0.9410059246186815,0.5313248455817471,0.897516702382453,0.5719147863355601,0.8465271650069331,0.6082188327240641,0.7827429723937982,0.6372116475482162,0.7113954367830584,0.6605319551241648,0.6360141182402623,0.6808269255010713,0.557922601789991,0.6902811042480775,0.47964200176478,0.6964578343627883,0.40136140173956886,0.6935585528803729,0.32598008319677296,0.6834110676919197,0.2534980461363925,0.6660153787974283,0.19236102357241922,0.6372746754065297,0.13550989537375535,0.6048153283751417,0.094919954619942,0.5642253876213286,0.059372242531198764,0.5216185554014874,0.03327870918946171,0.4752300516828437,0.01449640741207616,0.4270137400731122,0.0,0.3777259548720534,0.00403378293205599,0.3284381696709946,0.012668599520988299,0.2797176351947562,0.03296356989789484,0.23332913147611256,0.06019160468927256,0.18971385352325748,0.0949829824782554,0.14912391276944398,0.13639228539014256,0.11515189713853521,0.18000756334299733,0.08363796798184811,0.2263960670616415,0.060443716122526026,0.2746754065296863,0.03914030001260541,0.3268624732131604,0.021744611118114134,0.38081431992940895,0.009643262321946306,0.43590066809529826,0.0009454178747005961,0.4884028740703392,0.0,0.5395814950207992,0.0005042228665070695,0.5859699987394428,0.003403504348922259,0.6283877473843439,0.008949955880499174,0.6660784066557417,0.017647800327744743,0.6973402243791756,0.024202697592335797,0.7261439556283877,0.03000126055716632,0.7464389260052943,0.0357998235219967,0.7649691163494263,0.04159838648682722,0.7794655237615024,0.0473969494516576,0.7905584268246563,0.05149376024202699,0.7992562712719019,0.05439304172444218,0.8029118870540778,0.05729232320685737,0.8053699735282994,0.0601916046892727,0.8053699735282994,0.06309088617168788,0.8053699735282994,0.06472961048783561,0.8053699735282994,0.06472961048783561,0.8053699735282994,0.06472961048783561,0.8053699735282994,0.06472961048783561
Circle,0.8660172064777328,0.1149418016194332,0.8660172064777328,0.1149418016194332,0.8659539473684211,0.1149418016194332,0.8634235829959516,0.1149418016194332,0.8610197368421052,0.1149418016194332,0.8610197368421052,0.1149418016194332,0.8610197368421052,0.1149418016194332,0.8610197368421052,0.1149418016194332,0.8610197368421052,0.1149418016194332,0.8610197368421052,0.1149418016194332,0.8607034412955465,0.1149418016194332,0.858173076923077,0.1149418016194332,0.8556427125506074,0.1149418016194332,0.8531123481781375,0.1149418016194332,0.8510247975708501,0.1149418016194332,0.8510247975708501,0.1149418016194332,0.8510247975708501,0.1149418016194332,0.8510247975708501,0.1149418016194332,0.8521634615384615,0.1149418016194332,0.8572241902834009,0.1149418016194332,0.8641826923076922,0.11557439271255059,0.8768345141700407,0.11810475708502016,0.890878036437247,0.12202682186234806,0.9085905870445345,0.12961791497975708,0.9263031376518218,0.13948633603238875,0.9440156882591094,0.15466852226720637,0.9600835020242914,0.1723178137651822,0.9727353238866399,0.19509109311740896,0.9845015182186235,0.22317813765182182,0.9946229757085021,0.26113360323886636,1.0,0.3019357287449393,0.9974696356275304,0.34748228744939297,0.984817813765182,0.39707742914979766,0.956983805668016,0.4527454453441295,0.921621963562753,0.5073380566801617,0.8760754048582995,0.5604757085020245,0.8157262145748985,0.6067813765182187,0.73728491902834,0.6447368421052629,0.6588436234817808,0.6766826923076923,0.5804023279352224,0.7019863360323886,0.5019610323886637,0.719698886639676,0.42351973684210514,0.7298203441295545,0.3490637651821863,0.7293142712550607,0.27821356275303616,0.7191928137651821,0.21710526315789466,0.6993294534412955,0.1639676113360324,0.6714954453441295,0.11955971659919011,0.6378415991902833,0.08160425101214559,0.5998861336032387,0.05123987854251009,0.5573760121457486,0.025936234817813812,0.5118294534412954,0.010121457489878596,0.46311993927125505,0.0,0.41251265182186203,0.0063259109311742286,0.3619053643724695,0.02150809716599198,0.3112980769230768,0.048646255060729025,0.26239878542510087,0.08154099190283425,0.21432186234817788,0.1232920040485832,0.16978744939271234,0.16883856275303655,0.12677125506072867,0.21988866396761148,0.09292763157894735,0.273026315789474,0.06256325910931157,0.3299595141700408,0.03978997975708494,0.38815789473684237,0.019547064777327885,0.44243421052631615,0.009109311740890594,0.49557186234817846,0.0015182186234817183,0.5446609311740893,0.0,0.5927378542510127,0.0,0.6345521255060729,0.006262651821862319,0.6750379554655873,0.013853744939271337,0.7047697368421051,0.02574645748987858,0.7326037449392714,0.038398279352226755,0.7537955465587046,0.05105010121457493,0.7740384615384616,0.0637019230769231,0.7874493927125507,0.07407641700404863,0.8001012145748991,0.08419787449392722,0.8057312753036437,0.09197874493927126,0.8107920040485829,0.09956983805668028,0.8134488866396763,0.10475708502024297,0.8159792510121459,0.10981781376518227,0.8160425101214575,0.1124114372469636,0.8160425101214575,0.1149418016194332
Circle,0.8483412322274881,0.16532282882993785,0.8483412322274881,0.16532282882993785,0.8483412322274881,0.16532282882993785,0.846002338893334,0.16532282882993785,0.8436018957345972,0.16532282882993785,0.8434787960854312,0.16532282882993785,0.8434787960854312,0.16532282882993785,0.8434787960854312,0.16532282882993785,0.8434787960854312,0.16532282882993785,0.8434787960854312,0.16532282882993785,0.8434787960854312,0.16532282882993785,0.8434787960854312,0.16532282882993785,0.8434787960854312,0.16532282882993785,0.8434787960854312,0.16532282882993785,0.8434787960854312,0.16532282882993785,0.8434787960854312,0.16532282882993785,0.8434787960854312,0.16532282882993785,0.8434787960854312,0.16532282882993785,0.8434787960854312,0.16532282882993785,0.8434787960854312,0.16532282882993785,0.8434787960854312,0.16532282882993785,0.8488336308241521,0.16532282882993785,0.856034960300363,0.16532282882993785,0.8666830799532219,0.1687696190065859,0.8786852957469072,0.17357050532405977,0.8940112020680739,0.18169508216901575,0.910814304179233,0.19129685480396383,0.92921770172955,0.20890010463470185,0.9484212469994459,0.23050409306333478,0.9645473010401922,0.2613405551794178,0.9789499599926141,0.29734720256047276,0.990398227365052,0.3377854373115037,1.0,0.3809934141687698,0.986951437188404,0.4312796208530805,0.9581461192835602,0.48648981350403164,0.913091647688804,0.5362836215916786,0.8554810118791158,0.5818920416076816,0.7823598202745123,0.6197451837262262,0.6959438665599802,0.6509509447898074,0.6082969163537882,0.6772327198867484,0.519480519480519,0.6988367083153816,0.43417246260848164,0.7099156767403213,0.3525573952114236,0.7099156767403213,0.27980550255431763,0.7021603988428633,0.21739398042715546,0.6853572967317042,0.16230688742537086,0.6633224595309902,0.11669846740936782,0.6345171416261465,0.07699883055333286,0.6017726349479903,0.045793069489751856,0.5633655444081983,0.02105004000738597,0.5221887117621713,0.006647381054963994,0.47658029174616856,0.0,0.4301101741860034,0.007201329476211022,0.38210131101126343,0.020803840709054073,0.33409244783652337,0.0472087154551609,0.28608358466178363,0.07878377546623992,0.23955191727703562,0.121991752323506,0.19634394041976963,0.1672308733920111,0.15584415584415567,0.21764017972548771,0.1222379516218379,0.2692804825506248,0.09109374038283992,0.3244906752015758,0.06708930879546979,0.37914691943127987,0.044746722471840826,0.43195666892349366,0.027943620360682,0.48378162122237955,0.01311011263617891,0.5317904843971195,0.005908783159968026,0.5785068012556167,0.0,0.6193143349541455,0.0,0.6582753739151845,0.0011078968424940566,0.6870806918200284,0.008309226318705079,0.7149627623561272,0.015510555794915963,0.7365667507847604,0.022711885271126987,0.7574321413183972,0.029913214747338008,0.7718348002708194,0.03711454422354903,0.7856835108019943,0.044315873699759915,0.7928848402782052,0.05151720317597094,0.7998399704560842,0.05859543300301591,0.8022404136148212,0.06339631932048988,0.8045793069489752,0.06819720563796398,0.8045793069489752,0.07299809195543795,0.8045793069489752,0.07779897827291192
Circle,0.9675766720471612,0.11600814092216996,0.9675766720471612,0.11600814092216996,0.9675766720471612,0.11600814092216996,0.9675766720471612,0.11600814092216996,0.9675766720471612,0.11600814092216996,0.9675766720471612,0.11600814092216996,0.9675766720471612,0.11600814092216996,0.9675766720471612,0.11600814092216996,0.9675766720471612,0.11600814092216996,0.9675766720471612,0.11600814092216996,0.9675766720471612,0.11600814092216996,0.9675766720471612,0.11600814092216996,0.9675766720471612,0.11600814092216996,0.9675766720471612,0.11600814092216996,0.9675766720471612,0.11600814092216996,0.9675766720471612,0.11600814092216996,0.9675766720471612,0.11600814092216996,0.9675766720471612,0.11600814092216996,0.9686995578637098,0.1171310267387185,0.9712260509509439,0.11965751982595267,0.9743841673099867,0.12281563618499533,0.9794371534844549,0.12786862235946383,0.9844901396589233,0.13320232998806925,0.9895431258333917,0.14330830233700606,0.9945961120078602,0.1534142746859429,0.997473506912766,0.17222261211313075,1.0,0.19243455681100424,0.9974735069127657,0.22106814513299183,0.9924205207382973,0.2539125552670363,0.9861744683837461,0.291529230121412,0.9785949891220437,0.3344796126043933,0.9654010807775985,0.3802372096287457,0.9376096568180223,0.4332935644606638,0.9081339041336233,0.4863499192925819,0.8601305354761738,0.5394062741244997,0.8121271668187242,0.592462628956418,0.7394203101972071,0.6320443539897536,0.6636255175801808,0.6699417502982665,0.5825671976980842,0.699066601164994,0.49919292581935604,0.7243315320373359,0.4196083935714791,0.7382272440171243,0.343813600954453,0.7407537371043583,0.27419468032844424,0.7378763421994529,0.21861183240929213,0.7227173836760475,0.1649940346690995,0.7058740964278194,0.12709663836058668,0.6755561793810093,0.08919924205207397,0.645238262334199,0.06288160572671761,0.6056565373008632,0.03761667485437579,0.5652326479051162,0.019650501789599296,0.5211593796055866,0.004491543266194065,0.47568250403537077,0.0,0.42887220155800415,0.005052986174468332,0.3808688329005547,0.016001122885816517,0.33286546424310476,0.038739560670924246,0.2848620955856553,0.06358340936206035,0.23756053056354845,0.10148080567057347,0.194610148080567,0.13937820197908626,0.15165976559758584,0.18204786300793024,0.12064004491543273,0.22499824549091138,0.09032212786862243,0.2698434977893186,0.06758369008351461,0.3153203733595339,0.04737174538564113,0.35939364165906357,0.03137062249982453,0.4023440241420452,0.018738157063653702,0.44346971717313494,0.00884272580531966,0.4813671134816476,0.003789739630851328,0.5184223454277495,0.0,0.5512667555617937,0.002526493087234166,0.5841111656958381,0.005052986174468332,0.6071303249350833,0.010035791985402352,0.629868762720191,0.015088778159870841,0.6467120499684188,0.022106814513299152,0.6618710084918238,0.02968629377500165,0.6726086041125693,0.03726577303670431,0.680188083374272,0.0448452522984068,0.6858025124570145,0.051442206470629546,0.6883290055442487,0.056495192645097884,0.690855498631483,0.061548178819566375,0.6933819917187172,0.0666011649940347,0.6959084848059514,0.07165415116850303
Circle,0.7651030816751672,0.07944831549457657,0.7651030816751672,0.07944831549457657,0.7651030816751672,0.07944831549457657,0.7651030816751672,0.07944831549457657,0.7651030816751672,0.07944831549457657,0.7651030816751672,0.07944831549457657,0.7651030816751672,0.07944831549457657,0.7651030816751672,0.07944831549457657,0.7651030816751672,0.07944831549457657,0.7651030816751672,0.07944831549457657,0.7651030816751672,0.07944831549457657,0.7651030816751672,0.07944831549457657,0.7651030816751672,0.07944831549457657,0.7651030816751672,0.07944831549457657,0.7651030816751672,0.07944831549457657,0.7651030816751672,0.07944831549457657,0.7651030816751672,0.07944831549457657,0.7651030816751672,0.07944831549457657,0.7651030816751672,0.07944831549457657,0.7651030816751672,0.07944831549457657,0.7651030816751672,0.07944831549457657,0.7651030816751672,0.07944831549457657,0.7651030816751672,0.07944831549457657,0.7651030816751672,0.07944831549457657,0.7651030816751672,0.07944831549457657,0.7651030816751672,0.07944831549457657,0.7651030816751672,0.07944831549457657,0.7654622512750522,0.07944831549457657,0.7688384455139717,0.07944831549457657,0.7750879965519719,0.07944831549457657,0.7852165792687307,0.07944831549457657,0.8003735363838806,0.08196250269377196,0.8179010128582719,0.08576970045255368,0.8449105667696287,0.09589828316931265,0.8745061418001582,0.10990589756483006,0.9082680841893542,0.13016306299834787,0.934918468500826,0.15990230586883108,0.9584081603333096,0.19409525177788942,0.9752891315279079,0.24811435960060343,0.9898714172832411,0.30673083830184583,1.0,0.3742547230802385,0.9923137705624601,0.4462323108972054,0.9754327993678616,0.5205085841534373,0.9255082249838377,0.5947848574096689,0.8638028877235837,0.6620214065081533,0.7760218375116733,0.7126643200919475,0.684074419941097,0.7549744989584083,0.5895409812513474,0.792112635586524,0.4886861576036213,0.8039652323827312,0.38998635155520484,0.8080597658214212,0.298829107104375,0.7945549888657425,0.22124847352920093,0.7694131168737884,0.15372458875080838,0.735651174484592,0.10430285180662348,0.6868041089002233,0.05990948926082912,0.6340061777171185,0.02614754687163305,0.5732346814165655,0.006752388477839213,0.5106673371165865,0.0,0.446519646577114,0.0162344659148048,0.3823719560376417,0.03993965950721933,0.3187989368579844,0.08045399037425462,0.25802744055743143,0.127577041879175,0.2022124847352923,0.18159614970188873,0.15156957115149822,0.24380432440198252,0.1118454134042096,0.307952014941455,0.07643129085554218,0.3720997054809276,0.05279793118310477,0.4347388837008836,0.03218159614970191,0.49551038000143655,0.015300624955103877,0.5511098340636446,0.006177717118023185,0.6039795991667262,0.0,0.644493930033762,0.0,0.6809137274621075,0.001364844479563187,0.7112994756123839,0.004741038718482794,0.7343581639250056,0.008117232957402562,0.754327993678615,0.011637095036276093,0.7678327706342934,0.018389483514115307,0.7788951943107537,0.02514187199195468,0.7856475827885929,0.03189426046979389,0.7901012858271678,0.03634796350836868,0.7934774800660873,0.03972415774728828
Circle,0.7632910601611794,0.014806022365215218,0.7606672080964577,0.014806022365215218,0.7583557193727744,0.014806022365215218,0.7583557193727744,0.014806022365215218,0.7583557193727744,0.014806022365215218,0.7583557193727744,0.014806022365215218,0.7583557193727744,0.014806022365215218,0.7583557193727744,0.014806022365215218,0.7583557193727744,0.014806022365215218,0.7583557193727744,0.014806022365215218,0.7583557193727744,0.014806022365215218,0.7583557193727744,0.014806022365215218,0.7564815393265446,0.014806022365215218,0.7538576872618229,0.014806022365215218,0.7534203785843693,0.014806022365215218,0.7534203785843693,0.014806022365215218,0.7534203785843693,0.014806022365215218,0.7534203785843693,0.014806022365215218,0.7534203785843693,0.014806022365215218,0.7539201599300305,0.014806022365215218,0.7565440119947523,0.014806022365215218,0.760792153432873,0.015618167051914713,0.7686637096270381,0.018242019116636393,0.7821578059598924,0.02311488723683392,0.8031486224776658,0.03098644343099896,0.8284500531017678,0.04173174236271629,0.8573124258137064,0.05485100268632469,0.8879240332354594,0.07496720184919095,0.9194102580121196,0.09858187043168608,0.9447116886362215,0.13044293121759223,0.9683263572187166,0.16455300805897408,0.9848191416255386,0.20815893046792008,1.0,0.2529518335728117,0.992128443805835,0.30542887486724535,0.9805085275192105,0.35753108015243296,0.9463984506778284,0.40738426938214517,0.90472918098332,0.4558630599112887,0.8417567314299995,0.5004685450115571,0.7697882176547763,0.5400762166552131,0.6832010995189609,0.5715624414318735,0.5926782032860624,0.599112888111451,0.49821952895608185,0.6227275566939464,0.4086337227462988,0.6333479102892483,0.3220466046104833,0.6359717623539702,0.2509527081901672,0.6269756981320674,0.18535640657212515,0.6138564378084588,0.1355032173424128,0.5894920972074716,0.08827388017742256,0.5632535765602549,0.05641281939151634,0.5242081589304682,0.026425938651839863,0.48435059661398167,0.01068282626350978,0.4397451115137131,0.0,0.3945773723995752,0.007871556194165042,0.3473480352345851,0.023614668582494985,0.2992440807146875,0.055100893359155155,0.2493908914849756,0.09489598300743388,0.20191166364715474,0.1447491722371458,0.15730617854688617,0.2020990816517771,0.12019741363153638,0.2650715312050974,0.08871118885487607,0.3280439807584178,0.06447179359030437,0.3910164303117381,0.04348097707253107,0.449740738426938,0.02673830199287815,0.5074654838508151,0.010995189604548069,0.5554444930342972,0.004997813456612758,0.6021740488536264,0.0,0.6389079777597297,0.0,0.6738926719560188,0.0004373086774536602,0.7001311926032356,0.003061160742175341,0.724120697194977,0.0056850128068968815,0.7424876616480286,0.008308864871618702,0.7587305553820204,0.010932716936340382,0.7718498157056286,0.013556569001062063,0.7822202786281003,0.016180421065783743,0.7900918348222651,0.018804273130505426,0.7962766289748235,0.01974136315362029,0.8015243331042669,0.01974136315362029,0.8067720372337103,0.01974136315362029,0.8120197413631536,0.01974136315362029,0.8149559567689134,0.01974136315362029,0.8175798088336352,0.01974136315362029
Circle,0.8068501613013933,0.059647196101311,0.8042418834511635,0.059647196101311,0.8016336056009336,0.059647196101311,0.8014276889285469,0.059647196101311,0.8014276889285469,0.059647196101311,0.7992312444230901,0.059647196101311,0.7966229665728601,0.059647196101311,0.7940146887226301,0.059647196101311,0.7914064108724003,0.059647196101311,0.790582744182854,0.059647196101311,0.790582744182854,0.059647196101311,0.790582744182854,0.059647196101311,0.790582744182854,0.059647196101311,0.790582744182854,0.059647196101311,0.790582744182854,0.059647196101311,0.790582744182854,0.059647196101311,0.790582744182854,0.059647196101311,0.790582744182854,0.059647196101311,0.790582744182854,0.059647196101311,0.7913377719816047,0.059647196101311,0.7939460498318347,0.059647196101311,0.7987507721875213,0.059647196101311,0.8117921614386711,0.059647196101311,0.8258631340517538,0.06033358500926623,0.8467293568535933,0.06555014070972617,0.867870135218615,0.0711785297549593,0.8939529137209142,0.08421991900610885,0.9200356922232137,0.09726130825725857,0.9384995538472098,0.11538197542727711,0.9567574987988194,0.1336399203788866,0.9703479991763333,0.15889903219163987,0.983389388427483,0.18498181069393912,0.9921751664493103,0.21744800604022246,1.0,0.25135561809321183,0.9962934998970416,0.28910700803075046,0.9884686663463519,0.3282311757841993,0.9703479991763333,0.3673553435376483,0.9468734985242637,0.40647951129109744,0.9113185530921818,0.4471137346420483,0.8669778296382731,0.48884618024572724,0.8095957169332144,0.5240579312238314,0.7391722149770056,0.5527489875763609,0.6643558240098838,0.5781453771707049,0.5834992106527559,0.5990115999725444,0.5026425972956279,0.6154162948726749,0.42178598393849936,0.6232411284233647,0.34367492621319234,0.6262612396183678,0.27325142425698395,0.6158281282174479,0.2066717001853248,0.6029926556386848,0.157114421030956,0.5795181549866154,0.10920447525567988,0.5549454320818173,0.07529686320269069,0.5210378200288284,0.041732445603678954,0.4869242913034524,0.020866222801839477,0.4451918456997734,0.0,0.40345940009609443,0.003843777884549329,0.3592559544237766,0.009060333585009276,0.3149152309698674,0.03466263985173998,0.2728395909122108,0.0633536962042693,0.23110714530853185,0.10234058617612755,0.1914338664287183,0.14407303177980652,0.1523096986752693,0.18951197748644386,0.12059853112773691,0.23646097879058275,0.09190747477520766,0.28505731347381436,0.06980575193904867,0.33461459262818305,0.05154780698743902,0.3827304550758459,0.03617269544924155,0.4296794563799851,0.023131306198091835,0.4729219575811652,0.01256091701558099,0.5120461253346148,0.004736083464891223,0.5470519596403324,0.0,0.5757430159928616,0.0,0.601963072276752,0.0,0.6228292950785915,0.0,0.6418422678289518,0.0006177500171596778,0.6548836570801015,0.0032260278673896512,0.667101379641705,0.005834305717619625,0.674926213192395,0.008442583567849597,0.6825451300706982,0.011050861418079571,0.687761685771158,0.013659139268309544,0.6929782414716178,0.016267417118539365
Circle,0.6888466413181242,0.0,0.68610054921842,0.0,0.6833544571187157,0.0,0.6832840445007745,0.0,0.6832840445007745,0.0,0.6806787776369525,0.0,0.6779326855372483,0.0,0.6751865934375441,0.0,0.6724405013378397,0.0,0.6721588508660752,0.0,0.6721588508660752,0.0,0.6721588508660752,0.0,0.6721588508660752,0.0,0.6721588508660752,0.0,0.6721588508660752,0.0,0.6721588508660752,0.0,0.6721588508660752,0.0,0.6721588508660752,0.0,0.6721588508660752,0.0,0.6721588508660752,0.0,0.6721588508660752,0.0,0.676242782706661,0.0,0.6817349669060697,0.0,0.6931418110125335,0.0019715533023518315,0.7068722715110547,0.004717645402056005,0.7263061540628081,0.009364878186171002,0.7482748908604422,0.014857062385579664,0.7757358118574847,0.024010702717927015,0.8059428249542319,0.03499507111674418,0.8396704689480354,0.051260385861146354,0.875369666244191,0.07048303055907636,0.9043092522179976,0.09815518940994222,0.929024081115336,0.13110829460639356,0.9504999295873819,0.1705393606534291,0.969722574285312,0.21447683424869743,0.9858470637938317,0.2646106182227858,0.9995775242923534,0.31953246021687115,1.0,0.3803689621180115,0.9890156316011827,0.4462751725109142,0.9667652443317843,0.5037318687508803,0.9338121391353327,0.5531615265455573,0.8553724827489088,0.595901985635826,0.7290522461625122,0.6316011829319816,0.6116039994366989,0.6622306717363753,0.5045064075482321,0.6869455006337136,0.40459090268976206,0.6972961554710604,0.313969863399521,0.6890578791719477,0.2346148429798618,0.6729333896634276,0.1714547246866635,0.645472468666385,0.11568793127728458,0.612730601323757,0.07175045768201654,0.5715392198281933,0.03569919729615536,0.5273905083791016,0.013730460498521183,0.47796085058442456,0.0,0.4276158287565129,0.002746092099704173,0.37544007886213204,0.01309674693705109,0.323264328967751,0.04055766793409385,0.2710885790733698,0.07344036051260402,0.22123644557104613,0.12012392620757631,0.1772989719757781,0.1710322489790171,0.13688212927756657,0.2341923672722153,0.10667511618081955,0.2979861991268836,0.07836924376848321,0.36389240951978585,0.056400506970849196,0.4292353189691594,0.03612167300380235,0.49239543726235757,0.02239121250528101,0.5535840022532041,0.010139416983523344,0.6057597521475848,0.004647232784114998,0.6554006477960853,0.0,0.6910998450922406,0.0,0.7253907900295732,0.0,0.7501056189269119,0.0,0.7736938459371919,0.0002816504717645022,0.7874243064357134,0.0030277425714688336,0.8007322912265878,0.005773834671173006,0.8089705675257006,0.008519926770877338,0.8169271933530489,0.011266018870581668,0.8196732854527531,0.014012110970285842,0.8223489649345163,0.016758203069990017,0.8223489649345163,0.019504295169694347,0.8223489649345163,0.022250387269398677
Circle,0.5579023377561152,0.028522429822186113,0.5579023377561152,0.028522429822186113,0.5579023377561152,0.028522429822186113,0.5555555555555556,0.028522429822186113,0.5523964256701868,0.028522429822186113,0.5507717303005687,0.028522429822186113,0.5507717303005687,0.028522429822186113,0.5500496434696274,0.028522429822186113,0.5468905135842586,0.028522429822186113,0.5437313836988898,0.028522429822186113,0.5436411228450222,0.028522429822186113,0.5436411228450222,0.028522429822186113,0.5436411228450222,0.028522429822186113,0.5436411228450222,0.028522429822186113,0.5436411228450222,0.028522429822186113,0.5436411228450222,0.028522429822186113,0.5436411228450222,0.028522429822186113,0.5436411228450222,0.028522429822186113,0.5436411228450222,0.028522429822186113,0.5436411228450222,0.028522429822186113,0.5436411228450222,0.028522429822186113,0.5458073833378465,0.030688690315010488,0.5489665132232152,0.03384782020037913,0.5588952071486597,0.038360862893762906,0.5778499864608719,0.0446791226645004,0.5995125913891145,0.05208051268165007,0.6342630201281704,0.06471703222312485,0.6690134488672265,0.07735355176459963,0.7153172669013448,0.1015434606011372,0.7627042151818756,0.12681649968408695,0.7997111652676238,0.1624695369618196,0.8313024641213103,0.20353822547161277,0.8591028071125554,0.24966152179799603,0.8812167163101363,0.3033667298492644,0.9019767126997021,0.35932845924722423,0.9146132322411766,0.428829316725336,0.9272497517826517,0.4983301742034478,0.8811264554562684,0.5510425128621717,0.8274212474050007,0.6015885910280707,0.7459156963624881,0.642205975268526,0.6479826699160578,0.6769564040075818,0.547702861269068,0.7081866594457982,0.4434515750519001,0.7334596985287481,0.3428107229894395,0.7547612600415199,0.27015073562595965,0.7452838703854135,0.19749074826247903,0.7358064807293075,0.14378554021121068,0.7046664861449587,0.09323946204531117,0.6699160574059029,0.05217077353551779,0.6218972831482985,0.0174203447964617,0.5650329452116616,0.0,0.5060023467822008,0.01579564942684362,0.4428197490748265,0.03511147215452655,0.3801787164906581,0.09197581009116355,0.3233143785540211,0.14884014802780055,0.2664500406173843,0.224027439299576,0.22267352649156047,0.3030056864337931,0.1816048379817675,0.3801787164906577,0.14775701778138836,0.455997833739507,0.11932484881306996,0.5288383428107228,0.09287841862984031,0.595180070403466,0.0707645094322594,0.6607997111652678,0.04919216535788418,0.7145049192165355,0.036555645816409396,0.7682101272678037,0.023919126274934623,0.8092788157775972,0.016337214550049512,0.8471883744020218,0.010018954779312226,0.8782381081325031,0.005415651232060532,0.9035111472154522,0.002256521346691888,0.9269789692210487,0.0,0.945933748533261,0.0,0.9646177452838703,0.0,0.9740951349399767,0.0,0.9835725245960826,0.0,0.9881758281433343,0.0,0.9913349580287029,0.0,0.9944940879140716,0.0,0.9976532177994402,0.0,1.0,0.0,1.0,0.0,1.0,0.0
Circle,0.7467010372552629,0.03394095623887559,0.7467010372552629,0.03394095623887559,0.7467010372552629,0.03394095623887559,0.7467010372552629,0.03394095623887559,0.7455962683360953,0.03394095623887559,0.7428957220892407,0.03394095623887559,0.7418523292211379,0.03394095623887559,0.7418523292211379,0.03394095623887559,0.7418523292211379,0.03394095623887559,0.7418523292211379,0.03394095623887559,0.7418523292211379,0.03394095623887559,0.7418523292211379,0.03394095623887559,0.7418523292211379,0.03394095623887559,0.7418523292211379,0.03394095623887559,0.7418523292211379,0.03394095623887559,0.7418523292211379,0.03394095623887559,0.7418523292211379,0.03394095623887559,0.7418523292211379,0.03394095623887559,0.7418523292211379,0.03394095623887559,0.7418523292211379,0.03394095623887559,0.7432026023445651,0.03461609280058922,0.7486036948382739,0.03731663904744361,0.7589148714171731,0.0412447063155956,0.7751181488982997,0.046645798809304646,0.7948812373411894,0.057386607745657715,0.8164856073160254,0.07088933897993006,0.8474191370527218,0.09372122997606319,0.8798256920149755,0.11839440250414278,0.9122322469772293,0.148100411219542,0.9416927514883692,0.17927944516049832,0.9632971214632051,0.2143865463696066,0.9823236972933164,0.2507825446510771,0.998526974774443,0.2885901921070396,1.0,0.33192168415884105,0.994598907506291,0.37783097035536717,0.9700484870803412,0.4237402565518931,0.9405879825692015,0.46964954274841963,0.8865770576321121,0.5155588289449455,0.8253851347204322,0.5574786718222549,0.7470692935616523,0.5898852267845084,0.6606518136623094,0.6168906892530533,0.5661326950224027,0.638495059227889,0.4735162339655066,0.6543914564536915,0.3816976615724545,0.6678941876879642,0.2972442153071872,0.6666666666666666,0.21628920395261783,0.6615110783772172,0.15687718652181937,0.6372061621555271,0.10348002209537853,0.6077456576443874,0.06297182839256119,0.56723746394157,0.030933529736696698,0.5224943227152764,0.006628613515006513,0.473884490271896,0.0,0.4213465905603635,0.0,0.36733566562327397,0.022647762842938554,0.31332474068618454,0.0491622169029642,0.26005032836187353,0.08967041060578167,0.2114404959184926,0.13386116737249126,0.1665132265390045,0.18517154606272615,0.1287055790830418,0.23942797520407558,0.09679003252930697,0.2961394463880191,0.06978457006076241,0.35285091757196346,0.04885533664764011,0.409562388755907,0.029951512919658838,0.4636960657951266,0.018781071625851607,0.5164180936598533,0.008838151353341834,0.5623273798563799,0.003437058859633058,0.6052906156017922,0.0,0.6430982630577547,0.0,0.67476830540723,0.0015344012766218271,0.7017737678757744,0.004234947523476353,0.7225188731357023,0.006935493770330879,0.7414226968636837,0.009636040017185267,0.7497698398085065,0.012336586264039655,0.757380470140551,0.014546124102375251,0.76278156263426,0.014546124102375251,0.7671392622598658,0.014546124102375251,0.7698398085067207,0.014546124102375251,0.772540354753575,0.014546124102375251,0.7752409010004294,0.014546124102375251,0.7757932854600135,0.014546124102375251,0.7757932854600135,0.014546124102375251
Circle,0.6196377502383221,0.0,0.6196377502383221,0.0,0.6196377502383221,0.0,0.6196377502383221,0.0,0.6196377502383221,0.0,0.6196377502383221,0.0,0.6196377502383221,0.0,0.6196377502383221,0.0,0.6196377502383221,0.0,0.6155068319033999,0.0,0.6094693358754367,0.0,0.6052589768033043,0.0,0.6022402287893229,0.0,0.5992214807753415,0.0,0.5962027327613597,0.0,0.594534477279949,0.0,0.594534477279949,0.0,0.59675881792183,0.0,0.6027963139497933,0.0,0.6132030505243087,0.0008738481093104701,0.6343342866221797,0.0038925961232920774,0.6586431522084524,0.008182395932634352,0.6948681283762314,0.017238639974578997,0.7322847156021609,0.027486495074674412,0.7775659358118845,0.04559898315856388,0.8225293930727674,0.06434699714013341,0.8617731172545281,0.09453447727994913,0.9010168414362885,0.12472195741976484,0.9285033365109627,0.16078805211312364,0.9556720686367967,0.1970130282809024,0.9774388306323479,0.2440419447092469,0.998570066730219,0.2923419129329519,1.0,0.35295519542421355,0.9969812519860182,0.4163489037178266,0.971719097553225,0.47974261201143964,0.9385128693994279,0.5431363203050525,0.8854464569431205,0.5946139180171591,0.8220527486495073,0.6398951382268824,0.7359389895138222,0.6781855735621225,0.6333015570384489,0.71139180171592,0.5261360025421038,0.7310136638068002,0.4144423260247848,0.7370511598347631,0.31673021925643446,0.7316491897044801,0.23824277089291374,0.710517953606609,0.16801715919923743,0.681124880838894,0.11367969494756903,0.6358436606291704,0.06410867492850336,0.5881792183031457,0.02788369876072461,0.5338417540514775,0.0,0.47783603431839805,0.009056244041944822,0.41444232602478537,0.020972354623450925,0.35200190657769304,0.05719733079122968,0.2976644423260248,0.09389895138226906,0.24364474102319653,0.1482364156339371,0.20138226882745455,0.20257387988560516,0.15911979663171277,0.259771210676835,0.1282967905942168,0.317127422942485,0.09810931045440091,0.36924054655227223,0.07578646329837924,0.42055926278995864,0.05465522720050835,0.46234509056244033,0.040673657451541,0.501588814744201,0.02859866539561475,0.5322529393072765,0.020813473149030773,0.5594216714331108,0.014775977121067737,0.5827772481728629,0.010645058786145434,0.603908484270734,0.0076263107721640045,0.6217032094057829,0.006275818239593262,0.6367969494756912,0.006275818239593262,0.6490308230060374,0.006275818239593262,0.658087067047982,0.006275818239593262,0.6659517000317761,0.006275818239593262,0.6719891960597393,0.006275818239593262,0.6770734032411816,0.005322529393072717,0.6800921512551634,0.002303781379091288,0.6831108992691453,0.0,0.6861296472831266,0.0,0.689148395297108,0.0,0.6921671433110899,0.0,0.6949475691134412,0.0,0.6949475691134412,0.0,0.6949475691134412,0.0
Circle,0.8156118143459916,0.17777777777777778,0.8128691983122363,0.17777777777777778,0.8101265822784809,0.17777777777777778,0.8100562587904361,0.17777777777777778,0.8100562587904361,0.17777777777777778,0.8074542897327708,0.17777777777777778,0.8047116736990154,0.17777777777777778,0.8045007032348804,0.17524613220815755,0.8045007032348804,0.1725035161744022,0.8045007032348804,0.17222222222222222,0.8045007032348804,0.17222222222222222,0.8045007032348804,0.17222222222222222,0.8045007032348804,0.17222222222222222,0.8045007032348804,0.17222222222222222,0.8045007032348804,0.17222222222222222,0.8045007032348804,0.17222222222222222,0.8045007032348804,0.17222222222222222,0.8045007032348804,0.17222222222222222,0.8045007032348804,0.17222222222222222,0.8045007032348804,0.17222222222222222,0.8045007032348804,0.17222222222222222,0.810618846694796,0.17222222222222222,0.818846694796062,0.17222222222222222,0.8310126582278482,0.1781293952180028,0.8447257383966246,0.18635724331926867,0.8660337552742615,0.20028129395218,0.8907172995780592,0.21673699015471154,0.9154008438818566,0.2441631504922643,0.9400843881856541,0.27707454289732775,0.9594936708860761,0.3240506329113924,0.9759493670886078,0.37890295358649806,0.989029535864979,0.43881856540084385,1.0,0.5018987341772152,0.9947960618846695,0.5536568213783404,0.9783403656821381,0.5975386779184249,0.941772151898734,0.6352320675105488,0.8896624472573839,0.668143459915612,0.818354430379747,0.6892405063291139,0.730590717299578,0.7002109704641349,0.632981715893108,0.7041490857946554,0.5260196905766523,0.7014064697609002,0.42573839662447266,0.6919831223628693,0.3324894514767932,0.6755274261603376,0.25189873417721503,0.6540084388185654,0.18607594936708835,0.6265822784810124,0.12981715893108306,0.5931786216596344,0.0859353023909986,0.5520393811533051,0.04767932489451473,0.5075246132208157,0.01751054852320664,0.4581575246132207,0.0,0.40773558368495044,0.002742616033755338,0.3556258790436006,0.016315049226441638,0.3045007032348805,0.049226441631505066,0.25513361462728534,0.08762306610407901,0.2085091420534457,0.13699015471167367,0.16736990154711673,0.18888888888888905,0.13045007032348793,0.2464838255977499,0.10302390998593516,0.3033052039381156,0.07791842475386769,0.3581575246132208,0.0587201125175808,0.4116033755274262,0.040928270042194015,0.46097046413502135,0.02721518987341764,0.5084388185654013,0.015400843881856474,0.5495780590717301,0.009915611814345955,0.5884669479606189,0.004992967651195575,0.618635724331927,0.0022503516174402372,0.6468354430379748,0.0,0.6660337552742615,0.0,0.6843881856540084,0.0,0.6981012658227851,0.0,0.7111111111111111,0.0,0.7193389592123771,0.0,0.727285513361463,0.0,0.7327707454289734,0.0,0.7380450070323488,0.0,0.7407876230661041,0.0,0.7435302390998595,0.0,0.7462728551336147,0.0,0.748945147679325,0.0,0.748945147679325,0.0,0.748945147679325,0.0
Circle,0.8964413624933325,0.0722395793644746,0.8964413624933325,0.0722395793644746,0.8964413624933325,0.0722395793644746,0.8964413624933325,0.0722395793644746,0.8964413624933325,0.0722395793644746,0.8964413624933325,0.0722395793644746,0.8957555437018975,0.0722395793644746,0.892631258096472,0.0722395793644746,0.8904213975462929,0.0722395793644746,0.8904213975462929,0.0722395793644746,0.8904213975462929,0.0722395793644746,0.8904213975462929,0.0722395793644746,0.8890497599634233,0.0722395793644746,0.8859254743579975,0.0722395793644746,0.8844014325992534,0.0722395793644746,0.8844014325992534,0.0722395793644746,0.8844014325992534,0.0722395793644746,0.8844014325992534,0.0722395793644746,0.8844014325992534,0.0722395793644746,0.8844014325992534,0.0722395793644746,0.8866874952373696,0.0722395793644746,0.8898117808427953,0.0722395793644746,0.9004800731540047,0.07726891716833052,0.912977215575707,0.08351748837918163,0.9309609083288882,0.09525260992151176,0.9497066219614422,0.10774975234321414,0.962508572734893,0.12916253905357006,0.9749295130686582,0.15164215499504688,0.984302369884935,0.19850643907643067,0.9933704183494632,0.24841880667530294,0.9996189895603139,0.3265259468109426,1.0,0.4078335746399449,0.9718814295511702,0.5046864284081384,0.9376666920673628,0.5946810942619829,0.8845538367751279,0.6634153775813455,0.8215347100510556,0.7252152708984227,0.7371789987045645,0.7720795549798066,0.6467271203230968,0.8091899718052279,0.5467499809494784,0.8310599710432065,0.44822068124666625,0.842795092585537,0.3513678274784727,0.842795092585537,0.26792654118722886,0.8277070791739696,0.19606797226244013,0.7995885087251391,0.1375447687266631,0.7581345728872972,0.08755619903985357,0.7081460032004878,0.048235921664253646,0.6474891412024694,0.013868780004572052,0.5818791434885316,0.0031242856054253814,0.5139068810485408,0.0,0.4451725977291783,0.03055703726282086,0.3790291853996801,0.06804846452792801,0.31341918768574284,0.11399832355406542,0.25626762173283546,0.16086260763544905,0.20003048083517516,0.21991922578678644,0.15903375752495627,0.2792806522898728,0.11902766135792116,0.338642078792959,0.09090909090909084,0.3976224948563589,0.06393355177931882,0.45385963575401955,0.045187838146765164,0.5082679265411875,0.02827097462470463,0.5551322106225709,0.01889811780842797,0.6003200487693364,0.01036348395946046,0.6409357616398691,0.004114912748609356,0.6794178160481597,0.0,0.7137849577078412,0.0,0.7442657928827251,0.0012954354949326005,0.7692600777261298,0.004419721100358153,0.791206279052046,0.007544006705783706,0.8099519926845999,0.010668292311209429,0.8251924102720415,0.01379257791663481,0.837689552693744,0.016916863522060534,0.8462241865427114,0.01805989484111865,0.8524727577535625,0.01805989484111865,0.8565114684142348,0.01805989484111865,0.8596357540196605,0.01805989484111865,0.8627600396250859,0.01805989484111865,0.8658843252305116,0.01805989484111865,0.8663415377581347,0.01805989484111865,0.8663415377581347,0.01805989484111865,0.8663415377581347,0.01805989484111865,0.8663415377581347,0.01805989484111865
Circle,0.801084613780157,0.0,0.801084613780157,0.0,0.801084613780157,0.0,0.801084613780157,0.0,0.801084613780157,0.0,0.801084613780157,0.0,0.801084613780157,0.0,0.801084613780157,0.0,0.801084613780157,0.0,0.801084613780157,0.0,0.801084613780157,0.0,0.801084613780157,0.0,0.7998331363415143,0.0,0.7969825488423833,0.0,0.7955920183550024,0.0,0.7955920183550024,0.0,0.7955920183550024,0.0,0.7955920183550024,0.0,0.7955920183550024,0.0,0.7955920183550024,0.0,0.7997636098171451,0.0020857957310713563,0.8054647848154072,0.004936383230202397,0.8180490857262046,0.010081346033511868,0.8323020232218591,0.015782521031773637,0.8515608704720851,0.026489605784606726,0.8715149829660014,0.037891955781130575,0.8996036988110964,0.057428909128832625,0.9279009942292985,0.07773065424459435,0.9478551067232148,0.11193770423416528,0.9672530070221789,0.14753528471111726,0.9815059445178335,0.19599527219634294,0.9942988250017379,0.24688868803448505,1.0,0.30960161301536526,0.9987485225613569,0.37440033372731707,0.9759438225683098,0.4456650212055898,0.9422929847736913,0.5096989501494819,0.8852812347910726,0.5581589376347077,0.8171452409094068,0.6010568031704095,0.7316276159354795,0.6352638531599802,0.6395049711464925,0.6628658833344921,0.5397344086769101,0.6828199958284085,0.4460821803518046,0.6905374400333727,0.3577139678787459,0.6876868525342417,0.27803657095181816,0.6709309601613016,0.2039212959744139,0.6452756726691234,0.14537996245567686,0.6098866717652786,0.09406938747132029,0.5699784467774457,0.05569074601960634,0.5236042550232913,0.021483696030035564,0.4751442675380659,0.00855176249739281,0.4243203782242927,0.0,0.373009803239936,0.012028088715845072,0.32169922825557945,0.02628102621149965,0.2703886532712232,0.0572203295557254,0.22464020023639025,0.08927205728985604,0.1794479593965098,0.13488145727595083,0.14239032190780782,0.181533755127581,0.1067232149064869,0.23569491761106856,0.08106792741430863,0.2904122922895085,0.0570812765069874,0.34742404227212664,0.03997775151220193,0.4036710004866854,0.02440381005353537,0.45783216297017315,0.013001460057011829,0.5110199541124936,0.004519224083988095,0.5623305290968501,0.00166863658485721,0.6100952513383855,0.0,0.6528540638253492,0.0,0.6886602238754087,0.0013905304873809041,0.7171660988667176,0.004241117986511945,0.7408746436765622,0.007091705485642674,0.7608287561704788,0.009942292984773714,0.7771674893972048,0.0127928804839046,0.7914204268928594,0.015643467983035484,0.7996245567684073,0.018494055482166524,0.805325731766669,0.021344642981297412,0.8088020579851213,0.021970381700618786,0.8116526454842523,0.021970381700618786,0.8120698046304665,0.021970381700618786,0.8120698046304665,0.021970381700618786,0.8120698046304665,0.021970381700618786,0.8120698046304665,0.021970381700618786
Circle,0.7620040349697379,0.021250840618695362,0.7620040349697379,0.021250840618695362,0.7620040349697379,0.021250840618695362,0.7620040349697379,0.021250840618695362,0.7620040349697379,0.021250840618695362,0.7620040349697379,0.021250840618695362,0.7620040349697379,0.021250840618695362,0.7620040349697379,0.021250840618695362,0.7620040349697379,0.021250840618695362,0.7620040349697379,0.021250840618695362,0.7620040349697379,0.021250840618695362,0.7620040349697379,0.021250840618695362,0.7620040349697379,0.021250840618695362,0.7620040349697379,0.021250840618695362,0.7643577673167452,0.021250840618695362,0.7671822461331541,0.021250840618695362,0.7726967047747142,0.021250840618695362,0.7787491593813048,0.021250840618695362,0.7900470746469404,0.021250840618695362,0.8024209818426362,0.022326832548755893,0.8193678547410894,0.02797579018157364,0.8371889710827171,0.034498991257565635,0.8569603227975792,0.04297242770679225,0.8779421654337592,0.05386684599865503,0.9005379959650303,0.0679892400806994,0.9231338264963013,0.08675184936112963,0.9457296570275725,0.10934767989240078,0.9626765299260255,0.13382649630127774,0.9767989240080701,0.15924680564895743,0.9887020847343648,0.18910558170813718,1.0,0.2201748486886348,0.9985205110961668,0.25635507733692,0.9953597848016142,0.2932750504371216,0.978412911903161,0.33846671149966356,0.9586415601882989,0.384465366509751,0.9219233355749833,0.435305985205111,0.8800268997982517,0.48392737054472085,0.8235373234700742,0.5262945527908539,0.7595158036314732,0.5643577673167451,0.6832548755884336,0.5954270342972426,0.6013449899125757,0.6208473436449229,0.5137861466039009,0.6406186953597847,0.4297242770679224,0.6498991257565567,0.34781439139206505,0.6527236045729659,0.27215870880968446,0.6409549428379289,0.19872225958305376,0.6240080699394757,0.14465366509751199,0.5925353059852052,0.09381304640215228,0.5586415601882987,0.056758574310692866,0.5137188971082719,0.02219233355749842,0.46825823806321487,0.008069939475454053,0.42024209818426406,0.0,0.37162071284465387,0.014122394082044366,0.32078009414929415,0.03389374579690648,0.2708809683927372,0.06496301277740409,0.22286482851378636,0.10242098184263591,0.17868190988567625,0.1476126429051779,0.139139206455952,0.1960322797579016,0.10766644250168139,0.24687289845326132,0.08224613315400138,0.2977135171486212,0.06072629455279093,0.34855413584398093,0.04095494283792896,0.3971082716879624,0.025756556825823767,0.44512441156691324,0.0116341627437794,0.4878950907868189,0.005379959650302652,0.5298587760591794,0.0,0.5637525218560859,0.0,0.5962340282447881,0.0,0.621654337592468,0.0,0.6446536650975115,0.0008069939475454356,0.6616005379959647,0.003631472763954309,0.677404169468729,0.0064559515803631826,0.6915265635507737,0.009280430396772055,0.7026899798251512,0.010625420309347681,0.7111634162743782,0.010625420309347681,0.7160053799596504,0.010625420309347681,0.718829858776059,0.010625420309347681,0.7216543375924682,0.010625420309347681,0.7244788164088771,0.010625420309347681,0.724815063887021,0.010625420309347681,0.724815063887021,0.010625420309347681
Circle,0.6457399103139013,0.009840558046836074,0.6457399103139013,0.009840558046836074,0.6457399103139013,0.009840558046836074,0.6457399103139013,0.009840558046836074,0.644867962132536,0.009840558046836074,0.6421898355754858,0.009840558046836074,0.6408196312904832,0.009840558046836074,0.6408196312904832,0.009840558046836074,0.6390757349277527,0.009840558046836074,0.6363976083707025,0.009840558046836074,0.6337194818136522,0.009840558046836074,0.6310413552566018,0.009840558046836074,0.6309790732436472,0.009840558046836074,0.6309790732436472,0.009840558046836074,0.6309790732436472,0.009840558046836074,0.6309790732436472,0.009840558046836074,0.6309790732436472,0.009840558046836074,0.6334703537618335,0.009840558046836074,0.6388266068759342,0.009840558046836074,0.6475460886895865,0.009840558046836074,0.6582585949177879,0.009840558046836074,0.6774414549078226,0.011958146487294534,0.6988664673642253,0.014636273044344741,0.7253986048829097,0.02242152466367718,0.7528026905829596,0.03139013452914794,0.7849402092675635,0.047458893871450025,0.8178251121076232,0.06576980568011966,0.8526407573492776,0.0898729446935725,0.8862730443447931,0.11515944195316394,0.9184105630293973,0.14194070752366714,0.9440707523667164,0.17196063776781284,0.9654957648231192,0.20409815645241644,0.9828101644245142,0.23829098156452425,0.9988789237668162,0.2731066268061785,1.0,0.3129048330842053,0.9980069755854509,0.3535749875435974,0.9765819631290484,0.399103139013453,0.950361235675137,0.4439461883408071,0.9101893373193822,0.4867962132536124,0.8610488290981564,0.5251619332336823,0.7994519182859988,0.5572994519182861,0.7222845042351769,0.583208769307424,0.6339063278525159,0.6046337817638265,0.541542102640757,0.620079720976582,0.44780767314399605,0.6334703537618337,0.36621823617339305,0.6274289985052316,0.28680866965620294,0.6182735426008966,0.2198555057299451,0.5941704035874439,0.15726208271051315,0.566953163926258,0.10905580468360716,0.5294593921275534,0.06720229197807671,0.48773044344793226,0.03506477329347269,0.4395241654210263,0.013390632785251455,0.3898231190832087,0.0,0.33893871449925284,0.0020553064275037744,0.2899850523168909,0.010089686098654675,0.24177877428998493,0.03232436472346766,0.19830592924763338,0.05742401594419533,0.15582959641255606,0.1029521674140508,0.12101395117090184,0.14960139511709006,0.08844045839561544,0.20048579970104666,0.06433731938216232,0.25336322869955163,0.0432237169905331,0.3096038863976082,0.027154957648231302,0.36297957149975113,0.015383657199800685,0.413863976083707,0.007349277528649783,0.46101145989038345,0.003051818634778319,0.5065396113602395,0.00037369207772783183,0.5405455904334828,0.0,0.5724962630792225,0.0,0.5965994020926758,0.0,0.6192077727952169,0.0,0.6352765321375187,0.0,0.6494768310911808,0.0,0.6601893373193821,0.0,0.666791230692576,0.0,0.6694693572496262,0.0,0.6703413054309915,0.0,0.6703413054309915,0.0,0.6703413054309915,0.0,0.6703413054309915,0.0
Circle,0.7556566104702748,0.0262866015971606,0.7556566104702748,0.0262866015971606,0.7556566104702748,0.0262866015971606,0.7556566104702748,0.0262866015971606,0.7556566104702748,0.0262866015971606,0.7556566104702748,0.0262866015971606,0.7556566104702748,0.0262866015971606,0.7556566104702748,0.0262866015971606,0.7556566104702748,0.0262866015971606,0.7556566104702748,0.0262866015971606,0.7556566104702748,0.0262866015971606,0.7556566104702748,0.0262866015971606,0.7556566104702748,0.0262866015971606,0.7556566104702748,0.0262866015971606,0.7556566104702748,0.0262866015971606,0.7556566104702748,0.0262866015971606,0.7556566104702748,0.0262866015971606,0.7556566104702748,0.0262866015971606,0.7607586512866015,0.0262866015971606,0.7678571428571428,0.0262866015971606,0.7776175687666367,0.027173913043478135,0.7953637976929899,0.030723158828748782,0.8131100266193427,0.03427240461401943,0.8364019520851812,0.04059449866903295,0.8612466725820762,0.04769299023957399,0.8849822537710732,0.05811889973380643,0.906277728482697,0.07586512866015967,0.927573203194321,0.09361135758651291,0.9458740017746222,0.12633096716947653,0.9636202307009755,0.16182342502218275,0.9787045252883756,0.20663265306122414,0.9893522626441881,0.26696983141082514,1.0,0.32730700976042565,0.9849157054125999,0.40051020408163274,0.9671694764862462,0.47504436557231583,0.9323425022182786,0.5387089618456075,0.8755545696539483,0.5883984028393963,0.8187666370896179,0.6380878438331852,0.7275953859804787,0.6740239574090506,0.6353149955634427,0.7095164152617566,0.5394853593611353,0.7343611357586511,0.4401064773735581,0.7485581188997338,0.3416149068322983,0.7615350488021295,0.2706299911268853,0.736690328305235,0.19964507542147308,0.7118456078083407,0.14063886424134836,0.6750221827861577,0.0909494232475598,0.6288819875776398,0.04392191659272408,0.5817435669920142,0.022626441881100193,0.5249556344276839,0.0013309671694763062,0.46816770186335405,0.0,0.4113797692990237,0.010647737355811695,0.3545918367346938,0.025732031943211824,0.298913043478261,0.06477373558118896,0.2492236024844719,0.10381543921916558,0.19953416149068334,0.15261756876663687,0.16204525288376226,0.20585625554569634,0.13010204081632643,0.2598713398402836,0.09971162377994691,0.31665927240461395,0.07486690328305237,0.37344720496894385,0.05002218278615809,0.42757320319432063,0.03316326530612263,0.4808118899733803,0.01896628216504004,0.531055900621118,0.007763975155279574,0.5736468500443657,0.004214729370008677,0.6162377994676129,0.0006654835847382777,0.6501774622892629,0.0,0.6821206743566992,0.0,0.710403726708074,0.0,0.7316992014196978,0.0,0.7529946761313222,0.0,0.7680789707187223,0.0031055900621118795,0.7822759538598044,0.0066548358473822785,0.7935891748003544,0.008762200532386865,0.8006876663708957,0.008762200532386865,0.8077861579414369,0.008762200532386865,0.8115572315882872,0.008762200532386865,0.8151064773735582,0.008762200532386865,0.8186557231588284,0.008762200532386865,0.8222049689440991,0.008762200532386865,0.8257542147293697,0.008762200532386865
Circle,0.6622632914687318,0.020563545259321924,0.6622632914687318,0.020563545259321924,0.6622632914687318,0.020563545259321924,0.6622632914687318,0.020563545259321924,0.6622632914687318,0.020563545259321924,0.6622632914687318,0.018155788377692456,0.6622632914687318,0.015617882475434455,0.6622632914687318,0.015422658944491444,0.6622632914687318,0.015422658944491444,0.6622632914687318,0.015422658944491444,0.6622632914687318,0.015422658944491444,0.6622632914687318,0.015422658944491444,0.6622632914687318,0.015422658944491444,0.6622632914687318,0.015422658944491444,0.6622632914687318,0.015422658944491444,0.6664280601288476,0.015422658944491444,0.6715038719333636,0.015422658944491444,0.6826316131971109,0.017439968764235033,0.695321142708401,0.01997787466649303,0.7138673781479794,0.026420251187609826,0.7341706253660443,0.03403396889438411,0.7601353549814538,0.04730916899850329,0.7880523199062928,0.06253660441205187,0.8196134574087333,0.0814082124032016,0.8526062341380882,0.10171145962126647,0.8838419990889571,0.1272857421747902,0.914296869916054,0.15520270709962905,0.9396759289386348,0.18988742109715626,0.9625170820589576,0.22795600963102755,0.9804776469057072,0.2692783236806143,0.9957050823192558,0.31242272401900184,1.0,0.3586907008524762,0.9974620940977421,0.40691091299537974,0.9799570508231927,0.4536344114010543,0.9520400858983534,0.4993167176416999,0.9098067287043663,0.5378408277477713,0.8565107047569465,0.5708336044771266,0.7909155983601225,0.5983601223400793,0.7147784212923796,0.6212012754604023,0.6347367736057785,0.6362334873430077,0.5509858788312615,0.6438472050497821,0.467234984056745,0.642806012884753,0.38348408928222816,0.6326543892757207,0.3067612416216567,0.6178174009240581,0.23823778226068837,0.5975141537059933,0.17856445630246648,0.5716795731112125,0.13034424415956275,0.5386867963818572,0.0883711850068328,0.5025704431574152,0.055378408277477656,0.4619639487212857,0.028242337476410403,0.4194052189757269,0.010476996160603975,0.37372291273508174,0.0,0.32895164963883633,0.002537905902258145,0.2858072493004489,0.010151623609032432,0.24350881759614737,0.027916964924839006,0.20290232316001824,0.05114856510704761,0.16463851109520392,0.08667924773866105,0.13164573436584878,0.1250732088241039,0.1015162360903233,0.17075551506474917,0.07867508297000074,0.21708856640853785,0.057786165159107124,0.2653087785514416,0.042558729745558695,0.3135289906943453,0.02850263551766761,0.36174920283724876,0.01835101190863532,0.40892822281512337,0.009240580464631998,0.45207262315351093,0.004164768660115855,0.4938504587752979,0.0,0.5293811414069107,0.0,0.5633500357909812,0.0,0.5887290948135618,0.0,0.6131320361814278,0.00032537255157154206,0.6308973774972347,0.002863278453829687,0.6478818246892695,0.005401184356087685,0.6580334482983017,0.00793909025834583,0.6679898483763909,0.010281772629660962,0.6756035660831653,0.010281772629660962,0.683087134769311,0.010281772629660962,0.6881629465738274,0.010281772629660962,0.6931736838680288,0.010281772629660962,0.695711589770287,0.010281772629660962,0.6982494956725451,0.010281772629660962
Circle,0.6018113678950656,0.019737663960024986,0.6018113678950656,0.019737663960024986,0.6018113678950656,0.019737663960024986,0.6018113678950656,0.019737663960024986,0.6018113678950656,0.019737663960024986,0.6018113678950656,0.019737663960024986,0.6018113678950656,0.019737663960024986,0.6018113678950656,0.019737663960024986,0.5995627732667086,0.019737663960024986,0.5968144909431607,0.019737663960024986,0.5940662086196129,0.019737663960024986,0.5919425359150532,0.019737663960024986,0.5919425359150532,0.019737663960024986,0.5919425359150532,0.019737663960024986,0.5919425359150532,0.019737663960024986,0.5919425359150532,0.01798875702685817,0.5919425359150532,0.015240474703310478,0.5919425359150532,0.01480324797001874,0.5920674578388505,0.01480324797001874,0.5948157401623984,0.01480324797001874,0.5982510930668333,0.01480324797001874,0.6037476577139287,0.01480324797001874,0.6129918800749531,0.016052467207994976,0.6267332916926922,0.01880074953154281,0.6477201748906934,0.02517176764522167,0.6724547158026234,0.03341661461586502,0.706683322923173,0.04640849469081825,0.7427857589006871,0.06052467207995003,0.784009993753904,0.07976264834478444,0.8252342286071209,0.10199875078076218,0.8664584634603373,0.13222985633978776,0.9024359775140539,0.16639600249843844,0.9326670830730796,0.2048719550281074,0.9554028732042474,0.24709556527170506,0.9746408494690819,0.29106808244846955,0.9890068707058086,0.3399125546533414,1.0,0.3898813241723924,0.9835103060587133,0.4448469706433478,0.9548407245471583,0.4981886321049342,0.8971267957526549,0.5476577139287944,0.8242973141786387,0.5888819487820109,0.7363522798251098,0.6218613366645844,0.6309806371018114,0.6490318550905684,0.5183010618363525,0.6737663960024987,0.4106183635227983,0.6760149906308557,0.30655840099937565,0.6741411617738914,0.22685821361649006,0.6576514678326046,0.15502810743285478,0.6350405996252344,0.10006246096189884,0.5993129294191128,0.05371642723297957,0.5564022485946283,0.015240474703310478,0.5069331667707684,0.0027482823235478325,0.4514678326046222,0.0,0.3937539038101188,0.0074953154278577,0.3386008744534669,0.019113054341036727,0.28438475952529707,0.05209244222361029,0.23491567770143662,0.0897564022485946,0.18825733916302315,0.13647720174890693,0.14703310430980637,0.1891942535915056,0.11330418488444714,0.24690818238600853,0.08582136164896952,0.3046221111805123,0.0645221736414741,0.3623360399750151,0.04528419737663969,0.40955652717051844,0.03129294191130545,0.4545284197376638,0.018425983760150047,0.49025608994378506,0.01018113678950655,0.5219862585883822,0.003935040599625229,0.5467207995003122,0.001186758276077537,0.5683322923173018,0.0,0.587570268582136,0.0,0.6025608994378514,0.0,0.6163023110555903,0.0,0.6246720799500313,0.0,0.6319175515302936,0.0,0.6346658338538415,0.0,0.6374141161773892,0.0,0.6401623985009368,0.0,0.6412866958151157,0.0,0.6412866958151157,0.0,0.6412866958151157,0.0,0.6412866958151157,0.0
Circle,0.7264150943396226,0.03773584905660377,0.7397898256508243,0.05779794602340575,0.7571053260090757,0.08968235013135886,0.7759732505373775,0.13338906138046308,0.7893479818485792,0.1935753522808693,0.7975877716742301,0.2588965846668258,0.8042751373298304,0.33054693097683296,0.8109625029854313,0.41079531884404114,0.8113207547169812,0.4973728206352997,0.8005732027704803,0.5843085741581084,0.7796751850967282,0.670408406973967,0.7529257224743253,0.750656794841175,0.7166228803439217,0.8213518032003821,0.6724385001194179,0.8821351803200381,0.6189395748746117,0.9289467399092429,0.5594697874373061,0.9638165751134462,0.4960592309529493,0.9875806066395988,0.42918557439694305,1.0,0.36231191784093625,1.0,0.2998566993073799,0.9911631239550991,0.2413422498208738,0.9744447098160973,0.18784332457606923,0.9476952471936945,0.13995700979221415,0.9097205636493911,0.09887747790780968,0.8638643420109863,0.06556006687365688,0.8102459995223308,0.03881060425125407,0.750059708621925,0.02018151421065231,0.689873417721519,0.00812037258180052,0.629687126821113,0.001433006926200218,0.5695008359207071,0.0,0.5145689037497018,0.005015524241700495,0.46357774062574636,0.018390255552902173,0.41676618103654184,0.04466204919990474,0.36995462144733704,0.07141151182230702,0.3268449964174829,0.0991163123955098,0.28863147838547887,0.13255314067351345,0.261882015763076,0.17088607594936728,0.23513255314067347,0.21101026988297122,0.21053260090757098,0.25113446381657517,0.190470503940769,0.2912586577501792,0.17040840697396703,0.3313828516837831,0.15368999283496546,0.37150704561738707,0.13971817530451403,0.411631239550991,0.11965607833771204,0.45175543348459496,0.1041318366372103,0.49187962741819896,0.09075710532600915,0.5320038213518035,0.07738237401480774,0.566395987580607,0.06400764270360634,0.5998328158586101,0.05361834248865543,0.6332696441366134,0.04693097683305486,0.666706472414617,0.04024361117745402,0.7001433006926195,0.03355624552185345,0.7335801289706232,0.026868879866252613,0.7670169572486268,0.020181514210652042,0.8004537855266305,0.013494148555051471,0.8312634344399328,0.006806782899450633,0.8580128970623356,0.00011941724385006285,0.8847623596847384,0.0,0.9076904705039408,0.0,0.9266778122760925,0.0,0.9400525435872942,0.0,0.9534272748984953,0.0,0.9645330785765461,0.0,0.9712204442321469,0.0,0.9779078098877472,0.0,0.9811320754716981,0.0,0.9811320754716981,0.0,0.9811320754716981,0.0,0.9811320754716981,0.0,0.983042751373298,0.0,0.9897301170288995,0.0,0.9905660377358491,0.0,0.9905660377358491,0.0,0.9905660377358491,0.0,0.9905660377358491,0.0,0.9905660377358491,0.0,0.9905660377358491,0.0,0.9905660377358491,0.0,0.9905660377358491,0.0,0.9905660377358491,0.0,0.9905660377358491,0.0
Circle,0.3375859292747879,0.009785099399269215,0.3375859292747879,0.006812410974174754,0.3375859292747879,0.004892549699634608,0.3375859292747879,0.004892549699634608,0.3375859292747879,0.004892549699634608,0.3374001362482196,0.004892549699634608,0.3344274478231253,0.004892549699634608,0.3326933795751533,0.004892549699634608,0.3326933795751533,0.004892549699634608,0.3326933795751533,0.004892549699634608,0.3326933795751533,0.004892549699634608,0.3326933795751533,0.004892549699634608,0.3341177927788446,0.003468136495943538,0.33709048120393864,0.0004954480708490073,0.3450176503375242,0.0,0.35505047377221777,0.0,0.3699139158976899,0.0,0.38799777048368134,0.0016102062302594824,0.4088065894593421,0.0045828946553539435,0.4349414751966308,0.010218616461262202,0.4631820152350284,0.019136681736545515,0.49588158791106707,0.03697281228711221,0.528581160587106,0.060196940608162594,0.5612807332631452,0.08695113643401246,0.5939803059391838,0.1307982907041556,0.6266798786152228,0.17910447761194048,0.6593794512912617,0.23558555768873482,0.6861336471171118,0.301975599182511,0.709791292500155,0.37356784542020216,0.7276274230507216,0.4568031213228466,0.7410045209636468,0.5400383972254911,0.7469498978138357,0.6232736731281355,0.7398897628042361,0.7000061931008859,0.7260172168204623,0.7730847835511243,0.690344955719329,0.832538552053013,0.6481699386883015,0.884189013439029,0.5976342354616955,0.9258066513903515,0.5400383972254909,0.9580107759955412,0.47971759459961566,0.9851365578745281,0.4143184492475381,0.9970273115749057,0.3504056481080078,1.0,0.2879791911810242,0.9940546231498111,0.23317024834334554,0.9754133894841149,0.18090047686876845,0.9527466402427696,0.13333746206725708,0.9230197559918253,0.09413513346132418,0.888276460023534,0.061435560785284976,0.8496315104973063,0.03691088127825591,0.8055366321917387,0.016349786338019468,0.7609463058153221,0.004459032637641622,0.716355979438905,0.0,0.6699077227968043,0.0,0.6223447079952932,0.0058215148324766005,0.5776924506100204,0.01374868396606183,0.5340930203753019,0.025639437666439675,0.4924753824239795,0.04161763795132218,0.45494519105716236,0.059825354555025904,0.419396791973741,0.08657955038087564,0.38669721929770234,0.11333374620672593,0.3563510249581964,0.14008794203257566,0.32959682913234667,0.16907165417724662,0.30507214962531737,0.19879853842819095,0.28190995231312327,0.22852542267913556,0.2640738217625565,0.2582523069300796,0.247600173406825,0.2879791911810242,0.23273673128135255,0.31529076608657985,0.22028859850126953,0.34105406577073155,0.20839784480089182,0.3618628847463926,0.19650709110051398,0.3795751532792468,0.1861646126215396,0.39443859540471926,0.17724654734625622,0.4067009351582338,0.1709295844429306,0.4179104477611943,0.16498420759274168,0.4268285130364775,0.15903883074255276,0.4357465783117608,0.15309345389236398,0.444664643587044,0.1471480770421752,0.45358270886232727,0.14120270019198614,0.46250077413761104,0.13525732334179721,0.47141883941289403,0.1293119464916083,0.4784170434136373,0.12336656964141951,0.4843624202638262,0.11742119279123059
Circle,0.37786487743306973,0.02624061648840762,0.374144688766359,0.02624061648840762,0.37261675413538825,0.02624061648840762,0.37261675413538825,0.02624061648840762,0.37261675413538825,0.02624061648840762,0.37261675413538825,0.02624061648840762,0.37261675413538825,0.02624061648840762,0.37261675413538825,0.02624061648840762,0.37261675413538825,0.02624061648840762,0.37261675413538825,0.02624061648840762,0.37261675413538825,0.02624061648840762,0.37261675413538825,0.02624061648840762,0.37261675413538825,0.02624061648840762,0.37261675413538825,0.02624061648840762,0.37261675413538825,0.02624061648840762,0.37261675413538825,0.022919019464558557,0.37261675413538825,0.0209924931907261,0.37261675413538825,0.0209924931907261,0.37261675413538825,0.0209924931907261,0.37507473593303653,0.0209924931907261,0.38065501893310294,0.0209924931907261,0.3918155849332358,0.0209924931907261,0.4092207533382052,0.0209924931907261,0.42941606324320714,0.02258685976217366,0.45187005912442685,0.0264399123098385,0.48163156845811467,0.03760047830997135,0.5181691357204544,0.05327841626253906,0.5568989570185345,0.07407161363183414,0.586660466352222,0.10383312296552177,0.6134989703049223,0.1452866538231582,0.643725503221949,0.195509200823756,0.6809273898890585,0.2550322194911313,0.7073673021988971,0.3289045373015345,0.7292898425563007,0.40948648110011293,0.7462964193184083,0.4961137314820965,0.7537367966518301,0.5891184481498705,0.7448349166279147,0.6793994552580881,0.7215837374609712,0.7662924334019797,0.6806616621271505,0.8481365840696207,0.6160233840430478,0.9062645319869792,0.5434797050421839,0.9546269846542217,0.4653557430412543,0.9925596226665779,0.3872317810403244,1.0,0.31163223277751934,0.9897694811665447,0.23922141765760985,0.9651896631900616,0.17225802165681248,0.9242675878562412,0.12123829137049054,0.8705905799508401,0.07951903275094638,0.8114661529263268,0.046435926393409904,0.7479572178303329,0.024114794393144207,0.6772736331628245,0.008769016142961694,0.6065900484953167,0.0,0.5367036471135319,0.0,0.46974025111273515,0.011957749285856665,0.4057662924334019,0.029761509333687493,0.34544609048030306,0.05208264133395348,0.2896432604796384,0.08901880023915473,0.24114794393144237,0.13047233109679146,0.19491131335946307,0.17571248256161548,0.15206271175181033,0.2240749352288579,0.1185810137514115,0.27522752939613354,0.08788945725104631,0.32857237759914976,0.06191456852454644,0.3843752075998137,0.04331362519099179,0.43326911579087224,0.028167142762240006,0.4797050421842821,0.01521291436922872,0.5227529396133659,0.004849531654819616,0.5525144489470537,0.0011293429881087164,0.5770942669235368,0.0,0.5972895768285391,0.0,0.6121703314953827,0.0,0.6237959210788547,0.00325516508337213,0.6332292566265859,0.005248123297681525,0.6404703381385769,0.005447419119112479,0.6441905268052879,0.009167607785823453,0.6479107154719986,0.01049624659536305,0.650767288912509,0.01049624659536305,0.650767288912509,0.01049624659536305,0.650767288912509,0.01049624659536305,0.650767288912509,0.01049624659536305,0.650767288912509,0.01049624659536305
Circle,0.5968938015950749,0.005526794459213656,0.5968938015950749,0.0016090667412901095,0.5968938015950749,0.0,0.5968938015950749,0.0,0.5968938015950749,0.0,0.5968938015950749,0.0,0.5968938015950749,0.0,0.5968938015950749,0.0,0.5968938015950749,0.0,0.5968938015950749,0.0,0.5968938015950749,0.0,0.5968938015950749,0.0,0.5968938015950749,0.0,0.5968938015950749,0.0,0.5968938015950749,0.0,0.5968938015950749,0.0,0.5968938015950749,0.0,0.5968938015950749,0.0,0.5968938015950749,0.0,0.5994823002658458,0.0,0.6053588918427308,0.0,0.617112074996502,0.0,0.6354414439625017,0.006576185812228883,0.6567091087169443,0.017769693577724954,0.6803553938715544,0.03365048272002244,0.7116972156149431,0.06107457674548742,0.7501748985588357,0.0980131523716243,0.7940394571148736,0.14418637190429556,0.8410521897299568,0.20295228767314955,0.8757520638029941,0.2740310619840492,0.9041555897579404,0.35581362809570444,0.927661956065482,0.44983909332587096,0.9247236602770392,0.5514201762977474,0.9077934797817265,0.6532810969637611,0.8770113334266123,0.7523436406884008,0.8260808730936057,0.8346159227647966,0.7636770673009655,0.8968098502868338,0.6932978872254092,0.9466209598432909,0.614943332866937,0.985798237022527,0.5294529173079612,1.0,0.44522177137260394,1.0,0.36364908353155184,0.9861480341401988,0.2892122568910034,0.9508884846788863,0.21743388834476038,0.9049951028403527,0.1521617461872114,0.8519658598013152,0.10123128585420452,0.793199944032461,0.0637330348397926,0.727717923604309,0.03372044214355666,0.6611165523996083,0.010773751224289793,0.5943752623478384,0.002938295788442699,0.5238561634252134,0.0,0.4606828039736955,0.004197565412061223,0.40191688820484117,0.023786204001678798,0.34315097243598736,0.049671190709388684,0.29382957884427024,0.08171260668812054,0.2483559535469428,0.12088988386735695,0.20526094864978298,0.17161046592976054,0.16986148034140214,0.22477962781586697,0.13907933398628786,0.27962781586679725,0.11228487477263199,0.33447600391772814,0.08877850846509024,0.3863858961802154,0.07114873373443405,0.43598712746606955,0.05680705190989229,0.48299986008115275,0.045053868756121496,0.5263747026724501,0.03693857562613688,0.5633832377221212,0.02910312019028963,0.594305302924304,0.0216874212956485,0.6217293969497691,0.017769693577724954,0.643696655939555,0.016580383377640968,0.6621659437526235,0.016580383377640968,0.6778368546243176,0.016580383377640968,0.6900797537428289,0.016580383377640968,0.7000139918847068,0.016580383377640968,0.707639569049951,0.016580383377640968,0.7115572967678747,0.016580383377640968,0.7129564852385616,0.016580383377640968,0.7129564852385616,0.016580383377640968,0.7129564852385616,0.016580383377640968,0.7129564852385616,0.016580383377640968,0.7129564852385616,0.016580383377640968,0.7129564852385616,0.016580383377640968
Circle,0.8041237113402062,0.0,0.8041237113402062,0.0,0.8041237113402062,0.0,0.8041237113402062,0.0,0.8041237113402062,0.0,0.8041237113402062,0.0,0.8041237113402062,0.0,0.8041237113402062,0.0,0.8041237113402062,0.0,0.8041237113402062,0.0,0.8041237113402062,0.0,0.8041237113402062,0.0,0.8041237113402062,0.0,0.806146417852016,0.0,0.8094740963069293,0.0,0.8128017747618427,0.0,0.81782591674279,0.003392927052068362,0.8244812736526164,0.010048283961894855,0.8343338118230459,0.019900822132324143,0.8443168471877857,0.03262429857758057,0.8542998825525253,0.04926269085214659,0.872895732741746,0.07451389795119402,0.8939057810257082,0.10531123580843003,0.9171995302101005,0.14524337726738884,0.9404932793944929,0.1953542998825526,0.9623515594414719,0.2507503588672843,0.9789899517160382,0.31397624951063546,0.9911914393840529,0.383857497063813,1.0,0.45784940623776593,1.0,0.537713689155683,0.992431162730001,0.6194701813911002,0.9787942059245726,0.7022706511809994,0.9488450998303538,0.7654965418243507,0.8719170037844184,0.8193266344773589,0.7421375440428033,0.8625864543912306,0.6276915046326502,0.8935795380399323,0.5195093305493934,0.9136108573665667,0.4196789769019965,0.91693853582148,0.33355082865718394,0.9010831267127757,0.2549262690852145,0.8774631345426073,0.18837269998695044,0.8441863499934752,0.13630431945713162,0.801252773065379,0.0926530079603288,0.7534907999478012,0.0627039018661098,0.7002479446691896,0.036930705989821434,0.644917134281613,0.01468093435991122,0.5883466005480881,0.004697898995171555,0.5317760668145637,0.0,0.47520553308103874,0.0,0.41863499934751375,0.009787289573273952,0.36858932532950534,0.024076732350254332,0.32010961764322077,0.04404280307973366,0.2735221192744353,0.07281743442515984,0.22987080777763277,0.10387576667101661,0.18882944016703648,0.13715255122014863,0.15222497716299113,0.17564922354169402,0.12084040193135842,0.21636434816651465,0.09245726216886338,0.2596241680803861,0.06916351298447088,0.30516768889468865,0.05043716560093969,0.35129844708338775,0.03425551350645956,0.3945582669972597,0.020944799686806726,0.4358606289964763,0.011549001696463468,0.4759232676497451,0.005024141980947354,0.5191830875636173,0.001696463526034181,0.5591804776197311,0.0,0.5957849406237767,0.0,0.6323894036278224,0.0,0.6650789508025575,0.0013049719431031937,0.6917003784418635,0.004632650398016513,0.7183218060811691,0.005154639175257732,0.7449432337204749,0.005154639175257732,0.7715646613597809,0.005154639175257732,0.7957066423071905,0.005154639175257732,0.8183479055200312,0.005154639175257732,0.8383139762495109,0.005154639175257732,0.8539736395667492,0.007307842881377943,0.8672843533864022,0.010309278350515464,0.8805950672060548,0.010309278350515464,0.8920788203053635,0.012136239070860023,0.9020618556701031,0.015463917525773196
Circle,0.793918918918919,0.17575807514831904,0.793918918918919,0.17575807514831904,0.793918918918919,0.17575807514831904,0.7908701384311141,0.17270929466051416,0.7855141727092945,0.1692485168094924,0.7808998022412657,0.1692485168094924,0.7808998022412657,0.1692485168094924,0.7808998022412657,0.1692485168094924,0.7808998022412657,0.1692485168094924,0.7808998022412657,0.1692485168094924,0.7808998022412657,0.1692485168094924,0.7808998022412657,0.1692485168094924,0.7808998022412657,0.1692485168094924,0.7763678312458802,0.1692485168094924,0.7710118655240609,0.1692485168094924,0.7678806855636124,0.1692485168094924,0.7678806855636124,0.16817732366512864,0.7678806855636124,0.16282135794330918,0.7731542518127885,0.16273895847066577,0.774390243902439,0.16273895847066577,0.774390243902439,0.16273895847066577,0.774390243902439,0.16273895847066577,0.774390243902439,0.16273895847066577,0.774390243902439,0.16273895847066577,0.774390243902439,0.16273895847066577,0.7780982201713909,0.16273895847066577,0.7834541858932101,0.16273895847066577,0.7902109426499672,0.16273895847066577,0.8009228740936056,0.16323335530652605,0.811634805537245,0.17394528675016477,0.8267963085036254,0.19355636123928807,0.8461601845748188,0.22486816084377081,0.8654416611733683,0.26878707976268973,0.8805207646671059,0.32630191166776545,0.8912326961107452,0.4012854317732368,0.8863711272247856,0.48665128543177344,0.8648648648648646,0.5804218852999341,0.8294330916282134,0.6768292682926829,0.7813941990771258,0.7697758734344103,0.7207481872116017,0.8531641397495056,0.6457646671061303,0.9174357284113385,0.5564436387607118,0.9625906394199076,0.46176664469347356,0.9909360580092289,0.3678312458800259,1.0,0.2794166117336847,0.9893704680290047,0.19957152274225443,0.9620962425840472,0.13529993408042185,0.9192485168094924,0.08412986156888574,0.8632992748846408,0.04556690837178642,0.8011700725115357,0.019611074489123487,0.7368984838497031,0.005355965721819628,0.6717205009887934,0.0,0.6020929466051412,0.004861568885959537,0.5324653922214897,0.026038233355306896,0.46679301252471955,0.0584212261041536,0.4025214238628868,0.09920896506262408,0.3382498352010544,0.14840145023071868,0.2744726433750821,0.207317073170732,0.2155570204350686,0.2709294660514173,0.16133816743572818,0.3316578773895849,0.11486486486486462,0.39535266974291344,0.07679630850362557,0.46498022412656603,0.04713249835201047,0.5345253790375746,0.025791034937376296,0.5987969676994068,0.009723137771918335,0.658783783783784,0.0022247857613711505,0.7145682267633492,0.0,0.7641727092946606,0.003955174686882025,0.806196440342782,0.014667106130520911,0.843688200395518,0.025379037574159612,0.8761535926170075,0.03609096901779831,0.9005438365194463,0.0468029004614372,0.9192485168094924,0.054795649307844474,0.9337508239947266,0.06015161502966392,0.9444627554383652,0.06550758075148318,0.9551746868820041,0.07086354647330262,0.9658866183256429,0.07621951219512206,0.9731377719182593,0.08157547791694132,0.9784937376400794,0.0846242584047462,0.9838497033618986,0.08577785102175357,0.9892056690837179,0.09113381674357283
Circle,0.8567421949959407,0.04664550889364529,0.8567421949959407,0.04664550889364529,0.853125691932984,0.04664550889364529,0.8509115063842351,0.04664550889364529,0.8509115063842351,0.04664550889364529,0.8509115063842351,0.04664550889364529,0.8509115063842351,0.04664550889364529,0.8509115063842351,0.04664550889364529,0.8509115063842351,0.04664550889364529,0.8509115063842351,0.04664550889364529,0.8509115063842351,0.04664550889364529,0.8509115063842351,0.04664550889364529,0.8509115063842351,0.04664550889364529,0.8509115063842351,0.04664550889364529,0.8509115063842351,0.04664550889364529,0.8509115063842351,0.04664550889364529,0.8509115063842351,0.04664550889364529,0.8509115063842351,0.04664550889364529,0.8509115063842351,0.04664550889364529,0.8509115063842351,0.04664550889364529,0.8509115063842351,0.04664550889364529,0.8509115063842351,0.04664550889364529,0.8509115063842351,0.04664550889364529,0.8509115063842351,0.04664550889364529,0.8509115063842351,0.04664550889364529,0.8509115063842351,0.04664550889364529,0.8512805373090265,0.04664550889364529,0.8560041331463577,0.04664550889364529,0.860727728983689,0.04664550889364529,0.8683297660343939,0.04952395010701904,0.8795483061480549,0.056018894383349345,0.8943833493246733,0.06745885305188568,0.913277732673998,0.09107683223854147,0.9321721160233228,0.12753708760794158,0.951066499372647,0.1780205181194184,0.9678943095431398,0.2409033877038894,0.9811056166506752,0.3146357664772309,0.9905528083253377,0.39966049154919187,1.0,0.4892612000885674,0.988633847516422,0.5824784116908995,0.9602922724924349,0.6745885305188578,0.9174846852166207,0.7580633257066941,0.8574064506605662,0.8234556055797475,0.6920805963539745,0.8659679681157283,0.5418112037788768,0.8971879843530889,0.4113218687726027,0.9069304007675842,0.29943169237582135,0.8944571555096318,0.20289320245036552,0.8643442320466457,0.1320392648903976,0.8171082736733337,0.08148202819396293,0.757694294781903,0.04310281201564673,0.6903830540999333,0.017418259650158818,0.619529116539966,0.004723595837331194,0.5486751789799988,0.0,0.4778212414200309,0.012694663812827625,0.41132186877260335,0.036607867739316256,0.3484389991881322,0.06923020149088496,0.28917263266661747,0.11011882795778276,0.23352276920805978,0.16207838216842588,0.18156321499741665,0.22798730533618744,0.13890324009151975,0.2905749501808249,0.10347627131153611,0.35198169606613045,0.07284670455384151,0.4147169532806846,0.04716215218835344,0.4806258764484465,0.028489187393903492,0.5420326223337514,0.014318399881910077,0.6034393682190565,0.003985533987748215,0.6593844564174479,0.0,0.7113440106280907,0.0,0.7622702782493175,0.0005166432947079853,0.8047826407852976,0.005240239132039179,0.8390287106059486,0.014096981327035085,0.8690678278839769,0.023544173001697637,0.8935714812901321,0.03299136467635986,0.9116539966049151,0.04162668831648094,0.9258247841169094,0.046350284153812135,0.9355672005314044,0.05107387999114333,0.9416931138829434,0.05579747582847436,0.9464167097202746,0.05830688611705662,0.9500332127832313,0.05830688611705662,0.9500332127832313,0.05830688611705662
Circle,0.9569377990430622,0.1722488038277512,0.9569377990430622,0.1722488038277512,0.9569377990430622,0.1722488038277512,0.9569377990430622,0.1722488038277512,0.9569377990430622,0.1722488038277512,0.9569377990430622,0.1722488038277512,0.9569377990430622,0.1722488038277512,0.9569377990430622,0.1722488038277512,0.9569377990430622,0.1722488038277512,0.9569377990430622,0.1722488038277512,0.9569377990430622,0.1722488038277512,0.9569377990430622,0.1722488038277512,0.9569377990430622,0.1722488038277512,0.9569377990430622,0.1722488038277512,0.9569377990430622,0.1722488038277512,0.9569377990430622,0.1722488038277512,0.9585730724971234,0.17388407728181215,0.9622070135061476,0.17751801829083635,0.9689903700563259,0.1843013748410152,0.9757737266065047,0.19556659196899037,0.9825570831566836,0.21167706377566478,0.9893404397068619,0.23541881170128992,0.9932772091333053,0.27054690812185805,0.9966688874083944,0.31366967476227986,1.0,0.36472654593907083,1.0,0.4257767548906788,0.9938223002846591,0.49094543031918103,0.9803161528677851,0.559445218339289,0.9531827266670707,0.630670462116165,0.9127248500999333,0.6965659257464719,0.8622736357579796,0.7546484162073769,0.8012234268063714,0.8021319120586274,0.6714917327842045,0.833262673369269,0.5486039609956999,0.8544000969050936,0.4361940524498818,0.8650596571982313,0.3412270607473805,0.8582763006480528,0.2561928411362121,0.8390769789837079,0.1813336563503117,0.8098843195445459,0.12028344739870377,0.769184180243474,0.07776633759311971,0.7161286415117193,0.042153715704681745,0.6601659499727451,0.013445581733389882,0.6022045908788082,0.0032705469081218924,0.5411543819272002,0.0,0.48010417297559216,0.0027254557567681532,0.4190539640239841,0.012900490582036142,0.3580037550723759,0.028889831021743292,0.305675004542426,0.05190479074556353,0.2563139725031796,0.08267215795530228,0.20907273938586415,0.11998061898128509,0.16837260008479193,0.16364847677306024,0.12979225970565103,0.2118587608261162,0.09393737508327775,0.2627339349524556,0.06341227060747391,0.31360910907879613,0.041063533401974404,0.36448428320513576,0.02337835382472295,0.415359457331476,0.009811640724365541,0.4695657440494215,0.002907152807219445,0.5238325964508511,0.0,0.5775543577009268,0.0005450911513536034,0.6284295318272667,0.003936769426442888,0.6716734298346556,0.012415965114166302,0.7112228211495367,0.024892495911816505,0.7485312821755193,0.041850887287263064,0.7795409121191934,0.06195869420386412,0.8065532069529404,0.0823087638544001,0.8302949548785657,0.10265883350493608,0.8540367028041912,0.12300890315547205,0.8730543274180852,0.14099691115014235,0.8890436678577918,0.1560172006541094,0.9026103809581489,0.16619223547937725,0.9132093755678035,0.17636727030464538,0.9218097026224938,0.183392889588759,0.9285930591726727,0.18660287081339713,0.9353764157228515,0.18660287081339713,0.9399794076676159,0.18660287081339713,0.943371085942705,0.18660287081339713,0.9467627642177943,0.18660287081339713,0.9501544424928834,0.18660287081339713,0.9535461207679725,0.18660287081339713,0.9569377990430622,0.18660287081339713
Circle,0.9758454106280193,0.18326912493120529,0.9758454106280193,0.18559285757964902,0.9758454106280193,0.18791659022809276,0.9779856906989542,0.19666116308934148,0.9803094233473981,0.20595609368311632,0.9845899834892681,0.22112150675717002,0.9892374487861553,0.23738763529627593,0.9921115391671254,0.26074726349905225,0.9944352718155687,0.28630832263193295,0.9967590044640126,0.3182290711184492,0.9990827371124564,0.35308506084510494,1.0,0.3935669296153611,1.0,0.4377178499357916,0.9951079312664344,0.4843148046230051,0.9858130006726594,0.5331131902403231,0.9723598116553535,0.5798324466458754,0.9537699504678041,0.6239833669663059,0.9000794961169198,0.6629976151164925,0.7862165963431786,0.6932061395462606,0.6790802910780893,0.7207240261725677,0.588454717788785,0.7416376200085609,0.5012535926129761,0.7591267657310584,0.4268941478627775,0.7637742310279458,0.35436922888766575,0.7662814162538985,0.29395218002812906,0.7546627530116798,0.23426894147862784,0.7425548828961048,0.18779428850975358,0.7216412890601113,0.1413196355408793,0.700727695224118,0.10842047330764992,0.670763774231028,0.07588821622943812,0.6405552498012597,0.0516724759982877,0.6061884669479608,0.028435149513850847,0.5713324772213049,0.01467620620069706,0.5364764874946494,0.003057542958478497,0.5016204977679934,0.0,0.46505228398458986,0.0,0.42787256160949055,0.003057542958478497,0.39069283923439124,0.007705008255365978,0.353513116859292,0.015043111355714645,0.3190240322876536,0.024338041949489332,0.28649177520944175,0.03711857151592984,0.2551213844554516,0.05338470005503588,0.22491286002568328,0.07160765608756821,0.19666116308934137,0.09252124992356119,0.17110010395646064,0.11581972726716777,0.1463340059927844,0.14370451904849266,0.12309667950834699,0.1728123280132084,0.10108237020730139,0.20534458509142048,0.08249250901975175,0.23873295419800666,0.06475875986057605,0.275912676573106,0.05081636396991375,0.31309239894820523,0.03736317495260809,0.35027212132330454,0.02806824435883326,0.38745184369840385,0.018834464624228036,0.4246315660735034,0.011863266678896816,0.4618112884486024,0.004892068733565733,0.4967895798935973,0.0023237326484437403,0.5316455696202532,0.0,0.564483580994313,0.0017122240567479035,0.597015838072525,0.004035956705191781,0.6240445178254755,0.010028740903809718,0.6496055769583563,0.016999938849140937,0.6735155628936589,0.02727328318962877,0.6967528893780957,0.03889194643184733,0.718522595242463,0.05344585091420534,0.7394361890784565,0.06971197945331138,0.759065614871889,0.08726227603497828,0.7776554760594386,0.10585213722252806,0.7962453372469882,0.12444199841007758,0.8148351984345381,0.1430318595976275,0.8334250596220881,0.16162172078517714,0.8520149208096375,0.1802115819727268,0.871338592307222,0.19806763285024154,0.8922521861432152,0.2143337613893476,0.9120650645141566,0.2300495321959274,0.9283311930532621,0.24399192808658957,0.9442304164373508,0.25720051366721713,0.9581728123280135,0.2664954442609919,0.9717483030636578,0.2756069222772581,0.9810432336574327,0.28257812022258916,0.9903381642512077,0.2895493181679203
Circle,0.8836151678196259,0.4642582628747118,0.8799641301562898,0.4642582628747118,0.8785549577248271,0.4642582628747118,0.8785549577248271,0.4642582628747118,0.8785549577248271,0.4642582628747118,0.8785549577248271,0.4642582628747118,0.8785549577248271,0.4642582628747118,0.8782987445554701,0.4642582628747118,0.8746477068921344,0.4642582628747118,0.8734947476300282,0.4642582628747118,0.8734947476300282,0.4642582628747118,0.8734947476300282,0.4642582628747118,0.8734947476300282,0.460927491673072,0.8734947476300282,0.45727645400973616,0.8734947476300282,0.45413784268511403,0.8734947476300282,0.45413784268511403,0.8734947476300282,0.45413784268511403,0.8748398667691518,0.45413784268511403,0.878490904432488,0.45413784268511403,0.8785549577248271,0.45413784268511403,0.8785549577248271,0.4563156546246478,0.8793235972328975,0.46073533179605425,0.8829746348962337,0.468037407122726,0.8866256725595698,0.48136049192928515,0.8886753779144249,0.4991673071995901,0.8886753779144249,0.5216500128106584,0.8886753779144249,0.5545093517806816,0.881373302587753,0.5946707660773763,0.8652959262106071,0.638483218037407,0.8360876249039202,0.682295669997438,0.7905457340507304,0.7261081219574687,0.7375096079938509,0.7624903920061491,0.6772995131949784,0.7908019472200871,0.6042787599282605,0.8127081732001026,0.5258775301050475,0.8265436843453753,0.4455547015116581,0.832372533948245,0.3652318729182681,0.8287214962849091,0.2954778375608507,0.8109787343069434,0.23033563925185793,0.7863822700486808,0.17108634383807328,0.7550602100947988,0.1236228542147067,0.7148987957981043,0.08499871893415335,0.6688444786062004,0.0531001793492186,0.6183064309505509,0.02779912887522453,0.5635408660005128,0.009543940558544895,0.5087753010504742,0.0007686395080707548,0.45163976428388414,0.0,0.39322316167051025,0.00730207532667174,0.33480655905713574,0.024212144504227772,0.27959262106072247,0.04246733282090683,0.2266205482961828,0.062259800153727694,0.1762746605175508,0.0951191391237511,0.13246220855751994,0.1332308480655907,0.09390212656930572,0.17582628747117576,0.061042787599282736,0.22328977709454265,0.03548552395593136,0.2742121445042275,0.01684601588521649,0.32737637714578494,0.004739943633102749,0.3815014091724313,0.0,0.43261593645913404,0.00730207532667174,0.4837304637458362,0.02325134511913911,0.5333717653087365,0.045926210607225085,0.5808352549321034,0.07526261849859084,0.6282987445554703,0.11177299513194983,0.6734563156546244,0.1552011273379449,0.7181655137074047,0.20445810914680987,0.7656290033307712,0.2592236740968486,0.8130924929541372,0.32026646169613077,0.8588265436843456,0.3823341019728412,0.9013579297975916,0.44440174224955153,0.9305662311042785,0.5064693825262618,0.9546502690238274,0.5634127594158337,0.973097617217525,0.614719446579554,0.9840507302075329,0.6585318985395848,0.9916090187035617,0.6955547015116575,0.9969254419677169,0.7261081219574687,1.0,0.7505124263387137,1.0,0.7687676146553931,1.0,0.7813861132462208,1.0,0.7909300538047657,1.0,0.7982321291314374
Circle,0.48839662447257387,0.10185185185185185,0.48839662447257387,0.09804266291608066,0.48839662447257387,0.09423347398030947,0.48839662447257387,0.0904242850445382,0.48839662447257387,0.08796296296296297,0.48786919831223624,0.08796296296296297,0.4840600093764651,0.08796296296296297,0.4837669948429443,0.08796296296296297,0.4837669948429443,0.08796296296296297,0.4837669948429443,0.08796296296296297,0.4837669948429443,0.08796296296296297,0.4837669948429443,0.08796296296296297,0.4837669948429443,0.08796296296296297,0.4837669948429443,0.08796296296296297,0.4837669948429443,0.08796296296296297,0.4837669948429443,0.08796296296296297,0.4837669948429443,0.08796296296296297,0.4837669948429443,0.08796296296296297,0.4875175808720113,0.08796296296296297,0.48839662447257387,0.08796296296296297,0.4905063291139242,0.08796296296296297,0.49560478199718716,0.08796296296296297,0.5027543366150964,0.08796296296296297,0.5065635255508675,0.08796296296296297,0.517287857477731,0.0914205344585091,0.5339896858884203,0.09786685419596813,0.556669010782935,0.10730192217533999,0.5843295827473045,0.12171823722456639,0.6149789029535868,0.14492498827941874,0.6492616033755275,0.1753984997655884,0.6867088607594938,0.21220112517580866,0.7248007501172059,0.25732536333802164,0.7613689639006098,0.31141584622597296,0.7935419596811999,0.3737693389592125,0.8163970932958278,0.4423347398030945,0.835560243788092,0.5182841068917021,0.8488631036099392,0.5944678856071264,0.8500351617440226,0.6706516643225504,0.8362634786685419,0.7443741209563997,0.8079582747304265,0.8121190811064231,0.766057196436943,0.8730661040787626,0.710560243788092,0.9204172526957337,0.6456868260665729,0.955813408345054,0.5753633380215654,0.9827707454289736,0.5011134552273794,1.0,0.421237693389592,0.9995311767463664,0.34505391467416807,0.9842944210032819,0.26887013595874343,0.9566338490389122,0.19725738396624434,0.9193037974683543,0.13455227379278012,0.873007501172058,0.0844467885607127,0.8183895921237692,0.05016408813877149,0.7574425691514295,0.023148148148148147,0.6855954055321143,0.0077355836849509136,0.613220815752461,0.000293014533520856,0.5428387248007497,0.0,0.4742733239568682,0.008673230192217548,0.4064111579934362,0.027719174871073712,0.3454641350210966,0.05678621659634331,0.28785747773089526,0.092299578059072,0.23323956868260634,0.13209095171120488,0.18330989217065166,0.17487107360525117,0.14023675574308478,0.22063994374120982,0.1060126582278479,0.2701593999062355,0.07553914674167836,0.3257735583684957,0.05116033755274258,0.3829113924050636,0.03275902484763233,0.43723628691983146,0.018928738865447704,0.4861697140178157,0.008673230192217548,0.5318799812470703,0.004864041256446288,0.5704406938584154,0.0010548523206750946,0.6002695733708394,0.0,0.625,0.0,0.6456282231598688,0.0,0.6605719643694328,0.0,0.6719995311767464,0.0,0.6801453352086265,0.0,0.6877637130801688,0.0,0.6937412095639947,0.0016408813877168723,0.6967299578059072,0.005450070323488066,0.6967299578059072,0.009259259259259259
Circle,0.744493670886076,0.07,0.744493670886076,0.07,0.744493670886076,0.07,0.744493670886076,0.07,0.744493670886076,0.07,0.7420886075949369,0.07,0.7386075949367088,0.07,0.735126582278481,0.07,0.7316455696202533,0.0671518987341772,0.7281645569620255,0.065,0.7246835443037974,0.065,0.724493670886076,0.065,0.7227215189873419,0.065,0.719493670886076,0.065,0.719493670886076,0.065,0.719493670886076,0.065,0.719493670886076,0.065,0.719493670886076,0.065,0.7221518987341775,0.065,0.725632911392405,0.065,0.7291139240506331,0.065,0.7325949367088609,0.06810126582278478,0.7392405063291139,0.07316455696202531,0.7498101265822785,0.08025316455696206,0.767215189873418,0.09417721518987342,0.7866455696202533,0.11215189873417727,0.8080379746835442,0.13455696202531647,0.8324050632911397,0.1658860759493672,0.8592405063291139,0.2046202531645571,0.8851898734177215,0.24924050632911418,0.9060759493670887,0.3014556962025317,0.921139240506329,0.36240506329113953,0.9308860759493675,0.427848101265823,0.9343670886075947,0.4974683544303797,0.9277848101265821,0.5737974683544306,0.9079746835443038,0.6522151898734179,0.8753797468354432,0.7319620253164558,0.830126582278481,0.8085443037974684,0.7712025316455694,0.8691772151898738,0.7027848101265823,0.918354430379747,0.6262025316455694,0.9566455696202533,0.5441772151898735,0.9840506329113924,0.46063291139240475,1.0,0.3770886075949366,1.0,0.2967088607594931,0.981012658227848,0.22322784810126592,0.9535443037974681,0.15784810126582272,0.9183544303797467,0.11259493670886059,0.8731012658227848,0.07569620253164572,0.8236708860759495,0.04550632911392398,0.7703164556962027,0.02113924050632903,0.7111392405063287,0.009430379746835627,0.6519620253164555,0.003481012658228053,0.5937974683544303,0.0,0.5381012658227848,0.011392405063291165,0.48240506329113886,0.02968354430379776,0.4296202531645568,0.05405063291139243,0.3808860759493669,0.08525316455696214,0.3355696202531645,0.1203797468354432,0.2922151898734174,0.1590506329113927,0.25120253164556944,0.20082278481012708,0.21639240506329102,0.24727848101265834,0.18392405063291137,0.295189873417722,0.1542405063291136,0.3404430379746839,0.12987341772151878,0.3856962025316457,0.10829113924050623,0.42968354430379774,0.08993670886075947,0.4714556962025316,0.07601265822784811,0.5100000000000002,0.062088607594936604,0.5448734177215192,0.04987341772151893,0.57620253164557,0.039430379746835414,0.6075316455696202,0.028987341772151894,0.6345569620253166,0.020696202531645513,0.6582911392405066,0.014367088607594952,0.6791772151898735,0.01088607594936704,0.6948734177215189,0.0074050632911392715,0.7077215189873419,0.00392405063291136,0.7181645569620255,0.00044303797468352,0.7286075949367088,0.0,0.7375316455696201,0.0,0.744493670886076,0.0
Circle,0.831887282165369,0.029291805710048205,0.831887282165369,0.029291805710048205,0.831887282165369,0.029291805710048205,0.831887282165369,0.029291805710048205,0.831887282165369,0.029291805710048205,0.832480533926585,0.029291805710048205,0.8361142009640342,0.029291805710048205,0.8377456433073787,0.029291805710048205,0.8377456433073787,0.029291805710048205,0.8377456433073787,0.029291805710048205,0.8377456433073787,0.029291805710048205,0.8377456433073787,0.029291805710048205,0.8377456433073787,0.029291805710048205,0.8377456433073787,0.029291805710048205,0.8377456433073787,0.029291805710048205,0.8395253985910273,0.029291805710048205,0.8431590656284763,0.029291805710048205,0.8436040044493883,0.029291805710048205,0.845532072673341,0.029291805710048205,0.8527994067482392,0.029291805710048205,0.8576937337782723,0.03403781979977748,0.8616240266963292,0.041601779755283654,0.8725250278086764,0.05613644790507968,0.8865406006674081,0.07378568780126066,0.9047089358546535,0.09558769002595473,0.9199110122358174,0.12628846866889126,0.9351872450871338,0.1612161661104931,0.9533555802743792,0.20482017055988128,0.9672228401928071,0.257026325546904,0.9781238413051537,0.3151649981460881,0.9854653318502044,0.38042269187986655,0.9927326659251026,0.44849833147942136,1.0,0.5211716722284019,0.9935483870967746,0.5938450129773825,0.9800519095291067,0.6659992584352984,0.9509825732295142,0.7350389321468299,0.9142009640341122,0.7982944011865034,0.870596959584724,0.8564330737856879,0.8136447905079718,0.8978865406006673,0.7499443826473859,0.9345198368557659,0.6736373748609568,0.9635891731553577,0.5948090470893589,0.9800519095291064,0.5148683722654801,0.9894697812384132,0.4349276974416019,0.9822024471635151,0.3583982202447165,0.9681127178346312,0.28572487949573644,0.9463107156099371,0.22550982573229522,0.9151649981460883,0.17004078605858403,0.8806822395253988,0.12280311457174681,0.8407119021134594,0.08476084538375975,0.7938450129773823,0.05228031145717479,0.7428253615127922,0.030478309232480377,0.6846866889136078,0.013125695216907445,0.6280311457174638,0.0022246941045605726,0.573526140155729,0.0,0.5190211345939937,0.0033370411568408587,0.4651835372636265,0.0215053763440862,0.41431219873934,0.04590285502410094,0.3655172413793102,0.07497219132369283,0.3182795698924733,0.11101223581757497,0.27452725250278104,0.14987022617723378,0.23344456803856134,0.19347423062662225,0.19710789766407116,0.24241750092695552,0.16344086021505402,0.2941787170930661,0.13207267334074918,0.3523173896922505,0.11027067111605494,0.4086021505376345,0.09032258064516134,0.46310715609936987,0.07215424545791617,0.5176121616611046,0.057248794957360134,0.5710789766407118,0.04375231738969226,0.6219503151649981,0.03285131627734522,0.6654801631442347,0.02439747868001483,0.7047830923248052,0.017352614015572847,0.7338524286243974,0.013718946978123864,0.7596588802373007,0.010085279940674796,0.7814608824619947,0.00645161290322581,0.8002224694104558,0.0028179458657768253,0.8167593622543563,0.0,0.8276603633667039,0.0,0.8363366703744901,0.0,0.8436040044493883,0.0
Circle,0.6952890512853973,0.07731958762886598,0.6918308756361735,0.07731958762886598,0.6883726999869505,0.07731958762886598,0.6849145243377267,0.07731958762886598,0.681456348688503,0.07731958762886598,0.6779981730392797,0.07731958762886598,0.6748009917786764,0.07731958762886598,0.6782591674279002,0.07731958762886598,0.6798251337596241,0.07731958762886598,0.6798251337596241,0.07731958762886598,0.6798251337596241,0.07731958762886598,0.6798251337596241,0.07731958762886598,0.6800861281482449,0.07731958762886598,0.6835443037974682,0.07731958762886598,0.6870024794466917,0.07731958762886598,0.6904606550959154,0.07731958762886598,0.6939188307451387,0.07731958762886598,0.6973770063943624,0.07731958762886598,0.7008351820435861,0.07731958762886598,0.7042933576928095,0.07731958762886598,0.7077515333420329,0.07947279133498633,0.7112097089912567,0.08338770716429592,0.71466788464048,0.09030405846274302,0.7181260602897037,0.09943886206446567,0.7226282134934099,0.11085736656661883,0.7330027404410804,0.1281482448127366,0.7479446691896121,0.15229022576014617,0.7658227848101266,0.1817173430771238,0.7865718387054681,0.21975727521858288,0.804971943103223,0.26484405585279924,0.8216103353777893,0.31586845882813525,0.8354430379746834,0.37811562051415887,0.8468615424768363,0.4451911783896647,0.8529296620122665,0.5157901605115492,0.8425551350645959,0.5918700247944672,0.8197833746574446,0.6704293357692808,0.7882030536343465,0.7484014093696987,0.7432467701944407,0.8210230980033932,0.685567010309278,0.8783766149027799,0.6199269215711861,0.9260080908260471,0.5438470572882682,0.9605898473182829,0.4677671930053498,0.9847318282656925,0.39260080908260436,1.0,0.31997912044891025,1.0,0.2553830092653004,0.9839488450998303,0.19607203445125895,0.9583061464178517,0.14419939971290613,0.9202662142763931,0.1005480882161033,0.8740049588933838,0.06322589064335102,0.8235025446952889,0.03556048544956261,0.7681717343077121,0.01631214928878992,0.7128409239201353,0.0034581756492236973,0.6575101135325591,0.0,0.6021793031449822,0.010896515724912018,0.5468484927574054,0.027078167819391853,0.49151768236982923,0.047827221714732866,0.4361868719822524,0.07444864935403883,0.38672843533864015,0.10459350123972355,0.33955369959545845,0.13917525773195877,0.2945974161555524,0.18276132063160624,0.25264256818478403,0.22771760407151226,0.21375440428030798,0.2726738875114186,0.1791726477880724,0.3237635390839094,0.15072425942842238,0.3742659532820046,0.12442907477489236,0.422680412371134,0.1002218452303275,0.46483100613336825,0.08227848101265814,0.5034581756492237,0.06642307190395397,0.538039932141459,0.0525903693070599,0.5694245073730911,0.04195484797076864,0.5960459350123971,0.0330810387576666,0.6167949889077382,0.026164687459219647,0.6342816129453215,0.019248336160772546,0.6484405585279915,0.01389795119404932,0.6588150854756623,0.010439775544825768,0.6691896124233327,0.006981599895602218,0.6779329244421243,0.00352342424637874,0.6848492757405718,6.524859715518898e-05,0.6883726999869502,0.0,0.6918308756361735,0.0,0.6952890512853973,0.0
Circle,0.6728971962616822,0.004672897196261682,0.6728971962616822,0.0008281083638944299,0.6698805157932094,0.0,0.6660357269608423,0.0,0.6621909381284752,0.0,0.6588785046728972,0.0,0.6588785046728972,0.0,0.6588785046728972,0.0,0.6588785046728972,0.0,0.6588785046728972,0.0,0.6588785046728972,0.0,0.6588785046728972,0.0,0.6588785046728972,0.0,0.6588785046728972,0.0,0.6588785046728972,0.0,0.6588785046728972,0.0,0.6588785046728972,0.0,0.6588785046728972,0.0,0.6626641429078434,0.0,0.6665089317402105,0.0,0.6724831420797349,0.0021294215071572006,0.682775346030995,0.007275523482787223,0.6981545013604638,0.01638471548562642,0.7135336566899325,0.03560865964746248,0.7358925825150836,0.0618123743049806,0.7589613155092868,0.09671122678339057,0.783863717023542,0.1388264521471667,0.8097716786939549,0.1869750384478885,0.8324855081036316,0.2413344374778186,0.8478646634331006,0.3066958476280611,0.8600496865018338,0.3784455222997752,0.8644859813084113,0.4562285579084351,0.8598722347095704,0.5385070389210932,0.8454986395362594,0.6230923932331717,0.818585117709689,0.7076777475452507,0.784218620608068,0.7885366142198039,0.7438187625695021,0.8576836626049925,0.6953152726842542,0.9126937182065539,0.6365195788477461,0.9538625340115935,0.5668993256831891,0.9829646279427424,0.493848337868212,0.9983437832722112,0.41393588075239546,1.0,0.34100319413226043,0.9895894948538978,0.27179699514965067,0.9688867857565359,0.20448361528451428,0.9381876256950193,0.14332189755116514,0.8956583461492957,0.09333964273039153,0.8456760913285226,0.055897314562876874,0.7894238731811192,0.02590796167041276,0.72713829409677,0.006388264521471734,0.660298119011002,0.0,0.5917425766000235,0.0,0.5263811664497807,0.014669348160416299,0.46101975629953845,0.035726960842304596,0.40133680350171513,0.06281793446113827,0.3456760913285221,0.09475925706849642,0.2942150715722228,0.13042706731338008,0.2484325091683424,0.1765645333017866,0.20613983201230301,0.22607358334319172,0.1705903229622618,0.2811427895421746,0.14107417484916582,0.3388146220276824,0.1158760203478055,0.3964864545131908,0.09458180527623324,0.4541582869986992,0.07926180054418543,0.5118301194842068,0.06772743404708387,0.5695019519697152,0.05619306754998217,0.6204306163492255,0.04690642375487987,0.6637288536614219,0.040636460428250316,0.7004022240624629,0.03679167159588306,0.7273157458890338,0.03294688276351588,0.7506210812729208,0.03271028037383177,0.7709097361883357,0.03271028037383177,0.7862297409203832,0.03271028037383177,0.7966402460664854,0.03271028037383177,0.8040340707441145,0.03271028037383177,0.8078788595764816,0.03271028037383177,0.8117236484088493,0.03602271382940969,0.8155684372412164,0.03986750266177688,0.8177570093457944,0.04205607476635514,0.8177570093457944,0.04288418313024964,0.8177570093457944,0.04672897196261682
Circle,0.8837498364516551,0.10336255397095381,0.8837498364516551,0.10336255397095381,0.8837498364516551,0.10336255397095381,0.8837498364516551,0.10336255397095381,0.8837498364516551,0.10336255397095381,0.8837498364516551,0.10336255397095381,0.8837498364516551,0.10336255397095381,0.8837498364516551,0.10336255397095381,0.8837498364516551,0.10336255397095381,0.8837498364516551,0.10336255397095381,0.8867591259976446,0.10336255397095381,0.8889179641502027,0.10460552139212352,0.8889179641502027,0.1080073269658511,0.8889179641502027,0.11140913253957867,0.8889179641502027,0.11592306685856331,0.8889179641502027,0.12272667800601852,0.891665576344367,0.12678267695930917,0.8950673819180949,0.13018448253303674,0.8984691874918228,0.13358628810676432,0.9018709930655501,0.1369880936804919,0.9061232500327094,0.14124035064765142,0.9129268611801646,0.14804396179510657,0.9172445374852808,0.15733350778490116,0.9220855684940464,0.1689781499411226,0.9322909852152294,0.18598717780976054,0.9448514981028391,0.21006149417767886,0.9584587203977494,0.23963103493392637,0.9720659426926602,0.28045270181865745,0.9834489074970557,0.3279471411749311,0.9931963888525448,0.37989009551223335,1.0,0.4377207902656024,0.9984299358890487,0.4997383226481747,0.9903179379824676,0.5646997252387804,0.9699071045401022,0.6327358367133322,0.9396833704042914,0.698809368049195,0.9012822190239432,0.7630511579222817,0.8468533298443021,0.8208818526756508,0.7869292162763314,0.8695538401151379,0.7220986523616383,0.9101792489860003,0.6472589297396311,0.9407954991495485,0.5707183043307602,0.9612063325919142,0.49247677613502566,0.9714117493130967,0.4142352479392912,0.964935234855423,0.33756378385450764,0.9518513672641633,0.2627240612325004,0.9314405338217976,0.2007065288499281,0.9014130576998562,0.14667015569802427,0.8664791312311921,0.10244668323956581,0.8256574643464609,0.07052204631689137,0.7817610885777837,0.043830956430721095,0.7349208426010733,0.023420122988355354,0.6838937589951593,0.008897029962056758,0.6358105455972785,0.0,0.5881852675650924,0.0,0.5405599895329063,0.00843909459636261,0.4929347115007198,0.0217846395394476,0.44635614287583397,0.042195472981813635,0.40213267041737555,0.07065288499280344,0.3605913908151253,0.10310087661912849,0.3206855946617821,0.14052073793013212,0.2832657333507785,0.18304330760172666,0.24839722622007077,0.2288368441711367,0.2151642025382706,0.2798639277770506,0.18454795237472213,0.33331152688734794,0.1587727332199398,0.38774041606698917,0.13561428758340974,0.44216930524663034,0.11520345414104428,0.4965981944262721,0.09479262069867861,0.5505037289022636,0.07490514195996335,0.6015308125081772,0.057896114091325473,0.6525578961140909,0.04304592437524546,0.7024074316367918,0.029831218108072755,0.743229098521523,0.01962580138688996,0.779994766452963,0.011448384142352512,0.8137511448384134,0.004906450346722526,0.8443673950019625,0.0015046447729949511,0.8692921627633127,0.0,0.8895721575297657,0.0,0.9065811853984033,0.0,0.9200575690174012,0.0,0.9302629857385842,0.0
Circle,0.9528540911123256,0.08122609170848029,0.9496249192707041,0.08122609170848029,0.9463957474290826,0.08122609170848029,0.9431665755874608,0.08122609170848029,0.9410800337821055,0.08122609170848029,0.9410800337821055,0.08122609170848029,0.9410800337821055,0.08122609170848029,0.9410800337821055,0.07824531770082958,0.9410800337821055,0.07730140593174026,0.9410800337821055,0.07730140593174026,0.9410800337821055,0.07730140593174026,0.9410800337821055,0.07730140593174026,0.9410800337821055,0.07730140593174026,0.9410800337821055,0.07730140593174026,0.9410800337821055,0.07730140593174026,0.9410800337821055,0.07730140593174026,0.9410800337821055,0.07730140593174026,0.9410800337821055,0.07730140593174026,0.9410800337821055,0.07730140593174026,0.9410800337821055,0.07730140593174026,0.9410800337821055,0.07730140593174026,0.9421729842515777,0.07839435640121219,0.9454021560931991,0.08162352824283371,0.9486313279348206,0.08485270008445524,0.951860499776442,0.0910129663669333,0.955089671618064,0.10194247106165234,0.9598589100303044,0.11793929156937753,0.9671618063490486,0.1398479805256099,0.9768493218739134,0.16935764320135135,0.9865368373987778,0.2081077053008098,0.9935416563167571,0.25490585722092496,1.0,0.30731780018878246,0.9987083312633515,0.3647970589696459,0.9822147150876847,0.42615132396045513,0.9499229966714691,0.4875055889512646,0.9019822147150875,0.5457300412340405,0.8438074419991056,0.5989865368373988,0.7754980376571118,0.6436981469521584,0.7001838143971382,0.6793183963435838,0.6223359332306622,0.7073376720154999,0.5416066371901233,0.7267127030652294,0.4637587560236476,0.7345620746187091,0.38844453276367397,0.7344627154851208,0.31715435441402906,0.7267623826320232,0.2517263649460978,0.7106662029907097,0.19399870833126337,0.6846341099905605,0.14879030254856196,0.6523423915743455,0.10621491380595159,0.6174176561180386,0.07004818917979032,0.5780217596502556,0.041482438273138425,0.5348005365393215,0.019971185851259635,0.4890456555218836,0.003825326643151852,0.4406080778975604,0.0,0.39217050027323763,0.001540066570619826,0.34373292264891425,0.009836554225247556,0.2969844502955931,0.025734015599384232,0.2527696358487753,0.049232450693030304,0.21108847930846023,0.08152416910924587,0.17233841720900162,0.12231109344726529,0.13642009041681144,0.17069899150479456,0.10303542153112405,0.2252471558448011,0.07362511798897112,0.28486263599781436,0.049282130259824,0.3494460728302455,0.030006458343683148,0.414029509662676,0.017089770977197057,0.47602960902180963,0.006756421084008071,0.5373838740126191,0.000844552635500988,0.5963535197973077,0.0,0.6507526454369322,0.003725967509563343,0.702419394902877,0.010184311192806444,0.7449947836454869,0.01967310845049433,0.7846390779472407,0.02936062397535901,0.8184708629340752,0.039048139500223525,0.8456455859704904,0.048735655025088205,0.8677529931938994,0.05867156838392377,0.8838988524020072,0.07158825575040986,0.900044711610115,0.08172288737642211,0.9141040290128671,0.09141040290128678,0.9256296885091163,0.1010979184261513,0.9346216900988625,0.11078543395101598,0.9410800337821055,0.12047294947588055
Circle,0.9125441084895869,0.08198989829101226,0.9085311008095204,0.08198989829101226,0.9045180931294537,0.08198989829101226,0.9005050854493878,0.08198989829101226,0.8964920777693213,0.08198989829101226,0.8961461288313844,0.08198989829101226,0.8961461288313844,0.08198989829101226,0.8961461288313844,0.08198989829101226,0.8961461288313844,0.08198989829101226,0.8961461288313844,0.08198989829101226,0.8961461288313844,0.08198989829101226,0.8961461288313844,0.08198989829101226,0.8961461288313844,0.08198989829101226,0.8961461288313844,0.08198989829101226,0.8961461288313844,0.08198989829101226,0.8961461288313844,0.08198989829101226,0.8961461288313844,0.08198989829101226,0.8961461288313844,0.08198989829101226,0.8961461288313844,0.08198989829101226,0.8961461288313844,0.08198989829101226,0.8961461288313844,0.08198989829101226,0.8984293918217673,0.08427316128139492,0.9041029544039297,0.08994672386355772,0.9161419774441295,0.101985746903757,0.9281810004843286,0.11741506953573658,0.9402200235245277,0.137341728360894,0.9527433750778387,0.16287275998062703,0.9687954057981037,0.1989898291012247,0.9818030858645266,0.244239950183353,0.9922507437902169,0.29717013768767725,1.0,0.3576420120390231,1.0,0.42586314260015234,0.9892063931363728,0.49948107659309504,0.9681726977098182,0.5769736386909293,0.9360686362692862,0.6572337922922579,0.8849373832422334,0.7184667543070646,0.8257109250674601,0.7692520583961809,0.7570054659932189,0.8097972739223693,0.6727323047118244,0.837888327682834,0.5780806752923269,0.8486819345464609,0.477755483290666,0.8466754307064277,0.3756313568117343,0.8324223344634332,0.28734518785027324,0.8043312807029682,0.20839964021310456,0.7668996056182106,0.14211582370442094,0.7217878641112571,0.09077700131460584,0.6694111949076316,0.05465993219400786,0.6132290873867016,0.02684563758389226,0.5570469798657717,0.00802601536013285,0.5008648723448417,0.0,0.4446827648239118,0.0035978689545422904,0.38850065730298183,0.017297446896838257,0.3347401923476093,0.04026845637583901,0.2835397495329687,0.07237251781637041,0.23538365737217157,0.11153393759081132,0.19075624437832986,0.15789109527433742,0.15076454715284038,0.21068290320348676,0.11527018612052868,0.266865010724417,0.08316612467999727,0.32622984847436526,0.05742752369750227,0.38815470836504523,0.03680896699647133,0.45236283124610804,0.021033695426555078,0.5165709541271708,0.008994672386355726,0.5751055144260705,0.0026292119283194137,0.6285200304435065,0.0,0.6766761226043039,0.0,0.7248322147651006,0.003943817892479043,0.765515809866464,0.012938490278834924,0.7995571853594408,0.024977513319034198,0.8276482391199056,0.03701653635923347,0.855739292880371,0.04905555939943275,0.8795405798104203,0.06109458243963194,0.8989137203348785,0.07244170760395771,0.9149657510551442,0.08046772296409056,0.9277658617588047,0.08524181830761779,0.9398048847990038,0.08925482598768429,0.9514979589012662,0.09326783366775064,0.9595239742613993,0.09728084134781707,0.9646440185428627,0.10129384902788349,0.9672040406835951,0.10530685670794991,0.9672040406835951,0.10931986438801634
Circle,0.8507860674406977,0.11849341703238711,0.8476195766901842,0.11849341703238711,0.8444530859396701,0.12238208988389539,0.8420087772901506,0.12943725348591753,0.8420087772901506,0.13893672573745902,0.8420087772901506,0.14843619798900068,0.8405644130881619,0.15938003444253096,0.8373979223376478,0.17226820732181544,0.8342314315871342,0.18810066107438478,0.8310649408366201,0.2060996611299373,0.8278984500861065,0.22698738958946726,0.8247319593355924,0.25231931559357823,0.8215654685850788,0.2805399700016666,0.8183989778345647,0.3107049608355092,0.8147880673295929,0.3428142880951057,0.8084550858285652,0.3776456863507582,0.7973445919671128,0.4124770846064108,0.7811788233986999,0.44730848286206326,0.7590133881451031,0.4821398811177157,0.7275151380478864,0.5169712793733681,0.6920726626298539,0.548025109716127,0.6527415143603132,0.5758568968390646,0.608410643853119,0.6011888228431754,0.5562468751736016,0.6212988167324038,0.5010277206821844,0.637520137770124,0.4441975445808567,0.649686128548414,0.3903672018221209,0.652852619298928,0.33653685906338543,0.65179712238209,0.2844841953224823,0.6477417921226599,0.23698683406477397,0.6414088106216322,0.1951558246764069,0.629409477251264,0.1556024665296371,0.6151324926392978,0.11916004666407402,0.5989111716015778,0.09382812065996306,0.5799122270984948,0.07316260207766224,0.5585800788845066,0.054163657574579215,0.5353035942447645,0.035164713071495934,0.5099716682406533,0.02227654019221144,0.48158435642464326,0.011443808677295596,0.44941947669573945,0.0031664907505138387,0.4151991556024666,0.0,0.3835342480973281,0.0019443364257538313,0.3493139270040554,0.006444086439641996,0.3144825287484029,0.012999277817898811,0.27976223543136525,0.025665240819954416,0.24809732792622646,0.04244208655074707,0.2164324204210877,0.06310760513304789,0.18560079995555823,0.08843953113715884,0.15710238320093342,0.11932670407199575,0.1313815899116716,0.1525470807177376,0.10760513304816417,0.18804510860507723,0.08577301261041069,0.22920948836175764,0.0667740681073274,0.27492917060163335,0.04777512360424419,0.3234820287761787,0.030887172934837028,0.37414588078440064,0.01822120993278155,0.4248097327926226,0.00855508027331818,0.47547358480084395,0.002610966057441244,0.5261374368090659,0.0,0.5768012888172878,0.0,0.6199655574690289,0.004999722237653413,0.6598522304316424,0.012610410532748133,0.6978501194378087,0.022165435253596995,0.7358480084439754,0.03483139825565248,0.7718460085550801,0.04949725015276919,0.8058996722404309,0.06610743847564024,0.8375645797455697,0.0851063829787234,0.8665074162546523,0.10138325648575068,0.8935059163379814,0.11721571023832006,0.9182823176490195,0.13277040164435308,0.9372812621521025,0.14543636464640855,0.9518360091106047,0.15588022887617353,0.9635020276651297,0.16437975668018442,0.9730014999166715,0.1707127381812121,0.9795566912949278,0.17410143880895496,0.9841675462474305,0.17554580301094386,0.9873340369979446,0.17554580301094386,0.9905005277484582,0.17554580301094386,0.9936670184989723,0.17799011166046338,0.9968335092494859,0.18115660241097722,1.0,0.18432309316149106
Circle,0.7673267326732673,0.1782178217821782,0.7635668630154153,0.1782178217821782,0.7623762376237624,0.1782178217821782,0.7623762376237624,0.1782178217821782,0.7621882441408698,0.1782178217821782,0.758428374483018,0.1782178217821782,0.7574257425742574,0.1782178217821782,0.7574257425742574,0.1782178217821782,0.7570497556084723,0.1782178217821782,0.7532898859506203,0.1782178217821782,0.7524752475247525,0.1782178217821782,0.7507206416844214,0.1782178217821782,0.7475247524752475,0.1782178217821782,0.7475247524752475,0.1782178217821782,0.7475247524752475,0.1782178217821782,0.7475247524752475,0.1782178217821782,0.7475247524752475,0.17746584785060796,0.7475247524752475,0.17370597819275604,0.7475247524752475,0.1699461085349041,0.7475247524752475,0.1661862388770522,0.7494046873041734,0.16336633663366337,0.7569244266198772,0.16336633663366337,0.7679533776162426,0.16336633663366337,0.7792329865897982,0.16800350921168067,0.7905125955633538,0.17777917032209545,0.8017922045369095,0.19281864895350298,0.8093746083469107,0.21894974307557344,0.8168943476626143,0.25028199022433895,0.8244140869783181,0.28938463466599823,0.8318084973054268,0.33863892718385763,0.8355683669632789,0.3987968417094875,0.8204662238375737,0.4616493294899111,0.7948991101641809,0.5255671136733928,0.7635668630154155,0.5888582529138991,0.7184484271211932,0.6452562977816771,0.6617997242762248,0.6901240756987094,0.596565985712495,0.7264068178969797,0.5251284622133098,0.7554831432510342,0.4536909387141244,0.7780423611981451,0.3791828549943599,0.7883193382629403,0.30774533149517475,0.7883193382629403,0.2414462965283868,0.778731670635418,0.181288382002757,0.7599323223461586,0.12764757488407036,0.7280987592430128,0.08328111292141863,0.6901240756987088,0.04831432510339633,0.6470109036220076,0.021995237498433337,0.5981325980699335,0.006015791452562728,0.5423611981451305,0.0,0.48596315327735284,0.0031958892091741783,0.42849981200651716,0.014475498182729786,0.3683418974808871,0.03665872916405566,0.31181852362451434,0.06654969294397789,0.25786439403433975,0.1041483895224965,0.20647950871036452,0.14932948991101663,0.15772653214688528,0.19820779546309084,0.11636796591051504,0.25234991853615735,0.08027321719513726,0.31163053014162223,0.050758240381000096,0.37554831432510355,0.0287003383882692,0.4394660985085854,0.013660859756861677,0.5033838826920667,0.004261185612232096,0.565672390023813,0.0,0.6249530016292769,0.0004386514600827634,0.6775911768392034,0.004198521117934539,0.7302293520491294,0.007958390775786455,0.7792329865897982,0.013535530768266702,0.8230981325980701,0.02168191502694583,0.8606968291765886,0.0329615240005013,0.8950996365459334,0.04424113297405691,0.9229226720140369,0.055520741947612515,0.94466725153528,0.06680035092116812,0.9634665998245394,0.07807995989472359,0.9754981827296655,0.08597568617621262,0.9845845344028076,0.09130216819150265,0.9911016418097505,0.09506203784935456,0.9948615114676023,0.09882190750720633,0.9986213811254546,0.10258177716505826,1.0,0.10634164682291017,1.0,0.11010151648076208,1.0,0.11386138613861387
Circle,0.816946959896507,0.09084375449187869,0.8132097168319677,0.0871065114273394,0.8112692252407646,0.0833692683628001,0.8112692252407646,0.07963202529826081,0.8112692252407646,0.07589478223372151,0.8112692252407646,0.07215753916918222,0.8112692252407646,0.06842029610464292,0.8078194624119589,0.06813281586890901,0.80408221934742,0.06813281586890901,0.8003449762828806,0.06813281586890901,0.7999137559292797,0.06813281586890901,0.7999137559292797,0.06813281586890901,0.7999137559292797,0.06813281586890901,0.7999137559292797,0.06813281586890901,0.7999137559292797,0.06813281586890901,0.7999137559292797,0.06813281586890901,0.7999137559292797,0.06813281586890901,0.7999137559292797,0.06813281586890901,0.7999137559292797,0.06813281586890901,0.8027885582866177,0.06813281586890901,0.8065258013511573,0.06813281586890901,0.8102630444156962,0.06813281586890901,0.8140002874802358,0.06813281586890901,0.8201092424895788,0.06892338651717696,0.835058214747736,0.07266062958171625,0.8500071870058935,0.08157251688946393,0.8662498203248523,0.09472473767428494,0.8886732787120883,0.11714819606152069,0.9135403191030614,0.1517895644674427,0.9386948397297684,0.1944085094149775,0.9573810550524648,0.24672991231852792,0.9737674284892913,0.3082506827655598,0.9883570504527812,0.37659910881126907,0.9995687796463988,0.4550812131665945,1.0,0.5357194192899235,0.9914474629869198,0.6177231565329881,0.9652867615351444,0.6962052608883137,0.9270518901825496,0.766637918643093,0.878180250107805,0.829811700445594,0.8146471180106369,0.8746586172200662,0.7436394997843901,0.9120310478654592,0.6651573954290643,0.9419289923817735,0.5756791720569215,0.9498346988644529,0.48426045709357507,0.9504096593359205,0.3908293804800921,0.942935173206842,0.3114848354175652,0.9213741555268076,0.2377461549518471,0.8926261319534282,0.1704757797901395,0.855253701308035,0.1200948684777922,0.807747592353026,0.07726031335345714,0.7577260313353462,0.04362512577260318,0.7054046284317954,0.019692396147764524,0.6498490728762396,0.0037372430645392926,0.5924967658473482,0.0,0.5327008768147196,0.011714819606152069,0.4729049877820902,0.026663791864309238,0.41540894063533124,0.04161276412246641,0.36308753773178115,0.07129509846198015,0.31076613482823107,0.10694264769297088,0.2604570935748169,0.14805232140290342,0.21561017680034492,0.19476785970964472,0.17356619232427795,0.24421446025585664,0.13418140002874826,0.2965358631594074,0.10054621244789431,0.34885726606295814,0.07488860140865314,0.3997412677878393,0.053183843610751846,0.4445881845623108,0.03449762828805538,0.4944660054621242,0.020842317090700186,0.5456374874227397,0.010205548368549495,0.5904844041972112,0.0027310622394710713,0.630587897082075,0.0,0.667529107373868,0.0,0.701164294954722,0.0,0.7303435388817018,0.0,0.7562167600977426,0.0,0.778640218484979,0.0,0.798979445163145,0.0,0.8173781802501076,0.0,0.8285899094437255,0.0,0.8398016386373437,0.0,0.8510133678309615,0.0
Circle,0.7803812549642574,0.03534551231135813,0.7803812549642574,0.03534551231135813,0.7803812549642574,0.03534551231135813,0.7803812549642574,0.03534551231135813,0.7776012708498808,0.03534551231135813,0.7751522372253111,0.03534551231135813,0.7751522372253111,0.03534551231135813,0.7751522372253111,0.03534551231135813,0.7751522372253111,0.03534551231135813,0.7751522372253111,0.03534551231135813,0.7751522372253111,0.03534551231135813,0.7751522372253111,0.03534551231135813,0.7751522372253111,0.03534551231135813,0.7751522372253111,0.03534551231135813,0.7751522372253111,0.03534551231135813,0.7751522372253111,0.03534551231135813,0.7751522372253111,0.03534551231135813,0.7751522372253111,0.03534551231135813,0.7772041302621127,0.03534551231135813,0.7807783955520253,0.03534551231135813,0.7907069102462271,0.03534551231135813,0.8006354249404289,0.036867884564469114,0.8105639396346308,0.04017738946253629,0.82922954725973,0.04931162298120208,0.8500794281175538,0.0622186920836642,0.8732459624040243,0.0820757214720677,0.8987953402171039,0.10908128144029666,0.9248080487159125,0.14118347895154898,0.9479745830023829,0.18751654752449046,0.9674344718030181,0.24311622981202016,0.9839819962933545,0.30599682287529795,0.9940428911834791,0.38185067513899923,1.0,0.46061689171299974,1.0,0.5433545141646808,0.981003441885094,0.6152369605507015,0.9308313476303943,0.6799708763568969,0.7951416468096372,0.7296134498279057,0.6681890389197775,0.7705189303680168,0.5467963992586707,0.8048054011119935,0.4375827376224517,0.8147339158061954,0.3366428382314005,0.8130791633571618,0.24397670108551728,0.7998411437648928,0.17566851998940927,0.7713794016415142,0.11622981202012139,0.7359676992321945,0.06989674344718007,0.6896346306592529,0.036139793486894306,0.6407863383637803,0.00992851469420152,0.5899523431294674,0.0,0.5336907598623243,0.0019857029388403043,0.4774291765951811,0.012046597828964868,0.4212337834259992,0.02859412231930133,0.3682817050569232,0.05096637543023596,0.31678580884299656,0.08075191951284112,0.2671432353719878,0.11053746359544657,0.22034683611331699,0.14402965316388686,0.1749404289118343,0.18705321683876128,0.13191686523696017,0.23239343394228276,0.09584326184802722,0.2791236431029923,0.063939634630659,0.3287662165740008,0.04077310034418835,0.38019592268996594,0.021180831347630207,0.4331480010590419,0.004633306857293894,0.4861000794281179,0.0007942811755360325,0.5377945459359282,0.0,0.587437119406937,0.0033095048980671736,0.6370796928779457,0.009266613714588234,0.68453799311623,0.016613714588297537,0.724252051893037,0.02654222928249921,0.7576118612655548,0.036470743976701026,0.786801694466508,0.04620068837701887,0.8066587238549113,0.05281969817315322,0.8249271908922426,0.057850145618215505,0.8414747153825788,0.06115965051628268,0.852065131056394,0.06446915541434985,0.8609346041832142,0.06671961874503565,0.8675536139793488,0.06671961874503565,0.8717235901509134,0.06671961874503565,0.8750330950489806,0.06724913952872648,0.8783425999470481,0.07055864442679366,0.8816521048451152,0.07194863648398189,0.8849616097431824,0.07194863648398189
Circle,0.8079435244441515,0.09903015108530716,0.8079435244441515,0.09903015108530716,0.8079435244441515,0.0975127004024543,0.8079435244441515,0.09414791845351986,0.8079435244441515,0.09078313650458528,0.8079435244441515,0.08741835455565083,0.8079435244441515,0.08405357260671639,0.8079435244441515,0.08339381144025866,0.8079435244441515,0.08339381144025866,0.8079435244441515,0.08339381144025866,0.8079435244441515,0.08339381144025866,0.8079435244441515,0.08339381144025866,0.8079435244441515,0.08339381144025866,0.8079435244441515,0.08339381144025866,0.8079435244441515,0.08339381144025866,0.8079435244441515,0.08339381144025866,0.8079435244441515,0.08339381144025866,0.8079435244441515,0.08339381144025866,0.8047106947285085,0.08339381144025866,0.8013459127795742,0.08339381144025866,0.7979811308306393,0.08339381144025866,0.7975192980141191,0.08049086230784454,0.7975192980141191,0.07712608035891011,0.7975192980141191,0.07376129840997567,0.7975192980141191,0.07296958501022634,0.7982450352972225,0.07296958501022634,0.8016098172461571,0.07296958501022634,0.8049745991950917,0.07296958501022634,0.8079435244441515,0.07296958501022634,0.8079435244441515,0.07296958501022634,0.8079435244441515,0.07296958501022634,0.8079435244441515,0.07296958501022634,0.8079435244441515,0.07296958501022634,0.8095269512436502,0.07296958501022634,0.8128917331925847,0.07296958501022634,0.8224582701062217,0.07296958501022634,0.8325526159530255,0.07547667744276579,0.8426469617998287,0.08220624134063467,0.8610542983439997,0.09447779903674873,0.8821666556706476,0.11347892063073181,0.9057201293131888,0.14712674012007665,0.931714719271624,0.19298014118888976,0.956851619713664,0.24701458072177868,0.9736755294583366,0.3176750016494031,0.9883882034703441,0.39466912977502144,1.0,0.4756878010160324,0.9899056541531971,0.5598073497393943,0.9673418222603419,0.6403641881638851,0.9336940027709972,0.7177541729893783,0.8703569307910541,0.7720525169888504,0.8020716500626779,0.818631655340767,0.7280464471861184,0.8556442567790465,0.6391766180642606,0.8837500824701463,0.5494490994260082,0.9050603681467314,0.4619647687537113,0.9151547139935345,0.37711948274724527,0.9120538365111834,0.29616678762288023,0.9021574190143172,0.22550636669525656,0.8819687273207103,0.16408260209804076,0.8502342152140929,0.10919047304875629,0.8118361153262519,0.06881308966154241,0.7647291680411694,0.03635284027182156,0.7136636537573403,0.010094345846803469,0.659695190341097,0.0,0.6024938972092102,0.0014514745662067637,0.5452926040773243,0.014910602361944822,0.48809131094543806,0.02836973015768288,0.43405687141254856,0.048426469617998215,0.3815398825625124,0.07870950715840833,0.3310681533284954,0.120340436761892,0.28343339711024645,0.16408260209804076,0.2383057333245363,0.20782476743418893,0.19792834993732272,0.2565811176354157,0.16005805898264844,0.30639308570297535,0.12436497987728462,0.3535000329880587,0.0940819423368739,0.4027841921224516,0.06815332849508483,0.45292604077324006,0.04525961601900118,0.5000329880583225,0.02843570627432883,0.5434452728112424,0.01345912779573791,0.5838226561984563,0.0
Circle,0.9074382459061894,0.15348320843741325,0.9074382459061894,0.1498751040799334,0.9074382459061894,0.14626699972245355,0.9074382459061894,0.14265889536497367,0.9074382459061894,0.13905079100749382,0.9074382459061894,0.1354426866500138,0.9074382459061894,0.1318345822925341,0.9074382459061894,0.1282264779350541,0.9074382459061894,0.12461837357757424,0.9074382459061894,0.12101026922009438,0.9074382459061894,0.11740216486261452,0.9061199000832639,0.11379406050513466,0.9025117957257841,0.11018595614765465,0.8989036913683043,0.10657785179017479,0.8964751595892313,0.10296974743269494,0.8964751595892313,0.09936164307521507,0.8964751595892313,0.09575353871773522,0.895434360255343,0.09318623369414376,0.8918262558978634,0.09318623369414376,0.8882181515403832,0.09318623369414376,0.8855120732722732,0.09318623369414376,0.8855120732722732,0.09318623369414376,0.8855120732722732,0.09318623369414376,0.8855120732722732,0.09318623369414376,0.8855120732722732,0.09318623369414376,0.8880099916736056,0.09568415209547596,0.8928670552317511,0.09929225645295582,0.9036913683041911,0.10290036081043583,0.9168748265334444,0.11122675548154305,0.9317929503191785,0.12350818762142658,0.9498334721065781,0.14515681376630574,0.9634332500693871,0.1756869275603663,0.9742575631418263,0.21315570358034958,0.9850818762142662,0.2636691645850679,0.9938245906189287,0.32042742159311666,1.0,0.38218151540382994,0.9891756869275604,0.4507354981959477,0.9686372467388291,0.5212323064113238,0.9393560921454347,0.5933250069386621,0.8888426311407164,0.6618789897307797,0.8257008048848183,0.7214127116291977,0.749930613377741,0.771926172633916,0.6670829864002226,0.8047460449625312,0.5824313072439636,0.8322231473771855,0.4958368026644467,0.8538717735220647,0.4092422980849295,0.855120732722731,0.3272273105745214,0.847488204274216,0.25145711906744445,0.8294476824868164,0.18547044129891796,0.7983624757146822,0.12885095753538772,0.7631140716069945,0.08555370524562882,0.7234249236747156,0.05162364696086614,0.6774909797391062,0.02414654454621181,0.6293366638912019,0.006106022758812211,0.5788232028864839,0.0,0.5253261171246184,0.0008326394671110959,0.47231473771856775,0.011656952539550357,0.42180127671384976,0.03101582014987508,0.37413266722176003,0.05557868442964213,0.3272273105745214,0.08805162364696086,0.28032195392728265,0.12864279766860948,0.23612267554815447,0.17277268942547858,0.19449070219261774,0.21967804607271735,0.1584096586178187,0.2717180127671387,0.12489592006661111,0.32722731057452115,0.09381071329447693,0.3885650846516787,0.06855398279211793,0.44747432694976397,0.04815431584790464,0.5052039966694424,0.031223980016652778,0.56293366638912,0.020399666944213204,0.6183735775742434,0.011865112406328131,0.6720788232028863,0.0050652234249237305,0.7225922842076052,0.0014571190674437947,0.7688037746322508,0.0,0.8112683874548984,0.0002775464890368762,0.8437413266722177,0.003885650846516812,0.8721898417985016,0.00749375520399667,0.8971690258118236,0.011101859561476527,0.9152095475992229,0.014709963918956386,0.9313766305856229,0.016444629475437133,0.9458090480155427,0.016444629475437133
Circle,0.9123003827372311,0.010426290088425499,0.9155338524481986,0.013659759799392946,0.9212749109146103,0.016893229510360243,0.9309753200475122,0.02012669922132769,0.9381681404249708,0.023360168932295138,0.9441071664247067,0.02606572522106375,0.9473406361356741,0.02606572522106375,0.9487923980467204,0.02606572522106375,0.9487923980467204,0.02606572522106375,0.9487923980467204,0.02606572522106375,0.9487923980467204,0.025009898376666225,0.9487923980467204,0.021776428665698778,0.9464827768246009,0.01854295895473148,0.9435792530025077,0.015639435132638248,0.9435792530025077,0.015639435132638248,0.9435792530025077,0.015639435132638248,0.9435792530025077,0.015639435132638248,0.9464167876468262,0.015639435132638248,0.9496502573577931,0.015639435132638248,0.9528837270687605,0.015639435132638248,0.956117196779728,0.015639435132638248,0.9592186881351459,0.015639435132638248,0.9592186881351459,0.015639435132638248,0.9606044608684176,0.015639435132638248,0.9638379305793849,0.015639435132638248,0.9670714002903524,0.015639435132638248,0.9703048700013198,0.016299326910386682,0.9735383397122873,0.01953279662135413,0.9767718094232548,0.026593638643262436,0.9800052791342222,0.03629404777616463,0.9864062293783824,0.05549689850864469,0.9916853636003693,0.07964893757423772,0.9949188333113373,0.11198363468391188,0.9981523030223047,0.1516431305265937,1.0,0.19506400950244152,0.9935330605780657,0.24679952487792006,0.9819189652896928,0.30025075887554425,0.9657516167348555,0.3552197439619903,0.9377062161805465,0.4131582420483038,0.9036558004487268,0.4703708591790946,0.8583872244951831,0.5253398442655403,0.8019004883199156,0.573577933218952,0.7399366503893362,0.6177906823280982,0.672033786459021,0.650125379437772,0.5995776692622409,0.677906823280982,0.5219743961990236,0.7005411112577538,0.4388280322027189,0.7093176719018082,0.3571334301174613,0.7118252606572525,0.2827636267652106,0.7021248515243501,0.2145308169460209,0.6862874488583874,0.1502573577933221,0.6666226738814838,0.10498878183977844,0.6342879767718096,0.06499934010822196,0.5993137125511417,0.03266464299854839,0.560512076019533,0.013197835554968982,0.5139897056882674,0.0,0.46489375742378264,0.0,0.4131582420483041,0.00369539395539141,0.36327042365052126,0.010162333377326006,0.3147683779860106,0.0290352382209317,0.2693678236769172,0.052923320575425675,0.22522106374554576,0.08525801768509984,0.18318595750296954,0.12947076679424555,0.1459020720601824,0.17916061765870378,0.11112577537283898,0.2373630724561172,0.0820245479741324,0.29556552725353036,0.05787250890853908,0.35376798205094384,0.03847169064273455,0.4119704368483564,0.024877920021116627,0.4692490431569222,0.012867889666094765,0.5242180282433682,0.0031674805331925737,0.5791870133298141,0.0,0.6337600633496103,0.00019796753332447102,0.6822621090141214,0.0034314372442919177,0.7307641546786325,0.008116668866305831,0.7792662003431436,0.014583608288240577,0.8223571334301176,0.02105054771017547,0.8614887158506006,0.027517487132110215,0.890589943249307,0.03398442655404511,0.9157318199815228,0.042431041309225155,0.9383661079582949,0.0521314504421275
Circle,0.8275097484517164,0.16912607997553328,0.8275097484517164,0.16545607462344214,0.8275097484517164,0.16308586283354995,0.8275097484517164,0.16308586283354995,0.8249101613273184,0.16308586283354995,0.8214695313097331,0.16285648749904416,0.8214695313097331,0.159186482146953,0.8214695313097331,0.15704564569156662,0.8214695313097331,0.15704564569156662,0.8214695313097331,0.15421668323266302,0.8210107806407219,0.15054667788057188,0.8173407752886306,0.14687667252848072,0.8136707699365392,0.14320666717638975,0.8100007645844483,0.1395366618242984,0.8093890970257664,0.13892499426561664,0.8093890970257664,0.13823686826209958,0.8093890970257664,0.13456686291000844,0.8093890970257664,0.13089685755791727,0.8093890970257664,0.1272268522058261,0.8093890970257664,0.12684455998164998,0.8103065983637893,0.12684455998164998,0.8139766037158803,0.12684455998164998,0.8220811988684149,0.12906185488187177,0.8330912149246885,0.13273186023396277,0.8476183194433823,0.14343604251089537,0.8645920941968042,0.16018044192981126,0.8866121263093508,0.1895404847465402,0.9135254988913526,0.23113387873690663,0.942732624818411,0.27930269898310295,0.9647526569309582,0.3490328006728346,0.9840201850294368,0.42289165838366866,0.9987002064378007,0.5036317761296735,1.0,0.5870479394449116,0.994494991971863,0.670846394984326,0.968804954507225,0.7479165073782398,0.9334811529933476,0.8153528557229147,0.8857710834161631,0.8704029360042815,0.8235339093202844,0.9109259117669546,0.7553329765272572,0.9454851288324798,0.6745928587812524,0.9675051609450265,0.5938527410352469,0.9803501796773454,0.5131126232892421,0.9840201850294368,0.43237250554323703,0.9751510054285495,0.35316155669393684,0.9618472360272192,0.279761449652114,0.9398272039146723,0.21461885465249636,0.9116140377704718,0.15589876901903818,0.8785839896016513,0.11063536967658073,0.8388255982873308,0.07057114458291923,0.7964676198486124,0.04121110176618996,0.7487575502714273,0.01873231898463177,0.6987537273491855,0.00038229222417615155,0.6473736524199096,0.0,0.5924000305833778,0.004893340469454877,0.5385732854193744,0.01957336187781951,0.4871932104900982,0.041822769324872076,0.43581313556082274,0.06797155745852125,0.38458597752121687,0.10467161097943249,0.3368759079440325,0.14427708540408343,0.2906185488187168,0.1883171496291763,0.24657848459362341,0.24061472589647567,0.20529092438259783,0.29604709840201837,0.16568544995794793,0.35476718403547686,0.1326554017891275,0.4118051838825596,0.1029895251930577,0.4668552641639271,0.07729948772841959,0.5189234650967202,0.05757320896092955,0.5703035400259957,0.03983484975915588,0.6216836149552719,0.02515482835079125,0.6692407676427863,0.014297729184188307,0.7132808318678802,0.006957718480005992,0.7541096414098937,0.00282896245890359,0.7927976144965211,0.0,0.8258276626653417,0.0,0.8545760379233884,0.0021408364553865515,0.8802660753880264,0.0058108418074777094,0.9059561128526643,0.012921477177154231,0.9295053138619158,0.020261487881336547,0.9478553406223719,0.02760149858551869,0.9614649438030431,0.034941509289701175,0.9724749598593164,0.04228151999388332
Circle,0.6564796373875421,0.048829063937916355,0.6564796373875421,0.048829063937916355,0.6564796373875421,0.048829063937916355,0.6564796373875421,0.048829063937916355,0.6564796373875421,0.048829063937916355,0.6564796373875421,0.048829063937916355,0.6564796373875421,0.048829063937916355,0.6551061053499073,0.048829063937916355,0.651809628459584,0.048829063937916355,0.6510541858388847,0.048829063937916355,0.6510541858388847,0.048829063937916355,0.6510541858388847,0.048829063937916355,0.6510541858388847,0.048829063937916355,0.6510541858388847,0.048829063937916355,0.6538012499141542,0.048829063937916355,0.6570977268044779,0.048829063937916355,0.6603942036948012,0.048829063937916355,0.6619050889361995,0.04704347228899115,0.6619050889361995,0.043746995398667665,0.6648581828171144,0.04340361238925898,0.6689787789300187,0.04340361238925898,0.6755717327106656,0.04340361238925898,0.6841563079458828,0.04340361238925898,0.6940457386168534,0.04340361238925898,0.7039351692878237,0.049721859762378876,0.7158848980152461,0.06043540965593024,0.7323672824668637,0.080214270997871,0.7510473181786966,0.10878373738067453,0.7709635327244008,0.14202321269143628,0.7973353478469883,0.1881738891559646,0.8237071629695762,0.23926928095597838,0.850078978092164,0.298605864981801,0.8716434310830303,0.36515349220520577,0.8908728796099168,0.4346542133095256,0.9040587871712107,0.5071767048966418,0.9057070256163725,0.5811414051232745,0.8925211180550786,0.6569603736007141,0.8636769452647484,0.7249502094636359,0.8292699677219968,0.7894375386305889,0.786415768147792,0.845477645766088,0.7303756610122929,0.8932765606757779,0.6611496463155002,0.9328342833596597,0.586292150264405,0.9611290433349359,0.5111599478057827,0.984753794382254,0.4386374562186663,0.9979397019435479,0.36611496463155024,1.0,0.29359247304443387,0.9934070462193534,0.23013529290570722,0.9717052400247238,0.1719662111118744,0.9441659226701464,0.12581553464734532,0.9046081999862645,0.08790605040862563,0.8588695831330264,0.0549412815053911,0.8094224297781746,0.031659913467481406,0.7567474761348808,0.012979877755648479,0.7029050202595974,0.00309044708467818,0.6468649131240982,0.0,0.5908248059885998,0.00041205961129060905,0.5347846988531005,0.010301490282260909,0.47874459171760175,0.024105487260490298,0.42531419545360866,0.043884348602431206,0.37586704209875715,0.0710802829476,0.33136460407939006,0.10177872398873694,0.2888537875145939,0.14133644667261877,0.24929606483071207,0.18089416935650027,0.2142709978710254,0.22045189204038176,0.18460270585811406,0.26536638967103937,0.15761280131859057,0.3109676533205137,0.13233981182611082,0.3538218528947191,0.11256095048416992,0.39495913742188055,0.09278208914222917,0.43451686010576235,0.07300322780028827,0.4711901655106105,0.056108783737380694,0.5059405260627704,0.041137284527161554,0.535608818075682,0.031247853856191256,0.5614312203832154,0.023281368037909464,0.5845065586154796,0.016688414257262574,0.6044914497630657,0.010095460476615603,0.6223473662523179,0.004463979122313003,0.6355332738136119,0.0011675022319895963,0.6465902067165717,0.0,0.6564796373875421,0.0
Circle,0.5769462430356875,0.17090799578376753,0.5769462430356875,0.17090799578376753,0.5769462430356875,0.17090799578376753,0.5769462430356875,0.17090799578376753,0.5769462430356875,0.17090799578376753,0.5769462430356875,0.17090799578376753,0.5769462430356875,0.17090799578376753,0.5769462430356875,0.17090799578376753,0.5769462430356875,0.17090799578376753,0.5769462430356875,0.17090799578376753,0.5769462430356875,0.17090799578376753,0.5769462430356875,0.17090799578376753,0.5769462430356875,0.17090799578376753,0.5769462430356875,0.17090799578376753,0.5782261707574159,0.17090799578376753,0.5821412437885862,0.17090799578376753,0.5828941424484265,0.17090799578376753,0.5828941424484265,0.17090799578376753,0.5828941424484265,0.17090799578376753,0.585905737087788,0.17090799578376753,0.5917783466345432,0.17090799578376753,0.6035235657280531,0.17090799578376753,0.6181297997289568,0.17090799578376753,0.634618280379461,0.17256437283541642,0.6541936455353112,0.18039451889775637,0.6764794458665864,0.19364553531094708,0.6999698840536066,0.21066104502333977,0.7234603222406265,0.23415148321035983,0.7495106158711038,0.26788134317120915,0.776916127089294,0.30861316066857414,0.8043216383074842,0.35950911007378406,0.8269085981026952,0.420042162324951,0.8457310645987052,0.48735130251468145,0.8574762836922154,0.5617376901069114,0.8601867188676406,0.6361240776991417,0.8551422978467101,0.7100587260954675,0.8316518596596902,0.7766149676253575,0.7934046077397985,0.8368468604125884,0.7422074988706524,0.8912814335190483,0.6756512573407624,0.9265170907995784,0.6032224062641172,0.9578376750489387,0.5249209456407171,0.9852431862671286,0.4427797018521314,0.9972895648245748,0.36237012498117777,1.0,0.2840686643577777,0.99216985393766,0.22052401746724914,0.9658936907092307,0.16450835717512458,0.9318626712844453,0.11752748080108409,0.8887968679415755,0.08116247553079368,0.8351151934949559,0.05044421020930604,0.7787983737388954,0.02695377202228614,0.720072278271345,0.010239421773829215,0.6613461828037945,0.0,0.6012648697485322,0.0,0.5386237012498124,0.012949856949254743,0.47598253275109204,0.03222406264116872,0.4145460021081162,0.05962957385935827,0.35581990664056645,0.09320885408823924,0.3032675801837078,0.13055262761632275,0.2544797470260505,0.1736184309591929,0.2114139436831803,0.2196205390754403,0.1742207498870653,0.2666014154494801,0.13988857099834395,0.31358229182352026,0.10856798674898374,0.3633488932389702,0.0828188525824424,0.41424484264417993,0.060834211715103226,0.46514079204938974,0.04517391959042329,0.5134015961451589,0.03214877277518448,0.5591778346634543,0.021005872609546755,0.5983285649751541,0.013175726547206787,0.6349947297093808,0.007830146062340053,0.6693269085981028,0.003915073031169984,0.6967324198162927,0.0,0.7218039451889776,0.0007528986598403685,0.7449932239120616,0.004667971691010352,0.7645685890679115,0.008583044722180336,0.7797771419966877,0.012498117753350404,0.7913717813582295,0.016413190784520387,0.7992019274205694,0.020328263815690372,0.8070320734829094,0.022210510465291378,0.8148622195452494,0.022210510465291378
Circle,0.7757181028724115,0.052772211088844355,0.7757181028724115,0.052772211088844355,0.7736305945223781,0.052772211088844355,0.7692885771543087,0.052772211088844355,0.7607715430861721,0.052772211088844355,0.7520875083500332,0.052772211088844355,0.7434034736138947,0.052772211088844355,0.7387274549098198,0.052772211088844355,0.7343854375417503,0.052772211088844355,0.730043420173681,0.052772211088844355,0.7257014028056111,0.052772211088844355,0.7213593854375416,0.052772211088844355,0.7170173680694721,0.052772211088844355,0.7163493653974616,0.052772211088844355,0.7163493653974616,0.052772211088844355,0.7163493653974616,0.052772211088844355,0.7128423513694054,0.052772211088844355,0.708500334001336,0.052772211088844355,0.7041583166332666,0.052772211088844355,0.7031563126252505,0.052772211088844355,0.7031563126252505,0.052772211088844355,0.7031563126252505,0.052772211088844355,0.7031563126252505,0.05594522378089516,0.7040748162992654,0.06028724114896462,0.7084168336673349,0.06462925851703406,0.709752839011356,0.06897127588510352,0.7120073480293921,0.07406479625918502,0.7250334001336005,0.08274883099532401,0.7380594522378088,0.09711088844355374,0.7516700066800269,0.11564796259185027,0.7690380761523044,0.14170006680026714,0.7864061456245826,0.17309619238476948,0.8033567134268537,0.2086673346693386,0.816382765531062,0.25208750835003346,0.8269038076152303,0.3030227120908482,0.8350868403473614,0.35996993987975945,0.8350868403473614,0.42510020040080154,0.8257348029392115,0.49023046092184364,0.8079492317969275,0.5553607214428856,0.7688710754843023,0.6204909819639277,0.7232798931195726,0.6834502338009351,0.6711756847027393,0.7442384769539077,0.5977788911155649,0.7837341349365398,0.5219605878423513,0.8188042752171006,0.4438042752171013,0.849198396793587,0.3615564462257853,0.867317969271877,0.28456913827655334,0.8773380093520374,0.21509686038744177,0.8773380093520374,0.16132264529058132,0.8616399465597863,0.11422845691382798,0.8392618570474285,0.07515030060120258,0.8088677354709419,0.04734468937875764,0.7709585838343354,0.024298597194388826,0.7303774215096862,0.006930527722111031,0.6869572478289917,0.00033400133600511143,0.6399465597862394,0.0,0.5921843687374749,0.008684034736138897,0.5444221776887109,0.027638610554441816,0.4932364729458923,0.05402471609886437,0.4423012692050772,0.0931028724114894,0.39453907815631245,0.14195056780227097,0.35003340013360074,0.19605878423513615,0.30761523046092215,0.2568470273881092,0.2685370741482967,0.32072478289913164,0.23563794255177017,0.3858550434201734,0.20607882431529737,0.4509853039412151,0.1800267201068807,0.5190380761523042,0.1598196392785572,0.5878423513694052,0.1424515698062792,0.6529726118904473,0.12508350033400142,0.7125918503674008,0.11047094188376767,0.7680360721442883,0.09694388777555119,0.8157982631930529,0.0795758183032732,0.8583834335337341,0.0647962591850368,0.8964595858383431,0.05177020708082846,0.9225116900467601,0.03874415497661993,0.9461422845691387,0.028139612558450232,0.9675183700734802,0.019455577822311335,0.9805444221776881,0.010771543086172437,0.9913159652638611,0.004342017368069448,1.0,0.0
Circle,0.9226781587658484,0.024670539004434448,0.9269252388982574,0.03316469926925236,0.9311723190306666,0.04165885953407034,0.9397289363562548,0.057335581787521114,0.9503466366872775,0.07644744238336149,0.9602148522890512,0.0985572418961963,0.9687090125538694,0.12616326275685472,0.9771407157579165,0.1540815689213666,0.9835113359565296,0.1923052901130472,0.9898819561551432,0.23052901130472794,0.9947536068952595,0.2732496408719005,0.9990006870276681,0.31784398226219474,1.0,0.36325026544250827,0.995752919867591,0.4099681468990069,0.9906314408843916,0.45693585659858843,0.9715195802885512,0.507900818187496,0.9524077196927109,0.5588657797764036,0.9254887265005307,0.6067078883267754,0.8957591655736681,0.6534257697832739,0.8616576103928547,0.6966460558366122,0.82131034913497,0.7348697770282929,0.7807757166947723,0.7719692711261005,0.7383049153706824,0.7974517519205545,0.6958341140465927,0.8229342327150085,0.6501155455624257,0.843545062769346,0.603397664105927,0.8626569233651864,0.5566797826494283,0.8770845044032226,0.50996190119293,0.8855786646680408,0.46299419149334803,0.893073511960527,0.41415276997064515,0.893073511960527,0.36531134844794194,0.893073511960527,0.3181562675660482,0.8863281493972892,0.2714383861095495,0.8778339891324712,0.2277184435700453,0.8643432640059958,0.1873711823121606,0.8452314034101555,0.148585347573543,0.8251826869027543,0.11885578664668016,0.7997002061083003,0.08912622571981761,0.7742177253138466,0.06639185559927532,0.7452376491162321,0.0451564549372304,0.7155080881893696,0.02710636437449259,0.6847167572294047,0.012241583911061034,0.6528636562363374,0.0,0.6206358128786458,0.0,0.5866591718193742,0.0,0.5526825307601022,0.007245019049403538,0.5205171444631815,0.01573917931422145,0.48866404347011416,0.026481793766785403,0.45793516957091995,0.03922303416401213,0.4282056086440571,0.053275872837424396,0.39891324714258936,0.07238773343326477,0.3713072262819311,0.09149959402910514,0.34370120542127297,0.11810630191743175,0.31796889638373593,0.14571232277809004,0.29248641558928223,0.17687839610267933,0.2681906189494722,0.21085503716195128,0.2448316782212228,0.2458309911935543,0.22197239397913915,0.28405471238523505,0.2007369933170945,0.32227843357691577,0.17950159265504959,0.3624383236524887,0.16020236087689713,0.40278558491037425,0.1410905002810566,0.4418837049528449,0.12447692211604512,0.4801074261445256,0.10961214165261385,0.5188932608831429,0.09530947473611887,0.5592405221410279,0.08256823433889186,0.5995877833989129,0.06982699394166514,0.6379364187121355,0.061083005433764236,0.6761601399038163,0.052588845168946324,0.7104490662669415,0.045406283180313534,0.7423021672600086,0.03903566298170003,0.7729061270376616,0.03328961339079385,0.8005121478983201,0.029042533258384826,0.8281181687589779,0.02479545312597587,0.8516020236087686,0.022609455999000647,0.8749609643370185,0.02048591593279624,0.8955717943913557,0.016988320529635823,0.9146836549871962,0.012741240397226867,0.9317344325776031,0.008494160264817911,0.9444756729748298,0.004247080132408956,0.9572169133720566,0.0
Circle,0.3435648556662044,0.07468801210134879,0.33990923988402855,0.07468801210134879,0.33858565485944786,0.07468801210134879,0.337577209126434,0.07468801210134879,0.33392159334425814,0.07468801210134879,0.33026597756208226,0.07468801210134879,0.32862725324593467,0.07468801210134879,0.3279339468044874,0.07468801210134879,0.32427833102231185,0.07468801210134879,0.3236480524391781,0.07468801210134879,0.3236480524391781,0.07468801210134879,0.3236480524391781,0.07468801210134879,0.3236480524391781,0.07468801210134879,0.3209378545317028,0.07468801210134879,0.31728223874952755,0.07468801210134879,0.3136896508256649,0.07468801210134879,0.3136896508256649,0.07468801210134879,0.3136896508256649,0.07468801210134879,0.3136896508256649,0.07468801210134879,0.3136896508256649,0.07468801210134879,0.3136896508256649,0.07468801210134879,0.3136896508256649,0.07468801210134879,0.3136896508256649,0.07468801210134879,0.3136896508256649,0.07468801210134879,0.3136896508256649,0.07468801210134879,0.3136896508256649,0.07468801210134879,0.3136896508256649,0.0742468170931552,0.3136896508256649,0.0705912013109794,0.3136896508256649,0.06970881129459221,0.3151392915668727,0.06970881129459221,0.31892096306567486,0.06970881129459221,0.3262321946300263,0.06970881129459221,0.340917685617043,0.06970881129459221,0.3614647674272028,0.070843312744233,0.387054077902433,0.07449892852640873,0.41957645279213424,0.08508760872305562,0.4567628891970252,0.10248329761754706,0.4986133871171059,0.12851380310097077,0.5461363922853901,0.1687255767049035,0.5936593974536747,0.2246943148871801,0.6393545947308713,0.29049539896634313,0.681709315517459,0.3661288289423925,0.71460985755704,0.45751922349678575,0.7390016387243157,0.5545821252993826,0.7503466532207235,0.6517710828186061,0.7453674524139668,0.7460607588554143,0.716122526156561,0.82648430606328,0.6641875709063404,0.8917811672759361,0.5972519853775368,0.9442833732509772,0.5204840539518462,0.9844951468549098,0.43665700239505795,1.0,0.35257783940501647,0.9991806378419259,0.2711458464641367,0.9838018404134625,0.19803353082062222,0.9545569141560567,0.13777889827303683,0.9124543048027227,0.08874322450523121,0.8629144081684105,0.05080045380058,0.8063784192613136,0.025211143325349794,0.7405773351821506,0.008319677297365302,0.6747762511029876,0.0,0.6073994705659901,0.0005042228665072111,0.538194882137905,0.007815454430858374,0.47239379805874193,0.022879112567754937,0.4091768561704271,0.04493886297743608,0.3482919450397074,0.07418378923484187,0.28980209252489586,0.10702130341610996,0.23849741585780893,0.14445985125425453,0.19185680070591185,0.18372620698348677,0.14988024706920444,0.220282364805244,0.1133240892474472,0.25683852262700124,0.08660027732257648,0.2914408168410437,0.06491869406277569,0.3237110802974916,0.047270893735030795,0.3529560065548974,0.032648430606327904,0.376276314130846,0.0209882768183536,0.3949325601916046,0.01166015378797423,0.4092398840287407,0.0046640615151897205,0.4202067313752677,0.0010084457330139975,0.42852640867263325,0.0,0.434514055212404,0.0,0.4381696709945796,0.0
Circle,0.5626076068242292,0.0,0.5626076068242292,0.0,0.5626076068242292,0.0,0.5626076068242292,0.0,0.5626076068242292,0.0,0.5626076068242292,0.0,0.5626076068242292,0.0,0.5626076068242292,0.0,0.5626076068242292,0.0,0.5640945374863047,0.0,0.5676944748786976,0.0,0.5763030208170289,0.002504304272969179,0.5871028329942088,0.006104241665362308,0.6014243230552512,0.013225856941618422,0.6177023008295507,0.021364845828768252,0.6393019251839095,0.03216465800594773,0.6609015495382686,0.048833933322898725,0.6825011738926281,0.07043355767725776,0.7041007982469869,0.09798090467991856,0.7260917201439974,0.1279542964470183,0.7512912818907498,0.16755360776334324,0.777899514791047,0.20997026138675848,0.8066990139301927,0.25676944748786984,0.8306464235404604,0.3108467678822977,0.8522460478948192,0.3684457661605885,0.8669588354985133,0.4329316011895444,0.8779151666927532,0.4985913288464546,0.8779151666927532,0.5669901393019253,0.8704022538738456,0.6335107215526689,0.8560025043042727,0.6983095946157458,0.8271247456565972,0.7602128658632025,0.7940992330568163,0.8201596493974017,0.7544999217404914,0.8669588354985129,0.7055877289090624,0.9084363750195649,0.6407888558459854,0.9408358115511034,0.5736421975269999,0.9661918923149161,0.5052433870715295,0.9877915166692752,0.43684457661605847,0.9959305055564251,0.3684457661605881,1.0,0.30004695570511813,0.9928001252152138,0.24064798873063092,0.9784003756456411,0.19024886523712606,0.9568007512912817,0.14548442635780282,0.9295664423227422,0.1032242917514477,0.8998278290812335,0.07442479261230231,0.8566285803725153,0.04812959774612576,0.8121771795273125,0.02652997339176699,0.765377993426201,0.011738926279542697,0.7185788073250898,0.0009391141023634861,0.6717796212239787,0.0,0.6249804351228675,0.002817342307090107,0.5781812490217563,0.01721709187666262,0.531382062920645,0.036781969009234486,0.48458287681953366,0.06198153075598692,0.4377836907184221,0.09265925809985927,0.39372358741587105,0.12537173266551854,0.35068085772421365,0.16497104398184384,0.3110815464078883,0.2069181405540773,0.2738300203474721,0.25371732665518887,0.2414305838159335,0.3005165127563001,0.21122241352324297,0.34731569885741126,0.18242291438409758,0.39090624510878097,0.15683205509469392,0.43347941774925663,0.13225856941618405,0.47307872906558124,0.110658945061825,0.5093911410236341,0.09070277038660197,0.5417905775551728,0.07270308342463616,0.5715291907966817,0.05736421975269998,0.6001721709187665,0.04304272969165761,0.6217717952731255,0.032242917514478046,0.6411801533886364,0.022538738456722524,0.6555799029582093,0.015338863671936178,0.6678666457974641,0.010251995617467499,0.6786664579746436,0.00665205822507437,0.6863358898106118,0.003052120832681154,0.6935357645953985,0.0,0.7007356393801847,0.0,0.7063703239943653,0.0,0.7099702613867586,0.0,0.7109876349976522,0.0,0.7109876349976522,0.0
Circle,0.7966088807785887,0.0,0.7997262773722624,0.0,0.8028436739659369,0.00022810218978103374,0.8059610705596106,0.0033454987834550475,0.8095346715328466,0.007375304136253025,0.8157694647201945,0.016727493917274898,0.8233728710462287,0.02676399026763987,0.8358424574209244,0.03923357664233575,0.8492244525547447,0.05352798053527982,0.8648114355231141,0.07223236009732356,0.881538929440389,0.09435827250608272,0.9002433090024329,0.12241484184914843,0.9189476885644768,0.15320863746958627,0.9376520681265208,0.18749999999999992,0.9547597323600974,0.22498479318734785,0.9703467153284672,0.26551094890510946,0.9822840632603401,0.3115115571776155,0.991636253041362,0.36138990267639887,0.9968826034063263,0.4133211678832116,1.0,0.46631690997566894,0.9917122871046229,0.5215936739659367,0.9792427007299265,0.5777068126520678,0.956736618004866,0.628801703163017,0.9317974452554743,0.6786800486618003,0.8959093673965939,0.7230839416058392,0.8585006082725061,0.7667274939172747,0.8151611922141119,0.7955444038929438,0.771213503649635,0.8234489051094888,0.7151003649635036,0.8452706812652067,0.6589872262773723,0.8661800486618003,0.6028740875912408,0.8786496350364962,0.546228710462287,0.889522506082725,0.4869981751824815,0.8926399026763987,0.4300486618004865,0.8934762773722627,0.38017031630170334,0.8872414841849148,0.3302919708029198,0.8780413625304135,0.2804136253041362,0.8624543795620435,0.23418491484184925,0.8432177615571774,0.193658759124088,0.8182785888077858,0.15457725060827265,0.7918947688564475,0.11716849148418482,0.7638381995133817,0.08645072992700778,0.7341088807785888,0.06151155717761566,0.7029349148418491,0.04037408759124084,0.6679592457420923,0.021669708029196925,0.6305504866180047,0.009352189781021956,0.5952706812652068,0.0,0.560979318734793,7.603406326054375e-05,0.5266879562043795,0.003193430656934643,0.49239659367396593,0.014066301703163036,0.4581052311435524,0.02653588807785909,0.42381386861313863,0.04744525547445263,0.39233576642335755,0.0692670316301703,0.36116180048661806,0.09413017031630186,0.33302919708029183,0.11937347931873478,0.30497262773722617,0.15054744525547442,0.27691605839416045,0.18210158150851574,0.24923965936739662,0.21639294403892945,0.22430048661800484,0.2506843065693432,0.1999695863746958,0.2849756690997566,0.17814781021897813,0.3201034063260339,0.15716240875912413,0.3575121654501217,0.1384580291970803,0.3949209245742092,0.12081812652068136,0.43232968369829666,0.10523114355231146,0.4684458637469587,0.0909367396593674,0.502737226277372,0.0784671532846715,0.5355079075425794,0.06751824817518248,0.566681873479319,0.05816605839416053,0.5978558394160579,0.05056265206812655,0.6290298053527975,0.044327858880778614,0.6582268856447685,0.040069951338199516,0.6862834549878344,0.036952554744525586,0.7121350364963502,0.03604014598540145,0.7370742092457421,0.03604014598540145,0.757147201946472,0.03604014598540145,0.7758515815085159,0.03604014598540145,0.7918947688564473,0.03604014598540145,0.8074817518248174,0.03604014598540145,0.8172901459854013,0.03604014598540145,0.8266423357664232,0.03604014598540145
Circle,0.8981159582819334,0.03100818660984636,0.8981159582819334,0.03398003812941573,0.8981159582819334,0.036951889648985096,0.8981159582819334,0.039923741168554405,0.8981159582819334,0.042895592688123776,0.8981159582819334,0.04429740944263766,0.8981159582819334,0.04429740944263766,0.8981159582819334,0.04429740944263766,0.8981159582819334,0.04429740944263766,0.8981159582819334,0.04412919143209599,0.8981159582819334,0.04115733991252662,0.8981159582819334,0.03986766849837389,0.8981159582819334,0.03986766849837389,0.8981159582819334,0.03986766849837389,0.8981159582819334,0.03986766849837389,0.8983963216328361,0.03986766849837389,0.9013681731524054,0.03986766849837389,0.9061343501177527,0.041661993944151626,0.9120780531568914,0.04530671750588768,0.9180217561960299,0.054222272064595664,0.925815857351127,0.06868902097117865,0.9351239206010992,0.08769765616238645,0.9470113266793767,0.11444431983851071,0.9608052035437925,0.14691039587305152,0.9747672984187508,0.18481552091510595,0.9836828529774587,0.23533699674778535,0.9925984075361668,0.29174610294942255,1.0,0.35168778737243467,1.0,0.4140966692833914,0.9858696871145004,0.47852416732084796,0.9617023662666818,0.5433441740495683,0.9230682965122801,0.6057530559605248,0.8740607827744756,0.6598631826847595,0.8174834585622963,0.7073006616575083,0.7491308736122014,0.7429628798923404,0.6765167657283842,0.7701020522597286,0.6015476056969832,0.7905125042054504,0.5242794661881796,0.7994280587641583,0.44919816081641784,0.7974094426376582,0.3763597622518785,0.7885499607491308,0.3080071773017831,0.7707188516317148,0.24638331277335404,0.7484019288998541,0.18930133452955042,0.7222720645957159,0.13877985869687126,0.6895816978804532,0.0997532802512054,0.6522933722103846,0.0666143321744981,0.6119771223505662,0.03986766849837389,0.5673993495570258,0.020186161264999482,0.5204665246159023,0.00594370303913874,0.47201973757990345,0.0,0.42149826174722416,0.001289671414152914,0.37338791073230876,0.008074464505999693,0.3267915218122686,0.022933722103846668,0.2822137490187281,0.04272737467758223,0.24010317371313208,0.06756756756756754,0.20051586856566123,0.10025793428283049,0.16485365033082877,0.1405181114724683,0.1317147022541212,0.18318941347987008,0.10115509700571929,0.22776718627341075,0.07440843332959496,0.27492430189525624,0.05539979813838743,0.3224739262083662,0.03981159582819331,0.37002355052147606,0.027924189749915833,0.41493775933609944,0.01867219917012451,0.4571604799820566,0.010934170685208033,0.49579454973645853,0.004990467646069293,0.5317371313221938,0.0017382527755971597,0.566165750813054,0.0,0.5988561175283167,0.0,0.6287989234047324,0.002747560838847184,0.6572277671862734,0.007009083772569279,0.6839744308623974,0.012952786811707955,0.7051138275204666,0.021700123359874396,0.7259167881574521,0.030615677918582503,0.7467197487944378,0.039531232477290616,0.7646630032522151,0.045587080856790446,0.7824941123696311,0.050128967141415244,0.8003252214870473,0.05310081866098461,0.8152405517550747,0.05607267018055398,0.828641919928227,0.05904452170012335,0.8405293260065044,0.06201637321969272
Circle,0.9145868997206955,0.15614019281016303,0.9145868997206955,0.15614019281016303,0.9127398864762593,0.15614019281016303,0.9100369402648886,0.15614019281016303,0.9074691413640867,0.15600504549959454,0.9074691413640867,0.1533020992882241,0.9074691413640867,0.15059915307685368,0.9074691413640867,0.1478962068654833,0.9074691413640867,0.14519326065411292,0.9074691413640867,0.14249031444274254,0.9074691413640867,0.13978736823137214,0.9074691413640867,0.13834579691864127,0.9074691413640867,0.13834579691864127,0.9074691413640867,0.13834579691864127,0.9074691413640867,0.13609334174249926,0.9074691413640867,0.1347869177403369,0.9080097306063609,0.1347869177403369,0.9107126768177312,0.1347869177403369,0.9134156230291018,0.1323993152536264,0.9176502387602483,0.13122803856203255,0.9223803946301469,0.13122803856203255,0.9250833408415172,0.13122803856203255,0.9277862870528876,0.13122803856203255,0.9321560500946031,0.13289485539237764,0.938372826380755,0.1372195693305703,0.9464816650148661,0.1453284079646815,0.9545905036489775,0.15609514370664015,0.9626993422830884,0.17231282097486267,0.9717542120911794,0.19312550680241455,0.9824758987296152,0.21763221911883948,0.9905847373637265,0.24736462744391374,0.9967564645463554,0.2809712586719524,1.0,0.31935309487341207,0.9995495089647716,0.36305072529056676,0.994143616542031,0.41170375709523394,0.9804486890710874,0.4665735651860529,0.9617983602126317,0.524551761419948,0.9376520407243897,0.5836561852419136,0.8971078475538334,0.640418055680692,0.8499414361654201,0.6905577079016129,0.7918280926209568,0.7311019010721687,0.7222722767816916,0.7620506351923596,0.6438868366519501,0.7863771510946932,0.5631588431390212,0.7966483466979006,0.4835570772141633,0.7958374628344895,0.40580232453374127,0.7852058744030993,0.3301198306153706,0.7662852509235065,0.2593927380845115,0.7349761239751327,0.19398143976934842,0.6976754662582212,0.1356428507072709,0.6540679340481124,0.0869898189026037,0.6027119560320746,0.054013875123884995,0.5487431300117127,0.02684926569961239,0.4929272907469138,0.007928642220019762,0.4361654203081357,0.0,0.37940354986935715,0.002702946211370433,0.32264167943057903,0.01486620416253713,0.2696639336877196,0.03419226957383549,0.22038021443373249,0.059239571132534426,0.1747905216686187,0.09437787188034975,0.13424632849806262,0.13965222092080382,0.09978376430309027,0.19064780610865867,0.07086223984142696,0.24596810523470597,0.04716641138841329,0.31083881430759575,0.028245787908820416,0.37787188034958136,0.01364987836742039,0.4428326876295161,0.0040544193170555486,0.5059014325614926,0.0,0.5734750878457519,0.0027029462113703825,0.6341562302910176,0.012298405261735324,0.6849716190647807,0.02743490404540951,0.7258762050635194,0.0469411658707993,0.7583115595999641,0.06856473556176236,0.7883142625461755,0.09018830525272563,0.8148932336246508,0.11181187494368869,0.837057392557888,0.1327146589782863,0.8532750698261105,0.15163528245787913,0.8694927470943328,0.17055590593747186,0.8839985584286874,0.18776466348319676,0.8966573565186052,0.20312640778448512,0.9074691413640867,0.216641138841337
Circle,0.834995737425405,0.2655157715260017,0.834995737425405,0.27152600170502983,0.834995737425405,0.27881500426257455,0.834995737425405,0.2888320545609548,0.834995737425405,0.30140664961636826,0.834995737425405,0.31543052003410066,0.8292412617220802,0.33520886615515766,0.8210144927536231,0.35690537084398977,0.8069906223358909,0.38294970161977837,0.7881926683716967,0.40899403239556686,0.7661551577152601,0.43503836317135547,0.7331202046035806,0.4629156010230179,0.6976555839727195,0.4909633418584826,0.6575873827791986,0.5190110826939471,0.6153026427962489,0.5470588235294116,0.5712276214833759,0.5751065643648764,0.5219096334185849,0.5961636828644501,0.47182438192668397,0.6150468883205457,0.42173913043478267,0.6290707587382779,0.3726768968456947,0.6410485933503834,0.3245950554134698,0.6510656436487636,0.27817561807331637,0.652770673486786,0.23269394714407515,0.6515771526001705,0.19062233589087818,0.6435635123614664,0.15230179028133006,0.6308610400682012,0.11824381926683723,0.6128303495311168,0.08891730605285593,0.5900682011935208,0.06193520886615524,0.5656010230179028,0.04390451832907072,0.5375532821824381,0.0275788576300087,0.5078005115089514,0.013554987212276251,0.4757459505541347,0.005498721227621626,0.44219948849104873,0.0,0.40801364023870434,0.002003410059676037,0.3719522591645354,0.0063086104006820215,0.3358908780903667,0.014322250639386169,0.29982949701619777,0.02514919011082694,0.2637681159420292,0.03734015345268545,0.2277919863597614,0.05737425404944582,0.19573742540494463,0.07945439045183289,0.1643648763853369,0.10549872122762156,0.13431372549019616,0.13550724637681147,0.10690537084398993,0.16756180733162823,0.0808610400682013,0.2054987212276215,0.06069906223358912,0.24475703324808165,0.042455242966751974,0.28682864450127865,0.02843137254901962,0.33137254901960744,0.016879795396419504,0.37745098039215685,0.00686274509803927,0.42540494458652994,0.0024722932651321887,0.47450980392156855,0.0,0.5265984654731457,0.002003410059676085,0.5752344416027277,0.008610400682011922,0.6213128729752768,0.018627450980392153,0.6673913043478259,0.03401534526854211,0.7121909633418583,0.051321398124467094,0.752259164535379,0.0733589087809035,0.7901960784313725,0.0975277067348679,0.8262574595055412,0.12357203751065633,0.8572037510656435,0.15132139812446704,0.8865728900255754,0.17936913895993184,0.9126172208013641,0.20741687979539636,0.9347399829497016,0.23350383631713542,0.9527706734867858,0.25754475703324786,0.9659420289855072,0.27834612105711853,0.9777067348678602,0.29761295822676886,0.9877237851662405,0.31163682864450115,0.9950554134697355,0.3238704177323103,0.999062233589088,0.3338874680306905,1.0,0.3408354646206308,0.9996589940323954,0.34667519181585676,0.9956521739130434,0.3506820119352088,0.9924552429667518,0.3538789428815005,0.9904518329070761,0.35588235294117654,0.9869991474850809,0.35788576300085256,0.9829923273657288,0.35980392156862745,0.9789855072463768,0.35980392156862745,0.9757033248081839,0.35980392156862745,0.973699914748508,0.35980392156862745,0.9716965046888323,0.3611679454390452,0.969693094629156,0.36317135549872126
Circle,0.6369511280364666,0.1367491777739311,0.6326236224107094,0.1367491777739311,0.6323928221106689,0.1367491777739311,0.6323928221106689,0.1367491777739311,0.6323928221106689,0.1367491777739311,0.6323928221106689,0.1367491777739311,0.6323928221106689,0.1367491777739311,0.6323928221106689,0.1367491777739311,0.6323928221106689,0.1367491777739311,0.6323928221106689,0.1342680745484969,0.6323928221106689,0.1321908718481334,0.6303733194853155,0.1321908718481334,0.6278345161848712,0.1304021695228204,0.6278345161848712,0.1276325659223357,0.6278345161848712,0.1276325659223357,0.6278345161848712,0.1276325659223357,0.6278345161848712,0.1276325659223357,0.6278345161848712,0.1276325659223357,0.6278345161848712,0.1276325659223357,0.6278345161848712,0.1276325659223357,0.6278345161848712,0.1276325659223357,0.6278345161848712,0.12336276037158848,0.6278345161848712,0.1190352547458312,0.6278345161848712,0.1185159540707403,0.6314119208354972,0.1185159540707403,0.6357394264612547,0.1185159540707403,0.6400669320870119,0.1185159540707403,0.6501644452137787,0.1185159540707403,0.663146962091051,0.1185159540707403,0.6761294789683228,0.12093935722116439,0.6934972015463622,0.1274594656973054,0.7170965322254919,0.13807627949916335,0.7465235704806418,0.1545208008770411,0.7811436154867002,0.17915873290635273,0.818302463793203,0.21199007558709823,0.8605389187005943,0.25405343026945926,0.8978708672321274,0.30840690092897105,0.9270094051122267,0.37447348681553266,0.9483007327909526,0.4487334833535281,0.9652645548439213,0.5311868905429574,0.9695920604696787,0.6220645086838609,0.9486469332410136,0.7171542323005016,0.9031215740580468,0.8083780508914656,0.8292654780451221,0.8842536495297441,0.7337718539034108,0.9402227222895388,0.6276614159598415,0.9789971726963244,0.5164156713403735,0.9983266978247071,0.4067278287461781,1.0,0.30373319485315325,0.985286480872425,0.2089319716115629,0.9494547342911548,0.13086377012290124,0.8997172696324505,0.07356759563787421,0.8420748946973633,0.032658242455715386,0.7738157059604177,0.008135710576423979,0.6973631065720386,0.0,0.6151404996826496,0.008251110726444223,0.5329178927932606,0.03213894178062442,0.4506952859038717,0.06727828746177363,0.36899197968957365,0.10709133921874105,0.29167387917604304,0.1591368068778489,0.22254918931394616,0.21972188563845121,0.16196411055334387,0.28861577520050774,0.11384224799492247,0.3617794703133112,0.07408689631296532,0.439039870751832,0.04621776008308825,0.5134729675148576,0.023714730829150148,0.5838093589521666,0.008539611101494446,0.6470486411632335,0.0015579020252726493,0.7020945127228664,0.0,0.7464081703306215,0.002538803300444272,0.7807397149616297,0.00917431192660553,0.8068778489412035,0.01782932317812009,0.8266689746696673,0.02648433442963478,0.8423633950724138,0.033523743580866634,0.8553459119496857,0.03785124920662398,0.8671744273267556,0.04217875483238126,0.8749062373781089,0.046506260458138604,0.8792337430038661,0.050833766083895886,0.8835612486296234,0.05516127170965323,0.8876579539553403,0.05925797703537015,0.8876579539553403,0.05925797703537015
Circle,0.7171717171717171,0.10606060606060606,0.7171717171717171,0.10606060606060606,0.7171717171717171,0.10606060606060606,0.7171717171717171,0.10606060606060606,0.7171717171717171,0.10606060606060606,0.7171717171717171,0.10606060606060606,0.7171717171717171,0.10606060606060606,0.7171717171717171,0.10606060606060606,0.7171717171717171,0.10606060606060606,0.7171717171717171,0.10606060606060606,0.7142309167625626,0.10606060606060606,0.7109065336913437,0.10606060606060606,0.7075821506201252,0.10606060606060606,0.7042577675489068,0.10606060606060606,0.7009333844776885,0.10606060606060606,0.6976090014064698,0.10606060606060606,0.6942846183352512,0.10606060606060606,0.6919191919191919,0.10606060606060606,0.6919191919191919,0.10606060606060606,0.6919191919191919,0.10606060606060606,0.6944124792226058,0.10606060606060606,0.7043856284362614,0.10606060606060606,0.7167881345096536,0.11334867663981583,0.7321953714358778,0.12472829561437156,0.7554660529344072,0.1413502109704641,0.7764352384605551,0.16717811021608484,0.7992584068533435,0.199974427822529,0.8358266206367473,0.24651579081958824,0.8702211993351234,0.30392532924178484,0.9021224907300857,0.3688786600179005,0.925393172228615,0.44533947065592616,0.944572305331799,0.5258918296892979,0.9592763073775732,0.6086817542513744,0.9559519243063547,0.6884669479606188,0.9411200613732259,0.7644163150492264,0.9166986318885052,0.8362102032988108,0.8734816519626648,0.8860759493670886,0.8213144099220049,0.9287814857435109,0.7610919319780082,0.9650939777522055,0.681306738268764,0.9883646592507351,0.6031837360951285,1.0,0.5267229254571029,1.0,0.4502621148190772,0.9902186421173763,0.37686996547756046,0.9756425009589568,0.30705792098197177,0.9556962025316454,0.24037846822656977,0.9263521288837745,0.17951668584579994,0.8936197417210076,0.12632655670630372,0.857051527937604,0.08816008183096803,0.8144738524485361,0.05542769466820123,0.7699782636491501,0.028832630098452973,0.7234369006520907,0.01086817542513749,0.6768955376550312,0.0,0.6292034266717812,0.0,0.5793376806035039,0.010996036312492102,0.5294719345352259,0.028385116992711974,0.4806290755657843,0.05498018156245994,0.4340877125687254,0.0894386907045133,0.39016749776243487,0.12779695691088075,0.3478455440480758,0.17101393683672178,0.30795294719345345,0.21921749136938984,0.2705536376422454,0.26985040276179467,0.23475258918296923,0.3230405319012912,0.20150875847078392,0.3762306610407877,0.17063035417465794,0.4287814857435108,0.14198951540723703,0.4786472318117883,0.11871883390870755,0.5262754123513615,0.09768571793888259,0.5723053317990027,0.07876230661040787,0.6155223117248431,0.06546477432553388,0.6566295870093335,0.052167242040659895,0.6957550185398286,0.039253292417849465,0.7289988492520139,0.02928014320419383,0.760260836210203,0.02128883774453398,0.7896688403017516,0.01489579337680607,0.8129395218002811,0.011571410305587573,0.83435622043217,0.008247027234369006,0.8541746579721263,0.00492264416315051,0.8707965733282188,0.0015982610919320133,0.8839662447257381,0.0,0.8939393939393939,0.0
Circle,0.6437946623887997,0.08640805016771183,0.6437946623887997,0.08640805016771183,0.6437946623887997,0.08640805016771183,0.6426279714160709,0.08640805016771183,0.6383987166399299,0.08640805016771183,0.6341694618637885,0.08640805016771183,0.6322735890331047,0.08640805016771183,0.6314714889893537,0.08640805016771183,0.6272422342132127,0.08640805016771183,0.6265130523552573,0.08640805016771183,0.6265130523552573,0.08640805016771183,0.6265130523552573,0.08640805016771183,0.6265130523552573,0.08640805016771183,0.623377570366049,0.08640805016771183,0.6207525156774099,0.08640805016771183,0.6207525156774099,0.08640805016771183,0.6207525156774099,0.08640805016771183,0.6207525156774099,0.08640805016771183,0.621992124835934,0.08640805016771183,0.6262213796120754,0.08640805016771183,0.6383257984541345,0.08640805016771183,0.655826163045063,0.0912206504302173,0.6795974916144086,0.10055417821204606,0.713431529823538,0.11324194254046957,0.7508385591366488,0.13664868018083715,0.7909435613241943,0.1681493364445094,0.8337465363861746,0.20774391133148623,0.8802683389237276,0.25849496864518007,0.9139565407612659,0.31887122648388505,0.940207087647659,0.38734140294589464,0.9607700160420009,0.463759661659618,0.9649992708181422,0.5483447571824415,0.957853288610179,0.6300860434592387,0.9346653055271982,0.7091293568616014,0.8881435029896454,0.7852559428321425,0.8255796995770744,0.8493510281464198,0.7447863497156186,0.900393758203296,0.6517427446405128,0.9398424967186817,0.5586991395654077,0.9694472801516697,0.4583637159107481,0.9881143357153274,0.36320548344757164,0.9986874726556805,0.27672451509406437,1.0,0.2048271838996643,0.9830829808954353,0.14277380778766188,0.956322006708473,0.0905643867580571,0.921467113898206,0.04892810266880534,0.8787370570220212,0.0193233192358173,0.8279859997083271,0.00430217296193674,0.77140148753099,0.0,0.7108064751348983,0.004229254776141335,0.6473676534927807,0.028875601575033008,0.5839288318506634,0.05935540323756754,0.5230421467113895,0.09523115064897185,0.4648534344465506,0.1375236984103839,0.40987312235671547,0.1909727285985122,0.3586116377424531,0.2503281318360797,0.3100481260026251,0.3137669534781975,0.26483885080939196,0.3772057751203149,0.22677555782412143,0.4406445967624323,0.19206650138544556,0.5022604637596616,0.16005541782120458,0.561470030625638,0.13074230713139864,0.6206795974916145,0.10536677847455153,0.6739098731223568,0.08298089543532158,0.7217442030042291,0.06329298527052644,0.7640367507656409,0.04637596616596175,0.802172961936707,0.03361528365174271,0.8349861455446987,0.023552574011958555,0.8624033834038207,0.015094064459676211,0.8835496572845267,0.006635554907393868,0.9009041855038645,0.0019687910164794898,0.9155607408487677,0.0,0.927519323319236,0.0,0.935977832871518,0.0,0.9410091876914105,0.0,0.9433425696368674,0.0,0.9433425696368674,0.0,0.9433425696368674,0.0,0.9433425696368674,0.0,0.9433425696368674,0.0,0.9433425696368674,0.0
Circle,0.6706138559956446,0.04838709677419355,0.6706138559956446,0.04838709677419355,0.6706138559956446,0.04838709677419355,0.6706138559956446,0.04838709677419355,0.6706138559956446,0.04838709677419355,0.6706138559956446,0.04838709677419355,0.6706138559956446,0.04838709677419355,0.6706138559956446,0.04838709677419355,0.6706138559956446,0.04838709677419355,0.6706138559956446,0.04838709677419355,0.6706138559956446,0.04838709677419355,0.6706138559956446,0.04838709677419355,0.6706138559956446,0.04838709677419355,0.6706138559956446,0.04838709677419355,0.6706138559956446,0.0459371171906901,0.6706138559956446,0.043010752688172046,0.6706138559956446,0.043010752688172046,0.6706138559956446,0.043010752688172046,0.6706138559956446,0.0406288280930992,0.6706138559956446,0.03763440860215054,0.6706138559956446,0.03763440860215054,0.6742888253708998,0.03763440860215054,0.6829318089015929,0.03763440860215054,0.6959303116918469,0.038587178440179615,0.7119912889614809,0.04260242275758819,0.735266095004764,0.05383149584864574,0.768340819382061,0.07486048727371714,0.8076085477065469,0.10650605689397027,0.8437457465632231,0.15067374438546335,0.8798829454198995,0.20545801007213824,0.9094868653872331,0.2682047094051993,0.9327616714305159,0.3389138423846469,0.9528378930175584,0.41921872873281607,0.9555600925547845,0.5029944194909485,0.9450115693480337,0.5873145501565266,0.9196951136518307,0.6723832856948413,0.8715121818429293,0.7607186606778278,0.8097182523478973,0.8354430379746836,0.7373077446576839,0.8954675377705185,0.6556417585409012,0.9416088199265006,0.567306383557915,0.9777460187831767,0.4756363141418269,0.9938750510412413,0.38920647883489873,1.0,0.3095140873826054,0.9969375255206208,0.23322444535184486,0.9768613039335784,0.1667347216550978,0.9437185245678511,0.11201851095685292,0.9018647066829996,0.06948414318769579,0.8525928950592078,0.03736218864842812,0.7963794746154893,0.014835987477882341,0.7369674697155303,0.0021097046413503465,0.6767388049544035,0.0,0.6165101401932759,0.012045732952225491,0.556281475432149,0.03348305430788098,0.49918334013883214,0.06288280930992234,0.44650877909350767,0.10024499795835046,0.3987341772151901,0.1484279297672518,0.35456648972369703,0.2027358105349123,0.3134612767115829,0.258949230978631,0.2767115829590309,0.3151626514223493,0.24492990336191647,0.37137607186606764,0.2168231931400573,0.427589492309786,0.18871648291819806,0.4805362733088338,0.16224309241867424,0.5284469851640128,0.13842384646794614,0.5726146726555056,0.11834762488090379,0.6138559956444808,0.10119776779637953,0.6524431740846603,0.08513679052674569,0.688172043010753,0.06927997822240367,0.7162787532326121,0.05723424527017826,0.7415271539403839,0.045188512317952914,0.7641214100993603,0.03463998911120187,0.7840615217095414,0.026609500476384957,0.8001224989791754,0.01857901184156796,0.8133932217231525,0.013338777732407818,0.8240097999183341,0.009323533414999322,0.8319722335647203,0.005308289097590862,0.8359874778821288,0.0012930447801824038,0.8400027221995373,0.0,0.8440179665169458,0.0,0.8480332108343543,0.0
Triangle,0.6517416443378933,0.011140882809194756,0.648004512762657,0.011140882809194756,0.6461712029332959,0.009237061063319682,0.6461712029332959,0.005570441404597378,0.6461712029332959,0.005570441404597378,0.6461712029332959,0.005570441404597378,0.6461712029332959,0.005570441404597378,0.6461712029332959,0.005570441404597378,0.6461712029332959,0.005570441404597378,0.6461712029332959,0.005570441404597378,0.6461712029332959,0.005570441404597378,0.6461712029332959,0.005570441404597378,0.6461712029332959,0.005570441404597378,0.6461712029332959,0.005570441404597378,0.6461712029332959,0.005570441404597378,0.6461712029332959,0.005570441404597378,0.6461712029332959,0.005570441404597378,0.6461712029332959,0.0033140600761528585,0.6461712029332959,0.0,0.6461712029332959,0.0,0.6438443096883374,0.0,0.6401071781131011,0.0,0.636370046537865,0.0,0.6278381046396841,0.004794810322944723,0.6154985192497532,0.013961359469750327,0.5968128613735721,0.03264701734593161,0.5731913693414187,0.05873642645607111,0.5432238048230154,0.09117190805246081,0.4946410943449444,0.1360174869552955,0.4384430968833732,0.18847835284163036,0.37582851501903813,0.24735580313072916,0.3010858835143141,0.31836130306021715,0.22895219292060354,0.3893668029897054,0.16182484839937933,0.45804540967423524,0.10950500634607249,0.5178395148780146,0.06790297560287688,0.5642363559441546,0.03307008884501482,0.602806374277253,0.0069101678183612425,0.6327034268791428,0.0,0.6488506557608236,0.006416584402764033,0.6573120857424906,0.03257650542941761,0.6573120857424906,0.07283880975884945,0.654491609081935,0.1226202228176564,0.6487801438443098,0.18615145959667176,0.6375687491186013,0.2554646735298267,0.6263573543928924,0.3285855309547317,0.6162036384148921,0.40706529403469194,0.6087293752644198,0.4885065576082358,0.6042166126075308,0.5695952615992105,0.6016076716965169,0.6480750246791712,0.6016076716965169,0.7235227753490346,0.6016076716965169,0.7946692991115499,0.602806374277253,0.8582005358905657,0.6065435058524893,0.9062191510365254,0.6071781131011142,0.9472570864476096,0.6071781131011142,0.9808912706247358,0.6071781131011142,0.9954872373431113,0.6071781131011142,1.0,0.6031589338598223,0.9925257368495275,0.5919475391341136,0.9785643773797775,0.5742490480891272,0.9607953744182768,0.5527429135523904,0.9383725849668594,0.5265829925257368,0.9060076152869838,0.4937949513467778,0.8723734311098579,0.45719926667606836,0.8387392469327317,0.41609081934846986,0.8017204907629389,0.37159780002820464,0.762797912847271,0.3267522211253699,0.7216894655196731,0.28190664222253553,0.6874911860104358,0.2405161472288815,0.6554787759131293,0.20265124806092227,0.6255817233112398,0.16901706388379642,0.6027358623607391,0.14595966718375408,0.5836976449019885,0.12522916372867005,0.5687491186010436,0.10654350585248908,0.5538005923000987,0.09505006346072488,0.5406148639120013,0.08560146664786358,0.5294034691862926,0.07812720349739098,0.5218586941193062,0.074319560005641,0.516217740798195,0.07058242843040476,0.5124806092229588,0.06684529685516853
Triangle,0.47490700652478807,0.10598207207756571,0.47490700652478807,0.10598207207756571,0.4743581925727177,0.10543325812549537,0.4716751021403744,0.10275016769315201,0.4689920117080309,0.10116470516494909,0.46630892127568757,0.10116470516494909,0.46527227269955485,0.10116470516494909,0.46527227269955485,0.10116470516494909,0.46527227269955485,0.10116470516494909,0.46527227269955485,0.10116470516494909,0.46527227269955485,0.10116470516494909,0.46527227269955485,0.10116470516494909,0.46527227269955485,0.10116470516494909,0.46527227269955485,0.10116470516494909,0.46527227269955485,0.10116470516494909,0.46527227269955485,0.10116470516494909,0.46527227269955485,0.10116470516494909,0.46301603756326604,0.1056771754375267,0.4603329471309227,0.11140923227026037,0.45764985669857905,0.12482468443197751,0.4496005854015489,0.14360631745838162,0.42545277151045796,0.17848649307884623,0.39764619793889877,0.22068418806024762,0.36544911275077746,0.2716629062747727,0.32264162448929806,0.3385572290993354,0.27434599670711635,0.41368376120495154,0.21678151106774818,0.498079151167754,0.15885114946033305,0.5830233550826268,0.11592170254283797,0.6554667967558998,0.07665101530581121,0.7220562229404232,0.047137020550033444,0.7730349411549485,0.02146472345874746,0.8163302640404901,0.0,0.8512104396609549,0.000487834624062377,0.8659674370388438,0.011220196353436176,0.8713336179035307,0.038599914628940614,0.8624306360143912,0.07030916519299957,0.8509665223489239,0.12397097383986828,0.8321848893225198,0.1831819013354472,0.8126105250320143,0.2556253430087199,0.7911458015732669,0.32806878468199246,0.7723641685468625,0.40051222635526534,0.7562656259528021,0.4805171047015062,0.7439478016952255,0.5636929081041526,0.7332154399658517,0.6395511921458625,0.72492225135679,0.7137630343313615,0.7171778766997988,0.7808402951399475,0.7118116958351118,0.8419415818037682,0.7072992255625346,0.8902372095859504,0.7046161351301907,0.9301176901030551,0.7005305201536678,0.9623147752911761,0.6951643392889811,0.9828038295017989,0.6858954814317946,0.9989023720958593,0.6751631197024209,1.0,0.6594304530764074,0.9970729922556255,0.6422342825782061,0.9756082687968779,0.6180864686871151,0.9495700957375449,0.590279895115556,0.9146899201170805,0.5553997194950913,0.8739557290078661,0.5175925361302518,0.8283431916580279,0.4773461796451005,0.7807183364839319,0.4330751875114336,0.7324227087017505,0.3874626501615956,0.6841270809195683,0.33928898103542904,0.636685163729496,0.2918470638453568,0.5937557168120009,0.2489176169278616,0.5527776083907554,0.2079395085066162,0.5152143423379477,0.17037624245380836,0.48070004268552957,0.13738642600158543,0.4485029574974086,0.10787243124580793,0.42252576376608325,0.08457832794682607,0.3983779498749926,0.06311360448807875,0.3794743581925727,0.046893103238002457,0.362156229038356,0.03177022989206658,0.3514238673089823,0.021037868162692916,0.3417281541557412,0.012378803585584493,0.3336788828587109,0.0070126227208976615,0.32721507408988354,0.0032319043844136926,0.32184889322519666,0.0005488139520702084,0.32075126532105613,0.0,0.32075126532105613,0.0
Triangle,0.4797246917120733,0.07249784915400057,0.4797246917120733,0.07249784915400057,0.4797246917120733,0.07249784915400057,0.4797246917120733,0.07249784915400057,0.4797246917120733,0.07215371379409231,0.4797246917120733,0.06980212216805276,0.4797246917120733,0.06796673358187552,0.4797246917120733,0.06796673358187552,0.4797246917120733,0.06796673358187552,0.4797246917120733,0.06796673358187552,0.4797246917120733,0.06796673358187552,0.4797246917120733,0.06796673358187552,0.4797246917120733,0.06796673358187552,0.4797246917120733,0.06796673358187552,0.4797246917120733,0.06796673358187552,0.4797246917120733,0.06796673358187552,0.4783481502724403,0.06796673358187552,0.4759965586464008,0.06796673358187552,0.4751935761399483,0.06796673358187552,0.4751935761399483,0.06796673358187552,0.4717522225408661,0.07140808718095781,0.467049039288787,0.07611127043303698,0.4453111557212503,0.09595640952107823,0.419443647834815,0.11947232578147396,0.3749928305133354,0.16570117579581292,0.32796099799254363,0.21508459994264395,0.26303412675652427,0.2845999426441064,0.19764840837396042,0.3550329796386578,0.15061657585316895,0.4208775451677658,0.1049612847720103,0.48488672211069667,0.07203900200745632,0.5319185546314882,0.040722684255807384,0.5765414396329221,0.017206767995411522,0.6094637223974761,0.0,0.6377975336965872,0.0023515916260395476,0.6519070834528247,0.0143963292228276,0.6607972469171207,0.047318611987381715,0.658445655291081,0.08758244909664478,0.652423286492687,0.1393174648695152,0.6406653283624892,0.20195010037281322,0.6289073702322913,0.27720103240607974,0.6171494121020934,0.35749928305133316,0.6079151132778893,0.442156581588758,0.6008603383997705,0.5268138801261829,0.5938055635216517,0.6114711786636078,0.586750788643533,0.6864926871236016,0.5845139088041296,0.757040435904789,0.5845139088041296,0.8133639231431029,0.5845139088041296,0.8650989389159733,0.5845139088041296,0.9031832520791508,0.5845139088041296,0.9384571264697444,0.5845139088041296,0.9652423286492686,0.5802695726985947,0.991109836535704,0.5755663894465154,0.9963292228276452,0.5639804989962718,1.0,0.5516489819328936,0.9835388586177228,0.5281330656724978,0.9647834815027243,0.5034700315457413,0.9295096071121305,0.47054774878118716,0.8919414969888154,0.43579007743045584,0.8449096644680242,0.3934614281617436,0.7991396616002293,0.35113277889303135,0.7568110123315169,0.30880412962431886,0.7160883280757099,0.26727846286205925,0.6784628620590766,0.22730140521938644,0.6437625466016633,0.18927444794952686,0.6131918554631487,0.15400057355893312,0.5860625179237166,0.1233151706337825,0.5625466016633207,0.09744766274734722,0.541669056495555,0.07553771149985673,0.5228563234872383,0.056724978491540096,0.5070260969314597,0.04238600516203043,0.49291654717522215,0.030628047031832566,0.48213363923143093,0.022196730714080865,0.4727272727272725,0.015141955835962095,0.4669916833954688,0.009922569544020626,0.4622885001433897,0.005219386291941532,0.4595927731574419,0.002523659305993736,0.4572411815314022,0.00017206767995412423,0.4548895899053628,0.0,0.4525379982793231,0.0
Triangle,0.3263145913954019,0.04945367630320966,0.3263145913954019,0.047234236284998884,0.3263145913954019,0.04501479626678811,0.3263145913954019,0.04495788754837242,0.3263145913954019,0.04495788754837242,0.3263145913954019,0.04495788754837242,0.3263145913954019,0.04495788754837242,0.3263145913954019,0.04495788754837242,0.3263145913954019,0.04495788754837242,0.3263145913954019,0.04495788754837242,0.3263145913954019,0.04495788754837242,0.3243796949692694,0.04495788754837242,0.32216025495105866,0.04495788754837242,0.32181880264056467,0.04495788754837242,0.32181880264056467,0.04495788754837242,0.32181880264056467,0.04495788754837242,0.32181880264056467,0.04495788754837242,0.32181880264056467,0.0467220578192579,0.32181880264056467,0.048941497837468685,0.32011154108809486,0.05286819940814939,0.317892101069884,0.057307079444570946,0.31072160254951076,0.06999772365126339,0.3018438424766676,0.08553380377873897,0.28499886182563183,0.11381743683132255,0.2650239016617348,0.14710903710448442,0.22200091053949478,0.2142044161165492,0.16873435010243573,0.29632369679034853,0.1273048030958344,0.3799226041429547,0.09179376280446169,0.46426132483496496,0.06197359435465524,0.5315274300022765,0.03534031413612571,0.589232870475757,0.015536080127475638,0.6360118370134306,0.0,0.6759617573412249,0.0014796266788073133,0.7015137719098566,0.014796266788072046,0.7170498520373323,0.03812884133849322,0.7225699977236514,0.06920100159344438,0.7203505577054405,0.11222399271568412,0.7133507853403144,0.1654905531527432,0.7022535852492602,0.2290006829046213,0.6922945595265195,0.30224220350557757,0.6834167994536765,0.38089005235602097,0.6756203050307309,0.46522877304803123,0.6689619849760985,0.5485431368085596,0.663328021852948,0.6306624174823589,0.6588891418165265,0.7069770088777602,0.6563851582062373,0.7757796494422947,0.6563851582062373,0.8363874345549742,0.6563851582062373,0.8852151149556117,0.6563851582062373,0.9280673799226047,0.6563851582062373,0.9613589801957663,0.6563851582062373,0.9866833598907354,0.6516048258593218,0.9977805599817897,0.638288185750057,1.0,0.6212724789437741,0.9844639198725249,0.5968586387434557,0.9614158889141818,0.5690302754381972,0.9214659685863876,0.5335192351468245,0.8746300933302983,0.49487821534259036,0.8102663328021856,0.4482699749601641,0.7464716594582291,0.4016617345777373,0.6843273389483269,0.3550534941953106,0.6237195538356476,0.3094696107443659,0.5682335533803781,0.2673002503983612,0.5145686319144095,0.2264966992943319,0.4679603915319828,0.1909856590029592,0.42374231732301393,0.15666970179831538,0.39045071704985235,0.1278169815615753,0.35852492601866603,0.10033007056681069,0.3341110858183474,0.0803551104029137,0.3108354199863421,0.061233781015251586,0.29529933985886647,0.04791714090598673,0.28021852947871634,0.03505577054404735,0.26912132938766226,0.02617801047120411,0.2585363077623492,0.01747097655360799,0.25409742772592775,0.010812656498975655,0.24977236512633744,0.004381971318005871,0.24755292510812674,0.0021625312997951567,0.24539039380833158,0.0,0.24539039380833158,0.0,0.24539039380833158,0.0
Triangle,0.3808522727272728,0.07630681818181818,0.3808522727272728,0.07630681818181818,0.3808522727272728,0.07630681818181818,0.3808522727272728,0.07630681818181818,0.3808522727272728,0.07630681818181818,0.3808522727272728,0.07630681818181818,0.3808522727272728,0.07630681818181818,0.3808522727272728,0.07630681818181818,0.3808522727272728,0.07630681818181818,0.3808522727272728,0.07630681818181818,0.3808522727272728,0.07630681818181818,0.38017045454545456,0.07630681818181818,0.3780681818181818,0.07630681818181818,0.3763636363636364,0.07630681818181818,0.3763636363636364,0.07630681818181818,0.37625000000000014,0.07630681818181818,0.37414772727272727,0.07630681818181818,0.3720454545454547,0.07630681818181818,0.37187500000000007,0.07630681818181818,0.37187500000000007,0.07630681818181818,0.3702272727272727,0.07795454545454546,0.368125,0.08005681818181819,0.35238636363636366,0.09306818181818183,0.3292613636363636,0.1119886363636364,0.2985795454545455,0.13846590909090906,0.26073863636363637,0.17210227272727274,0.21812500000000012,0.2136931818181817,0.1676704545454546,0.2683522727272727,0.12079545454545451,0.31892045454545453,0.08505681818181828,0.35676136363636357,0.05045454545454547,0.39346590909090906,0.02522727272727277,0.4207954545454546,0.0,0.44812499999999994,0.001363636363636371,0.46727272727272734,0.0034659090909091015,0.4861931818181818,0.03375000000000004,0.48926136363636363,0.06948863636363646,0.48926136363636363,0.1259090909090907,0.48926136363636363,0.19107954545454534,0.48926136363636363,0.26698863636363634,0.48926136363636363,0.35107954545454556,0.48926136363636363,0.43880681818181844,0.48926136363636363,0.5313068181818179,0.48926136363636363,0.6194318181818179,0.48926136363636363,0.697215909090909,0.48926136363636363,0.7712500000000002,0.48926136363636363,0.8259090909090911,0.48926136363636363,0.880113636363636,0.48926136363636363,0.9179545454545451,0.48926136363636363,0.9557954545454546,0.48926136363636363,0.9786363636363637,0.4836363636363637,0.999659090909091,0.4773295454545455,1.0,0.464659090909091,0.9936931818181818,0.44994318181818194,0.9677840909090908,0.4273863636363637,0.9299431818181817,0.4000568181818182,0.882897727272727,0.3696590909090908,0.8261363636363638,0.3360227272727274,0.7678977272727274,0.30164772727272743,0.7069318181818183,0.265909090909091,0.647784090909091,0.23107954545454537,0.5952272727272726,0.19954545454545441,0.5435227272727274,0.16852272727272735,0.5014772727272728,0.1432954545454546,0.4594318181818183,0.11806818181818182,0.42732954545454543,0.09880681818181815,0.39579545454545445,0.07988636363636357,0.3727840909090911,0.0660795454545455,0.3517613636363638,0.05346590909090911,0.335,0.04227272727272731,0.3202840909090909,0.031761363636363595,0.3078409090909091,0.023522727272727285,0.2973295454545455,0.017215909090909032,0.28852272727272726,0.011761363636363611,0.28221590909090916,0.007556818181818214,0.2764772727272728,0.0039204545454545586,0.27227272727272733,0.001818181818181828,0.26835227272727274,0.0,0.26625000000000004,0.0,0.2641477272727273,0.0
Triangle,0.3995090518563976,0.05454127032832157,0.3995090518563976,0.05454127032832157,0.3995090518563976,0.05454127032832157,0.3972844430806995,0.05454127032832157,0.39452285977293655,0.05454127032832157,0.39344891070880633,0.05454127032832157,0.39344891070880633,0.05454127032832157,0.39344891070880633,0.05454127032832157,0.39344891070880633,0.05454127032832157,0.39344891070880633,0.05454127032832157,0.39344891070880633,0.05454127032832157,0.39344891070880633,0.05454127032832157,0.39344891070880633,0.05454127032832157,0.39344891070880633,0.05454127032832157,0.39344891070880633,0.05454127032832157,0.39344891070880633,0.05454127032832157,0.39344891070880633,0.05454127032832157,0.39344891070880633,0.05454127032832157,0.39344891070880633,0.05454127032832157,0.39344891070880633,0.05454127032832157,0.39344891070880633,0.0552316661552623,0.39344891070880633,0.057993249463025476,0.3916078551702975,0.06182878183491869,0.35846885547714025,0.08392144829702358,0.32532985578398277,0.10601411475912863,0.2779226756673826,0.13999693157410248,0.22821417612764666,0.1758975145750229,0.18218778766492788,0.215480208652961,0.13800245474071793,0.2569039582694079,0.10033752684872665,0.2918073028536361,0.06996011046333234,0.31942313593126737,0.04188401350107398,0.34473764958576236,0.019791347038969006,0.36406873274010415,0.0,0.3829395520098191,0.005523166615526178,0.3967474685486345,0.011046333231052443,0.41055538508745,0.03129794415464857,0.4145443387542191,0.05339061061675363,0.4173059220619822,0.10041423749616439,0.42006750536974524,0.15840748695918977,0.4228290886775085,0.22882786130714897,0.42420988033139,0.311675360540043,0.42420988033139,0.3995857625038352,0.4250536974532065,0.49900276158330725,0.4278152807609696,0.5965787051242714,0.43057686406873286,0.6794262043571645,0.4333384473764958,0.7622737035900577,0.436100030684259,0.8223381405339062,0.43633016262657254,0.8803313899969314,0.43633016262657254,0.92635777845965,0.43633016262657254,0.967781528076097,0.43633016262657254,0.9917152500767106,0.4319576557226143,1.0,0.4236729057993249,0.9963178889229825,0.4107855170297637,0.9687020558453514,0.3886928505676588,0.9372506903958271,0.3650659711567967,0.8820190242405644,0.3319269714636391,0.8267873580853021,0.29878797177048166,0.7767720159558148,0.2656489720773244,0.7270635164160788,0.2325099723841671,0.6835685793188094,0.20144216017183186,0.6421448297023628,0.17106474378643763,0.6053237189321878,0.14375575329855797,0.5721847192390304,0.11890150352868975,0.5430346732126419,0.09703896900889847,0.520942006750537,0.08046946916231976,0.4997698680576862,0.06436023320036817,0.4832003682111077,0.050552316661552646,0.46663086836452916,0.03674440012273711,0.45543111383860063,0.028306228904571965,0.4443847806075483,0.02002147898128261,0.435486345504756,0.01388462718625343,0.42720159558146675,0.008361460570727165,0.41891684565817733,0.0044492175513961355,0.41063209573488807,0.0016876342436330468,0.40342129487572864,0.0,0.3978981282602025,0.0,0.39291193617674125,0.0,0.39015035286897815,0.0,0.38738876956121504,0.0
Triangle,0.6132143141786881,0.08185223559416593,0.6132143141786881,0.08185223559416593,0.6132143141786881,0.08185223559416593,0.6132143141786881,0.08185223559416593,0.6132143141786881,0.08185223559416593,0.6132143141786881,0.08185223559416593,0.6132143141786881,0.08185223559416593,0.6125767115645174,0.08185223559416593,0.6097872001275204,0.08185223559416593,0.6069976886905236,0.08185223559416593,0.6069179883637522,0.08185223559416593,0.6069179883637522,0.08185223559416593,0.6069179883637522,0.08185223559416593,0.6069179883637522,0.08185223559416593,0.6069179883637522,0.08185223559416593,0.6069179883637522,0.08185223559416593,0.6069179883637522,0.08185223559416593,0.6069179883637522,0.08185223559416593,0.6069179883637522,0.08185223559416593,0.6069179883637522,0.08185223559416593,0.6069179883637522,0.08185223559416593,0.6069179883637522,0.08376504343667819,0.6069179883637522,0.08655455487367501,0.6009404638559019,0.09293058101538214,0.5869929066709174,0.10408862676336972,0.5692197338009087,0.11907228819638145,0.5329560851199489,0.1525464254403442,0.4966924364389894,0.18602056268430703,0.4323742727345184,0.23224675221168392,0.3654259982465929,0.27966844664063106,0.2966446162429267,0.33075635610105997,0.22690683031800457,0.3837570734040008,0.1649796764166733,0.43006296325814924,0.11476847055072932,0.4663266119391089,0.06694827448792548,0.5009962540846417,0.03347413724396283,0.5261018570176138,0.0,0.5512074599505856,0.0011158045747986954,0.5639595122340001,0.0066948274487925305,0.5751175579819875,0.033314736590419725,0.5810153821630669,0.0723678967083764,0.5838048936000637,0.12592651629871665,0.5855583007890331,0.2040328365346296,0.5855583007890331,0.28373316330596954,0.5855583007890331,0.3757870407268665,0.5855583007890331,0.46784091814776396,0.5855583007890331,0.552721766159241,0.5855583007890331,0.6364071092691478,0.5855583007890331,0.7083765043436678,0.5855583007890331,0.7725352673945963,0.5855583007890331,0.8299992029967319,0.5855583007890331,0.8746313859886823,0.5855583007890331,0.9180680640790625,0.5850800988284053,0.9487526898860283,0.5795010759544112,0.9794373156929942,0.5739220530804177,0.9916314656890092,0.5637204112536861,1.0,0.5525623655056985,0.9940224754921496,0.5350282936160039,0.977285406870168,0.5127122021200288,0.952658005897824,0.48688929624611477,0.9108153343428709,0.4534151590021519,0.868175659520204,0.4196222204511039,0.8123854307802664,0.38056906033314764,0.7565952020403287,0.34151590021519096,0.698573364150793,0.3024627400972345,0.6399936239738584,0.263409579979278,0.5829281900055789,0.22738503227863247,0.5271379612656416,0.1939108950346698,0.47533274886427057,0.16203076432613392,0.43349007730931705,0.13413564995616492,0.3920459073882204,0.10647963656651004,0.36415079301825126,0.0869530565075317,0.33625567864828265,0.06742647644855346,0.31481629074679224,0.052203714035227604,0.2952897106878139,0.03825615685024311,0.2786323423926039,0.0271778114290269,0.26468478520761946,0.018809277118036326,0.25288913684546116,0.01115804574798767,0.2473101139714673,0.005579022873993835,0.24173109109747346,0.0
Triangle,0.5420271142672693,0.005100064557779213,0.5420271142672693,0.002646868947708168,0.5420271142672693,0.00019367333763719538,0.5420271142672693,0.0,0.5420271142672693,0.0,0.5420271142672693,0.0,0.5420271142672693,0.0,0.5401549386701098,0.0,0.5377017430600388,0.0,0.5352485474499679,0.0,0.5327953518398968,0.0,0.5303421562298258,0.0,0.5278889606197547,0.0,0.5267269205939317,0.0,0.5267269205939317,0.0,0.5267269205939317,0.0,0.5267269205939317,0.0,0.5267269205939317,0.0,0.5267269205939317,0.0,0.5267269205939317,0.0,0.5267269205939317,0.0,0.5262104583602326,0.0,0.5237572627501615,0.0,0.5213040671400905,0.0,0.5188508715300194,0.0,0.5160103292446742,0.00038734667527439077,0.50619754680439,0.007746933505487381,0.49638476436410595,0.015106520335700516,0.4674628792769529,0.03202065848934799,0.4380245319561008,0.04919302775984502,0.391026468689477,0.08173014848289226,0.34196255648805685,0.11607488702388638,0.27488702388637826,0.16843124596513886,0.20374435119431883,0.22485474499677233,0.14887023886378295,0.26862491930277616,0.09980632666236276,0.3078760490639123,0.06042608134280185,0.34067140090380893,0.026081342801807725,0.37010974822466103,0.007359586830213063,0.3938670109748226,0.0,0.4134925758553905,0.017172369270497024,0.42453195610071015,0.0588766946417045,0.42698515171078116,0.1088444157520983,0.42943834732085223,0.17017430600387348,0.43189154293092324,0.23737895416397667,0.4335054874112331,0.31588121368624955,0.4335054874112331,0.39632020658489375,0.4354422207876049,0.48218205293737887,0.4428018076178179,0.5671400903808914,0.45061329890251783,0.6480955455132348,0.4604260813428019,0.7267269205939317,0.46998063266623635,0.7856036152356359,0.4773402194964494,0.8440284054228537,0.48463524854744994,0.8857327307940609,0.489541639767592,0.927437056165268,0.4944480309877341,0.9575209812782441,0.4923821820529375,0.9869593285990964,0.4899289864428664,0.9950936087798582,0.4768237572627503,1.0,0.46210458360232415,0.9836023240800517,0.4396384764364105,0.9615235635894126,0.41510652033570034,0.9272433828276309,0.38360232408005174,0.8879922530664948,0.34925758553905767,0.8409941897998707,0.31336346029696577,0.7894770819883797,0.2765655261459005,0.7366042608134282,0.24112330535829574,0.6826339573918656,0.2067785668173014,0.6333118140735962,0.17475790832795368,0.5891542930923174,0.14531956100710114,0.549838605551969,0.1187863137508069,0.5179470626210458,0.09670755326016778,0.4891542930923176,0.07617817947062623,0.46707553260167867,0.05900581020012913,0.4461588121368627,0.04357650096836672,0.42898644286636556,0.03376371852808268,0.4129761136216914,0.024338282763072892,0.4031633311814074,0.016978695932859902,0.39354422207876044,0.009812782440284036,0.38618463524854746,0.004906391220142018,0.3788250484183345,0.0
Triangle,0.5771680548750612,0.05805977462028416,0.5771680548750612,0.05805977462028416,0.5771680548750612,0.05805977462028416,0.5771680548750612,0.05805977462028416,0.5771680548750612,0.05805977462028416,0.5749632533072022,0.05805977462028416,0.5719418585660623,0.05805977462028416,0.5689204638249222,0.05805977462028416,0.5658990690837823,0.05805977462028416,0.5642658827372202,0.05805977462028416,0.5642658827372202,0.05805977462028416,0.5642658827372202,0.05805977462028416,0.5642658827372202,0.05805977462028416,0.5642658827372202,0.05805977462028416,0.5642658827372202,0.05805977462028416,0.5642658827372202,0.05805977462028416,0.5642658827372202,0.05805977462028416,0.5642658827372202,0.05805977462028416,0.5642658827372202,0.05805977462028416,0.5642658827372202,0.05805977462028416,0.5642658827372202,0.05805977462028416,0.5642658827372202,0.05805977462028416,0.5642658827372202,0.05805977462028416,0.5642658827372202,0.05805977462028416,0.5642658827372202,0.05805977462028416,0.5642658827372202,0.05805977462028416,0.5608361914094397,0.061489465948064655,0.5517720071860198,0.07055365017148456,0.5346235505471172,0.0854973052425282,0.4923240241711578,0.11873264739506767,0.446758125102074,0.15490772497141925,0.3742446513147151,0.21533561979421842,0.30173117752735573,0.27576351461701776,0.23803691001143215,0.3420708802874408,0.1745876204474932,0.4085415645925197,0.12632696390658185,0.4572921770373997,0.08100604278948215,0.5026130981544994,0.04417769067450608,0.5394414502694755,0.010942348521966435,0.5726767924220152,0.0,0.5956230605912133,0.006042789482279936,0.6107300342969132,0.03299036420055541,0.6206108116936141,0.08737546954107446,0.623632206434754,0.15164135227829484,0.6257553486852848,0.23926179977135392,0.6257553486852848,0.3288420708802873,0.6257553486852848,0.4285480973379062,0.6257553486852848,0.5280091458435402,0.6257553486852848,0.6186509880777392,0.6257553486852848,0.7092928303119383,0.6257553486852848,0.7756818552996896,0.6257553486852848,0.8391311448636289,0.6257553486852848,0.8865752082312587,0.6234688878000978,0.9288747346072183,0.6204474930589579,0.9617834394904458,0.6117916054221786,0.9889759921607051,0.5997060264576187,1.0,0.583210844357341,0.9939572105177197,0.5620610811693615,0.9762371386575208,0.5356034623550546,0.9369590070227012,0.49934672546137504,0.8937612281561322,0.46178343949044554,0.8363547280744729,0.4194839131144862,0.7782132941368611,0.37693940878654253,0.7117426098317818,0.331618487669443,0.6452719255267025,0.2862975665523435,0.5902335456475581,0.24669279764821173,0.5358484403070387,0.20741466601339195,0.4937122325657358,0.1754858729381024,0.45443410093091624,0.1452719255267027,0.4212804180957047,0.1191409439817083,0.39106647068430506,0.09496978605258855,0.3657520823125917,0.07406500081659301,0.3446023191246119,0.05593663236975321,0.32712722521639703,0.040258043442756734,0.31504164625183734,0.02817246447819705,0.3045892536338396,0.01772007186019928,0.29854646415155967,0.011677282377919346,0.2929119712559203,0.006042789482279936,0.2898905765147803,0.003021394741139968,0.2868691817736403,0.0
Triangle,0.517115804806992,0.0,0.5145335363835,0.0,0.5119512679600078,0.0,0.5093689995365159,0.0,0.5067867311130239,0.0,0.5066543070913063,0.0,0.5066543070913063,0.0,0.5066543070913063,0.0,0.5066543070913063,0.0,0.5043368867112494,0.0,0.5017546182877574,0.0,0.49917234986426534,0.0,0.49659008144077327,0.0,0.49619280937562077,0.0,0.49619280937562077,0.0,0.49619280937562077,0.0,0.49619280937562077,0.0,0.49619280937562077,0.0,0.49619280937562077,0.0,0.49619280937562077,0.0,0.49619280937562077,0.0,0.49619280937562077,0.0,0.49619280937562077,0.0,0.4943388730715753,0.003707872608091127,0.49175660464808324,0.008872409455075215,0.4748725418790969,0.024763292061179897,0.45163212606766856,0.0454214394491161,0.4128980997152884,0.07813017281334834,0.36641726809243197,0.11686419916572867,0.301728133483414,0.17546182877573993,0.22684234920214524,0.24518307621002464,0.16625835926637095,0.30695888234125673,0.11461299079653035,0.3637687876580812,0.07210487982520032,0.4099185592266436,0.035953121896311925,0.4486525855790241,0.01291134211746011,0.4815599549758327,0.0,0.5099649076342448,0.009335893531086579,0.5286366946964178,0.037740846189498876,0.5389657683903859,0.082036681454016,0.5439978812156525,0.14142885519433254,0.5439978812156525,0.21214328279149833,0.5439978812156525,0.29477587234324315,0.5439978812156525,0.3821757266768195,0.5439978812156525,0.4751373899225325,0.5439978812156525,0.5647222406144474,0.5462490895848507,0.6499370985896843,0.5514136264318346,0.7277362113487389,0.5555187711050784,0.7948751903595315,0.5581010395285704,0.8540687280672716,0.5606833079520624,0.900549559690128,0.5632655763755545,0.9414685824008475,0.5649208766470237,0.972455803482752,0.5649208766470237,0.9948354631530162,0.5606170959412037,1.0,0.5477057538237435,0.9972190955439316,0.5316162351850624,0.9765609481559954,0.5083758193736343,0.949347811693041,0.4822220750844201,0.9054492484936769,0.4486525855790241,0.8595643249685494,0.41309673574786454,0.8079189564987086,0.37178044097199214,0.757465404224326,0.3310600542938486,0.71098457260147,0.29232602794146845,0.6655631331523538,0.2546513937628286,0.6242468383764814,0.22108190425743213,0.5847844799046544,0.18890286698006997,0.5537972588227504,0.16308018274515004,0.5240018539363038,0.13844931470568744,0.5007614381248758,0.12037343574124333,0.47851420247632925,0.10295967688538704,0.4630205919353769,0.09004833476792677,0.44779182943786006,0.0776666887373369,0.4348804873203998,0.0699198834668608,0.4223664172680923,0.06257035026153743,0.4146196119976164,0.059988081838045416,0.4070052307488579,0.05740581341455341,0.4018406939018737,0.05482354499106141,0.3967423690657485,0.052307488578428124,0.3941601006422566,0.052307488578428124,0.3915778322187645,0.052307488578428124
Triangle,0.46153846153846156,0.056837939924455905,0.46153846153846156,0.056837939924455905,0.46153846153846156,0.056837939924455905,0.46153846153846156,0.056837939924455905,0.46153846153846156,0.056837939924455905,0.46153846153846156,0.056837939924455905,0.46153846153846156,0.056837939924455905,0.46153846153846156,0.056837939924455905,0.46153846153846156,0.056837939924455905,0.46153846153846156,0.056837939924455905,0.46153846153846156,0.056837939924455905,0.46153846153846156,0.056837939924455905,0.46153846153846156,0.056837939924455905,0.46153846153846156,0.056837939924455905,0.46153846153846156,0.056837939924455905,0.46153846153846156,0.056837939924455905,0.46153846153846156,0.056837939924455905,0.46153846153846156,0.056837939924455905,0.46153846153846156,0.056837939924455905,0.46153846153846156,0.056837939924455905,0.46153846153846156,0.056837939924455905,0.4580610348342227,0.060315366628694765,0.45338449547334975,0.06499190598956776,0.4369566520774627,0.07806223394687928,0.41591222495353447,0.09443012170993466,0.38515498531087,0.11889201990527017,0.35008094010432284,0.14695125607050788,0.30097727681515674,0.192157803225613,0.24485880448468134,0.24593800587565215,0.19173811379579123,0.3012170993464836,0.14029618082618853,0.3573355716769591,0.09892679417231252,0.40338149769170806,0.0638527489657653,0.4431320822591283,0.03429462197973501,0.4759877690509024,0.008573655494933703,0.5040470052161402,0.0,0.5202350260807004,0.004676539360872996,0.5272498351220098,0.030757239642664417,0.5267102344265244,0.07518436357095751,0.519695425385215,0.13519995203549395,0.5138797290005396,0.21002458180946135,0.5092031896396667,0.2962407818214521,0.5045266502787936,0.3944481083997843,0.49985011091792075,0.4915762335871458,0.4973319743389892,0.5874452904850415,0.4973319743389892,0.6751603813178247,0.4973319743389892,0.7523232807722287,0.4973319743389892,0.8198932789735598,0.4973319743389892,0.8736734816235987,0.4973319743389892,0.9211583428263087,0.49553330535403806,0.9585706577132921,0.490856765993165,0.9867498051441932,0.48282271119371667,0.9984411535463759,0.46879309311109774,1.0,0.4500869356676059,0.9812938425565083,0.42202769950236835,0.9568319443611726,0.39181006055518913,0.919419629474189,0.35673601534864197,0.8780502428203126,0.3210024581809459,0.8266083098507103,0.2835901432939625,0.776365489537742,0.2467773847352958,0.7296000959290125,0.21170333952874865,0.6849931051022241,0.17824809640865752,0.6475807902152407,0.15018886024341996,0.6120870555788716,0.1235685592661431,0.5840278194136338,0.10252413214221472,0.5576473409676839,0.08273877330775227,0.5389411835241922,0.06870915522513335,0.5209544936746806,0.05503927093950468,0.5069248755920619,0.04334792253732235,0.4937945920019186,0.032256130463457065,0.48677978296060903,0.025241321422147602,0.47976497391929973,0.018466334912165063,0.47275016487799026,0.013789795551292,0.465915222735176,0.009293123088914194,0.46123868337430307,0.00695485340847773,0.45668205527909356,0.004616583728041198,0.4543437855986569,0.0022783140476048016,0.45206547155105226,0.0,0.45206547155105226,0.0,0.45206547155105226,0.0
Triangle,0.4556937552361926,0.11709737707031,0.4556937552361926,0.11709737707031,0.4556937552361926,0.11709737707031,0.4556937552361926,0.11484178642778894,0.4556937552361926,0.11239285944448028,0.4556937552361926,0.11200618676290522,0.4556937552361926,0.11200618676290522,0.4556937552361926,0.11200618676290522,0.4556937552361926,0.11200618676290522,0.4556937552361926,0.11200618676290522,0.4556937552361926,0.11200618676290522,0.4556937552361926,0.11200618676290522,0.4556937552361926,0.11200618676290522,0.4556937552361926,0.11200618676290522,0.4556937552361926,0.11200618676290522,0.4556937552361926,0.11200618676290522,0.4556937552361926,0.11200618676290522,0.4556937552361926,0.11200618676290522,0.4556937552361926,0.11200618676290522,0.4556937552361926,0.11200618676290522,0.4556937552361926,0.11200618676290522,0.45363150093445903,0.1140684410646388,0.44383579300122455,0.1238641489978733,0.431462267190823,0.13623767480827487,0.4020751433911195,0.16562479860797844,0.3715280015466908,0.19617194045240705,0.32010053489720935,0.24759940710188835,0.26867306824772835,0.2990268737513695,0.21247663852548812,0.3576077850099892,0.15615131790938971,0.41638203260939616,0.11516401366243473,0.45981826383965974,0.07598118192949674,0.5014500225559064,0.04678739447058063,0.5330927369981312,0.01984919765418566,0.5624798607978349,0.0073467809499259094,0.5846490945414707,0.0,0.6042405104079398,0.021653670168202663,0.6141651092350325,0.058387574917831996,0.6190629632016499,0.10788167815943825,0.6239608171682672,0.16665592575884522,0.6288586711348845,0.24012373525810404,0.6325320616098474,0.3282851066572151,0.6349809885931559,0.41953985950892597,0.6384610427273314,0.5150480118579623,0.6433588966939485,0.6063672101566022,0.6482567506605659,0.6896307275890963,0.6531546046271832,0.7664497003286718,0.6574080041245086,0.8252239479280787,0.6598569311078173,0.8808403686279567,0.6618547399626217,0.9224721273442033,0.6618547399626217,0.9617838499709996,0.6605658310240382,0.9813752658374686,0.6483211961074951,1.0,0.6356254430624475,0.9828575111168395,0.6062383192627441,0.965715022233679,0.5768511954630406,0.925372172456016,0.5312238190371851,0.8837404137397692,0.484694206354321,0.8357285557775345,0.43603789392279435,0.7867500161113619,0.38705935425662186,0.7397048398530641,0.3400141779983243,0.6931752271702005,0.29348456531546047,0.6518656956885996,0.25217503383385964,0.6126828639556617,0.21299220210092168,0.5796867951279242,0.17844944254688397,0.5502996713282207,0.1466133917638718,0.5249726106850552,0.12019075852291039,0.5029322678352776,0.09815041567313258,0.48437197911967533,0.0784301089128054,0.46967841721982334,0.06128762002964478,0.4569182187278469,0.0460784945543597,0.4471225107946124,0.033833859637816543,0.43810014822452803,0.023135915447573655,0.43075336727460206,0.015789134497647746,0.42398659534703886,0.009022362570084508,0.41908874138042157,0.0041245086034671875,0.41457756009537927,0.0,0.41212863311207065,0.0,0.40967970612876214,0.0,0.4072307791454533,0.0,0.4047818521621448,0.0
Triangle,0.456631455399061,0.0,0.456631455399061,0.0,0.456631455399061,0.0,0.456631455399061,0.0,0.456631455399061,0.0,0.456631455399061,0.0,0.456631455399061,0.0,0.4549295774647887,0.0,0.45269953051643197,0.0,0.45046948356807515,0.0,0.4482394366197183,0.0,0.44600938967136144,0.0,0.4437793427230046,0.0,0.4415492957746479,0.0,0.4393192488262911,0.0,0.43708920187793426,0.0009976525821595887,0.43485915492957744,0.003227699530516425,0.4285211267605634,0.0087441314553991,0.41514084507042254,0.019894366197183086,0.3940140845070422,0.03879107981220665,0.3538732394366198,0.07670187793427234,0.3109154929577464,0.11836854460093905,0.25739436619718314,0.17411971830985912,0.20475352112676054,0.23104460093896725,0.1579225352112675,0.2957159624413149,0.11179577464788724,0.3593309859154931,0.07834507042253509,0.4039319248826293,0.044894366197183073,0.4485328638497654,0.022300469483567967,0.48010563380281707,0.0,0.5113262910798122,0.005633802816901308,0.5285798122065729,0.014553990610328587,0.5441901408450704,0.0562206572769953,0.5525234741784039,0.10528169014084511,0.5592136150234743,0.1757042253521129,0.5659037558685447,0.2537558685446011,0.572593896713615,0.3420774647887323,0.5778169014084508,0.4357394366197181,0.5822769953051644,0.5281103286384979,0.5893192488262913,0.6195422535211269,0.5982394366197183,0.7009389671361502,0.6060446009389673,0.7723004694835685,0.6127347417840376,0.8342723004694838,0.6184859154929578,0.8833333333333334,0.6229460093896714,0.9278169014084507,0.6251173708920188,0.9634976525821599,0.622887323943662,0.991549295774648,0.6171361502347419,0.9982394366197184,0.6015258215962442,1.0,0.5834507042253522,0.9799295774647888,0.5544600938967137,0.9568075117370892,0.5242957746478875,0.9077464788732397,0.4841549295774649,0.8586267605633802,0.4438967136150233,0.8073356807511738,0.3992957746478874,0.7560446009389672,0.35469483568075133,0.7068661971830987,0.31009389671361526,0.6578051643192487,0.2654929577464788,0.6164906103286384,0.22863849765258218,0.576349765258216,0.19295774647887332,0.5450117370892018,0.1625586854460093,0.5160211267605633,0.13356807511737087,0.49178403755868555,0.109330985915493,0.4694835680751175,0.08703051643192491,0.45140845070422536,0.06895539906103283,0.43579812206572766,0.05334507042253517,0.4226525821596244,0.04019953051643194,0.41150234741784036,0.02904929577464789,0.4014084507042254,0.020011737089201915,0.3924882629107981,0.013321596244131406,0.38444835680751177,0.008392018779342744,0.3777582159624413,0.006161971830985908,0.3717723004694835,0.003931924882629072,0.36731220657277,0.0017018779342723017,0.36285211267605644,0.0,0.35839201877934274,0.0,0.3542840375586854,0.0,0.3520539906103286,0.0,0.3498239436619719,0.0,0.34759389671361507,0.0,0.3453638497652582,0.0
Triangle,0.4072250563530668,0.023431011982441574,0.4072250563530668,0.023431011982441574,0.4072250563530668,0.023431011982441574,0.4072250563530668,0.023431011982441574,0.4072250563530668,0.023431011982441574,0.4072250563530668,0.023431011982441574,0.4072250563530668,0.023431011982441574,0.4072250563530668,0.023431011982441574,0.4072250563530668,0.023431011982441574,0.4072250563530668,0.023431011982441574,0.4072250563530668,0.023431011982441574,0.4072250563530668,0.023431011982441574,0.4072250563530668,0.023431011982441574,0.40680982322932735,0.023431011982441574,0.40461501957527585,0.023431011982441574,0.40242021592122434,0.02354965001779576,0.40022541226717284,0.025744453671847186,0.39803060861312134,0.027939257325898678,0.39180211175702934,0.0341677541819908,0.38521770079487494,0.04075216514414521,0.3579902716811011,0.06453909123264921,0.32506821687032866,0.09307153873531855,0.2892988492110572,0.13299323763198478,0.2519871870921817,0.17908411436706614,0.2079131569581208,0.23193735911733296,0.15743267291493654,0.2911970577767233,0.11276545260410495,0.34381302645628187,0.07764859413928107,0.38551429588326025,0.04520109146992522,0.42401233835567703,0.021058251275358902,0.4525447858583462,0.0,0.4796535769367659,0.004389607308102985,0.4950172025151264,0.00877921461620597,0.5103808280934868,0.04520109146992529,0.5150670304899752,0.0825127535888006,0.5194566377980782,0.1345355320915886,0.522007355558192,0.18940562344287593,0.5242021592122437,0.26432554276901143,0.526396962866295,0.3477280816229682,0.5285917665203465,0.43486771859058015,0.5332779689168348,0.5248546684066914,0.5398623798789893,0.6110452010914701,0.5454976865583107,0.6922529362913749,0.5498872938664137,0.7662830703523549,0.5542769011745166,0.8233479653576937,0.5586665084826197,0.8775655475145334,0.5623442875785978,0.9170720132874602,0.5623442875785978,0.9561039269189702,0.5620476924902125,0.9780519634594853,0.551073674219955,1.0,0.5400996559496976,0.9965001779570533,0.5193379997627239,0.9899157669948988,0.497389963222209,0.9683829635781234,0.4671372642069048,0.9420453197295054,0.43421520939613245,0.9061573140348798,0.3972001423656424,0.8644560446079014,0.35769367659271556,0.8227547751809231,0.3192549531379761,0.7810535057539449,0.281943291019101,0.7401233835567684,0.24617392335982918,0.7006169177838415,0.2132518685490568,0.6625341084351644,0.1817534701625341,0.629612053624392,0.1554158263139162,0.5974018270257446,0.12961205362439204,0.5732589868311783,0.10985882073792862,0.5491161466366118,0.09010558785146518,0.5312018032981375,0.07658085182109386,0.5136433740657255,0.06341202989678492,0.49964408589393766,0.052022778502788074,0.4864752639696287,0.04104876023253054,0.47627239292917317,0.03304069284612644,0.4674931783129672,0.026456281883971963,0.45990034405030256,0.02105825127535887,0.4533159330881482,0.016668643967255887,0.4476213073911496,0.013168821924308956,0.44323170008304674,0.010974018270257463,0.4394352829517144,0.00877921461620597,0.4372404792976629,0.006584410962154478,0.4350456756436114,0.004389607308102985,0.4328508719895599,0.0021948036540514926,0.4306560683355084,0.0
Triangle,0.2950557268200143,0.07961821199905147,0.2950557268200143,0.07961821199905147,0.2950557268200143,0.07961821199905147,0.2950557268200143,0.07961821199905147,0.2950557268200143,0.07961821199905147,0.2950557268200143,0.07961821199905147,0.2950557268200143,0.07961821199905147,0.2950557268200143,0.07961821199905147,0.2950557268200143,0.07961821199905147,0.2950557268200143,0.07961821199905147,0.2950557268200143,0.07961821199905147,0.2950557268200143,0.07961821199905147,0.2950557268200143,0.07961821199905147,0.2950557268200143,0.07961821199905147,0.2950557268200143,0.07961821199905147,0.2950557268200143,0.08062603746739393,0.2950557268200143,0.0828788238083946,0.2933957789898032,0.08596158406450082,0.2888902063078018,0.09046715674650223,0.2752549205596395,0.10214607540905868,0.23921033910362824,0.13143229784206784,0.2007944036044582,0.16546122836139443,0.1534858904434433,0.21727531420441074,0.10825231207019206,0.2690894000474271,0.07671330329618209,0.3209034858904436,0.04564856533080392,0.37188759781835434,0.02312070192079672,0.4079321792743658,0.0005928385107896475,0.4439767607303771,0.0,0.46905382973677984,0.0,0.4938344794877877,0.03829736779701219,0.5085368745553713,0.08110030827602559,0.5220535926013755,0.17168603272468588,0.5318947118804838,0.27306141806971806,0.5409058572444867,0.3810765947355946,0.5482570547782785,0.4914631254446292,0.5550154138012806,0.5929570784918189,0.5617737728242826,0.6898268911548493,0.5685321318472849,0.769741522409296,0.5739862461465498,0.8373251126393172,0.5784918188285512,0.8947711643348352,0.5829973915105525,0.9420796774958505,0.5875029641925541,0.9770571496324403,0.5863172871709748,0.9950794403604459,0.577306141806972,1.0,0.5621294759307566,0.9797249229309938,0.5350960398387479,0.9487787526677736,0.5045055726820015,0.8879535214607545,0.4639554185439887,0.8229784206782071,0.42216030353331735,0.7396253260611809,0.3748517903723026,0.657457908465734,0.3280175480199194,0.5853687455537113,0.28521460754090594,0.513694569599241,0.24264880246620812,0.4573749110742233,0.2088570073511975,0.4010552525492057,0.17506521223618693,0.35967512449608746,0.1476760730377046,0.3191249703580744,0.12064263694569594,0.29031301873369697,0.09947830211050507,0.2632795826416885,0.07920322504149874,0.24336020867915575,0.06426369456959923,0.2253379179511501,0.05074697652359492,0.21211761916054075,0.038830922456722775,0.2008536874555372,0.027566990751719273,0.192435380602324,0.019148683898506026,0.18567702157932184,0.012390324875503872,0.180163623428978,0.008121887597818357,0.17565805074697657,0.0058691012568176165,0.17115247806497516,0.003616314915816943,0.16664690538297366,0.0013635285748162026,0.16303059046715673,0.0,0.16077780412615605,0.0,0.15852501778515532,0.0,0.15627223144415464,0.0,0.15401944510315396,0.0,0.15176665876215323,0.0,0.1498695755276263,0.0,0.1498695755276263,0.0,0.1498695755276263,0.0,0.1498695755276263,0.0,0.1498695755276263,0.0
Triangle,0.4579384919481425,0.1377826870530783,0.45793849194814235,0.1377826870530783,0.4579384919481425,0.1377826870530783,0.4579384919481425,0.1377826870530783,0.4579384919481425,0.1377826870530783,0.4579384919481425,0.1377826870530783,0.4579384919481425,0.1377826870530783,0.4579384919481425,0.1377826870530783,0.4579384919481425,0.1377826870530783,0.4579384919481425,0.1377826870530783,0.4579384919481425,0.1377826870530783,0.4579384919481425,0.1377826870530783,0.4579384919481425,0.1377826870530783,0.4579384919481425,0.1377826870530783,0.4579384919481425,0.1377826870530783,0.4579384919481425,0.1377826870530783,0.4579384919481425,0.1377826870530783,0.4579384919481425,0.1377826870530783,0.4579384919481425,0.1377826870530783,0.4579384919481425,0.1377826870530783,0.4579384919481425,0.1377826870530783,0.4579384919481425,0.1377826870530783,0.4579384919481425,0.1377826870530783,0.4579384919481425,0.1377826870530783,0.4579384919481425,0.1377826870530783,0.4579384919481425,0.1377826870530783,0.45445032265565943,0.1403988140224405,0.446543805592698,0.14632870181966165,0.4356142084762513,0.15435149119237254,0.40201151095866505,0.17807104238125698,0.3684088134410789,0.2017905935701414,0.3081216208359978,0.2380675542119645,0.2409162258008255,0.27760013952677176,0.18301261554560766,0.3162025463635836,0.13557351316783905,0.3537585024126505,0.09045985698505893,0.3895703738154759,0.05883378873321307,0.4152665542701006,0.027207720481367215,0.44096273472472547,0.011859775594442018,0.4601476658333819,0.0,0.47793732922504506,0.014824719493052653,0.4937503633509679,0.0563339340736005,0.5075867682111506,0.10481948723911391,0.5207255392128364,0.1858612871344688,0.5306086855415383,0.26690308702982407,0.5404918318702401,0.3648043718388465,0.5537468751816754,0.46561246439160575,0.5675832800418581,0.5611883030056395,0.5824661356897857,0.6521132492296959,0.5982791698157084,0.7377478053601538,0.6132782977733854,0.8029765711295854,0.6251380733678275,0.8682053368990176,0.6369978489622697,0.9159932562060347,0.645369455264229,0.961455729318063,0.6532759723271904,0.9881402244055577,0.6501366199639557,1.0,0.6382768443695134,0.9862798674495667,0.6119993023661413,0.8894250334282892,0.5388640195337482,0.7925701994070108,0.46572873670135434,0.7083309109935467,0.4052089994767745,0.625312481832451,0.3459101215045634,0.5574094529387824,0.2959130283123072,0.500087204232312,0.25242718446601947,0.4469507586768208,0.21208069298296592,0.40544154409627337,0.1804546247311202,0.3639323295157258,0.14882855647927448,0.3391663275390964,0.12650427300738318,0.3154467763502121,0.10476135108423924,0.29783152142317304,0.08668100691820245,0.2839951165629905,0.07086797279227945,0.2713214348003022,0.05679902331259804,0.26143828847160033,0.04691587698389618,0.2515551421428986,0.03703273065519446,0.24359048892506244,0.029068077437358286,0.23568397186210088,0.02116156037439672,0.22905645020638335,0.015813034125922932,0.22312656240916223,0.01185977559444215,0.217836172315563,0.007906517062961433,0.21388291378408225,0.0039532585314807165,0.20992965525260154,0.0
Triangle,0.4523976310259186,0.10564860217792779,0.4523976310259186,0.10564860217792779,0.4523976310259186,0.10564860217792779,0.4523976310259186,0.10564860217792779,0.4523976310259186,0.10564860217792779,0.4523976310259186,0.10564860217792779,0.4523976310259186,0.10564860217792779,0.4523976310259186,0.10564860217792779,0.4523976310259186,0.10564860217792779,0.4523976310259186,0.10564860217792779,0.4523976310259186,0.10564860217792779,0.4523976310259186,0.10564860217792779,0.4523976310259186,0.10564860217792779,0.4523976310259186,0.10564860217792779,0.4523976310259186,0.10564860217792779,0.4523976310259186,0.10564860217792779,0.4523976310259186,0.10564860217792779,0.4523976310259186,0.10564860217792779,0.4523976310259186,0.10564860217792779,0.4523976310259186,0.10564860217792779,0.4523976310259186,0.10564860217792779,0.4523976310259186,0.10564860217792779,0.4523976310259186,0.1066038336623575,0.4523976310259186,0.10870534292810294,0.45214290263007073,0.11106158058969612,0.44793988409858,0.11736610838693243,0.44373686556708913,0.1236706361841686,0.4171177482009807,0.14398522575304074,0.37929058141756355,0.17130484620773098,0.3334394701649365,0.2043558555689996,0.26619117366108397,0.25269056868114365,0.19894287715723113,0.30102528179328786,0.15016238935235302,0.3364325288161498,0.10392918550595412,0.3700566770680762,0.06380946315990564,0.3985862574030441,0.03018531490797937,0.42170285932624335,0.0,0.4442463223587849,0.004203018531490731,0.4610583964847483,0.008406037062981606,0.4778704706107113,0.04483219766923514,0.49028847990829777,0.09526842004712477,0.5007960262370248,0.15653059924855148,0.5119403935553717,0.24269247914411282,0.524549449149844,0.3288543590396743,0.5371585047443165,0.42265809081067274,0.5516780233076481,0.5172260077692158,0.566388588167866,0.6031331592689293,0.5789339616633763,0.6808890021015092,0.5894415079921034,0.7558428325797618,0.5994395975291347,0.8104820734891424,0.6057441253263708,0.8651213143985228,0.612048653123607,0.9075335923072028,0.6137680697955805,0.9453607590906198,0.6137680697955805,0.9747818888110553,0.6102655543526716,0.9873909444055277,0.5997580080239445,1.0,0.5892504616952174,0.988919314780615,0.566898044959562,0.9763102591861427,0.5437814430363624,0.9361905368400942,0.5023243966121121,0.873145258867732,0.4455836464369864,0.8104183913901805,0.3897981277462907,0.7494746226835638,0.3393619053684011,0.6885308539769471,0.28892568299051147,0.6355473476405783,0.2464497229828695,0.5851111252626886,0.2065210469337069,0.5407883843851493,0.17117748200980712,0.5071642361332228,0.14385786155511684,0.4735400878812964,0.11653824110042646,0.44806724829650374,0.09736992931287006,0.42284913710755906,0.07845634592116156,0.4036808253200025,0.06317264217028591,0.3889702604597846,0.05056358657581358,0.37540597338088255,0.03871871616888492,0.3669999363179011,0.030312679105903316,0.35859389925491936,0.02190664204292171,0.3534993313379609,0.015156339552951622,0.34929631280647006,0.008851811755715524,0.34592116156148517,0.004203018531490803,0.3438196522957396,0.002101509265745437,0.34171814302999426,0.0
Triangle,0.4490845631008512,0.08707366358459372,0.4467577000796034,0.08707366358459372,0.44443083705835545,0.08707366358459372,0.44424713734615157,0.08707366358459372,0.44424713734615157,0.08707366358459372,0.44424713734615157,0.08707366358459372,0.44424713734615157,0.08707366358459372,0.44424713734615157,0.08707366358459372,0.44424713734615157,0.08707366358459372,0.44424713734615157,0.08707366358459372,0.44424713734615157,0.08707366358459372,0.44424713734615157,0.08707366358459372,0.44424713734615157,0.08707366358459372,0.44424713734615157,0.08707366358459372,0.44424713734615157,0.08707366358459372,0.44424713734615157,0.08707366358459372,0.44424713734615157,0.08707366358459372,0.44424713734615157,0.08707366358459372,0.44424713734615157,0.08707366358459372,0.44424713734615157,0.08707366358459372,0.44424713734615157,0.08707366358459372,0.44424713734615157,0.08756352948380382,0.44424713734615157,0.08989039250505178,0.4424101402241138,0.09313575408731864,0.428448962096626,0.10244320617231036,0.41265078684710055,0.11260792358091976,0.363786663400894,0.13820341681464707,0.3149225399546875,0.16379891004837424,0.24793337823770742,0.20751944155287497,0.18045435062151757,0.25172983895658557,0.12963076357847053,0.2980221664319393,0.08076664013226399,0.34455942685689783,0.04519012920213093,0.37970730512522205,0.012614046904659865,0.4122833874226931,0.0023268630212481007,0.43628681648398765,0.0,0.457228583675219,0.02982058661441437,0.47051619619129265,0.07635784703937294,0.4798236482762844,0.14175494458392052,0.48778396913844846,0.22086828730635014,0.4947645582021922,0.31277937664564326,0.5005817157553119,0.41748821260180075,0.5052354417978078,0.519257853162697,0.5118486314371441,0.6169861000551098,0.5211560835221358,0.7051619619129261,0.5296675035209112,0.7749678525503645,0.536648092584655,0.8392627518216889,0.5430163492743861,0.8881268752678955,0.547670075316882,0.9335619374196318,0.5510379033739513,0.9638111566958549,0.5487110403527036,0.9913661135264221,0.5449145796338254,0.9960198395689182,0.5286265384850898,1.0,0.5119710979119464,0.9790582328087687,0.48172187863572347,0.9581164656175372,0.4514726593595003,0.8952911640438431,0.3969750780723778,0.8301389994489008,0.34113036556242715,0.7629661380197171,0.2933684403894434,0.6954871104035272,0.24683117996448478,0.639030065519564,0.20764190802767726,0.5855122160308615,0.1704120996877104,0.5435674484109976,0.13979548098707986,0.5063376400710307,0.11187312473210465,0.47498622252158473,0.08982915926765042,0.44706386626660954,0.07121425509766699,0.42428510195334035,0.055171146898536534,0.4056701977833568,0.04120996877104883,0.39036188843304165,0.029453187190006783,0.37872757332680174,0.02014573510501493,0.3698487539036189,0.012675280142061015,0.36519502786112307,0.008021554099565226,0.3612761006674423,0.004102626905884476,0.3589492376461945,0.0017757638846365817,0.35717347376155784,0.0,0.35717347376155784,0.0,0.35717347376155784,0.0,0.35717347376155784,0.0,0.35717347376155784,0.0,0.35717347376155784,0.0,0.35717347376155784,0.0
Triangle,0.5304749415588117,0.00450424767660642,0.5304749415588117,0.002223615941615879,0.5304749415588117,0.0,0.5304749415588117,0.0,0.5304749415588117,0.0,0.5304749415588117,0.0,0.5304749415588117,0.0,0.5304749415588117,0.0,0.5304749415588117,0.0,0.5304749415588117,0.0,0.5304749415588117,0.0,0.5304749415588117,0.0,0.5304749415588117,0.0,0.5304749415588117,0.0,0.5304749415588117,0.0,0.5304749415588117,0.0,0.5304749415588117,0.0,0.5304749415588117,0.0,0.5304749415588117,0.0,0.5304749415588117,0.0,0.5299047836250641,0.000570157933747635,0.5276241518900734,0.002850789668738239,0.5203261303381036,0.007012942585096116,0.49980044472318824,0.01613546952505847,0.4710644848623067,0.02936313358800397,0.42317121842750444,0.052169450937909756,0.37231313073721406,0.07868179485717543,0.31529733736244914,0.11289127088203443,0.2590797650949312,0.1494954102286334,0.20434460345515704,0.19054678145846404,0.1555961001197331,0.22988767888705175,0.11682536062489289,0.2663777866469013,0.08261588460003415,0.2992188836307657,0.05524830378014709,0.32658646445065287,0.030788528422372997,0.35007697132105586,0.010262842807457623,0.3683220252009807,0.0,0.3845145105194139,0.0022806317349906044,0.3981983009293574,0.019727464507668838,0.41079879126518054,0.05393694053252764,0.4222019499401334,0.09840925936484421,0.4313244768800958,0.1531444210046183,0.43816637208506753,0.22464222589657326,0.4474029306117794,0.31130623182621625,0.4588060892867325,0.4029876275728378,0.47020924796168545,0.49877416044244255,0.48161240663663824,0.5893152403215696,0.4917042020639716,0.6759792462512119,0.5008267290039341,0.7475910827299163,0.508580876902902,0.8091681395746622,0.5154227721078739,0.8593420377444551,0.5208392724784765,0.9026740407092766,0.5254005359484576,0.9385939905353784,0.5255145675352072,0.9705228348252465,0.5232339358002165,0.988596841325047,0.5132561719596327,1.0,0.499572381549689,0.9986316209590056,0.4795028222817718,0.9917897257540339,0.4566965049318659,0.9733736244939847,0.42727635555048743,0.9505673071440787,0.39534751126061896,0.9192086207879581,0.3599977193682648,0.8849991447630992,0.3235076116084154,0.8472546895490046,0.285250014253948,0.8084839500541646,0.24647927475910797,0.7697132105593247,0.21135754604025297,0.7309424710644843,0.17714807001539384,0.6978162951137462,0.14670163635326977,0.6658874508238779,0.11705342379839198,0.639774217458236,0.09515935914248244,0.6146872683733393,0.07463367352756707,0.595586977592793,0.058099093448885204,0.5773419237128684,0.04213467130395116,0.5652545755174182,0.0323279548434916,0.5538514168424652,0.023205427903529183,0.5445578425223786,0.016192485318433193,0.5354353155824162,0.009350590113461382,0.530645988938936,0.0068418952049717485,0.5260847254689548,0.004561263469981209,0.5237470779405894,0.00228063173499054,0.5214664462055989,0.0
Triangle,0.5380958186029502,0.06741436059978057,0.5380958186029502,0.06741436059978057,0.5380958186029502,0.06741436059978057,0.5380958186029502,0.06741436059978057,0.5380958186029502,0.06741436059978057,0.5380958186029502,0.06741436059978057,0.5380958186029502,0.06741436059978057,0.5380958186029502,0.06741436059978057,0.5380958186029502,0.06741436059978057,0.5376894632045187,0.06741436059978057,0.5358608639115772,0.06741436059978057,0.5340322646186355,0.06741436059978057,0.5322036653256939,0.06741436059978057,0.531675403307733,0.06741436059978057,0.531675403307733,0.06741436059978057,0.531675403307733,0.06741436059978057,0.5320411231663212,0.06704864074119223,0.5338697224592629,0.06522004144825067,0.5356983217522046,0.06420415295217197,0.5375269210451462,0.06420415295217197,0.5380958186029502,0.06420415295217197,0.5380958186029502,0.06420415295217197,0.5227355845422407,0.07444430899264495,0.5033524320370595,0.08801657930025603,0.47043764476411065,0.11361696940143859,0.4274858791499044,0.15079848835791798,0.37079930106871467,0.2038278678532245,0.30557925962046406,0.2653907107155919,0.23609248648868283,0.3312202852614899,0.17993417042545404,0.38538745987240447,0.12763623064732402,0.436141249136495,0.08923564549555044,0.47454183428826857,0.0552236986468365,0.5085537811369825,0.02779470925271232,0.5359827705311065,0.010971595757649666,0.5539843146816206,0.0,0.5667845097322118,0.003657198585883267,0.5730830184078994,0.011581128855296899,0.5783250030476655,0.03535291966353784,0.5819822016335489,0.0660327522451138,0.5849485960420985,0.10809053598277063,0.58677719533504,0.16380186110772504,0.5886057946279818,0.22780283636068147,0.5904343939209233,0.3013125279369338,0.5922629932138649,0.37648827664675566,0.5938884148075907,0.4532894469503032,0.5938884148075907,0.5287902799788697,0.5932382461701005,0.6019342516965341,0.5914096468771589,0.6695924255353737,0.5895810475842171,0.7335934007883298,0.5877524482912756,0.7883294729570486,0.5859238489983338,0.8400585151773742,0.5840952497053925,0.8784591003291482,0.5822666504124507,0.9132024868950386,0.579828518021862,0.9406314762891627,0.5761713194359787,0.9638343695395994,0.5704010727782519,0.9839489617619572,0.5630866756064855,0.9935389491649397,0.5542687634605226,1.0,0.5446381405176967,0.9945142021211753,0.5281807468812222,0.9856150188955259,0.5100166605713355,0.9691576252590515,0.4880734690560362,0.9476207891421837,0.4630826120525011,0.9220203990410011,0.4356536226583769,0.8949571295054654,0.4038359949611929,0.8673655979519687,0.3707586655288713,0.8362794099719613,0.3341866796700391,0.8036084359380715,0.29761469381120736,0.7670364500792394,0.2610427079523751,0.732414970132878,0.22544597504977848,0.6995001828599292,0.19070258848388785,0.6694298833760005,0.15880368970701758,0.6402942013084643,0.12783940834653965,0.6165224105002236,0.10223901824535746,0.5942134991263359,0.07761388110041038,0.5759275061969198,0.05567068958511106,0.5595107481002884,0.03746596773538128,0.5448819537567556,0.022837173391848393,0.5330163761225567,0.010971595757649529,0.5220447803649072,0.0
Triangle,0.5810467386099959,0.005819306839527089,0.5810467386099959,0.0036094434827446593,0.5810467386099959,0.0029096534197635446,0.5810467386099959,0.0029096534197635446,0.5810467386099959,0.0029096534197635446,0.5810467386099959,0.0029096534197635446,0.5794261721483555,0.0029096534197635446,0.5781370851902323,0.003830429818422894,0.5781370851902323,0.006040293175205324,0.5781370851902323,0.008250156531987775,0.5781370851902323,0.008728960259290633,0.5781370851902323,0.008728960259290633,0.5781370851902323,0.009060439762807996,0.5781370851902323,0.011270303119590448,0.5781370851902323,0.013480166476372877,0.5769953224558948,0.016831792567492912,0.5721336230709734,0.02257743729512726,0.5566645795734964,0.03362675407903946,0.5275312143199145,0.05834039261905645,0.4828183124010165,0.09988582372656628,0.4259143309638687,0.15623733932451855,0.3640381569739603,0.22253324002799174,0.30216198298405217,0.2991418363964495,0.2443740562041913,0.3751243048138191,0.19177930831276926,0.44760782291628304,0.145372177820338,0.5139037236197563,0.10548414423041498,0.5715074951198852,0.07307281499760587,0.6215977312069539,0.04743840005892969,0.6625906964752679,0.027696954071673215,0.6932341350226511,0.012227910574196124,0.7153327685904755,0.0030938086994954104,0.7310964605355235,0.0,0.7425877499907922,0.003314795035173707,0.7508747375787264,0.018783838532650757,0.7530846009355088,0.0545836249125264,0.7502117785716916,0.10253765975470543,0.7447976133475747,0.16014143125483413,0.7381680232772273,0.23306692202865464,0.7315384332068802,0.3132112997679644,0.7249088431365326,0.39718610732569715,0.7171743213877941,0.48256049500939224,0.7083348679606644,0.5643254392103424,0.6994954145335345,0.6384295237744468,0.6906559611064049,0.7052778903171153,0.6830319325255055,0.7645758903907777,0.6769179772384073,0.8154027475967737,0.6724982505248426,0.8581267724945678,0.6680785238112776,0.8961364222312255,0.6636587970977128,0.9283635961843025,0.6592390703841479,0.9526720931089095,0.654819343670583,0.9705719862988471,0.6525358182019078,0.9853780707892895,0.6488895436632167,0.9956907664542741,0.6437331958307245,1.0,0.6370299436484844,0.9977901366432175,0.6259806268645721,0.990939560237192,0.6102905970314169,0.9787116496629957,0.5900703473168575,0.9607380943611653,0.5651725534971087,0.9386394607933407,0.532024603145372,0.9115686346727558,0.4955618577584619,0.8809251961253727,0.4560789657839487,0.8475194283820116,0.41383374461345795,0.8121616146734923,0.3696364774778089,0.7768038009649735,0.32543921034216033,0.7414459872564546,0.2823100438289566,0.7064564841073991,0.24032264005008996,0.6733085337556626,0.19833523627122385,0.6457957349637211,0.16198298405215253,0.620455968472616,0.13016095171448558,0.5966262752753119,0.10239033553091949,0.5745276417074876,0.07808183860631272,0.5564067621818716,0.05973997274501843,0.5413060292438584,0.044639239807005196,0.5292254428934476,0.0319693565614526,0.520385989466318,0.020920039777540346,0.5136459062281316,0.014069463371514842,0.5070163161577842,0.00883945342712972,0.501086516150418,0.00441972671356486,0.4966667894368531,0.0
Triangle,0.4669906844876469,0.10310067053687955,0.4669906844876469,0.10139057648170652,0.4669906844876469,0.09968048242653349,0.46541559785788233,0.09954547500112508,0.4637055038027093,0.09954547500112508,0.4619954097475362,0.09954547500112508,0.4602853156923632,0.09954547500112508,0.459880293416138,0.09954547500112508,0.459880293416138,0.09954547500112508,0.45871022906259845,0.09954547500112508,0.45700013500742553,0.09954547500112508,0.45529004095225256,0.09954547500112508,0.4535799468970794,0.09954547500112508,0.45276990234462905,0.09954547500112508,0.45276990234462905,0.09954547500112508,0.4520048602673149,0.09954547500112508,0.45029476621214176,0.09954547500112508,0.4492147068088746,0.09954547500112508,0.4492147068088746,0.09954547500112508,0.4492147068088746,0.10004050222762255,0.4492147068088746,0.10175059628279558,0.4484946672066965,0.10418072994014674,0.44507447909635045,0.10931101210566582,0.44052922910760106,0.11624139327663026,0.42855857072138975,0.13505242788353364,0.41505782818055004,0.15521353674452096,0.3740155708563972,0.19967598217901997,0.3329733135322444,0.24413842761351878,0.2669546825075379,0.3302281625489404,0.2002610143557896,0.41744295936276493,0.1519283560595833,0.5077179244858468,0.10575581656991148,0.5983529094100175,0.07074389091400028,0.6666666666666669,0.03825210386571256,0.7299401467080693,0.017100940551730313,0.7793528644075428,0.0,0.8238153098420417,0.011025606408352514,0.8480266414652807,0.036677017235947955,0.861707393906665,0.08905989829440639,0.8635074929121103,0.16088384861167376,0.8566671166914183,0.2412582692048063,0.8506817874983126,0.33018316007380455,0.8455515053327933,0.4205481301471584,0.8411412627694524,0.5128932091265022,0.8377210746591064,0.6005580306916881,0.8337158543719906,0.6792223572296482,0.8285855722064716,0.7520363619999102,0.8239053147923138,0.8084694658206204,0.8204851266819676,0.8617523963818013,0.8170649385716215,0.9010845596507812,0.8136447504612754,0.9389766437154046,0.8089644930471178,0.9646280545429999,0.7935736465505604,0.9897394356689618,0.777822780252914,0.9948697178344813,0.7487511813149724,1.0,0.7196795823770309,0.9775887673822063,0.679267359704784,0.9536474506097837,0.6382251023806309,0.9059448269654833,0.588272354979524,0.8546420053102924,0.5369695333243331,0.7925385896224292,0.4816164889068898,0.7275550155258538,0.4251833850861797,0.6650015750866298,0.37239548175149645,0.6034381891004008,0.32109266009630544,0.5472751001305072,0.27627019486071724,0.49426218442014314,0.2352279375365645,0.450699788488367,0.19891094010170565,0.414787813329733,0.16641915305341778,0.3837361054858019,0.13716754421493196,0.35808469465820614,0.11151613338733612,0.33513343233877857,0.08923990819495065,0.31632239773187526,0.07213896764322032,0.29967148193150633,0.056658116196390794,0.287700823545295,0.04468745781017957,0.27694523198775933,0.03352684397641873,0.2701048557670673,0.024976373700553573,0.2635344943971919,0.01696593312632191,0.2584042122316727,0.011835650960802815,0.253408937491562,0.006840376220692126,0.24998874938121599,0.003420188110346063,0.24656856127086998,0.0
Triangle,0.3788552012545743,0.0,0.3788552012545743,0.0,0.3788552012545743,0.0,0.3788552012545743,0.0,0.3788552012545743,0.0,0.3788552012545743,0.0,0.3788552012545743,0.0,0.3788552012545743,0.0,0.3788552012545743,0.0,0.3788552012545743,0.0,0.3788552012545743,0.0,0.3788552012545743,0.0,0.3788552012545743,0.0,0.3788552012545743,0.0,0.3788552012545743,0.0,0.3788552012545743,0.0,0.3788552012545743,0.0,0.3788552012545743,0.0,0.3788552012545743,0.0,0.3788552012545743,0.0,0.3788552012545743,0.0,0.3788552012545743,0.0,0.3788552012545743,0.0,0.3788552012545743,0.0,0.3788552012545743,0.0,0.3788552012545743,0.0,0.3788552012545743,0.0,0.38003136434919,0.0,0.3817956089911137,0.0,0.3835598536330374,0.0,0.38532409827496106,0.0,0.38708834291688476,0.0,0.38885258755880847,0.0,0.38917929952953506,0.002875065342394123,0.38917929952953506,0.006403554626241519,0.38917929952953506,0.009932043910088843,0.36408782017773167,0.026006272869837956,0.33585990590695275,0.04364871928907472,0.3076319916361739,0.06129116570831155,0.25731834814427634,0.12650287506534239,0.20615525352848954,0.19354417145844216,0.15558024046001087,0.2598667015159435,0.1202953476215372,0.30750130684788285,0.08501045478306367,0.35513591217982216,0.05090172503920585,0.40100627286983787,0.02620230005227437,0.43276267642446414,0.001502875065342741,0.4645190799790904,0.0,0.49496863565081,0.10056194458964977,0.5196680606377415,0.20112388917929955,0.544367485624673,0.3030580240460009,0.5658651332984838,0.40891270256142176,0.5782148457919496,0.5147673810768425,0.5905645582854154,0.6100365917407213,0.6017381076842655,0.684134866701516,0.6105593308938838,0.7582331416623105,0.6193805541035021,0.8229874542603239,0.6267642446419236,0.8741505488761109,0.6320569785676945,0.9253136434918976,0.6373497124934656,0.9611866178776792,0.6366962885520124,0.9805933089388396,0.6296393099843176,1.0,0.6225823314166231,0.9684396236278099,0.590041819132253,0.8961055933089391,0.5371144798745425,0.8237715629900685,0.4841871406168322,0.7503267119707269,0.4345922634605332,0.6762284370099324,0.3869576581285938,0.6021301620491377,0.3393230527966545,0.5441714584422377,0.2991374803972817,0.493008363826451,0.2620883429168845,0.4418452692106642,0.2250392054364872,0.40165969681129154,0.19485101934134866,0.3646105593308943,0.16662310507056977,0.3275614218504969,0.1383951907997909,0.3040381599581812,0.11768165185572396,0.2828672242550971,0.09827496079456349,0.2616962885520128,0.07886826973340304,0.2486931521170939,0.06436225823314165,0.23634343962362817,0.05024830109775221,0.2239937271301624,0.03613434396236277
Triangle,0.4835463153015957,0.1464609680195987,0.4835463153015957,0.1464609680195987,0.4835463153015957,0.1464609680195987,0.4835463153015957,0.1464609680195987,0.4835463153015957,0.1464609680195987,0.4835463153015957,0.1464609680195987,0.4835463153015957,0.1464609680195987,0.4835463153015957,0.1464609680195987,0.48334767926901945,0.1464609680195987,0.4813613189432564,0.1464609680195987,0.47937495861749335,0.1464609680195987,0.4783155664437529,0.1464609680195987,0.4783155664437529,0.1464609680195987,0.4783155664437529,0.1464609680195987,0.4783155664437529,0.1464609680195987,0.4783155664437529,0.1464609680195987,0.4783155664437529,0.1464609680195987,0.4783155664437529,0.1464609680195987,0.4783155664437529,0.1464609680195987,0.4783155664437529,0.1453353638349996,0.4783155664437529,0.14334900350923654,0.4783155664437529,0.14136264318347344,0.4783155664437529,0.1412302191617559,0.4783155664437529,0.1412302191617559,0.4783155664437529,0.1412302191617559,0.4783155664437529,0.1412302191617559,0.4783155664437529,0.1412302191617559,0.4783155664437529,0.1412302191617559,0.4783155664437529,0.1412302191617559,0.47771965834602415,0.14149506720519095,0.4598424154141561,0.14944050850824336,0.4419651724822884,0.1573859498112957,0.4050188704230946,0.17486592067801102,0.3394689796729125,0.20664768589022053,0.2739190889227304,0.23842945110243002,0.22359796067006538,0.28543997881215666,0.17791167317751425,0.3370853472819971,0.13407932198900885,0.387936171621532,0.10229755677679934,0.43362245911408326,0.07051579156458983,0.4793087466066344,0.04369992716678809,0.5180427729590149,0.021849963583393972,0.5498245381712242,0.0,0.5816063033834338,0.09521287161491152,0.6082235317486591,0.20843541018340733,0.6340462159835794,0.32119446467589285,0.6580149639144539,0.43243064291862565,0.6758922068463218,0.5436668211613596,0.6937694497781897,0.6346421240813085,0.7080712441236839,0.7121101767860688,0.7199894060782626,0.7895782294908301,0.731907568032841,0.8440045024167382,0.7361451367278021,0.897636231212342,0.7401178573793284,0.9419982784877177,0.7387936171621531,0.9678209627226378,0.7268754552075744,0.9936436469575578,0.714957293252996,1.0,0.6946964179302124,0.998013639674237,0.6708600940210551,0.9916572866317948,0.6446401377209824,0.9241210355558493,0.5850493279480893,0.8565847844799045,0.5254585181751968,0.7916308018274512,0.4684499768257957,0.7300536317287954,0.41481824803019235,0.668476461630139,0.3611865192345886,0.6148447328345361,0.31550023174203773,0.563199364364696,0.27180030457524995,0.5142024763292059,0.2297556776799309,0.47844799046547015,0.19598755214195843,0.4426935046017344,0.16221942660398572,0.4122359796067007,0.13374826193471487,0.3864132953717802,0.10991193802555761,0.36059061113686014,0.08607561411640059,0.3437065483678738,0.06939018737999056,0.3278156657617691,0.05349930477388588,0.3140435675031451,0.03919751042839169,0.30609812620009275,0.02926570879957615,0.2981526848970403,0.019333907170760764,0.29272330000662117,0.01191816195457851,0.28875057935509496,0.005959080977289292,0.28477785870356886,0.0
Triangle,0.5123226288274831,0.0168569294782887,0.5123226288274831,0.0168569294782887,0.5123226288274831,0.0168569294782887,0.5123226288274831,0.0168569294782887,0.5123226288274831,0.0168569294782887,0.5123226288274831,0.0168569294782887,0.5123226288274831,0.0168569294782887,0.5123226288274831,0.0168569294782887,0.5123226288274831,0.0168569294782887,0.5123226288274831,0.0168569294782887,0.5123226288274831,0.0168569294782887,0.5123226288274831,0.0168569294782887,0.5123226288274831,0.0168569294782887,0.5123226288274831,0.0168569294782887,0.5123226288274831,0.0168569294782887,0.5123226288274831,0.0168569294782887,0.5123226288274831,0.0168569294782887,0.5123226288274831,0.0168569294782887,0.5123226288274831,0.0168569294782887,0.5123226288274831,0.0168569294782887,0.5123226288274831,0.0168569294782887,0.5123226288274831,0.0168569294782887,0.5123226288274831,0.0168569294782887,0.5123226288274831,0.0168569294782887,0.5123226288274831,0.0168569294782887,0.5123226288274831,0.0168569294782887,0.5123226288274831,0.0168569294782887,0.5123226288274831,0.0168569294782887,0.5123226288274831,0.0168569294782887,0.5123226288274831,0.0168569294782887,0.5123226288274831,0.0168569294782887,0.5123226288274831,0.0168569294782887,0.5123226288274831,0.0168569294782887,0.5123226288274831,0.018083857889683173,0.5123226288274831,0.020164301717699746,0.5041075429424944,0.0292862477328497,0.4895444361463778,0.04384935452896624,0.4570575056011949,0.07521604608983246,0.40920729755681207,0.12098581030619872,0.3410860983676514,0.19876240264589806,0.25370745759095226,0.30694548170276365,0.17950496105835914,0.4019524165155232,0.1191720900458764,0.4830897258081724,0.0665208577829936,0.5527045769764217,0.02283153739464404,0.6088765603328711,0.0,0.6577936626480314,0.004160887656033323,0.6973220953803477,0.027099114477755364,0.7283153739464417,0.07702976635015489,0.7470393683985916,0.14856502720580453,0.7577616558199082,0.25466766243465266,0.7556812119918914,0.36301077563213496,0.7536007681638748,0.47535474234503394,0.751520324335858,0.5828443401258939,0.7494398805078416,0.6806252000426756,0.747359436679825,0.7694441480849248,0.7433585831644084,0.8380987944094741,0.7350368078523418,0.9008855222447457,0.724367865144564,0.9487357302891282,0.7077243145204309,0.9875173370318998,0.6884135282193534,1.0,0.661367758455137,0.9923183612503997,0.6242398378320704,0.9174223834418007,0.5535047476795049,0.8420996479248902,0.48319641523525,0.7651232262882742,0.4145417689107007,0.6907606956150641,0.34812760055478464,0.6283473807745653,0.2919556171983356,0.5688146804651655,0.23802411181051922,0.5251253600768162,0.19641523525018656,0.48303638109463354,0.15640670009602053,0.4518297236743836,0.1272804865037873,0.4219033393790674,0.09900778832817671,0.4031793449269175,0.07820335004801003,0.38493545289661785,0.05787901418969373,0.37245278992851805,0.04331590739357731,0.36018350581457365,0.029072868878694053,0.35186173050250713,0.020751093566627528,0.3436466446175183,0.012482662968099911,0.33948575696148503,0.006241331484049896,0.3353248693054518,0.0
Triangle,0.42027984902881343,0.02908957010034061,0.41862284820031304,0.02743256927184021,0.41696584737181264,0.025775568443339815,0.41664365276627086,0.025453373837798034,0.41664365276627086,0.025453373837798034,0.41664365276627086,0.025453373837798034,0.41664365276627086,0.025453373837798034,0.41664365276627086,0.025453373837798034,0.41664365276627086,0.025453373837798034,0.41664365276627086,0.025453373837798034,0.41664365276627086,0.025453373837798034,0.41664365276627086,0.025453373837798034,0.41664365276627086,0.025453373837798034,0.41664365276627086,0.025453373837798034,0.41664365276627086,0.025453373837798034,0.41664365276627086,0.025453373837798034,0.41664365276627086,0.025453373837798034,0.41664365276627086,0.025453373837798034,0.41738009757893757,0.025453373837798034,0.4190370984074381,0.025453373837798034,0.4206940992359385,0.025453373837798034,0.4223511000644389,0.025453373837798034,0.423916045291356,0.025545429439381376,0.423916045291356,0.027202430267881824,0.423916045291356,0.02885943109638217,0.41678173616864583,0.037650741047592785,0.40849673202614384,0.04759274601859522,0.3814323851606371,0.07300009205560155,0.3449783669336278,0.10614010862560996,0.2944398416643654,0.1572769953051642,0.22815980852434864,0.22852803093068214,0.1674031114793336,0.2937954524532817,0.12100708828132195,0.3435054773082942,0.07585381570468558,0.39197275154193134,0.04437079996317782,0.4267697689404399,0.012887784221669907,0.46156678633894876,0.004971002485501192,0.4860535763601215,0.0,0.5092515879591274,0.024947068029089563,0.5197919543404217,0.06305808708459901,0.5247629568259229,0.12271011691061358,0.5280769584829238,0.20390315750713434,0.5297339593114241,0.2896529503820304,0.5313909601399246,0.38575899843505435,0.533047960968425,0.48112860167541205,0.5347049617969254,0.5706066464144341,0.5363619626254258,0.6600846911534562,0.5380189634539263,0.7267789745005986,0.5381570468563013,0.7914020068121146,0.5381570468563013,0.841664365276627,0.5381570468563013,0.8864033876461385,0.5381570468563013,0.9241461842953144,0.5346589339961336,0.9556292000368224,0.528030930682132,0.9804842124643284,0.5191935929301298,0.9920832182638313,0.5059375863021265,1.0,0.49107060664641455,0.9850869925434961,0.4662155942189082,0.9701739850869926,0.44136058179140203,0.9333517444536501,0.40555095277547654,0.8952407253981408,0.3690969345484675,0.8521587038571298,0.33015741507870755,0.8074196814876188,0.2903893951946977,0.7636012151339411,0.2533830433581885,0.7205191935929302,0.21858602595967974,0.6810273405136703,0.18618245420233834,0.6478873239436622,0.15801344011783128,0.6164043082021541,0.13094909325232437,0.5932062966031484,0.10940808248181906,0.5700082850041426,0.08786707171131374,0.5532541655159716,0.07276995305164316,0.5366841572309675,0.057856945595139486,0.5239804842124643,0.04681027340513667,0.5123814784129616,0.036868268434134335,0.5036822240633343,0.027892847279756983,0.4970542207493326,0.01960784313725489,0.49107060664641444,0.012611617416919824,0.48609960416091313,0.00764061493141858,0.48177299088649544,0.003314001657000795,0.48011599005799505,0.0016570008285003975,0.47845898922949465,0.0
Triangle,0.44061045007759964,0.020434557682359026,0.4387480600103466,0.020434557682359026,0.43688566994309375,0.020434557682359026,0.43502327987584066,0.020434557682359026,0.43316088980858786,0.020434557682359026,0.43243662700465607,0.020434557682359026,0.43243662700465607,0.020434557682359026,0.43243662700465607,0.020434557682359026,0.43243662700465607,0.020434557682359026,0.43243662700465607,0.020434557682359026,0.43243662700465607,0.020434557682359026,0.43243662700465607,0.020434557682359026,0.43243662700465607,0.020434557682359026,0.43243662700465607,0.020434557682359026,0.43243662700465607,0.020434557682359026,0.43243662700465607,0.020434557682359026,0.43243662700465607,0.020434557682359026,0.43243662700465607,0.020434557682359026,0.43243662700465607,0.020434557682359026,0.43243662700465607,0.020434557682359026,0.43243662700465607,0.020434557682359026,0.43243662700465607,0.020434557682359026,0.43243662700465607,0.020434557682359026,0.43243662700465607,0.020434557682359026,0.43243662700465607,0.020434557682359026,0.43243662700465607,0.020434557682359026,0.43243662700465607,0.020434557682359026,0.43243662700465607,0.024159337816864936,0.43243662700465607,0.029746508018623916,0.4245214692188309,0.04412829798241069,0.4077599586135542,0.0683393688566994,0.37651319192964333,0.1060010346611483,0.3076047594412832,0.1786342472840143,0.2399379203310917,0.2512674599068806,0.18592860838075556,0.3239006725297463,0.13191929643041916,0.3965338851526124,0.09280910501810674,0.45095706156233806,0.05556130367304712,0.5031039834454216,0.026073460941541837,0.5436109674081737,1.7423551823605144e-16,0.5789963786859802,0.0,0.6022762545266422,0.026073460941541837,0.6134505949301603,0.06978789446456274,0.623486808070357,0.15359544749094642,0.6309363683393687,0.239886187273668,0.6379720641489912,0.3460424211070874,0.6416968442834969,0.45219865494050654,0.6454216244180029,0.5515261251939991,0.6474392136575271,0.6502327987584066,0.6493016037247801,0.7274185204345573,0.651163993792033,0.796326952922918,0.6530263838592859,0.8544231764097258,0.6519399896533884,0.9028453181583032,0.6482152095188826,0.9450594930160373,0.6420072426280392,0.9748577340920848,0.6308329022245213,1.0,0.6175892395240559,0.9962752198654938,0.5915157785825141,0.992550439730988,0.5654423176409725,0.9589239524055871,0.5252974650801863,0.9235385411277808,0.48432488360062104,0.8755819968960166,0.43776513191929634,0.8234350750129334,0.38934299017071916,0.7692188308329024,0.3419555095706158,0.7133471288153131,0.29539575788929123,0.661510605276772,0.252198654940507,0.6168132436627008,0.21495085359544758,0.5742886704604243,0.1789446456285566,0.5426280393171238,0.14914640455250908,0.5109674081738231,0.11934816347646156,0.488360062079669,0.09860320744956025,0.4660113812726333,0.07811691670977756,0.45090532850491466,0.06197620279358503,0.437868598034144,0.04707708225556139,0.42700465597516823,0.035437144335230215,0.4176927056389033,0.02612519399896532,0.4098292809105019,0.01826176927056389,0.4042421107087429,0.012674599068804967,0.3990170719089498,0.007449560269011937,0.3952922917744439,0.0037247801345059684,0.39156751163993797,0.0
Triangle,0.4106029679483642,0.0,0.4106029679483642,0.0,0.4106029679483642,0.0,0.4106029679483642,0.0,0.4106029679483642,0.0,0.4106029679483642,0.0,0.4106029679483642,0.0,0.4106029679483642,0.0,0.4106029679483642,0.0,0.4106029679483642,0.0,0.4106029679483642,0.0,0.4106029679483642,0.0,0.4106029679483642,0.0,0.4106029679483642,0.0,0.4106029679483642,0.0,0.4106029679483642,0.0,0.4106029679483642,0.0,0.4106029679483642,0.0,0.4106029679483642,0.0,0.4106029679483642,0.0,0.4106029679483642,0.0,0.4106029679483642,0.0,0.4106029679483642,0.0,0.4106029679483642,0.0,0.4106029679483642,0.0,0.4106029679483642,0.0,0.4106029679483642,0.0,0.40938930876592916,0.0024273183648700655,0.4075688199922767,0.006068295912175194,0.401776355712473,0.01467424284216914,0.3853919567496,0.03652010812599985,0.369007557786727,0.05836597340983063,0.3126275721299718,0.11060848458101177,0.25073095382578464,0.16704363656424132,0.19766094775748863,0.23583604567771854,0.1539692171898273,0.3177580404920836,0.11143597947812638,0.3975285485739505,0.08048767032603286,0.45578418933083253,0.04953936117393937,0.5140398300877144,0.02493517956639253,0.5596072157555029,0.003089314282561879,0.5996579687758592,0.0,0.6347437524135269,0.04005075302035636,0.6584101064710102,0.08010150604071284,0.6820764605284935,0.16814696309372718,0.6891929166436807,0.26099189055000793,0.6946543829646384,0.3594637833066694,0.6991780217355326,0.4632316434048655,0.7028189992828379,0.5643515198322943,0.7060186462183483,0.6462735146466597,0.7060186462183483,0.728195509461025,0.7060186462183483,0.7929056104154026,0.7033706625475811,0.8511612511722847,0.6997296850002758,0.9033485960169911,0.6936613890881006,0.9433993490373475,0.6827384564461852,0.9834501020577039,0.6718155238042699,0.9927180449053896,0.650631654438131,1.0,0.6287857891543003,0.9715341755392506,0.5860870524631764,0.9132785347823685,0.5260109229326416,0.8547470623931154,0.46676228829922234,0.7946709328625808,0.4121476250896455,0.7345948033320461,0.3575329618800685,0.6786561482870854,0.3111932476416396,0.6240414850775086,0.267501517073978,0.5740607932917746,0.22778176201246747,0.5321895514977655,0.19501296408672136,0.49031830970375656,0.1622441661609752,0.46080432503999535,0.1383019804711203,0.43167650466155455,0.11463562641363718,0.40778948529817394,0.09516191316820213,0.38776410878799566,0.07877751420532908,0.369393722072047,0.06305511116014785,0.3584707894301317,0.05031168974457987,0.34754785678821637,0.037568268329011945,0.340927897611298,0.029127820378440968,0.3354664312903403,0.021845865283830774,0.3307221272135489,0.015281072433386673,0.3270811496662437,0.009819606112428948,0.3234401721189385,0.004358139791471286
Triangle,0.23626481566367638,0.0,0.23626481566367638,0.0,0.23626481566367638,0.0,0.23626481566367638,0.0,0.23626481566367638,0.0,0.23626481566367638,0.0,0.23626481566367638,0.0,0.23626481566367638,0.0,0.23626481566367638,0.0,0.23626481566367638,0.0,0.23626481566367638,0.0,0.2379019055726543,0.0,0.2399318970597866,0.0,0.24196188854691922,0.0,0.24399188003405167,0.0,0.24602187152118413,0.0,0.24805186300831658,0.0014406391199004909,0.250081854495449,0.003470630607032947,0.2521118459825815,0.005500622094165404,0.25414183746971397,0.00753061358129786,0.25617182895684654,0.009560605068430317,0.25944600877480206,0.011590596555562846,0.26350599174906697,0.013620588042695303,0.26795887630148657,0.015650579529827832,0.278108833737149,0.01768057101696029,0.28825879117281145,0.019710562504092744,0.29631327352498216,0.023836029074716797,0.3024032479863795,0.029926003536114167,0.30849322244777705,0.03601597799751161,0.31261868901840095,0.04799947613122915,0.31667867199266597,0.060179425054023884,0.30626678017156717,0.08342610176150865,0.27581690786458013,0.12199594001702568,0.24536703555759287,0.16056577827254265,0.20254076353873357,0.23096064435858826,0.15788095082181938,0.30607032938248946,0.11780498985004279,0.37397681880688877,0.08735511754305565,0.4267565974723331,0.056905245236068505,0.4795363761377774,0.03274179817955616,0.5197433043022722,0.010411891821098989,0.5562831510706567,0.0,0.5900726867919586,0.030449872306987286,0.6144325846375481,0.06089974461397428,0.6387924824831379,0.1312291271036606,0.6549014471874794,0.22054875253748957,0.6670813961102742,0.3117019186693734,0.6787374762621963,0.41523148451312986,0.6868574422107262,0.518761050356886,0.694977408159256,0.6081461593870733,0.7019186693733219,0.6873158273852398,0.7080086438347193,0.7656996922270969,0.7139021675070394,0.820509462379674,0.7139021675070394,0.8753192325322504,0.7139021675070394,0.9222709711217343,0.7099731517254928,0.960840809377251,0.7018531857769629,0.9994106476327679,0.693733219828433,1.0,0.6742191081134176,0.9979700085128677,0.6539191932420928,0.9684369065549087,0.618689018400891,0.8953572130181393,0.5598192652740491,0.8222775194813703,0.5009495121472073,0.7526029729552751,0.44718747953637633,0.683583262392771,0.394407700870932,0.619278370768123,0.3445746840416477,0.5664985921026785,0.30194486281186567,0.5137188134372344,0.2593150415820836,0.47298801650186645,0.22421583393359965,0.43644816973348183,0.19173597013948004,0.4018728308558706,0.16122061423613382,0.3754829415231488,0.13889070787767682,0.3490930521904266,0.11656080151921958,0.32925152249361556,0.09815991094230904,0.31301159059655576,0.08191997904524924,0.29736101106672796,0.0662693995154214,0.2872110536310655,0.056119442079759045,0.2770610961954032,0.04596948464409669,0.26913758103595053,0.03804596948464414,0.26304760657455317,0.03195599502324662,0.2569576321131558,0.025866020561849255
Triangle,0.5420063108072575,0.09867210097291611,0.5420063108072575,0.09617407310018403,0.5420063108072575,0.09367604522745202,0.5420063108072575,0.09347883250065737,0.5420063108072575,0.09347883250065737,0.5420063108072575,0.09347883250065737,0.5420063108072575,0.09347883250065737,0.5420063108072575,0.09347883250065737,0.5420063108072575,0.09347883250065737,0.5420063108072575,0.09347883250065737,0.5420063108072575,0.09347883250065737,0.5420063108072575,0.09347883250065737,0.5420063108072575,0.09347883250065737,0.5420063108072575,0.09347883250065737,0.5420063108072575,0.09347883250065737,0.5420063108072575,0.09347883250065737,0.5420063108072575,0.09347883250065737,0.5420063108072575,0.09347883250065737,0.5420063108072575,0.09347883250065737,0.5420063108072575,0.09347883250065737,0.5420063108072575,0.09347883250065737,0.5420063108072575,0.09347883250065737,0.5420063108072575,0.09347883250065737,0.5420063108072575,0.09347883250065737,0.5420063108072575,0.09347883250065737,0.5420063108072575,0.09347883250065737,0.5420063108072575,0.09347883250065737,0.5420063108072575,0.09347883250065737,0.5420063108072575,0.09347883250065737,0.5420063108072575,0.09347883250065737,0.5420063108072575,0.09347883250065737,0.5420063108072575,0.09347883250065737,0.5358927162766237,0.09959242703129104,0.5283986326584276,0.10708651064948721,0.5006573757559821,0.13482776755193282,0.4656849855377335,0.16980015777018148,0.39948724691033405,0.22778069944780435,0.31705232711017645,0.2977254798843017,0.24474099395214302,0.3749013936366029,0.1797922692611097,0.45733631343676057,0.12483565606100455,0.5272810938732579,0.07987115435182746,0.5847357349460954,0.04016565869050749,0.6348277675519327,0.007691296344990828,0.6747962135156456,0.0,0.7070733631343676,0.039968445963713066,0.724559558243492,0.09439915855903243,0.7374441230607415,0.1893242177228505,0.7374441230607415,0.28793058112016884,0.7374441230607415,0.4028398632658431,0.7374441230607415,0.5161714435971603,0.7374441230607415,0.6160925585064422,0.7374441230607415,0.7152248225085465,0.7373783854851432,0.7851696029450436,0.7348803576124111,0.8551143833815408,0.7323823297396791,0.9061267420457532,0.7227846437023402,0.9560872995003946,0.7127925322114119,0.9800157770181436,0.6919537207467787,1.0,0.6694714698921904,0.9923744412306071,0.6351564554299236,0.9773862739942152,0.5976860373389428,0.9375493031816989,0.5495661320010516,0.8875887457270578,0.4971075466736788,0.8265842755719168,0.4430712595319481,0.7591375230081515,0.3881146463318433,0.6944517486195112,0.335919011306863,0.6320010518012095,0.28595845385222163,0.5754667367867476,0.23954772547988457,0.5255061793321059,0.19708125164343898,0.481462003681304,0.1595450959768602,0.4464896134630554,0.12956876150407562,0.41467262687352086,0.10195897975282664,0.3896923481462004,0.07947672889823824,0.3670786221404155,0.05876939258480158,0.35209045490402324,0.04378122534840922,0.33789113857480935,0.029581909019195288,0.32789902708388097,0.019589797528267096,0.31830134104654223,0.009992111490928194,0.3133052853010782,0.004996055745464097,0.3083092295556141,0.0
Triangle,0.47709503677535176,0.041176811258469906,0.47709503677535176,0.041176811258469906,0.47709503677535176,0.041176811258469906,0.47709503677535176,0.041176811258469906,0.47709503677535176,0.041176811258469906,0.47709503677535176,0.041176811258469906,0.47709503677535176,0.041176811258469906,0.47709503677535176,0.041176811258469906,0.47709503677535176,0.041176811258469906,0.47709503677535176,0.041176811258469906,0.47709503677535176,0.041176811258469906,0.47709503677535176,0.041176811258469906,0.47709503677535176,0.041176811258469906,0.47709503677535176,0.041176811258469906,0.47709503677535176,0.041176811258469906,0.47709503677535176,0.041176811258469906,0.47709503677535176,0.041176811258469906,0.47709503677535176,0.041176811258469906,0.4765738113163838,0.041176811258469906,0.47425725372097055,0.041176811258469906,0.4719406961255574,0.041755950657323196,0.4696241385301442,0.044072508252736425,0.4628482075635604,0.04957433254184281,0.4443157468002548,0.06347367811432211,0.4188336132507094,0.08362772919441716,0.37713557653327157,0.11837609312561533,0.326402965193722,0.16517055655296234,0.2569062373313254,0.2369838420107722,0.19389587073608597,0.3087971274685817,0.14293160363699547,0.3806104129263913,0.09804830022586428,0.4446053164996815,0.06329993629466592,0.49556958359877235,0.032258064516129,0.5400474894307059,0.006775930966583683,0.574795853361904,0.0,0.6006833844906467,0.018532460763305822,0.6145827300631262,0.05374413621358676,0.6243122719638616,0.10934151850350383,0.6289453871546881,0.17924364394509815,0.6324781374876931,0.2649562749753869,0.6347946950831064,0.35761857879191544,0.6371112526785196,0.45723055539468344,0.6394278102739328,0.551977761047084,0.641744367869346,0.6423235072681998,0.6440609254647593,0.7212022933920195,0.6451033763826952,0.7906990212544159,0.6451033763826952,0.8482075635605493,0.6451033763826952,0.8968552730642267,0.6451033763826952,0.9371633752244164,0.6409335727109514,0.9719117391556146,0.6339838999247117,0.9907337696183468,0.6197949846528058,1.0,0.6012625238895,0.9942086060114669,0.5736954885040827,0.9803092604389874,0.5412636821682976,0.9554641802281806,0.5041408467018007,0.9253489314878086,0.4647593675797762,0.8887473214802798,0.4205131175073838,0.8493658423582555,0.3741819655991196,0.8083048589795561,0.32953031794752996,0.7666068222621181,0.2855157236346786,0.7318584583309201,0.24497596571494742,0.6994266519951351,0.20559448659292276,0.6705855099322402,0.17339433601667897,0.6427868187872817,0.14327908727630723,0.620547865871315,0.1187235767649272,0.5996988475125961,0.09555800081079492,0.584583309202525,0.07812590490531071,0.5706839636300455,0.06191000173741805,0.5607227659697689,0.04963224648172817,0.5514565355881159,0.03804945850466203,0.5442172931024497,0.030520646319569057,0.5372676203162099,0.023570973533329504,0.5324028493658421,0.018706202582961694,0.5277697341750157,0.014073087392135237,0.5231366189841894,0.011582787977066075,0.518503503793363,0.009266230381652847,0.5160711183181791,0.006949672786239618,0.5137545607227658,0.0046331151908264555,0.5114380031273527,0.0023165575954131627,0.5091214455319395,0.0
Triangle,0.5147530468248878,0.060808210391276464,0.5147530468248878,0.060808210391276464,0.5147530468248878,0.060808210391276464,0.5147530468248878,0.060808210391276464,0.5147530468248878,0.060808210391276464,0.5147530468248878,0.060808210391276464,0.5147530468248878,0.060808210391276464,0.5147530468248878,0.060808210391276464,0.5147530468248878,0.060808210391276464,0.5147530468248878,0.060808210391276464,0.5147530468248878,0.060808210391276464,0.5147530468248878,0.060808210391276464,0.5147530468248878,0.060808210391276464,0.5147530468248878,0.060808210391276464,0.5147530468248878,0.060808210391276464,0.5147530468248878,0.060808210391276464,0.5147530468248878,0.060808210391276464,0.5147530468248878,0.060808210391276464,0.5147530468248878,0.060808210391276464,0.5142398973701091,0.0613213598460551,0.5115458627325209,0.06401539448364336,0.5080179602309173,0.06837716484926235,0.502629890955741,0.07645926876202692,0.4914688903143041,0.08915971776779988,0.4726106478511867,0.10801796023091723,0.44932649134060304,0.1357280307889671,0.4223861449647211,0.17075048107761379,0.37928159076331,0.2165490699166131,0.32809493264913425,0.26773572803078877,0.2663245670301478,0.33585631815266176,0.20166773572803096,0.408595253367543,0.1516356638871071,0.47158434894162915,0.10352790250160367,0.5330981398332264,0.07119948685054533,0.5762026940346374,0.04002565747273901,0.6177677998717125,0.015779345734445116,0.650096215522771,0.0,0.676074406670943,0.008082103912764583,0.6841565105837075,0.02642719692110302,0.6881334188582425,0.06144964720974955,0.6854393842206543,0.10859525336754323,0.681398332264272,0.1678640153944835,0.6760102629890957,0.23880692751763924,0.6722899294419501,0.3169339320076969,0.6695958948043619,0.4010262989095569,0.6669018601667737,0.48723540731237913,0.6642078255291854,0.5711353431686979,0.6638229634381014,0.6546504169339319,0.6638229634381014,0.7276459268762027,0.6638229634381014,0.7983322642719688,0.6635663887107122,0.8495189223861448,0.660872354073124,0.8978191148171906,0.6570237331622836,0.935535599743425,0.6489416292495191,0.9678640153944836,0.639063502245029,0.9894162924951891,0.6255933290570881,1.0,0.6084669660038489,0.9973059653624118,0.5869146889031434,0.9822963438101346,0.5592046183450933,0.9580500320718411,0.5268762026940349,0.9226427196921108,0.4871071199486854,0.8822322001282878,0.44400256574727426,0.8287363694676075,0.3965362411802439,0.7721616420782554,0.34804361770365627,0.7180885182809497,0.30205259781911503,0.6643361128928805,0.2565105837075052,0.6131494547787049,0.21610006414368227,0.5642078255291858,0.1770365618986533,0.526491340602951,0.14470814624759498,0.4918537524053884,0.11468890314304071,0.4649134060295065,0.09044259140474696,0.44124438742783845,0.06946760744066713,0.4223861449647211,0.053303399615137956,0.407761385503528,0.03996151379089164,0.39698524695317516,0.029185375240538866,0.38967286722257855,0.020141116100064235,0.38428479794740217,0.012059012187299652,0.3809493264913406,0.008082103912764583,0.37825529185375256,0.005388069275176388,0.3779345734445157,0.002694034637588194,0.3779345734445157,0.0
Triangle,0.46041375019443154,0.004096023228081091,0.46041375019443154,0.002281329392855333,0.46041375019443154,0.00046663555762945755,0.46041375019443154,0.0,0.46041375019443154,0.0,0.46041375019443154,0.0,0.46041375019443154,0.0,0.46041375019443154,0.0,0.46041375019443154,0.0,0.46041375019443154,0.0,0.46041375019443154,0.0,0.46041375019443154,0.0,0.46041375019443154,0.0,0.46041375019443154,0.0,0.46041375019443154,0.0,0.46041375019443154,0.0,0.46041375019443154,0.0,0.46041375019443154,0.0,0.46041375019443154,0.0,0.46041375019443154,0.0034219940892829407,0.46041375019443154,0.007051381759734516,0.45294758127235973,0.019391299839269977,0.442059418261005,0.03572354435630216,0.4202830922382954,0.06294395188468911,0.3839892155337793,0.10468191009488256,0.34147353139420356,0.15170840462487659,0.2688857779851715,0.22429615803390868,0.19629802457613948,0.2968839114429408,0.14362005495929925,0.3528801783584796,0.09280862757297673,0.4073209934152538,0.05153730492041281,0.4510291906465496,0.015243428215896816,0.48913776118629126,0.0,0.5228910665214912,0.016332244517032236,0.5501114740498783,0.03810857053974163,0.5752579457665785,0.09254938559651579,0.5879608026131592,0.14699020065328983,0.6006636594597399,0.23196972053714957,0.6053300150360347,0.320889718463213,0.6089594027064863,0.41209104578213274,0.6091667962876549,0.5046404313786486,0.6073521024524292,0.5911235547259812,0.604189350339607,0.6673406958054647,0.5987452688339298,0.7408617203297558,0.5930937937470836,0.7934878415513038,0.5858350184061805,0.846113962772852,0.5785762430652772,0.8862964691242804,0.571317467724374,0.9244050396640225,0.5640586923834708,0.9527142634935449,0.5567999170425676,0.9744905895162546,0.5495411417016645,0.9906672888474102,0.5404158241302434,0.9961113703530876,0.5277129672836627,1.0,0.5142323845076996,0.9872971431534194,0.49245605848498997,0.9745942863068389,0.4706797324622803,0.9468553948255302,0.43988178565873376,0.9160055996266918,0.40721729662466966,0.87789702908695,0.3724788717789187,0.8343443770415309,0.33618499507440264,0.7913620573443254,0.3004614507181003,0.749624099134132,0.2659822678488101,0.7081972312956913,0.23181417535127288,0.6719033545911759,0.2027790739876603,0.6356094778866596,0.17374397262404745,0.6051226214548662,0.14906413646497652,0.5760875200912533,0.12547311660704108,0.5519780162803962,0.10483745528075912,0.5320163840929125,0.08669051692850119,0.5136102037641936,0.07009903043500813,0.49909265308238726,0.05739617358842747,0.48478249598174955,0.04479701353243118,0.4775237206408462,0.03572354435630216,0.47026494529994306,0.026650075180173188,0.46440607663192823,0.02037641934982114,0.45896199512625097,0.014932337844143688,0.45538445585109144,0.0113547985689843,0.4535697620158657,0.009540104733758542,0.45175506818063976,0.007725410898532725,0.449940374345414,0.0059107170633069086,0.44812568051018825,0.004096023228081091
Triangle,0.46798683372265865,0.008388192822255253,0.46798683372265865,0.008388192822255253,0.46798683372265865,0.008388192822255253,0.46798683372265865,0.008388192822255253,0.46798683372265865,0.008388192822255253,0.4676152049267359,0.008388192822255253,0.46586324060310036,0.008388192822255253,0.46411127627946475,0.008388192822255253,0.46235931195582913,0.008388192822255253,0.46060734763219363,0.008388192822255253,0.45959864090040337,0.008388192822255253,0.45959864090040337,0.008388192822255253,0.45959864090040337,0.008388192822255253,0.45959864090040337,0.008388192822255253,0.45959864090040337,0.008388192822255253,0.45959864090040337,0.008388192822255253,0.45959864090040337,0.008388192822255253,0.4591739222764918,0.008388192822255253,0.457421957952856,0.008388192822255253,0.4556699936292205,0.008388192822255253,0.45540454448927575,0.008388192822255253,0.45540454448927575,0.008388192822255253,0.4506264599702697,0.01236992992142702,0.4401146740284561,0.021129751539605012,0.4282225525589296,0.03137608834147379,0.39493523040985334,0.06466341049055002,0.36164790826077714,0.09795073263962632,0.30967296665958804,0.15926948396687185,0.24835421533234223,0.23460394988320232,0.19229135697600325,0.3051603312805267,0.15024421320874926,0.36297515396050095,0.10819706944149503,0.42078997664047557,0.07692716075599908,0.4632087492036524,0.04714376725419409,0.5035039286472711,0.02500530898279888,0.5378530473561265,0.010989594393714257,0.5658844765342957,0.0,0.5920046719048627,0.01927160755999155,0.5990125291994052,0.03854321511998298,0.6060203864939476,0.09444680399235507,0.6069229135697598,0.16627734126141427,0.6051709492461244,0.24235506476959023,0.6034189849224887,0.32820131662773433,0.601667020598853,0.41404756848587837,0.5999150562752176,0.49830112550435296,0.5997557867912506,0.5823954130388614,0.5997557867912506,0.6574644298152471,0.5997557867912506,0.7240390741133998,0.5997557867912506,0.7882777659800382,0.5997557867912506,0.8355808027181991,0.5997557867912506,0.8828838394563601,0.5997557867912506,0.9199936292206412,0.5959333191760456,0.9532809513697175,0.590677426205139,0.9789764281163725,0.5825015926948396,0.9894882140581862,0.5684858781057548,1.0,0.55447016351667,0.9891165852622635,0.5289339562539815,0.9768528349968143,0.5026544913994477,0.9540772987895515,0.47159694202590763,0.922541940964111,0.4365576555531957,0.8891484391590571,0.4009874708005946,0.8453493310681673,0.3624442556806116,0.8015502229772776,0.3239010405606287,0.7550966234869398,0.28668507114036945,0.7077935867487789,0.249893820344022,0.6624017838182202,0.21565088129114446,0.620354640050966,0.18586748778933948,0.5783074962837118,0.15608409428753436,0.5481524739859841,0.13309619876831583,0.5183690804841792,0.11032066256105327,0.4936292206413251,0.09057124654916114,0.47260564875769784,0.07305160331280527,0.4528562327458058,0.05648757698025057,0.43884051815672104,0.04422382671480139,0.4248248035676363,0.031960076449352275,0.4163304310894032,0.023837332767041797,0.4093225737948608,0.016829475472499487,0.40369505202803146,0.010511785941813557,0.40019112338076024,0.005255892970906749,0.39668719473348896,0.0
Triangle,0.4034875690607735,0.004546500920810314,0.4034875690607735,0.004546500920810314,0.4034875690607735,0.004546500920810314,0.4034875690607735,0.004546500920810314,0.4034875690607735,0.004546500920810314,0.4034875690607735,0.004546500920810314,0.4034875690607735,0.004546500920810314,0.4034875690607735,0.004546500920810314,0.4034875690607735,0.004546500920810314,0.4034875690607735,0.004546500920810314,0.4034875690607735,0.004546500920810314,0.4034875690607735,0.004546500920810314,0.4034875690607735,0.004546500920810314,0.4034875690607735,0.004546500920810314,0.4034875690607735,0.004546500920810314,0.4034875690607735,0.004546500920810314,0.4034875690607735,0.004546500920810314,0.4034875690607735,0.004546500920810314,0.4034875690607735,0.004546500920810314,0.4034875690607735,0.004546500920810314,0.4034875690607735,0.004546500920810314,0.4034875690607735,0.004546500920810314,0.4034875690607735,0.006157918968692426,0.4034875690607735,0.007884438305709026,0.40193370165745856,0.01116482504604056,0.3967541436464088,0.01807090239410683,0.3915745856353591,0.024976979742173167,0.37373388581952105,0.04569521178637211,0.34956261510128916,0.0733195211786372,0.32429788213627986,0.10197974217311234,0.26732274401473294,0.1606813996316759,0.21034760589318596,0.21938305709023953,0.16027854511970527,0.27670349907918984,0.12056860036832405,0.33195211786372025,0.08085865561694282,0.38720073664825067,0.05041436464088383,0.42921270718232063,0.02279005524861862,0.4671961325966853,0.0,0.5035681399631677,0.008632596685082808,0.5294659300184164,0.017265193370165806,0.555363720073665,0.047479281767955954,0.5769452117863721,0.09927486187845318,0.5942104051565379,0.15107044198895042,0.6114755985267036,0.2327923572744018,0.6182665745856355,0.3191183241252303,0.6234461325966851,0.40745856353591214,0.6270142725598526,0.5024171270718234,0.6252877532228361,0.5973756906077355,0.6235612338858195,0.6757596685082875,0.6218347145488029,0.7430939226519337,0.6201081952117865,0.8104281767955804,0.6183816758747699,0.8577348066298344,0.6133172191528546,0.9043508287292821,0.6081376611418048,0.9440607734806632,0.6006560773480664,0.9699585635359119,0.5885704419889501,0.9958563535911605,0.5764848066298343,1.0,0.5571477900552487,0.9948204419889504,0.5347030386740331,0.9859576427255985,0.5104166666666667,0.9255294659300182,0.46034760589318574,0.8651012891344382,0.41027854511970535,0.8069175874769795,0.36320211786371986,0.7516689686924493,0.3200391344383056,0.6964203499079186,0.27687615101289104,0.6508402394106813,0.24061924493554315,0.6076772559852671,0.2060888581952118,0.5668162983425413,0.17328499079189671,0.5374654696132597,0.14911372007366472,0.5081146408839778,0.12494244935543262,0.4833678637200736,0.10445441988950273,0.46264963167587453,0.08718922651933692,0.4419313996316759,0.06992403314917117,0.42898250460405146,0.057320441988950165,0.41689686924493546,0.04523480662983422,0.40619244935543275,0.03406998158379373,0.3992863720073664,0.02543738489871086,0.3923802946593001,0.016804788213627988,0.38766114180478833,0.010359116022099407,0.3842081031307551,0.005179558011049736,0.3807550644567219,0.0
Triangle,0.4114788047842441,0.07679303495203077,0.4114788047842441,0.07679303495203077,0.4114788047842441,0.07679303495203077,0.4114788047842441,0.07679303495203077,0.4114788047842441,0.07518701660961073,0.4114788047842441,0.07311609822070073,0.4114788047842441,0.07104517983179073,0.4114788047842441,0.0701153797388107,0.4114788047842441,0.0701153797388107,0.4114788047842441,0.0701153797388107,0.4114788047842441,0.0701153797388107,0.4114788047842441,0.0701153797388107,0.4114788047842441,0.0701153797388107,0.4114788047842441,0.0701153797388107,0.4114788047842441,0.0701153797388107,0.4114788047842441,0.0701153797388107,0.4114788047842441,0.0701153797388107,0.40966146823887406,0.07193271628418074,0.40594226786695403,0.07510248932843075,0.39765859431131395,0.0813152444951608,0.38396517476015385,0.09158530915853087,0.3670597185241536,0.10443345589789106,0.3422086978572334,0.12721355817590124,0.31469506783314316,0.15354380626347153,0.2836312919994929,0.1846075820971218,0.24073369680064247,0.2275051772959722,0.19348294662102186,0.2747559274755928,0.13963906850936147,0.3285998055872532,0.09560035501458092,0.3775411013904738,0.058323824014200686,0.42310130594649414,0.031190566755420326,0.45648958201259454,0.010354591944550106,0.48582054858205476,0.0,0.508600650860065,0.009974219179240082,0.5204344702252652,0.030387557584210165,0.5278306073285153,0.07387684375132073,0.5299015257174253,0.1360466590592111,0.5308735894509953,0.21474155783779203,0.5308735894509953,0.31055323105532273,0.5308735894509953,0.40852034994294395,0.5327754532775453,0.5079244326106246,0.5389882084442754,0.6001436963780058,0.5452009636110055,0.6878407506022567,0.5514137187777356,0.7603228942141074,0.5576264739444655,0.8230844004902582,0.5628671653776256,0.8748573602130086,0.5670090021554456,0.912429736697519,0.5676006931237056,0.9450995308735894,0.5665863657495457,0.9699505515405097,0.5624445289717256,0.9856303621993998,0.5543721736190356,0.9958581632221799,0.5439330543933055,1.0,0.5294366256709353,0.9990701999070202,0.5132496513249651,0.99078652635138,0.4946113858247751,0.9742614428806898,0.47102827437555483,0.9544820590845696,0.4454165081780145,0.9296310384176494,0.41642365073327414,0.9012298719411691,0.38624741135201374,0.8701660961075187,0.35518363551836374,0.8351295380584085,0.32411985968471335,0.7992054435569079,0.293774565741093,0.7619289125565275,0.2647817082963527,0.7261738726173876,0.23578885085161258,0.6912218418494571,0.2073031570939522,0.6580871476268967,0.1824521364270319,0.6281222264485862,0.1576011157601116,0.6012002873927559,0.13275009509319127,0.5761379485228859,0.11161827479819125,0.5524703097924857,0.09209247284561099,0.5317611259033853,0.07552512573433079,0.515236042432695,0.06035247876252062,0.5008664046320951,0.04610963188369057,0.48844089429863496,0.03575503993914042,0.47601538396517473,0.02726004818055027,0.46358987363171456,0.021047293013820217,0.4546299818266345,0.014834537847090115,0.4468112083174845,0.009086682726850169,0.44059845315075435,0.0049448459490300705,0.4356536072017244,0.0020709183889100497,0.4315117704239043,0.0
Triangle,0.4875262223656608,0.0,0.4875262223656608,0.0,0.4875262223656608,0.0,0.4875262223656608,0.0,0.4875262223656608,0.0,0.4875262223656608,0.0,0.4875262223656608,0.0,0.4875262223656608,0.0,0.48681620138776827,0.0,0.48497660158141037,0.0,0.48497660158141037,0.0,0.48497660158141037,0.0,0.48284653864773275,0.002130062933677588,0.4778118444408585,0.007681136033564606,0.4698079715991609,0.017685977085686626,0.4440858479909634,0.039502985315475185,0.4081329675649509,0.06861384540906888,0.3637566564466677,0.10585767306761334,0.3143779248023237,0.150847184121349,0.26835565596256256,0.200871389381959,0.2187832822333388,0.25267064708730014,0.1675326771018235,0.30469582055833455,0.11754074552202678,0.3546877521381313,0.0724221397450379,0.3999354526383734,0.04040664837824749,0.4339519122155882,0.014716798450863372,0.4600613199935452,0.0,0.47994190737453596,0.00029046312731964064,0.4930450217847345,0.020300145231563645,0.49704695820558326,0.06354687752138133,0.493303211231241,0.11450701952557668,0.48652573826044854,0.17692431821849264,0.47684363401645957,0.2515410682588348,0.46483782475391316,0.3295788284653864,0.4528320154913667,0.4076165886719381,0.4408262062288204,0.48207197030821336,0.430014523156366,0.5508794578021622,0.42065515572051,0.612522188155559,0.41274810392125216,0.6665483298370178,0.406745199289979,0.7159270614813619,0.40229143133774403,0.7609488462159106,0.3982894949168953,0.8016136840406647,0.39473939002743264,0.8376311118283039,0.3927384218170082,0.8679360981119896,0.39264160077456833,0.8952396320800388,0.3939970953687268,0.9196385347748912,0.3959980635791512,0.9413909956430531,0.3977408423430692,0.9614006777472971,0.3977408423430692,0.9762788446022268,0.3977408423430692,0.9879619170566402,0.3977408423430692,0.9961271583024045,0.39712764240761655,1.0,0.394997579473939,1.0,0.38899467484266587,0.9954494110053251,0.3814749072131677,0.9865418751008553,0.37153461352267225,0.9736969501371632,0.359109246409553,0.9576892044537679,0.34510246893658225,0.9360658383088591,0.3292238179764402,0.9100855252541553,0.31189285137969985,0.8805228336291756,0.2931095691463613,0.8482814264966921,0.2730998870421173,0.8142649669194774,0.2530902049378732,0.7785702759399711,0.23140229143133784,0.7425528481523319,0.21052121994513484,0.707116346619332,0.1905115378408908,0.673164434403744,0.17050185573664678,0.6431499112473779,0.1504921736324028,0.6161045667258351,0.13196708084557046,0.5910279167339035,0.11489430369533644,0.5681781507180894,0.09927384218170082,0.5501694368242699,0.0852670647087301,0.5376795223495241,0.07493948684847514,0.5269646603195095,0.06751654026141683,0.5177021139260933,0.06151363563014364,0.5098918831692755,0.05570437308375022,0.5038889785380023,0.05170243666290142,0.4995320316282072,0.049346457963530724,0.49662740035501046,0.047345489753106346,0.49462643214458607,0.045344521542681926,0.4926254639341617,0.04334355333225754
Triangle,0.6543814185622419,0.1516460312889913,0.6543814185622419,0.1516460312889913,0.6543814185622419,0.1516460312889913,0.6543814185622419,0.1516460312889913,0.6543814185622419,0.1516460312889913,0.6543814185622419,0.1516460312889913,0.6543814185622419,0.1516460312889913,0.6543814185622419,0.1516460312889913,0.6543814185622419,0.1516460312889913,0.6543814185622419,0.1516460312889913,0.6543814185622419,0.1516460312889913,0.6543814185622419,0.1516460312889913,0.6543814185622419,0.1516460312889913,0.6543814185622419,0.1516460312889913,0.6543814185622419,0.1516460312889913,0.6543814185622419,0.1516460312889913,0.6543814185622419,0.1516460312889913,0.6543814185622419,0.1516460312889913,0.6543814185622419,0.1516460312889913,0.6543814185622419,0.1516460312889913,0.6543814185622419,0.1516460312889913,0.6543814185622419,0.1516460312889913,0.6543814185622419,0.1516460312889913,0.6543814185622419,0.1516460312889913,0.6543814185622419,0.1516460312889913,0.6543814185622419,0.1516460312889913,0.6543814185622419,0.1516460312889913,0.6543814185622419,0.1516460312889913,0.6543814185622419,0.1516460312889913,0.6543814185622419,0.1516460312889913,0.6543814185622419,0.1516460312889913,0.6543814185622419,0.1516460312889913,0.6503503215279776,0.15433342931183414,0.6402725789423165,0.16105192436894142,0.6268355888281024,0.170649774450523,0.5932431135425662,0.1975237546789519,0.5596506382570301,0.22439773490738077,0.4784528265668488,0.2869757174392938,0.39111239082445554,0.3541606680103652,0.31221806315385353,0.4213456185814375,0.23831461752567418,0.4885305691525096,0.17314521547173403,0.5482291966599482,0.12275650254343004,0.5952586620596987,0.07390344562817891,0.6403685574431328,0.03695172281408967,0.6706017852001152,0.0,0.7008350129570976,0.046549572895670965,0.7195508206161821,0.10701602840963598,0.7363470582589501,0.19368461464631886,0.7450811018331894,0.29782128803148084,0.7484403493617432,0.4054131874460113,0.7506478548805069,0.5196276034168339,0.7506478548805069,0.6309626643631824,0.7506478548805069,0.7115846050484688,0.7506478548805069,0.7922065457337552,0.7506478548805069,0.8533448507534311,0.7450811018331894,0.910452058738842,0.7383626067760825,0.9522027065937224,0.725885401670026,0.9824359343507051,0.7090891640272582,1.0,0.6870141088396201,0.989922257414339,0.6534216335540841,0.9779249448123617,0.6188693732603896,0.9342547269411654,0.568480660332086,0.8905845090699687,0.5180919474037818,0.833477301084557,0.46232843842979193,0.7730108455705922,0.4052212304443807,0.714367981572128,0.3517612054899705,0.6572607735867168,0.3013724925616667,0.6049524906420962,0.25386313465783694,0.564641520299453,0.21355216431519364,0.5247144639600728,0.1735291294749978,0.49784048373164397,0.1432959017180153,0.47096650350321506,0.11306267396103278,0.4518667818408677,0.09060370477013166,0.4350705441980992,0.07044821959880986,0.42172953258470075,0.05202034744217305,0.4116517899990401,0.03522410979940509,0.4024378539207214,0.0201554851713216,0.3957193588636146,0.010077742585660908,0.3890008638065071,0.0
Triangle,0.5304044052341761,0.009355201610515718,0.5304044052341761,0.009355201610515718,0.5304044052341761,0.009355201610515718,0.5304044052341761,0.009355201610515718,0.5304044052341761,0.009355201610515718,0.5304044052341761,0.009355201610515718,0.5304044052341761,0.009355201610515718,0.5304044052341761,0.009355201610515718,0.5288057315412399,0.007756527917579471,0.5268517970276511,0.00580259340399071,0.5257268044289182,0.004677600805257859,0.5257268044289182,0.004677600805257859,0.5257268044289182,0.004677600805257859,0.5257268044289182,0.004677600805257859,0.5257268044289182,0.004677600805257859,0.5257268044289182,0.004677600805257859,0.5257268044289182,0.004677600805257859,0.5257268044289182,0.004677600805257859,0.5257268044289182,0.004677600805257859,0.5257268044289182,0.004677600805257859,0.5257268044289182,0.004677600805257859,0.5257268044289182,0.004677600805257859,0.5257268044289182,0.004677600805257859,0.5257268044289182,0.004677600805257859,0.5257268044289182,0.004796021078808742,0.5257268044289182,0.00674995559239737,0.5257268044289182,0.00870389010598613,0.5231215584107999,0.013263070637693174,0.5192136893836224,0.019124874178459393,0.5137071466635087,0.02605246018118302,0.5039374740955652,0.03582213274912663,0.4941678015276215,0.0455918053170703,0.47237847119426846,0.062229853750962155,0.44893125703120373,0.07981526437326074,0.41601042098407237,0.10308484812599922,0.3730238616851206,0.13239386582983004,0.32808336787257975,0.16294629640594466,0.2636035289241517,0.20593285570489667,0.199123689975724,0.2489194150038485,0.14826218248564169,0.2850968085736276,0.10332168867310085,0.31831369530463616,0.0625259044348393,0.3485700751968737,0.03126295221741965,0.37201728935993833,0.0,0.39546450352300305,0.013144650364142358,0.4135828053762802,0.030730060986440943,0.4311682159985788,0.07046006276274495,0.4457339096453312,0.13103203268399563,0.4574575167268635,0.19444608917046613,0.4684706021670909,0.27846527325478143,0.47433240570785706,0.3624844573390967,0.4801942092486232,0.4493457279886319,0.4846349695067796,0.5372727811001248,0.48854283853395686,0.6199893421753802,0.4911480845520752,0.6922849191781631,0.4911480845520752,0.7645804961809461,0.4911480845520752,0.8166854165433121,0.48931257031203734,0.867487713896619,0.48735863579844857,0.9097637515542661,0.4832731363609448,0.9449345727988631,0.47741133282017867,0.9765527858369352,0.4703653265439042,0.9882763929184675,0.45668778494878304,1.0,0.4430102433536621,0.9910000592101367,0.42045118124222863,0.9753685831014268,0.39505003256557514,0.951210847297057,0.3660962756823966,0.9121321570252825,0.3309254544377996,0.8730534667535078,0.29575463319320255,0.8263958789744801,0.26058381194860536,0.7795014506483509,0.22541299070400858,0.7359820001184201,0.19249215465687725,0.694949375333057,0.1612292024394576,0.6560483154716086,0.13103203268399544,0.6267392977677778,0.105630884007342,0.5974302800639468,0.0802297353306885,0.5742791165847593,0.060986440878678355,0.5527858369352833,0.043401030256379904,0.5336017526200486,0.027355083190242192,0.5179702765113388,0.013677541595121063,0.5023388004026289,0.0
Triangle,0.3909515114627713,0.026712653006018803,0.39095151146277146,0.026712653006018803,0.3909515114627713,0.026712653006018803,0.3909515114627713,0.026712653006018803,0.3909515114627713,0.026712653006018803,0.3909515114627713,0.026712653006018803,0.3909515114627713,0.026712653006018803,0.3909515114627713,0.026712653006018803,0.3909515114627713,0.026712653006018803,0.3909515114627713,0.026712653006018803,0.3909515114627713,0.026712653006018803,0.3909515114627713,0.026712653006018803,0.3909515114627713,0.026712653006018803,0.3909515114627713,0.026712653006018803,0.3909515114627713,0.026712653006018803,0.3909515114627713,0.026712653006018803,0.3909515114627713,0.026712653006018803,0.3909515114627713,0.026712653006018803,0.3909515114627713,0.026712653006018803,0.3909515114627713,0.026712653006018803,0.3909515114627713,0.026712653006018803,0.3909515114627713,0.026712653006018803,0.3909515114627713,0.026712653006018803,0.3909515114627713,0.030094001487793332,0.3909515114627713,0.034422127544464755,0.3902752417664164,0.04077906269020093,0.3881111787380807,0.05159937783187934,0.385947115709745,0.062419692973557823,0.36369784269966865,0.08967336173666063,0.3377290863596401,0.11997024413336037,0.3028335700277271,0.15675931561506717,0.2530601203760059,0.2043687022384527,0.20328667072428483,0.25197808886183803,0.16331913166970982,0.31723811456008655,0.12436599715966716,0.3843240684384934,0.09109352809900585,0.44288902414282794,0.06512477175897746,0.4904984107662136,0.03915601541894907,0.538107797389599,0.019476567255021254,0.571042131602083,0.0,0.6035030770271184,0.006492189085007136,0.6283898018529791,0.03895313451004251,0.6457023060796646,0.07256373841888111,0.6626090484885373,0.1418137553256239,0.6669371745452087,0.21106377223236605,0.6712653006018802,0.29126935822005845,0.6731588557516738,0.3799959423818217,0.6731588557516738,0.46831676472577216,0.6729559748427674,0.5527152228308649,0.6707919118144317,0.6371136809359571,0.6686278487860959,0.7066342057212419,0.6651112463650505,0.7672279705146413,0.660783120308379,0.825116656522621,0.6561168594035302,0.8683979170893353,0.649624670318523,0.9116791776560492,0.6431324812335161,0.9460336782308782,0.6321769121525667,0.9763305606275782,0.6191925339825524,1.0,0.6038412118752959,1.0,0.5800365185636032,1.0,0.5562318252519106,0.978900385473727,0.5243118955839591,0.9507675661053627,0.48968688713058767,0.9177656049232435,0.45384459322377785,0.8723202813281936,0.41489145871373506,0.826874957733144,0.37593832420369255,0.7743964292960036,0.33698518969365004,0.7202948535876105,0.2980320551836072,0.6684249678771894,0.26056671400554554,0.6208155812538038,0.22594170555217413,0.5732061946304187,0.19131669709880303,0.5312774734564145,0.16237235409481307,0.490160275918036,0.1342395347264489,0.4543179820112262,0.10874416717386899,0.42618516264286177,0.08710353689051187,0.39805234327449784,0.06546290660715491,0.37803476026239274,0.04990870359099211,0.3585581930073713,0.03476026239264213,0.34313924393047956,0.021640630283357044,0.332318928788801,0.01082031514167856,0.32149861364712246,0.0
Triangle,0.7261000602772756,0.24761904761904763,0.7261000602772756,0.24761904761904763,0.7261000602772756,0.24761904761904763,0.7261000602772756,0.24761904761904763,0.7261000602772756,0.24761904761904763,0.7261000602772756,0.24761904761904763,0.7261000602772756,0.24761904761904763,0.7261000602772756,0.24761904761904763,0.7261000602772756,0.24761904761904763,0.7261000602772756,0.24761904761904763,0.7261000602772756,0.24761904761904763,0.7261000602772756,0.24761904761904763,0.7261000602772756,0.24761904761904763,0.7261000602772756,0.24761904761904763,0.7261000602772756,0.24761904761904763,0.7261000602772756,0.24761904761904763,0.7261000602772756,0.24761904761904763,0.7261000602772756,0.24761904761904763,0.7261000602772756,0.24761904761904763,0.7261000602772756,0.24761904761904763,0.7261000602772756,0.24761904761904763,0.7261000602772756,0.24761904761904763,0.7261000602772756,0.24761904761904763,0.7261000602772756,0.24761904761904763,0.7261000602772756,0.24761904761904763,0.7130801687763714,0.2573839662447258,0.694273658830621,0.2714888487040386,0.6535262206148283,0.3012658227848101,0.6018083182640144,0.33887884267631124,0.5320072332730563,0.3945750452079567,0.45207956600361665,0.4603978300180832,0.3692585895117542,0.532007233273056,0.28462929475587684,0.607233273056058,0.21386377335744447,0.679686558167571,0.15274261603375516,0.7502109704641352,0.10223025919228479,0.8074743821579267,0.05991561181434582,0.8544906570223031,0.02772754671488894,0.8939119951778179,0.004219409282700326,0.9268233875828812,0.0,0.9500904159132009,0.014104882459313168,0.9641952983725137,0.04882459312839057,0.9737191078963232,0.10524412296564216,0.9784207353827608,0.1703435804701631,0.9831223628691984,0.24556962025316503,0.9878239903556358,0.3248945147679327,0.9925256178420736,0.4095238095238095,0.997227245328511,0.4941531042796869,1.0,0.5787823990355643,1.0,0.652561784207354,1.0,0.7089813140446051,1.0,0.7603375527426162,1.0,0.8026522001205552,1.0,0.8355635925256181,0.996865581675708,0.8496684749849313,0.9874623267028328,0.859433393610609,0.973719107896323,0.859433393610609,0.9502109704641349,0.8528028933092228,0.9227245328511149,0.8292947558770347,0.8851115129596142,0.8057866184448466,0.8438818565400842,0.782278481012658,0.7921639541892705,0.7576853526220616,0.7371910789632307,0.7294755877034358,0.6713682941531044,0.7022302591922848,0.6045810729355031,0.6787221217600962,0.5340566606389389,0.6560578661844483,0.46353224834237466,0.6372513562386984,0.39300783604581074,0.6191681735985531,0.3239300783604576,0.6050632911392405,0.262808921036769,0.5915611814345993,0.20409885473176625,0.5821579264617239,0.1617842073538273,0.572754671488849,0.12091621458710065,0.5633514165159735,0.09270644966847472,0.5543098251959014,0.06522001205545502,0.5496081977094637,0.04641350210970467,0.544906570223026,0.02808921036769131,0.5402049427365888,0.018685955394816135,0.5356238698010851,0.009403254972875174,0.5356238698010851,0.004701627486437587,0.5356238698010851,0.0
Triangle,0.5102344992050873,0.06279809220985691,0.5102344992050873,0.05862480127186009,0.5102344992050873,0.05494833068362479,0.5102344992050873,0.05494833068362479,0.5102344992050873,0.05494833068362479,0.5102344992050873,0.05494833068362479,0.5102344992050873,0.05494833068362479,0.5102344992050873,0.05494833068362479,0.5102344992050873,0.05494833068362479,0.5102344992050873,0.05494833068362479,0.5102344992050873,0.05494833068362479,0.5102344992050873,0.05494833068362479,0.5102344992050873,0.05494833068362479,0.5102344992050873,0.05494833068362479,0.5102344992050873,0.05494833068362479,0.5102344992050873,0.05494833068362479,0.5102344992050873,0.05494833068362479,0.5102344992050873,0.05494833068362479,0.5102344992050873,0.05494833068362479,0.5102344992050873,0.05494833068362479,0.5102344992050873,0.05494833068362479,0.5102344992050873,0.05494833068362479,0.5102344992050873,0.05494833068362479,0.5102344992050873,0.05494833068362479,0.5102344992050873,0.05494833068362479,0.5102344992050873,0.05494833068362479,0.5102344992050873,0.05494833068362479,0.5074523052464229,0.0605127186009538,0.5032790143084261,0.06885930047694742,0.48271065182829886,0.08704292527821923,0.457670906200318,0.1079093799682034,0.4099761526232117,0.15143084260731302,0.35959856915739263,0.19773449920508715,0.29699920508744043,0.2603338632750394,0.23499602543720233,0.3235294117647054,0.17656995230524647,0.3903020667726549,0.12251589825119259,0.45598171701112855,0.08078298887122445,0.5185810810810807,0.04381955484896677,0.5748211446740856,0.014606518282989072,0.6207273449920505,0.0,0.6603736089030205,0.0,0.6937599364069951,0.023251192368839074,0.7193958664546898,0.06081081081081084,0.7402623211446738,0.11685214626391079,0.7580484896661365,0.17945151033386256,0.7747416534181237,0.2635135135135134,0.7878577106518283,0.35115262321144647,0.8003775834658187,0.4550874403815574,0.8088235294117645,0.5590222575516688,0.8175675675675672,0.6591812400635924,0.8300874403815579,0.7530802861685213,0.8426073131955484,0.8240262321144671,0.8551271860095387,0.8880166931637518,0.8662559618441968,0.9380961844197131,0.8746025437201904,0.9749602543720187,0.8810612082670903,0.9958267090620032,0.8852344992050871,1.0,0.8774841017488076,0.9916534181240064,0.8607909379968202,0.9516096979332275,0.829689984101749,0.8973569157392689,0.7921303656597775,0.8498608903020664,0.7410572337042924,0.8039546899841019,0.6868044515103339,0.7541732909379969,0.6170508744038157,0.7042925278219399,0.5459062003179654,0.6583863275039744,0.47078696343402276,0.6131756756756762,0.3970588235294123,0.571442766295708,0.33028616852146325,0.5320945945945948,0.2658982511923695,0.4987082670906204,0.2074721780604141,0.46701112877583467,0.15749205087440377,0.43779809220985694,0.11993243243243255,0.4129570747217808,0.08674483306836252,0.39209062003179623,0.057531796502384935,0.37122416534181263,0.036367249602543825,0.3503577106518286,0.019674085850556567,0.3358505564387921,0.009340222575516768,0.32333068362480116,0.0009936406995231413,0.314487281399046,0.0,0.3061406995230524,0.0
Triangle,0.5908584169453734,0.06605351170568562,0.5908584169453734,0.06605351170568562,0.5908584169453734,0.06605351170568562,0.5908584169453734,0.06605351170568562,0.5908584169453734,0.06438127090301006,0.5908584169453734,0.06029357116313633,0.5908584169453734,0.05871423262727611,0.5908584169453734,0.05871423262727611,0.5908584169453734,0.05871423262727611,0.5908584169453734,0.05871423262727611,0.5908584169453734,0.05871423262727611,0.5908584169453734,0.05871423262727611,0.5908584169453734,0.05871423262727611,0.5908584169453734,0.05871423262727611,0.5908584169453734,0.05871423262727611,0.5908584169453734,0.05871423262727611,0.5908584169453734,0.05871423262727611,0.5908584169453734,0.05871423262727611,0.5908584169453734,0.05871423262727611,0.5908584169453734,0.05871423262727611,0.5908584169453734,0.05871423262727611,0.5908584169453734,0.05871423262727611,0.5908584169453734,0.05871423262727611,0.5908584169453734,0.05871423262727611,0.5908584169453734,0.05871423262727611,0.5908584169453734,0.05871423262727611,0.5908584169453734,0.05871423262727611,0.5905797101449276,0.059271646228167996,0.5864920104050538,0.06744704570791524,0.5779450018580454,0.07896692679301383,0.5575065031586772,0.09940542549238206,0.5214604236343369,0.13350055741360087,0.46832032701597925,0.18255295429208465,0.39845782237086613,0.2483277591973241,0.3207915273132666,0.32190635451504995,0.2467484206614642,0.3954849498327756,0.17502787068004455,0.46832032701597925,0.12188777406168692,0.5337235228539576,0.07357859531772583,0.5930880713489408,0.03678929765886313,0.6380527684875509,0.012263099219620972,0.6768859160163507,0.0,0.7095875139353399,0.010776662950576,0.730769230769231,0.03121516164994401,0.7471200297287252,0.07766629505759935,0.7523225566703827,0.12997027127461883,0.7554812337421033,0.20763656633221797,0.7513935340022296,0.28920475659606054,0.7486064659977704,0.3791341508732813,0.7486064659977704,0.4754738015607581,0.7486064659977704,0.5776662950575996,0.7486064659977704,0.6768859160163507,0.7515793385358603,0.7749907097733181,0.7556670382757339,0.8464325529542919,0.7673727238944629,0.9131363805276843,0.779078409513192,0.9621887774061687,0.7872538089929395,0.9959123002601262,0.7940356744704571,1.0,0.7981233742103309,0.9929394277220359,0.7955221107395019,0.9765886287625418,0.7873467112597549,0.9449089557785211,0.7638424377554813,0.9081196581196583,0.7352285395763658,0.8674284652545522,0.6988108509847641,0.8246005202526945,0.6594202898550731,0.7714604236343369,0.6062801932367152,0.719806763285024,0.5501672240802674,0.6707543664065405,0.48885172798216303,0.6240245261984394,0.42521367521367526,0.5790598290598292,0.35981047937569727,0.5435711631363805,0.297565960609439,0.5108695652173916,0.2362504645113347,0.4901523597175775,0.18691936083240454,0.47045707915273166,0.1400966183574879,0.45410628019323673,0.10330732069862529,0.4393348197696026,0.07125603864734313,0.4270717205499814,0.046729840208101184,0.4172240802675585,0.029450018580453406,0.40904868078781104,0.017186919360832432,0.4041248606465998,0.00817539947974735,0.40003716090672603,0.0
Triangle,0.49842143608839956,0.051161661134946974,0.49842143608839956,0.051161661134946974,0.49842143608839956,0.051161661134946974,0.49842143608839956,0.051161661134946974,0.49842143608839956,0.051161661134946974,0.49842143608839956,0.051161661134946974,0.49842143608839956,0.051161661134946974,0.49842143608839956,0.051161661134946974,0.49842143608839956,0.051161661134946974,0.49842143608839956,0.051161661134946974,0.49842143608839956,0.051161661134946974,0.49842143608839956,0.051161661134946974,0.49842143608839956,0.051161661134946974,0.49842143608839956,0.051161661134946974,0.49842143608839956,0.051161661134946974,0.49842143608839956,0.051161661134946974,0.49842143608839956,0.051161661134946974,0.49842143608839956,0.051161661134946974,0.4968023961790658,0.052780701044280696,0.4931595563830649,0.05642354084028168,0.48700720472759657,0.06006638063628266,0.4797215251355944,0.06370922043228364,0.47243584554359264,0.07075204403788551,0.4651501659515905,0.07739010766615396,0.4578644863595887,0.08103294746215495,0.4521168946814538,0.08467578725815593,0.4484740548854529,0.08831862705415681,0.4424026552254514,0.09439002671415847,0.43511697563344925,0.10167570630616043,0.4245122642273131,0.11228041771229666,0.4124504169027767,0.12434226503683327,0.3942362179227715,0.14255646401683797,0.3716506111875655,0.1636849348336437,0.342507892819558,0.18918481340565058,0.3086699587144821,0.21937990771472515,0.2722415607544725,0.25216546587873395,0.2293370031571276,0.29142718368007786,0.18610863757791618,0.33198413340888855,0.1460373998219055,0.37569821096090017,0.10871852991176213,0.4194122885129121,0.0759329717477536,0.4631263660649235,0.04994738120294667,0.49777382012466614,0.02809034242694062,0.526916538492674,0.012547559297336756,0.5497450012142799,0.0,0.5703877600582854,0.00364283979600107,0.5813162794462884,0.01635230308427109,0.5896543349793572,0.045495021452278926,0.5932971747753583,0.08338055533068918,0.5947543106937585,0.12709463288270076,0.5947543106937585,0.1861895895733831,0.5947543106937585,0.2494130980328665,0.5944305027118918,0.3259127337488873,0.5907876629158908,0.40484092932890836,0.5871448231198899,0.4886262446369303,0.583501983323889,0.574516311827087,0.5819638954100218,0.6619444669311104,0.5819638954100218,0.7403869505383308,0.5789686715777543,0.815429450335951,0.5755686877681534,0.8700720472759654,0.5755686877681534,0.9190480045333121,0.5755686877681534,0.9554764024933218,0.5755686877681534,0.9817858010199952,0.5715210879948192,1.0,0.5642354084028169,0.9919857524487979,0.5482069133004128,0.9767667773010602,0.5293450983566742,0.9476240589330523,0.49655954019266546,0.9163765886829108,0.46166923014652306,0.8799481907229012,0.4215979923905124,0.8396340969804904,0.37958390674330106,0.7959200194284787,0.3358698291912893,0.7578725815591353,0.2893224317979434,0.7215251355945922,0.24204646644539743,0.6887395774305834,0.19833238889338622,0.656925443212175,0.1555897352869748,0.6277827248441673,0.11551849753096394,0.6023637982676272,0.07917105156642087,0.5805067594916211,0.046385493402412145,0.561402088561483,0.021857038776005602,0.5431878895814781,0.0
Triangle,0.38920168912125475,0.03971445807359742,0.37231047657349686,0.05660567062135529,0.355419264025739,0.07349688316911315,0.33701990750050276,0.09340438367182784,0.31168308867886596,0.12718680876734367,0.2863462698572287,0.1609692338628594,0.2589985923989541,0.19977880554996977,0.22803136939473168,0.24763724110195043,0.19706414639050876,0.2954956766539312,0.16609692338628584,0.34486225618339034,0.13512970038206296,0.39553589382666393,0.10416247737784048,0.44620953146993775,0.081238688920169,0.4948723104765736,0.06153227428111808,0.5427307460285541,0.041825859642067156,0.5905891815805346,0.02714659159461073,0.625879750653529,0.013070581138146142,0.6596621757490447,0.0,0.6926402573899054,0.0,0.7151618741202491,0.0,0.7376834908505931,0.004222803136939467,0.7580937060124672,0.021114015684697333,0.7721697164689322,0.0380052282324552,0.7862457269253971,0.06213553187210946,0.7979087070178967,0.09591795696762496,0.8063543132917754,0.12970038206314094,0.8147999195656543,0.17373818620550976,0.8215362959983913,0.22441182384878336,0.8271667001809772,0.275085461492057,0.8327971043635631,0.3323949326362356,0.8406394530464508,0.39151417655338855,0.8490850593203298,0.45063342047054067,0.8575306655942088,0.5151819827066159,0.8741202493464708,0.579931630806354,0.8910114618942286,0.6434747637241099,0.907500502714659,0.6997788055499696,0.9215765131711241,0.7560828473758293,0.9356525236275891,0.8069575708827669,0.9479187613110798,0.8463704001608687,0.9563643675849587,0.88578322943897,0.9648099738588376,0.9195656545344862,0.9732555801327165,0.9477176754474159,0.9817011864065955,0.9758696963603459,0.9901467926804745,0.9887391916348283,0.9871305047255178,0.9943695958174139,0.9786848984516388,1.0,0.9702392921777598,0.9863261612708627,0.9545545948119843,0.9694349487231049,0.9376633822642266,0.9520410215161875,0.9203699979891415,0.9210737985119646,0.8922179770762116,0.8901065755077417,0.8640659561632815,0.8567263221395537,0.8335009048863864,0.814498290770159,0.7940880756082848,0.7722702594007639,0.7546752463301829,0.7311482002815203,0.7119445003016288,0.6917353710034184,0.6640860647496478,0.6523225417253166,0.6162276291976673,0.6161270862658353,0.5667605067363762,0.5823446611703196,0.5160868690931029,0.5485622360748039,0.46541323144982877,0.5190026141162276,0.41896239694349485,0.49085059320329755,0.3739191634828069,0.46269857229036787,0.3288759300221194,0.43977478383269664,0.28906092901668984,0.41725316710235266,0.24964809973858834,0.3956364367584963,0.21144178564246938,0.38156042630203085,0.18328976472953953,0.3674844158455658,0.15513774381660977,0.35421274884375625,0.12939875326764524,0.34295194047858446,0.10969233862859443,0.3316911321134123,0.08998592398954351,0.32173738186205497,0.07289362557812189,0.31329177558817606,0.05881761512165696,0.3048461693142971,0.04474160466519203,0.2982103358133921,0.03428513975467518,0.292579931630806,0.02583953348079625,0.28694952744822033,0.017393927206917317,0.28363161069776804,0.011260808365171987,0.2808164086064748,0.005630404182585881,0.27800120651518195,0.0
Triangle,0.5445519980143956,0.0196078431372549,0.5403325887316954,0.0196078431372549,0.5380160503019773,0.0196078431372549,0.5380160503019773,0.0196078431372549,0.5380160503019773,0.0196078431372549,0.5380160503019773,0.0196078431372549,0.5380160503019773,0.0196078431372549,0.5380160503019773,0.0196078431372549,0.5369405146024655,0.0196078431372549,0.5327211053197649,0.0196078431372549,0.531480102589559,0.0196078431372549,0.531480102589559,0.0196078431372549,0.531480102589559,0.0196078431372549,0.531480102589559,0.0196078431372549,0.531480102589559,0.0196078431372549,0.531480102589559,0.0196078431372549,0.5293290311905354,0.0196078431372549,0.5251096219078348,0.0196078431372549,0.5249441548771406,0.0196078431372549,0.5249441548771406,0.0196078431372549,0.5249441548771406,0.0196078431372549,0.5213038802018697,0.0196078431372549,0.5184082071647224,0.0196078431372549,0.5184082071647224,0.0196078431372549,0.5184082071647224,0.0196078431372549,0.5184082071647224,0.0196078431372549,0.5184082071647224,0.0196078431372549,0.5184082071647224,0.0196078431372549,0.5184082071647224,0.0196078431372549,0.5184082071647224,0.0196078431372549,0.5160089352196573,0.0196078431372549,0.5118722594523041,0.0196078431372549,0.5118722594523041,0.0196078431372549,0.5118722594523041,0.021593447505584524,0.5118722594523041,0.025812856788284887,0.5040953090096798,0.03780921651360962,0.4909406800694961,0.05675519152808808,0.4698436336559939,0.08629105650699108,0.4244229337304542,0.1401505749979316,0.36799867626375415,0.2073301894597503,0.29626871845784747,0.29593778439645885,0.22453876065193998,0.39372879953669243,0.15653181103665098,0.49499462232150226,0.1058988996442459,0.5962604451063126,0.06585587821626543,0.6789939604533796,0.032762472077438605,0.7490692479523455,0.0074460163812360555,0.7997021593447504,0.0,0.8413998510796725,0.008438818565400727,0.8751551253412758,0.04583436750227502,0.8882270207661125,0.09472987507239171,0.9008852486142135,0.15802101431289828,0.913543476462315,0.2399271945064947,0.9224786961197982,0.3257218499214029,0.9309175146851989,0.41432944485811163,0.9393563332505998,0.4996276991809385,0.9544138330437661,0.5780590717299577,0.9702986679904031,0.6371308016877636,0.9829568958385042,0.6817241664598326,0.992719450649458,0.7179614461818482,1.0,0.7432779018780508,1.0,0.7537023248117812,0.98758997269794,0.7530404566890048,0.9655001241002733,0.736162819558203,0.9190866219905682,0.7130801687763713,0.864399768346157,0.6835443037974684,0.801108629105651,0.650037230081906,0.7219326549185071,0.617936626127244,0.6367998676263752,0.5884007611483413,0.5439728634069663,0.565979978489286,0.454703400347481,0.547364937536196,0.3685778108711835,0.5347067096880946,0.28840903449987576,0.5251923554231818,0.21767187887813363,0.516753536857781,0.15429800612228034,0.5083147182923804,0.10788450401257532,0.5026061057334323,0.06966161992223047,0.49838669645073214,0.0375610159675685,0.49416728716803177,0.020683378836766863,0.4922644163150492,0.008438818565400819,0.4922644163150492,0.0
Triangle,0.5913308097676835,0.16418021227640467,0.5913308097676835,0.16106286647368812,0.5909596971721219,0.1579455206709716,0.5878423513694054,0.15482817486825504,0.5847250055666889,0.1517108290655385,0.5816076597639723,0.14859348326282196,0.5784903139612558,0.1454761374601054,0.5753729681585392,0.1423587916573888,0.5722556223558227,0.14072589623691828,0.5691382765531062,0.14072589623691828,0.567876493728197,0.14072589623691828,0.567876493728197,0.14072589623691828,0.567876493728197,0.14072589623691828,0.567876493728197,0.14072589623691828,0.567876493728197,0.14072589623691828,0.567876493728197,0.14072589623691828,0.567876493728197,0.14072589623691828,0.567876493728197,0.1409485637942552,0.567876493728197,0.14406590959697171,0.567876493728197,0.14718325539968827,0.567876493728197,0.1503006012024048,0.567876493728197,0.15245305425666147,0.567876493728197,0.15245305425666147,0.567876493728197,0.15245305425666147,0.567876493728197,0.15245305425666147,0.567876493728197,0.15245305425666147,0.567876493728197,0.15245305425666147,0.567876493728197,0.1545312847918059,0.567876493728197,0.15764863059452242,0.5629778074667853,0.16321531952794477,0.5567431158613525,0.16945001113337785,0.5476879685296518,0.184146069917613,0.5378905960068286,0.20002968900764478,0.5098344837823797,0.22808580123209374,0.47866102575521435,0.25881392414458515,0.4287834929117494,0.30557411118533356,0.37645661693757904,0.35560008906702273,0.31722704668596474,0.41482965931863697,0.25562235582275694,0.4788094707934384,0.1901580939657096,0.5505084242559187,0.13404586951681122,0.6190900319156831,0.08728568247606346,0.6845542937727305,0.05017442291991396,0.7365100571513395,0.01900096489274856,0.7801528983893711,0.00623469160543308,0.8145921472574777,0.0,0.8457656052846431,0.01781340458695161,0.8689230312476804,0.03963482520596739,0.8907444518666963,0.08580123209381685,0.9064796259185036,0.13463964966970954,0.9220663549320863,0.20322125732947308,0.937653083945669,0.27313887033325857,0.9525718102872411,0.34795516959845585,0.9650411934981072,0.41965412306093625,0.9764714614414013,0.4851183849179839,0.9858234988495509,0.5407110517330952,0.9937653083945668,0.5843538929711267,1.0,0.620871372374378,0.9937653083945671,0.6520448304015436,0.9781785793809842,0.6746084762116824,0.9518295850961183,0.6933125510279816,0.9206561270689531,0.6867809693460996,0.8793884064425149,0.6743115861352335,0.8357455652044834,0.6531581681882285,0.7805240109849331,0.6310398574927634,0.7239664514213617,0.6029837452683144,0.6585021895643142,0.5744080754100798,0.5925183700734808,0.5432346173829145,0.523936762413717,0.5120611593557487,0.45535515475395316,0.4808877013285833,0.38677354709418926,0.45097602612632665,0.3207155050842426,0.4229199139018778,0.25836858902991183,0.39649669709789953,0.20255325465746327,0.3715579306761672,0.15267572181399863,0.34862317227046696,0.11281822905069425,0.3268017516514512,0.07852742522081223,0.307355451644029,0.05136198322571091,0.2886513768277298,0.02642321680397859,0.2754397684257403,0.012469383210866327,0.26297038521487415,0.0
Triangle,0.5284013273472576,0.22102934478495675,0.5247576289934285,0.22102934478495675,0.5232611100266773,0.22102934478495675,0.5232611100266773,0.22102934478495675,0.5232611100266773,0.22102934478495675,0.5232611100266773,0.22102934478495675,0.5232611100266773,0.22102934478495675,0.5232611100266773,0.22102934478495675,0.5232611100266773,0.22102934478495675,0.5232611100266773,0.22102934478495675,0.5232611100266773,0.22102934478495675,0.5232611100266773,0.22102934478495675,0.5232611100266773,0.22102934478495675,0.5232611100266773,0.22102934478495675,0.5232611100266773,0.22102934478495675,0.5265144121283104,0.22102934478495675,0.5284013273472576,0.22102934478495675,0.5284013273472576,0.22102934478495675,0.5284013273472576,0.22102934478495675,0.5308087709024663,0.22102934478495675,0.5335415446678381,0.22102934478495675,0.5335415446678381,0.22102934478495675,0.5335415446678381,0.22102934478495675,0.5335415446678381,0.22102934478495675,0.5335415446678381,0.22102934478495675,0.5335415446678381,0.22102934478495675,0.5335415446678381,0.22102934478495675,0.5342572711301973,0.22102934478495675,0.5379009694840264,0.22102934478495675,0.5415446678378557,0.22102934478495675,0.5438219793089989,0.22102934478495675,0.5438219793089989,0.22102934478495675,0.5438219793089989,0.22102934478495675,0.5438219793089989,0.22102934478495675,0.5438219793089989,0.22102934478495675,0.5438219793089989,0.22102934478495675,0.5438219793089989,0.2236970525082959,0.540308413039235,0.229683128375301,0.5293773179777476,0.2406142234367884,0.5018543821979309,0.26150042292927334,0.46177370030581055,0.29611555729065014,0.4081592816708963,0.3451102869412453,0.32799791788665533,0.4106968573101698,0.23794651571344938,0.4911184852625414,0.15101828355781144,0.5766152644934608,0.08543171318888677,0.6567766282777019,0.0354609929078012,0.7181989719565363,0.005986075867005225,0.7683648903637194,0.0,0.8080551760036436,0.02914958683063325,0.8372047628342769,0.07879497690155493,0.8595224152514804,0.15010735896935407,0.8785216995250179,0.2557746112303988,0.9003838896479928,0.3731537510573235,0.9251740516624376,0.4976901555078404,0.9478170342898042,0.62886329624569,0.9660355260589499,0.7242501138655735,0.9806753855162992,0.8023293643047698,0.9931680655865706,0.8644023684039303,1.0,0.9081267486498799,0.9854252065846835,0.9135922961806235,0.9435226755156485,0.9063048994729651,0.8863296245689372,0.8990175027653072,0.8170993558461839,0.8578957642006636,0.734335350380636,0.8122844687357672,0.6429826273667774,0.7645259938837926,0.5446027718133911,0.7135142169301842,0.4462229162600038,0.6625024399765768,0.35291821198516526,0.6125317196954913,0.2670310365020495,0.5651636410957127,0.1941570694254671,0.5209837985555341,0.140412518706487,0.480642852495283,0.09616761012427624,0.44479146333528535,0.06051141909037668,0.4192855748584816,0.03864922896740196,0.39846444140802934,0.023814171383954644,0.3827835252781574,0.013728934868891936,0.3754961285704992,0.006441538161233623,0.374194807729846,0.002147179387077923,0.374194807729846,0.0,0.374194807729846,0.0
Triangle,0.444307270233196,0.09211248285322356,0.444307270233196,0.09211248285322356,0.444307270233196,0.09211248285322356,0.444307270233196,0.09211248285322356,0.444307270233196,0.09211248285322356,0.444307270233196,0.09211248285322356,0.444307270233196,0.09211248285322356,0.444307270233196,0.09211248285322356,0.444307270233196,0.09211248285322356,0.444307270233196,0.09211248285322356,0.444307270233196,0.09211248285322356,0.444307270233196,0.09211248285322356,0.444307270233196,0.09211248285322356,0.444307270233196,0.09211248285322356,0.444307270233196,0.09211248285322356,0.444307270233196,0.09211248285322356,0.444307270233196,0.09211248285322356,0.444307270233196,0.09211248285322356,0.444307270233196,0.09211248285322356,0.444307270233196,0.0926611796982167,0.444307270233196,0.09554183813443069,0.444307270233196,0.09842249657064468,0.444307270233196,0.10130315500685866,0.44060356652949223,0.10665294924554183,0.4319615912208506,0.1152949245541838,0.41543209876543213,0.13182441700960207,0.3923868312757199,0.15486968449931404,0.3539780521262003,0.19135802469135776,0.3078875171467765,0.23456790123456764,0.2572702331961592,0.2913580246913578,0.20541838134430745,0.3518518518518515,0.1561728395061727,0.4149519890260629,0.10754458161865592,0.47805212620027393,0.07297668038408808,0.5299039780521257,0.040054869684499436,0.5792866941015085,0.017009602194787234,0.6138545953360764,0.0,0.6461591220850478,0.0,0.6720850480109736,0.010973936899862572,0.6947187928669406,0.03978052126200244,0.7120027434842245,0.07578875171467774,0.7264060356652946,0.11899862825788723,0.7379286694101506,0.18004115226337403,0.7512345679012342,0.252057613168724,0.7656378600823042,0.3347050754458155,0.7800411522633741,0.42112482853223515,0.7944444444444441,0.5124828532235935,0.8088477366255141,0.6046639231824411,0.8232510288065841,0.6940329218106991,0.8320301783264744,0.7808641975308634,0.8403978052126196,0.8442386831275711,0.8461591220850476,0.9032921810699586,0.8506858710562412,0.9465020576131684,0.8506858710562412,0.9810699588477363,0.846844993141289,0.9983539094650199,0.8353223593964331,1.0,0.8172839506172839,0.9827160493827157,0.7913580246913579,0.967078189300411,0.7572016460905349,0.9526748971193412,0.7168724279835391,0.930315500685871,0.670576131687243,0.9043895747599451,0.6216049382716051,0.8714677640603564,0.5633058984910836,0.8368998628257885,0.5028120713305899,0.7996570644718791,0.4423182441700961,0.7623456790123456,0.3819615912208507,0.7277777777777777,0.324348422496571,0.69320987654321,0.2681755829903982,0.6586419753086421,0.21920438957476038,0.6257201646090538,0.17434842249657098,0.5969135802469139,0.13978052126200316,0.5692729766803839,0.10871056241426608,0.5433470507544577,0.08278463648834018,0.5219478737997256,0.061385459533607724,0.5046639231824414,0.044101508916323806,0.4910836762688615,0.03052126200274355,0.47956104252400555,0.0189986282578876,0.4702331961591219,0.01186556927297673,0.46159122085047993,0.006104252400548756,0.45802469135802454,0.0028806584362140253,0.45514403292181055,0.0
Triangle,0.4460936934327711,0.08580117297806096,0.4460936934327711,0.08580117297806096,0.4460936934327711,0.08580117297806096,0.4460936934327711,0.08580117297806096,0.4460936934327711,0.08580117297806096,0.4460936934327711,0.08580117297806096,0.4460936934327711,0.08580117297806096,0.4460936934327711,0.08580117297806096,0.4460936934327711,0.08580117297806096,0.4460936934327711,0.08580117297806096,0.4460936934327711,0.08580117297806096,0.4460936934327711,0.08580117297806096,0.4460936934327711,0.08580117297806096,0.4460936934327711,0.08580117297806096,0.4435594815726596,0.08580117297806096,0.4405184273405255,0.08580117297806096,0.4403736152342337,0.08580117297806096,0.4403736152342337,0.08580117297806096,0.4403736152342337,0.08580117297806096,0.4403736152342337,0.08580117297806096,0.4403736152342337,0.08580117297806096,0.4394323365433352,0.08674245166895951,0.4363912823112014,0.08978350590109331,0.4307436101658099,0.0967344870031134,0.42162044746940885,0.1088987039316486,0.40583592788357126,0.1293896169719788,0.3845485482586346,0.15675910506118312,0.3531243211932519,0.20034754905510083,0.3166316704076463,0.2520454710013755,0.2729708203605824,0.31807979147056675,0.2273550068785754,0.3880240388096442,0.17898776337701852,0.4607197161682715,0.130620519875462,0.5337774237926288,0.09412786908985636,0.6098037795959739,0.05937296357975554,0.682354644848309,0.0350445297226848,0.734052566794584,0.013901962204040332,0.7817681558178263,0.0017377452755051226,0.8182608066034318,0.0,0.8489609731373541,0.01520527116066901,0.8702483527622907,0.04105423213380649,0.883933096806893,0.07754688291941211,0.8900152052711606,0.1253348779958004,0.8960973137354282,0.18007385417420882,0.9021794221996958,0.24828035623778116,0.9060169430164361,0.3212656578089924,0.90905799724857,0.4020708131199767,0.9199189052204763,0.48417927738758937,0.9320831221490115,0.5692563898341899,0.9472159872565346,0.6532474114835995,0.9621316342046193,0.7262327130548111,0.9742958511331545,0.7946564332778221,0.9858084135833756,0.8463543552240967,0.9949315762797769,0.8929838534501482,1.0,0.9294765042357538,0.9969589457678661,0.9549634349431614,0.9842878864673088,0.9671276518716966,0.9599594526102384,0.9653899065961915,0.9234668018246328,0.9532256896676566,0.8778509883426258,0.9410614727391211,0.8238360726956777,0.9288972558105859,0.7660560422851355,0.9019622040402581,0.7033524002606618,0.8715516617189197,0.6394902613858522,0.8326696111794948,0.5728042864383466,0.7929910940554635,0.506045905437695,0.7504163348055903,0.4421837665628851,0.7078415755557168,0.3793353124321198,0.6652668163058435,0.32155528202157757,0.6235609296937229,0.26725074216204525,0.5840272246759834,0.22163492868003823,0.548186228368692,0.17971182390847878,0.5177756860473537,0.14321917312287316,0.49214394323365457,0.11150532184490633,0.47085656360871764,0.08413583375570212,0.4534791108536677,0.06263123597132732,0.4382738396929987,0.044384910578524506,0.4253855622330027,0.030772572587068392,0.4132213453044675,0.018608355658533183,0.4090942002751431,0.009123162696401529,0.4060531460430093,0.0
Triangle,0.40979498861047853,0.017995444191343957,0.40979498861047853,0.017995444191343957,0.40979498861047853,0.017995444191343957,0.40979498861047853,0.017995444191343957,0.40979498861047853,0.017995444191343957,0.40979498861047853,0.01378132118451024,0.40979498861047853,0.00933940774487473,0.40979498861047853,0.008997722095671979,0.40979498861047853,0.008997722095671979,0.41378132118451033,0.005011389521640052,0.41822323462414596,0.0005694760820045427,0.42266514806378164,0.0,0.42710706150341726,0.0,0.4315489749430529,0.0,0.435990888382688,0.0,0.44043280182232364,0.0,0.44487471526195876,0.0,0.44931662870159444,0.0,0.45375854214123007,0.0,0.4582004555808657,0.0,0.4626423690205013,0.0,0.46378132118451043,0.0,0.46378132118451043,0.0,0.46378132118451043,0.0,0.46378132118451043,0.0,0.46378132118451043,0.006150341685649202,0.46378132118451043,0.015034168564920285,0.4578587699316631,0.029840546697038714,0.4489749430523918,0.04760820045558088,0.4315489749430529,0.07391799544419132,0.4093394077448747,0.10501138952164008,0.3761958997722095,0.1497722095671982,0.3362186788154898,0.20307517084282456,0.29362186788154926,0.2642369020501138,0.24920273348519342,0.33086560364464696,0.20227790432801848,0.4000000000000001,0.1534168564920275,0.47107061503416875,0.11173120728929414,0.5397494305239178,0.07619589977220956,0.6063781321184509,0.04749430523917999,0.6638952164009112,0.02528473804100231,0.7127562642369021,0.009567198177676522,0.7529612756264236,0.0006833712984057581,0.7840546697038723,0.0,0.8110478359908881,0.008883826879271275,0.8332574031890662,0.029384965831435322,0.8496583143507972,0.06492027334851991,0.8585421412300681,0.11138952164009151,0.8656036446469246,0.17357630979498892,0.87004555808656,0.24259681093394134,0.8744874715261957,0.3225512528473808,0.8789293849658313,0.40410022779043314,0.8833712984054669,0.4884965831435082,0.8878132118451023,0.5728929384965837,0.890774487471526,0.6572892938496583,0.890774487471526,0.7348519362186788,0.890774487471526,0.7970387243735768,0.890774487471526,0.8529612756264237,0.8895216400911159,0.8929384965831434,0.8850797266514805,0.9306378132118455,0.8772209567198174,0.961731207289294,0.8594533029612753,0.9876993166287015,0.8396355353075168,0.9965831435079727,0.8129840546697037,1.0,0.7835990888382687,0.9822323462414579,0.7436218678815487,0.9612756264236906,0.7012528473804096,0.925740318906606,0.6479498861047834,0.8888382687927104,0.5932801822323456,0.8444191343963555,0.5310933940774485,0.7994305239179956,0.4689066059225513,0.7505694760820042,0.40671981776765326,0.7017084282460136,0.3454441913439634,0.6528473804100227,0.29214123006833653,0.6043280182232348,0.23917995444191317,0.5599088838268795,0.19031890660592257,0.5159453302961274,0.14214123006833682,0.4804100227790434,0.10660592255125274,0.44510250569476123,0.07129840546697046,0.41845102505694737,0.04464692482915702,0.39179954441913456,0.017995444191343957
Triangle,0.4417703783070964,0.058600511003049506,0.4417703783070964,0.058600511003049506,0.4417703783070964,0.058600511003049506,0.4417703783070964,0.058600511003049506,0.4402868210665126,0.058600511003049506,0.4366603478117532,0.058600511003049506,0.43525921041786875,0.058600511003049506,0.43525921041786875,0.058600511003049506,0.43525921041786875,0.058600511003049506,0.43525921041786875,0.058600511003049506,0.43525921041786875,0.058600511003049506,0.43525921041786875,0.058600511003049506,0.43525921041786875,0.058600511003049506,0.43525921041786875,0.058600511003049506,0.43525921041786875,0.058600511003049506,0.43525921041786875,0.060908266710623854,0.43525921041786875,0.06453473996538367,0.43525921041786875,0.06511167889227723,0.43525921041786875,0.06511167889227723,0.43525921041786875,0.06511167889227723,0.43525921041786875,0.06511167889227723,0.43525921041786875,0.06511167889227723,0.43525921041786875,0.06511167889227723,0.43525921041786875,0.06511167889227723,0.43525921041786875,0.06511167889227723,0.43525921041786875,0.06511167889227723,0.43525921041786875,0.06511167889227723,0.43501195087777156,0.06535893843237449,0.4313854776230117,0.06898541168713421,0.4257809280474738,0.07458996126267203,0.4149015082831947,0.08546938102695123,0.3988296381768731,0.10154125113327282,0.3770707986483146,0.12330009066183127,0.34542157751586616,0.15247671639330734,0.30915684496826845,0.18511497568614502,0.26324899035687827,0.22739635704277558,0.21577515865820499,0.27124371548668913,0.16500453309156876,0.3183878677985657,0.11851973955328493,0.36231764608917805,0.0822550070056872,0.39858237863677537,0.05142998434022956,0.4294074013022332,0.026044671556911262,0.45479271408555144,0.01087941976427943,0.4750679963735265,0.0,0.49320036264732525,0.005604549575537955,0.5047391411851971,0.015330091486030073,0.5147943624824856,0.04434187752410781,0.5184208357372452,0.08027693068490906,0.5220473089920049,0.13104755625154565,0.5256737822467648,0.189400807714498,0.5274045990274455,0.2546773263001731,0.5274045990274455,0.3305035852633311,0.5274045990274455,0.41028599686804584,0.5274045990274455,0.4968268359020851,0.530783812742108,0.5838621940163187,0.5344102859968678,0.670897552130553,0.5380367592516275,0.750515124041869,0.5416632325063873,0.8157916426275446,0.545289705761147,0.8711777796093301,0.5469381026951287,0.9183219319212065,0.5469381026951287,0.9545866644688038,0.5442182477540588,0.9872249237616414,0.5405917744992992,0.9956317481249483,0.5300420341218163,1.0,0.5174317975768564,0.9891205802357206,0.49567295804829786,0.9716475727355145,0.46995796587818317,0.9426357866974368,0.4373197065853457,0.9074425121569271,0.40056045495755355,0.8675513063545702,0.3606692491551967,0.8220555509766752,0.3179757685650704,0.7749113986647986,0.2744580895079538,0.7313112997609827,0.23094041045083663,0.6877936207038654,0.18808209016731214,0.6442759416467488,0.14819088436495526,0.6035605373774005,0.11110195335036675,0.5672958048298035,0.07846369405752929,0.5374598203247342,0.05225418280722002,0.5120745075414163,0.030495343278661442,0.49245858402703374,0.014505893019039054,0.4743262177532351,0.0
Triangle,0.6057418988061396,0.007485313625165814,0.6057418988061396,0.007485313625165814,0.6057418988061396,0.007485313625165814,0.6057418988061396,0.007485313625165814,0.6057418988061396,0.007485313625165814,0.6057418988061396,0.007485313625165814,0.6057418988061396,0.005495546712147056,0.6057418988061396,0.0014212620807276806,0.6057418988061396,0.0,0.6057418988061396,0.0,0.6057418988061396,0.0,0.6057418988061396,0.0,0.6057418988061396,0.0,0.6057418988061396,0.0,0.6057418988061396,0.0,0.6057418988061396,0.0,0.6057418988061396,0.0,0.6057418988061396,0.0,0.6057418988061396,0.0,0.6057418988061396,0.0,0.6057418988061396,0.0,0.6057418988061396,0.0,0.6057418988061396,0.0,0.6057418988061396,0.0,0.6057418988061396,0.0,0.6057418988061396,0.0,0.6046048891415574,0.0,0.6005306045101382,0.0,0.596456319878719,0.0,0.5923820352472994,0.0,0.5883077506158803,0.0,0.5842334659844606,0.0,0.5770324047754403,0.0062535531552018265,0.5688838355126015,0.014402122418040578,0.5569452340344894,0.026340723896153072,0.542827364032594,0.04045859389804815,0.5102330869812393,0.07305287094940316,0.4713852567746825,0.11085844229675945,0.4143452719348113,0.1638241425052113,0.35048322910744684,0.22361190070115614,0.277146105741898,0.2928747394352855,0.21091529277998836,0.3621375781694144,0.14980102330869752,0.4314004169035438,0.10081485692628346,0.4855031267765778,0.05599772598067067,0.53439454235361,0.025961720674625315,0.5722001137009665,0.0,0.6080159181353042,0.00814856926283838,0.6324616259238204,0.02292969490240666,0.6540648095508811,0.059598256585181066,0.6662876634451393,0.10754216410839461,0.6752889899564146,0.1727307182111046,0.679363274587834,0.24701534963047186,0.6834375592192534,0.3285010422588586,0.6875118438506728,0.41879855978775804,0.6915861284820921,0.5125071063104036,0.6956604131135115,0.6026151222285384,0.6997346977449309,0.6914913776767102,0.7038089823763503,0.7648285010422586,0.7078832670077696,0.833901838165624,0.7111047943907524,0.8868675383740765,0.7111047943907524,0.9337691870380899,0.7095887815046428,0.9704377487208634,0.7055144968732235,0.9918514307371612,0.6949024066704567,1.0,0.6786052681447792,0.9939359484555619,0.6509380329732803,0.9817130945613034,0.6183437559219251,0.9554671214705323,0.5752321394731855,0.9268523782452149,0.5302255069168089,0.8942581011938597,0.47725980670835666,0.8593898048133405,0.42277809361379565,0.8145726738677278,0.36166382414250536,0.7711768050028422,0.3033920788326699,0.730433958688649,0.2504263786242183,0.689691112374455,0.20162971385256792,0.648948266060261,0.1568125829069545,0.610953193102141,0.12023877202956225,0.574284631419367,0.08764449497820745,0.5444381277240855,0.061872275914345166,0.5159181353041499,0.03742656812582907
Triangle,0.4662806128604174,0.03812281336711304,0.4662806128604174,0.03812281336711304,0.4662806128604174,0.03812281336711304,0.4662806128604174,0.03812281336711304,0.4662806128604174,0.03812281336711304,0.4662806128604174,0.03812281336711304,0.4662806128604174,0.03812281336711304,0.4662806128604174,0.03812281336711304,0.4662806128604174,0.03812281336711304,0.4662806128604174,0.03812281336711304,0.4662806128604174,0.03812281336711304,0.4662806128604174,0.03812281336711304,0.4662806128604174,0.03812281336711304,0.4674267100977199,0.03812281336711304,0.47008083001568357,0.03812281336711304,0.4727349499336472,0.03812281336711304,0.4753890698516108,0.03812281336711304,0.4758113162021957,0.03812281336711304,0.4758113162021957,0.03812281336711304,0.4758113162021957,0.03812281336711304,0.4758113162021957,0.03812281336711304,0.4758113162021957,0.03812281336711304,0.4758113162021957,0.03812281336711304,0.4758113162021957,0.03812281336711304,0.4758113162021957,0.03812281336711304,0.4758113162021957,0.03812281336711304,0.4735191217275906,0.040415007841717934,0.4705030763662684,0.04343105320304014,0.46254071661237783,0.051393412956930846,0.4516829533116178,0.06152732537097361,0.4331041138858728,0.07745204487875498,0.40439136204608506,0.10224393774882372,0.36457956327663166,0.13674749668235003,0.31210037398962515,0.18210881891663638,0.25370973579442674,0.23253709735794406,0.1976716129810594,0.29002292194474577,0.14338279647725907,0.3481722765110388,0.1035709977078054,0.4039087947882736,0.06768005790807108,0.4549402823018458,0.04113885872843548,0.49475208107129925,0.01857883942574503,0.5279285800458438,0.0,0.5544697792254795,0.00012064181445294081,0.573531185909036,0.008083001568343512,0.5894559054168176,0.03534805163469649,0.5981421160574255,0.06755941609361787,0.605802871275184,0.12329593437085269,0.611111111111111,0.18494390155627916,0.615574858245868,0.2592592592592593,0.6182289781638316,0.34189890215948826,0.6222704789480034,0.43213897937024953,0.6275787187839305,0.5223790565810108,0.6309566895886114,0.612619133791772,0.6336108095065751,0.7003860538062486,0.6362649294245385,0.78435275666546,0.6389190493425021,0.845397514778622,0.6415731692604656,0.9010133912414042,0.6415128483532393,0.9461334298467848,0.6362046085173121,0.9767764507178188,0.6251055615876463,0.9953552901435635,0.609180842079865,1.0,0.5852937628181927,1.0,0.5587525636385574,0.9797321751719146,0.5271444082519001,0.9563879840752807,0.49445047653516744,0.9218844251417543,0.4572927976836773,0.8854505971769816,0.4182048498009409,0.8456387984075284,0.3757389311135242,0.8073350223187356,0.3332730124261069,0.7701773434672461,0.2908070937386902,0.7350705754614549,0.250392085896972,0.7005670165279287,0.21058028712751878,0.6712510556158766,0.1733622873688022,0.6425383037760889,0.1371697430329352,0.6159971045964533,0.10532030401737263,0.590481360839667,0.0775726866932079,0.5665942815779951,0.05633972734949952,0.5458438894920978,0.03824345518156599,0.5272650500663528,0.0223187356737845,0.5129086741464591,0.010616479671854322,0.49963807455664133,0.0
Triangle,0.39008331876711533,0.03682339917263882,0.39008331876711533,0.03682339917263882,0.39008331876711533,0.03682339917263882,0.39008331876711533,0.03682339917263882,0.39008331876711533,0.03682339917263882,0.39008331876711533,0.03682339917263882,0.39130688108139594,0.03682339917263882,0.39381227058206614,0.03682339917263882,0.39631766008273633,0.03682339917263882,0.398823049583406,0.03682339917263882,0.4033677096078774,0.03682339917263882,0.4083784886092175,0.03682339917263882,0.4133892676105576,0.03682339917263882,0.4184000466118978,0.03682339917263882,0.4234108256132379,0.03682339917263882,0.4284216046145778,0.03682339917263882,0.4334323836159179,0.03682339917263882,0.43727786517508593,0.03682339917263882,0.4397832546757559,0.03682339917263882,0.4407154926294937,0.035250247625706464,0.4407154926294937,0.03274485812503641,0.4407154926294937,0.032220474276058966,0.4407154926294937,0.032220474276058966,0.4407154926294937,0.032220474276058966,0.4407154926294937,0.032220474276058966,0.4407154926294937,0.032220474276058966,0.4400163141641904,0.032220474276058966,0.4375109246635205,0.032220474276058966,0.43279147002272333,0.034434539416185975,0.425275301520713,0.03944531841752608,0.41624424634387935,0.04597098409368996,0.40622268834119907,0.05348715259570003,0.38658742644059907,0.07061702499563015,0.3640389209345686,0.09066014100099057,0.32750684612247305,0.12468682631241619,0.2889937656586846,0.1606945172755346,0.24139136514595347,0.20579152828759556,0.19442987822641739,0.2534521936724348,0.14933286721435643,0.308570762687176,0.10947969469207013,0.3626405640039621,0.07690963118335938,0.41525374351803324,0.05016605488550959,0.4591271922158131,0.027617549379479113,0.4967080347258639,0.012526947503350207,0.5249664976985376,0.0,0.550020392705238,0.012468682631241708,0.565984967662996,0.029248965798520245,0.5806677154343647,0.0693351978092408,0.5906892734370448,0.11466526830973602,0.6001281827186389,0.17730000582648758,0.6076443512206491,0.24587776029831632,0.6141700168968129,0.32354483481908775,0.6191807958981531,0.4068053370622854,0.6255899318300996,0.49449396958573655,0.6331061003321097,0.5803763910738217,0.64062226883412,0.6655596340966035,0.6481384373361301,0.7374584862786224,0.6534405406980133,0.8066771543436462,0.658334789955136,0.856784944357047,0.6608401794558061,0.9037464312765834,0.6622968012585212,0.9388218842859644,0.6597914117578513,0.9664394336654432,0.6526248324884927,0.9814717706694633,0.6375924954844725,0.9924838314979899,0.6171997902464602,1.0,0.5921458952397599,0.9952805453592032,0.5583522694167687,0.9852589873565226,0.5207714269067178,0.9644584280137505,0.47456738332459353,0.9416185981471771,0.4268484530676457,0.9065431451377963,0.3742352735535742,0.8710015731515469,0.32255433199324124,0.8334207306414962,0.27495193148051056,0.7932179688865582,0.2290974771310375,0.7481209578744977,0.1865058556196469,0.7043057740488264,0.14647788848103493,0.6617141525374352,0.10889704597098392,0.6225018936083436,0.0763852473343821,0.5849210510982933,0.04632057332634167,0.5515352793800616,0.022548505506030315,0.5189652158713512,0.0
Triangle,0.5614883007288072,0.0,0.5614883007288072,0.0,0.5614883007288072,0.0,0.5614883007288072,0.0,0.5614883007288072,0.0,0.5614883007288072,0.0,0.5614883007288072,0.0,0.5614883007288072,0.0,0.5592635212888378,0.0,0.5554276946682011,0.0,0.5554276946682011,0.0,0.5554276946682011,0.0,0.55512082853855,0.0,0.5510548523206753,0.0,0.5469888761028004,0.0,0.5429228998849254,0.0,0.5388569236670502,0.0,0.5347909474491754,0.0,0.5307249712313002,0.0,0.5266589950134255,0.0,0.5251246643651708,0.0,0.5251246643651708,0.0005370157268891582,0.5251246643651708,0.004602991944764099,0.5225163022631377,0.00866896816263904,0.518450326045263,0.012734944380514004,0.5143843498273878,0.016800920598388967,0.510318373609513,0.02623705408515536,0.5048714998082088,0.039125431530494796,0.4926735711545837,0.05538933640199464,0.4777138473341007,0.07717683160721145,0.4591484464902189,0.10387418488684314,0.4306866129650943,0.14046797084771762,0.396547756041427,0.18557729190640587,0.35742232451093203,0.23690065209052574,0.3086306098964328,0.29789029535864986,0.25400843881856566,0.36471039509014186,0.19616417337936334,0.4347525891829691,0.13517453011123873,0.5079401611047184,0.08914461066359812,0.5811277330264674,0.051476793248945565,0.6513233601841196,0.02301495972382065,0.7123130034522439,0.006827771384733737,0.7579593402378214,0.0,0.795397008055236,0.008131952435749925,0.8238588415803606,0.035136171845032774,0.8460299194476409,0.06996547756041446,0.8663598005370158,0.1106252397391641,0.8866896816263906,0.17383966244725743,0.9070195627157652,0.2466436517069431,0.9273494438051401,0.32796317606444236,0.9476793248945149,0.41258151131568943,0.9614115841963944,0.4979670118910628,0.9736095128500192,0.5833525124664368,0.985807441503644,0.6586114307633301,0.9946298427311085,0.7248945147679323,1.0,0.777752205600307,1.0,0.816800920598389,0.996547756041427,0.8490218642117376,0.99102416570771,0.8734177215189878,0.9828922132719601,0.880168776371308,0.9677023398542386,0.8780974299961644,0.9468354430379746,0.8658995013425393,0.9183736095128499,0.8428845416187191,0.8827004219409283,0.8168776371308016,0.8412734944380514,0.7884158036056771,0.7924817798235518,0.7525891829689296,0.7363252780974298,0.715995397008055,0.6777138473341,0.6794016110471809,0.6167242040659762,0.6465669351745301,0.5557345607978519,0.61403912543153,0.4947449175297274,0.5815113156885311,0.43375527426160354,0.552819332566168,0.37660145761411584,0.5261986958189492,0.3252013808975833,0.501802838511699,0.28047564250095874,0.4813195243574989,0.24357499041043315,0.4648254698887613,0.21081703107019564,0.4526275412351362,0.1823551975450709,0.4444188722669737,0.16187188339087064,0.43628691983122375,0.14553126198695823,0.4281549673954738,0.13333333333333333
Triangle,0.45069961541608705,0.012928565583831111,0.45069961541608705,0.012928565583831111,0.45069961541608705,0.012928565583831111,0.45069961541608705,0.012928565583831111,0.45069961541608705,0.011455691023647836,0.45069961541608705,0.007855330987644215,0.45069961541608705,0.006464282791915556,0.45069961541608705,0.006464282791915556,0.45069961541608705,0.003518533671549004,0.45069961541608705,0.0,0.45069961541608705,0.0,0.45069961541608705,0.0,0.45069961541608705,0.0,0.45069961541608705,0.0,0.45069961541608705,0.0,0.45069961541608705,0.0,0.45069961541608705,0.0,0.45069961541608705,0.0,0.45069961541608705,0.00016365272890923248,0.45069961541608705,0.0037640127649128524,0.44979952540708595,0.008264462809917297,0.4461991653710827,0.015465182881924583,0.439325750756894,0.02593895753211684,0.428524670648883,0.04034039767613123,0.4106046968333199,0.06186073152769824,0.3890025366172983,0.08706325177972345,0.35807217085344917,0.12159397757957609,0.3251779723426886,0.1583340152197037,0.2855740119466494,0.20513869568775062,0.2449881351771542,0.25292529252925294,0.20178381474511095,0.3033303330333033,0.16029784796661467,0.35373537353735374,0.12069388757057545,0.40414041404140405,0.09090909090909091,0.4520906636118157,0.06570657065706562,0.49889534407986236,0.04688650683250177,0.5425087963341787,0.029212012110302086,0.5844038949349482,0.014810571966287423,0.6132067752229768,0.0036003600360036657,0.6398821700351853,0.0,0.661484330251207,0.0054005400540054985,0.679486130431225,0.019801980198019428,0.6938875705752394,0.04434988953440779,0.7006791588249734,0.07315276982243675,0.7042795188609772,0.1183209230013908,0.7013337697406106,0.16676213075853022,0.69814254152688,0.22796825137059107,0.69814254152688,0.292611079289747,0.69814254152688,0.3646182800098192,0.69814254152688,0.4422714998772604,0.69814254152688,0.5250797807053432,0.69814254152688,0.6052696178708776,0.69814254152688,0.6844775386629568,0.69814254152688,0.7536208166271168,0.69814254152688,0.8190819081908189,0.69814254152688,0.8658865886588658,0.69814254152688,0.9077816872596348,0.6956877505932413,0.9401849275836675,0.688487030521234,0.9666966696669667,0.6793224777023158,0.9882988298829879,0.668521397594305,0.9963996399639967,0.6523197774322886,1.0,0.6343179772522707,0.9898535308076263,0.6094427624580641,0.9773340970460683,0.582521888552492,0.9557319368300466,0.5465182881924557,0.9315113329514769,0.5092054660011456,0.9027084526634483,0.4696015056051062,0.8718599132640538,0.42795188609770074,0.8394566729400216,0.3847475656656578,0.8042713362245315,0.3415432452336144,0.7682677358644959,0.29833892480157154,0.7322641355044597,0.2586531380410771,0.6962605351444238,0.21970378856067424,0.6602569347843879,0.1837001882006385,0.6256443826200803,0.14908763603633096,0.593241142296048,0.11668439571229879,0.5629653874478359,0.0885361263399068,0.5341625071598068,0.06333360608788147,0.5110874723836021,0.043858931347680326,0.4894853121675804,0.025857131167662223
Triangle,0.39061902942300336,0.007546809323653038,0.39061902942300336,0.007546809323653038,0.39061902942300336,0.007546809323653038,0.39061902942300336,0.007546809323653038,0.39061902942300336,0.007546809323653038,0.39061902942300336,0.004012227741688952,0.39061902942300336,0.00028658769583494043,0.39061902942300336,0.0,0.39061902942300336,0.0,0.39061902942300336,0.0,0.39061902942300336,0.0,0.39061902942300336,0.0,0.39061902942300336,0.0,0.39061902942300336,0.0,0.39061902942300336,0.0,0.39061902942300336,0.0,0.39061902942300336,0.0,0.39061902942300336,0.0,0.39061902942300336,0.0,0.39061902942300336,0.0028658769583492973,0.39061902942300336,0.006591517004203309,0.385078333970195,0.015857852502865883,0.37762705387848633,0.027034772640428025,0.3648261367978598,0.04623614826136796,0.3499235766144442,0.06858998853649224,0.32986243790599895,0.10126098586167369,0.3075085976308747,0.13851738632021407,0.28018723729461215,0.18322506687046242,0.25038211692778006,0.2316583874665649,0.21580053496369847,0.28725640045854034,0.17854413450515857,0.34686664119220495,0.14358043561329775,0.40876958349254877,0.11004967520061112,0.47210546427206734,0.08091325945739393,0.5310470003821169,0.05483377913641553,0.5869316010699276,0.03295758502101612,0.6344096293465803,0.01432938479174595,0.6753916698509745,0.0037256400458541184,0.7103553687428353,0.0,0.7401604891096677,0.005827283148643181,0.7642338555598014,0.020729843332059655,0.7828620557890715,0.04833779136415702,0.7978601452044326,0.08931983186855147,0.8090370653419947,0.13546045089797462,0.8184944593045472,0.18761941153993142,0.8259457393962553,0.24627435995414587,0.8333970194879635,0.3133358807795183,0.8408482995796716,0.3834543370271304,0.8498280473824992,0.457967137944211,0.8610049675200613,0.5324799388612916,0.8707489491784488,0.6069927397783723,0.8782002292701566,0.6788307222009938,0.8843141001146351,0.7458922430263663,0.8880397401604893,0.8067443637753154,0.8917653802063433,0.8551776843714177,0.8954910202521972,0.8990256018341614,0.8969239587313719,0.9325563622468476,0.8931983186855177,0.9629346580053497,0.8863202139854796,0.9852884982804739,0.8714176538020635,1.0,0.8546045089797478,0.9925487199082917,0.8322506687046237,0.9816583874665646,0.8081773022544898,0.9593045471914409,0.7783721818876577,0.9354222392051967,0.7462743599541459,0.9056171188383646,0.7052923194497517,0.8744745892243023,0.6636415743217423,0.8372181887657624,0.6189338937714942,0.7988154375238818,0.5736530378295756,0.7541077569736337,0.5252197172334734,0.7094000764233857,0.4767863966373712,0.6646923958731367,0.4283530760412683,0.6199847153228885,0.37991975544516626,0.5752770347726399,0.33148643484906337,0.530855941918227,0.2836262896446311,0.4898739014138326,0.242644249140237,0.4492739778372178,0.20185326709973214,0.4157432174245316,0.16459686664119214,0.3824035154757358,0.12753152464654197,0.356324035154757,0.09772640427970944,0.330244554833779,0.06792128391287734
Triangle,0.7187986651835372,0.023433444568038562,0.7137560252131997,0.025954764553207263,0.7087133852428624,0.02847608453837596,0.6985539488320355,0.034408602150537614,0.6859473489061918,0.04197256210604375,0.6688913607712275,0.053985910270671074,0.6436781609195403,0.07415647015202079,0.617871709306637,0.09469781238413053,0.5724879495736003,0.1274749721913237,0.5271041898405636,0.16025213199851693,0.47104189840563593,0.20014831294030405,0.41053021876158685,0.2430107526881721,0.35291064145346696,0.2858731924360401,0.29996292176492384,0.3287356321839082,0.24746014089729307,0.37130144605116805,0.2020763811642565,0.4091212458286987,0.15669262143121976,0.44694104560622927,0.12057842046718573,0.4773451983685577,0.08780126065999257,0.5050797182054135,0.059176863181312496,0.5296996662958844,0.03648498331479412,0.549870226177234,0.015127919911012026,0.5691509084167594,0.007563959955506013,0.5792361883574343,0.0,0.589321468298109,0.009788654060066586,0.5955506117908788,0.024916573971078944,0.6005932517612161,0.04338153503893216,0.603411197626993,0.06607341490545036,0.603411197626993,0.09084167593622537,0.602817945865777,0.13118279569892471,0.5977753058954394,0.17152391546162407,0.592732665925102,0.22187615869484617,0.58568780126066,0.2748238783833889,0.5781238413051539,0.3313311086392289,0.5705598813496477,0.3918427882832776,0.5629959213941416,0.45309603262884696,0.5550611790878753,0.5186503522432333,0.5449758991472007,0.5842046718576199,0.5348906192065257,0.645606229143493,0.5248053392658509,0.7061179087875418,0.5147200593251762,0.7603262884686689,0.5058954393770857,0.8082313681868745,0.49833147942157957,0.8534668149796071,0.4912124582869856,0.8862439747868,0.48616981831664824,0.9190211345939935,0.48112717834631075,0.9431961438635522,0.47608453837597337,0.9658880237300705,0.47104189840563593,0.9819058212829069,0.4659992584352985,0.9919911012235817,0.46095661846496105,1.0,0.4553948832035595,1.0,0.44783092324805335,1.0,0.4402669632925474,0.9933259176863183,0.42825361512791993,0.985761957730812,0.4156470152020765,0.9753800519095293,0.4002224694104561,0.9627734519836854,0.3825732295142751,0.9495736002966257,0.36373748609566187,0.9344456803856137,0.34104560622914354,0.9193177604746013,0.31835372636262504,0.899592139414164,0.2933629959213942,0.8794215795328141,0.26814979606970685,0.8592510196514646,0.24293659621801988,0.8390804597701149,0.21772339636633298,0.8195773081201333,0.19317760474601395,0.8019280682239525,0.17048572487949568,0.7842788283277714,0.14779384501297738,0.7690025954764552,0.12747497219132362,0.7538746755654432,0.107304412309974,0.7387467556544308,0.09024842417500929,0.7236188357434185,0.07512050426399697,0.7099740452354468,0.06073414905450501,0.6998887652947717,0.04812754912866139,0.6898034853540969,0.0355209492028179,0.682165368928439,0.02780867630700778,0.674601408972933,0.020244716351501643,0.6686688913607711,0.014312198739340034,0.6636262513904335,0.009269558769002552,0.6593993325917687,0.005042639970337398,0.6568780126066,0.002521319985168699,0.6543566926214311,0.0
Triangle,0.5306010554451375,0.004797477897333979,0.5306010554451375,0.002398738948667009,0.5306010554451375,0.0,0.5288191350832704,0.0011651017750668187,0.5264203961346038,0.0035638407237338276,0.5216914536358032,0.009457884997601255,0.514495236789802,0.019052840792269213,0.5045576040024673,0.030840929340004104,0.4853676924131312,0.05003084092933999,0.46617778082379546,0.0692207525186759,0.43766705503392517,0.09773147830854638,0.40888218764992135,0.1265163456925502,0.37495716537591667,0.16386813789322183,0.33897608114591177,0.2046467000205606,0.30080186416284016,0.24761839490096632,0.2600233020355014,0.2931944349256391,0.2197244876978961,0.33829072716057845,0.18134466451922426,0.3814680282365842,0.14296484134055243,0.4246453293125901,0.11363169076828195,0.46556096223699545,0.084846823384278,0.5063395243643342,0.06264135425947495,0.5405386882324721,0.04345144267013919,0.5717222945651429,0.026317593036803498,0.5987937769858133,0.011925159344801444,0.6203824275238161,0.0,0.6407374408882188,0.0,0.6551298745802208,0.0,0.6695223082722226,0.013158796518401673,0.6773353437050238,0.027551230210403725,0.6845315605510247,0.04982523473373999,0.6901514632307587,0.0762113631690767,0.6949489411280928,0.10643547392228085,0.6997464190254267,0.14241655815228577,0.7045438969227608,0.17976835035295716,0.708998697827428,0.2253443903776301,0.7113974367760949,0.27092043040230274,0.713796175724762,0.32924405455417727,0.7161949146734289,0.3892125282708515,0.7185936536220958,0.4476732232197928,0.7225001713384963,0.5052429579878007,0.7272976492358304,0.561921732574875,0.7329860873140978,0.6170927283942159,0.7401823041600987,0.6714412994311564,0.7471043794119663,0.7194160784044957,0.7519018573093004,0.7673908573778353,0.7566993352066343,0.8091974504831745,0.7594407511479679,0.8499760126105135,0.7618394900966351,0.8835583578918512,0.7627989856761018,0.912343225275855,0.7627989856761018,0.9386608183126584,0.7603317113289015,0.9602494688506613,0.7531354944829005,0.980810088410664,0.7453224590500995,0.9904050442053323,0.7309300253580977,1.0,0.7165375916660957,0.9996573230073333,0.694195051744226,0.9972585840586664,0.6702076622575562,0.9907477211979989,0.6434788568295526,0.981152765403331,0.6146939894455489,0.9685422520731958,0.5844013432938114,0.94935234048386,0.5508189980124735,0.9298882873003907,0.5170995819340691,0.9059008978137212,0.4811184977040645,0.8819135083270508,0.44513741347405955,0.854088136522514,0.4091563292440548,0.8253032691385102,0.3731752450140499,0.7965184017545064,0.33849633335617857,0.7677335343705026,0.30491398807484094,0.7389486669864987,0.27270235076416993,0.710163799602495,0.24391748338016603,0.6815160030155576,0.21520115139469553,0.6575286135288877,0.1888150229593586,0.633541224042218,0.1624288945240217,0.6132547460763487,0.14159413336988572,0.5940648344870129,0.12240422178054965,0.5785758344184774,0.10568158453841418,0.5665821396751424,0.09128915084641236,0.5552052635186076,0.07813035432801045,0.5456103077239396,0.06853539853334258,0.5360153519292715,0.058940442738674534
Triangle,0.7348837209302324,0.09798449612403098,0.7348837209302324,0.09798449612403098,0.7348837209302324,0.09798449612403098,0.7348837209302324,0.09798449612403098,0.7348837209302324,0.09798449612403098,0.7348837209302324,0.09798449612403098,0.7348837209302324,0.09798449612403098,0.7348837209302324,0.09798449612403098,0.7348837209302324,0.09798449612403098,0.7348837209302324,0.09798449612403098,0.7348837209302324,0.09798449612403098,0.7348837209302324,0.09550387596899221,0.7348837209302324,0.091937984496124,0.7348837209302324,0.08837209302325578,0.7348837209302324,0.08573643410852712,0.7348837209302324,0.08573643410852712,0.7348837209302324,0.08573643410852712,0.7348837209302324,0.08573643410852712,0.7348837209302324,0.08573643410852712,0.7348837209302324,0.08573643410852712,0.7348837209302324,0.08573643410852712,0.7348837209302324,0.08573643410852712,0.7348837209302324,0.08573643410852712,0.7324806201550388,0.0881395348837209,0.7289147286821701,0.0917054263565891,0.7185271317829454,0.10209302325581394,0.7052713178294571,0.11534883720930221,0.6838759689922481,0.1367441860465116,0.651317829457364,0.16558139534883726,0.6085271317829457,0.2012403100775194,0.545658914728682,0.25410852713178295,0.47759689922480625,0.31240310077519373,0.40627906976744177,0.38372093023255804,0.3296899224806202,0.4550387596899223,0.24410852713178305,0.5263565891472866,0.1748062015503876,0.5883720930232555,0.11418604651162817,0.6454263565891469,0.07023255813953487,0.685813953488372,0.032093023255813875,0.7227131782945735,0.010697674418604685,0.7512403100775192,0.0,0.7726356589147284,0.0,0.7868992248062014,0.0195348837209302,0.795581395348837,0.046124031007751747,0.8024806201550385,0.09604651162790699,0.8060465116279069,0.15589147286821717,0.8071317829457363,0.23434108527131794,0.803565891472868,0.32178294573643407,0.797751937984496,0.4144961240310077,0.7906201550387596,0.5006976744186045,0.7867441860465114,0.5862790697674416,0.7831782945736433,0.6718604651162787,0.7796124031007751,0.7489147286821699,0.7777519379844959,0.8166666666666667,0.7777519379844959,0.8681395348837206,0.7750387596899223,0.9138759689922478,0.771472868217054,0.9459689922480622,0.7679069767441858,0.9745736434108526,0.7620155038759688,0.9959689922480617,0.7513178294573643,1.0,0.7341085271317828,0.9928682170542633,0.7127131782945734,0.9762015503875967,0.6817829457364339,0.9571317829457361,0.6478294573643409,0.9321705426356587,0.6050387596899224,0.905581395348837,0.5589922480620154,0.8770542635658913,0.5090697674418603,0.8485271317829456,0.4538759689922481,0.8199999999999998,0.39689922480620154,0.7914728682170542,0.3434108527131784,0.7651162790697673,0.29100775193798467,0.7437209302325583,0.24108527131782967,0.7244186046511628,0.19534883720930254,0.7065891472868215,0.15255813953488398,0.6949612403100776,0.11906976744186029,0.6842635658914725,0.08806201550387585,0.6735658914728682,0.06310077519379836,0.6644186046511628,0.04124031007751933,0.657286821705426,0.023410852713178262,0.6527131782945736,0.01069767441860464,0.6491472868217053,0.0
Triangle,0.9446570503385342,0.20155038759689922,0.9446570503385342,0.20155038759689922,0.9439701697576294,0.20155038759689922,0.9397507604749292,0.20155038759689922,0.9355313511922285,0.20155038759689922,0.9313119419095283,0.20155038759689922,0.9291531743695419,0.20155038759689922,0.9291531743695419,0.20155038759689922,0.9264056520459232,0.20155038759689922,0.9221862427632226,0.20155038759689922,0.9214012363850458,0.20155038759689922,0.9214012363850458,0.20155038759689922,0.9214012363850458,0.20155038759689922,0.9214012363850458,0.20155038759689922,0.9214012363850458,0.20155038759689922,0.9201256010205086,0.20155038759689922,0.9159061917378084,0.20155038759689922,0.9136492984005498,0.20155038759689922,0.9136492984005498,0.20155038759689922,0.9136492984005498,0.20155038759689922,0.9136492984005498,0.20155038759689922,0.9103130212932982,0.20155038759689922,0.9060936120105979,0.20155038759689922,0.9018742027278976,0.2055735452850554,0.896673535472476,0.21028358355411647,0.8840153076243747,0.21872240211951727,0.8678245510744778,0.22951623981944855,0.842508095378275,0.24639387695025017,0.804140908644883,0.2744578549700715,0.7492885879697773,0.3166519477970759,0.684231184378373,0.3716023942694537,0.6125012265724662,0.4348935335099597,0.5245805122166618,0.5111372779903838,0.4317535079972524,0.5913060543616919,0.3389265037778436,0.6714748307329997,0.24884702188205313,0.7496810911588658,0.18555588264154646,0.8087528211166718,0.12658227848101308,0.8624276322245118,0.08016877637130805,0.9004023157688157,0.04258659601609272,0.9348444706113237,0.01727014031989019,0.9643803355902267,0.004219409282700678,0.9841036208419192,0.0,0.9967618486900206,0.014620743793543608,1.0,0.03571779020704568,1.0,0.08360317927583201,1.0,0.1357079776273188,0.9997056226081837,0.2074379354332257,0.9954862133254831,0.28211166715729585,0.9912668040427829,0.3664998528113046,0.9870473947600824,0.4525561770189382,0.9811598469237561,0.5411637719556474,0.9727210283583555,0.6156412520851737,0.9642822097929545,0.6789323913256797,0.9558433912275538,0.7300559317044453,0.9443626729467175,0.77646943381415,0.9317044450986164,0.8116965950348348,0.9115886566578353,0.844470611323717,0.8900991070552446,0.8571288391718186,0.8605632420763417,0.868020802669022,0.8283779805710924,0.8722402119517223,0.7861838877440878,0.8733195957217157,0.7408497694043763,0.869100186439015,0.6902168580119715,0.8603669904817979,0.6350701599450493,0.8477087626336967,0.5759984299872436,0.8350505347855955,0.5139829261112749,0.822392306937494,0.4506917868707679,0.8097340790893928,0.39103130212932974,0.7971739770385635,0.3321558237660683,0.7887351584731627,0.2815229123736628,0.7810813462859388,0.23167500735943475,0.7768619370032387,0.18526150524973026,0.772642527720538,0.14326366401726998,0.7684231184378373,0.10950838975566675,0.764203709155137,0.080070650574036,0.7599842998724363,0.054754194877833263,0.7557648905897362,0.03512903542341281,0.7515454813070359,0.018251398292611198,0.7508586007261311,0.008438818565400807,0.7508586007261311,0.0
Triangle,0.5596522299146675,0.1017549508935759,0.5596522299146675,0.09789083883432616,0.5596522299146675,0.09402672677507647,0.5596522299146675,0.09016261471582673,0.5596522299146675,0.08903558203187892,0.5596522299146675,0.08903558203187892,0.5596522299146675,0.08903558203187892,0.5596522299146675,0.08903558203187892,0.5596522299146675,0.08903558203187892,0.5596522299146675,0.08903558203187892,0.5596522299146675,0.08903558203187892,0.5596522299146675,0.08903558203187892,0.5596522299146675,0.08903558203187892,0.5596522299146675,0.08903558203187892,0.5596522299146675,0.08903558203187892,0.5596522299146675,0.08903558203187892,0.5596522299146675,0.08903558203187892,0.5617452906134277,0.08903558203187892,0.5656094026726775,0.08903558203187892,0.566011914345516,0.08903558203187892,0.566011914345516,0.08903558203187892,0.566011914345516,0.08903558203187892,0.566011914345516,0.08903558203187892,0.566011914345516,0.08903558203187892,0.566011914345516,0.08903558203187892,0.5648043793270004,0.08903558203187892,0.5609402672677507,0.08903558203187892,0.557076155208501,0.0916116567380454,0.5530510384801159,0.09563677346643053,0.5414587023023666,0.1072291096441797,0.524070198035743,0.12316857188858481,0.497021413620995,0.1463532442440831,0.4558847206568989,0.18644340685879893,0.4075833199162776,0.23410078892287878,0.33802930284978266,0.29592658187087423,0.27016583480920947,0.3611334728707132,0.20447592980196427,0.4306874899372081,0.14796329093543711,0.4971824182901303,0.09668330381581047,0.5600547415875061,0.06190629528256301,0.6064240862985029,0.030993398808565463,0.6469972629206248,0.003944614393817475,0.6817742714538723,0.0,0.7066494928352923,0.004830140074062218,0.7282241184994364,0.028014812429560467,0.7436805667364352,0.057720173885042685,0.7569634519401063,0.09249718241828997,0.7685557881178553,0.15206890999838987,0.7766060215746255,0.22017388504266608,0.7853807760425052,0.3051843503461603,0.7969731122202542,0.39744002576074744,0.8085654483980035,0.49404282724199017,0.8201577845757527,0.5982128481725973,0.8317501207535017,0.6961036870069233,0.8420544195781677,0.7811141523104175,0.8497826436966671,0.8475285783287716,0.8548542907744324,0.904846240540976,0.8583963934954112,0.9473514731927226,0.8545322814361617,0.9806794397037515,0.8460795363065527,1.0,0.830623088069554,0.9903397198518755,0.8035743036548058,0.969409112864273,0.7710513604894542,0.9346321043310252,0.7246820157784574,0.8963129930767991,0.6729995169859928,0.8538077604250518,0.6150378360972467,0.8113025277733052,0.5476573820640792,0.7694413137981002,0.4781033649975848,0.7308001932056024,0.40854934793108955,0.6941716309772983,0.34302044759298017,0.6593946224440509,0.28119465464498433,0.6313798100144904,0.22613105780067627,0.605216551279987,0.17469006601191414,0.5820318789244889,0.13218483336016754,0.5633553373047817,0.09869586218000312,0.547898889067783,0.07164707776525528,0.5360650458863305,0.05184350346160034,0.5255997423925293,0.03364997584929951,0.51787151827403,0.01819352761230074,0.5126388665271292,0.007728224118499386,0.5087747544678796,0.0
Triangle,1.0,0.1251733016438899,0.9951475539710833,0.1251733016438899,0.9921766686472568,0.12329174093879976,0.9921766686472568,0.11843929490988318,0.9921766686472568,0.1135868488809665,0.9921766686472568,0.10952663893840366,0.9921766686472568,0.10952663893840366,0.9921766686472568,0.10952663893840366,0.9921766686472568,0.10952663893840366,0.9921766686472568,0.10952663893840366,0.9921766686472568,0.10794216676569618,0.9921766686472568,0.1030897207367796,0.9887106357694594,0.10170330758566054,0.9843533372945138,0.10170330758566054,0.9843533372945138,0.10170330758566054,0.9819766290354529,0.10170330758566054,0.9771241830065358,0.10170330758566054,0.972271736977619,0.10170330758566054,0.9674192909487024,0.10170330758566054,0.9625668449197862,0.10170330758566054,0.9577143988908694,0.10170330758566054,0.9528619528619527,0.10170330758566054,0.9480095068330361,0.10170330758566054,0.9431570608041194,0.10170330758566054,0.9383046147752027,0.10170330758566054,0.9374133491780551,0.10170330758566054,0.9374133491780551,0.10170330758566054,0.9374133491780551,0.10170330758566054,0.9374133491780551,0.10457516339869283,0.9374133491780551,0.1094276094276094,0.9326599326599324,0.11428005545652609,0.9260249554367204,0.12091503267973855,0.916320063378887,0.1306199247375718,0.8919588037235096,0.1476530005941771,0.8586848880966528,0.16983561101208156,0.800455535749653,0.2086551792434146,0.7216280451574572,0.2577738165973459,0.6245791245791243,0.31600316894434544,0.5097048920578339,0.38760150524856396,0.39324618736383427,0.46187363834422657,0.27678748266983605,0.5395127748068922,0.1838978015448603,0.6104179045355516,0.10338680926916183,0.676767676767677,0.04515745692216294,0.7252921370568429,0.009704892057833371,0.7669835611012081,0.0,0.8009506833036243,0.019409784115666295,0.8265993265993267,0.05080213903743281,0.8484848484848486,0.1041790453555159,0.8630421865715984,0.16676569617746084,0.8775995246583485,0.23489799960388164,0.8920578332343038,0.3125371360665477,0.9017627252921374,0.3921568627450981,0.9134482075658547,0.47464844523667993,0.9280055456526046,0.5532778768072881,0.9425628837393543,0.629134482075658,0.9562289562289564,0.6970687264804908,0.9659338482867896,0.7539116656763718,0.975638740344623,0.8024361259655373,0.9853436324024559,0.8369974252327192,0.9903941374529611,0.867597544068132,0.9901960784313726,0.8918597742127156,0.9804911863735395,0.905426817191523,0.9672212319271145,0.9133491780550601,0.951475539710834,0.9084967320261439,0.927213309566251,0.9011685482273718,0.8955238661121016,0.8914636561695385,0.8567042978807685,0.8774014656367599,0.8091701326995449,0.860071301247772,0.7551000198059025,0.8358090711031886,0.6871657754010697,0.8082788671023966,0.6126955832838186,0.7791641909288969,0.5347593582887709,0.7500495147553973,0.45226777579718813,0.7231134878193703,0.37195484254307815,0.698851257674787,0.2943157060804121,0.674589027530204,0.22073677956030882,0.6503267973856209,0.15121806298276932,0.6260645672410375,0.09298871063576976,0.601802337096455,0.04367201426024973,0.5775401069518716,0.0
Triangle,0.39742376828469544,0.16097809475292918,0.39742376828469544,0.16097809475292918,0.39742376828469544,0.16097809475292918,0.39742376828469544,0.16097809475292918,0.39742376828469544,0.16097809475292918,0.39742376828469544,0.16097809475292918,0.39742376828469544,0.16097809475292918,0.39742376828469544,0.16097809475292918,0.39742376828469544,0.16097809475292918,0.39742376828469544,0.1595953715159013,0.39742376828469544,0.15624772578414964,0.39742376828469544,0.15522887708318173,0.39742376828469544,0.15522887708318173,0.39742376828469544,0.15522887708318173,0.39742376828469544,0.15522887708318173,0.39742376828469544,0.15522887708318173,0.39742376828469544,0.15522887708318173,0.39742376828469544,0.15522887708318173,0.39742376828469544,0.15522887708318173,0.39742376828469544,0.15522887708318173,0.39742376828469544,0.15522887708318173,0.39611381995487965,0.15522887708318173,0.3927661742231278,0.15522887708318173,0.3894185284913763,0.15522887708318173,0.38607088275962453,0.15522887708318173,0.37952114111054497,0.16163306891783707,0.37122480168837807,0.1691288843606724,0.35783421876137117,0.1791718215559275,0.3374572447420129,0.196201149843534,0.31067607888799936,0.2196346699657958,0.2758168983334546,0.25114620478858896,0.23870169565533783,0.2852048613638018,0.19852994687431774,0.32537661014482205,0.1571210246706937,0.36802270577105006,0.11360163015792145,0.4148897460155737,0.07881522451058885,0.45739029182737784,0.048686412924823855,0.4975620406083981,0.027945564369405578,0.531475147369187,0.010042937195255109,0.5627683574703443,0.0,0.5862018775926061,0.0,0.6062877519831162,0.010042937195255109,0.6230259806418748,0.03318535768866872,0.6319045193217379,0.0608398224292262,0.6381631613419693,0.10101157121024663,0.6381631613419693,0.14816971108361812,0.6369987628265774,0.20842733425514878,0.6336511170948257,0.27712684666327037,0.6324139436722218,0.3507750527618079,0.6324139436722218,0.4244232588603448,0.6324139436722218,0.5006913616185137,0.6324139436722218,0.5877301506440579,0.6324139436722218,0.6715668437522739,0.6324139436722218,0.7519103413143148,0.6324139436722218,0.8144239866094171,0.6324139436722218,0.8706062149770757,0.6322683938577979,0.9107779637580964,0.6289207481260461,0.9465832181063967,0.6244814787861146,0.9733643839604106,0.6177861873226111,0.9899570628047449,0.607015501055236,1.0,0.5936249181282294,0.9951240812167962,0.574266792809839,0.9866821919802052,0.5524343206462412,0.9699439633214465,0.5223055090604759,0.944036096353977,0.4906484244232589,0.9072119933047087,0.45717196710574204,0.8728622371006476,0.4212211629430173,0.8392402299687071,0.38432428498653676,0.7990684811876866,0.3441525362055165,0.7588967324066666,0.3039807874244962,0.7187249836256461,0.26380903864347593,0.6785532348446256,0.22363728986245568,0.6383814860636056,0.1834655410814354,0.5952987409941047,0.14911578487737412,0.5527981951823009,0.11614875191034116,0.5159740921330322,0.086019940324576,0.48060548722800345,0.058802125027290535,0.447129029910487,0.03536860490502871,0.41845571646896146,0.016738228658758448,0.39167455061494794,0.0
Triangle,0.49700598802395207,0.0718562874251497,0.49700598802395207,0.0718562874251497,0.49700598802395207,0.06996134313651178,0.49700598802395207,0.06601985901614495,0.49700598802395207,0.0658682634730539,0.49700598802395207,0.0658682634730539,0.49700598802395207,0.0658682634730539,0.5006442810581371,0.062229970438869076,0.504585765178504,0.05828848631850224,0.5085272492988707,0.054347002198135395,0.5124687334192373,0.05389221556886228,0.5164102175396045,0.05389221556886228,0.5203517016599712,0.05389221556886228,0.5209580838323353,0.05389221556886228,0.5209580838323353,0.05389221556886228,0.5209580838323353,0.05389221556886228,0.5209580838323353,0.05389221556886228,0.5209580838323353,0.05389221556886228,0.5209580838323353,0.05389221556886228,0.5179261729705147,0.05389221556886228,0.5139846888501476,0.05487758659895398,0.5100432047297807,0.058819070719320826,0.5061017206094142,0.0627605548396877,0.5004926855150457,0.0683695899340559,0.4886682331539455,0.0801940422951565,0.4713863412415678,0.09747593420753424,0.44963238080800433,0.1192298946410975,0.41810050784506925,0.15076176760403237,0.38399151064958686,0.1874478890320624,0.3469264003638293,0.2284544834381868,0.29962859091942723,0.27969377700295606,0.24747972409611174,0.3333585992571817,0.19229894641097564,0.38891836580004535,0.13711816872583987,0.4480406276055483,0.09103312362616557,0.5026150231183203,0.0523004623664066,0.5531721367391799,0.02471007352383838,0.5925869779428484,0.007731372697642582,0.6256348063366935,0.0,0.6530735996361707,0.0,0.6727810202380049,0.011824452361100518,0.686576214659289,0.03547335708330156,0.6944591829000226,0.0745850072007881,0.6984764647919353,0.12127643447282646,0.702417948912302,0.17645721215796223,0.7063594330326689,0.24649435306601977,0.7103009171530358,0.3224437201546271,0.7159099522474038,0.40521488668233135,0.7237929204881377,0.4915485484726746,0.7352383839915106,0.5797771545516553,0.7470628363526112,0.6704312893200938,0.7588872887137117,0.7508527249298872,0.7673008413552642,0.8228606078981273,0.7738194497081785,0.8819828697036303,0.7777609338285453,0.928067914803305,0.7817024179489124,0.9665731827484274,0.7832183733798226,0.994163571590995,0.7792768892594558,1.0,0.7660122792389905,1.0,0.7481240051542485,1.0,0.7244751004320472,0.9881755476388995,0.694913969529296,0.9696808913817937,0.6606533767907229,0.9420905025392252,0.6172970514666869,0.908891078602289,0.5711362085954672,0.8726597438035324,0.5223224437201549,0.833244902599864,0.4671416660350191,0.7964829834002882,0.40930796634578964,0.7604032441446222,0.3507920867126506,0.7209884029409539,0.29561130902751487,0.6815735617372851,0.24293185780338108,0.6430682937921627,0.19305692412643097,0.6115364208292277,0.15364208292276205,0.5823542787842038,0.11892670355491564,0.555067081027818,0.08800121276434497,0.5314181763056166,0.06435230804214367,0.5121655423330554,0.04509967406958235,0.4965512013946791,0.029485333131206003,0.4847267490335786,0.017660880770105487,0.4769953763359357,0.007882968240733765,0.47305389221556887,0.0
Triangle,0.4877326292742611,0.0,0.4877326292742611,0.0,0.4877326292742611,0.0,0.4877326292742611,0.0,0.4877326292742611,0.0,0.4877326292742611,0.0,0.4877326292742611,0.0,0.4877326292742611,0.0,0.4877326292742611,0.0,0.4877326292742611,0.0,0.4877326292742611,0.0,0.4877326292742611,0.0,0.4877326292742611,0.0,0.4877326292742611,0.0,0.4877326292742611,0.0,0.4877326292742611,0.0,0.4877326292742611,0.0,0.4877326292742611,0.0,0.4877326292742611,0.0,0.4877326292742611,0.0,0.4877326292742611,0.0,0.4877326292742611,0.0,0.4877326292742611,0.0,0.4877326292742611,0.0,0.4877326292742611,0.0,0.48927812479876376,0.0,0.49320625925687445,0.0003863738811256561,0.4971343937149852,0.004314508339236264,0.4979071414772362,0.011398029493206275,0.4979071414772362,0.02125056346191,0.49706999806813074,0.03554639706355848,0.49314186361002,0.05911520381222234,0.4747891042565524,0.09350247923240393,0.45025436280507436,0.138643827677249,0.41889368278704364,0.19614914031811465,0.37935475561852017,0.26724193444523153,0.3322171421211927,0.34973275806555465,0.285079528623865,0.4293257775774359,0.23446455019640677,0.5078884667396485,0.17947066778285792,0.5864511559018609,0.12447678536930905,0.6650138450640738,0.07952862386502665,0.7335308133170197,0.04507695279799099,0.7893618391396742,0.01964067229055329,0.8334084615879968,0.0,0.8687616717109925,0.003155386695859404,0.8927168523407817,0.0255650718011463,0.9057247730053448,0.06291454697662446,0.9106188421662696,0.11166205164530868,0.9106188421662696,0.17844033743318968,0.9106188421662696,0.2544915963680859,0.9106188421662696,0.3388498937471826,0.9125507115718979,0.43074248180822994,0.9180243415545111,0.5289458432609958,0.9298087449288429,0.6271492047137615,0.9486766694571448,0.7086740936312707,0.9659347028140899,0.7720394101358751,0.9804237233563013,0.8189838366926397,0.9921437310837787,0.8543370468156354,1.0,0.8698563977075151,0.9993560435314572,0.8676669457144698,0.9904050486187135,0.8504089123575246,0.9736621804366024,0.8229119711507502,0.9500933736879387,0.7855624959752723,0.9199562109601392,0.7441560950479745,0.8821559662566811,0.6999806813059435,0.8370146178118357,0.6528430678086163,0.785948869856398,0.6094404018288365,0.7274132268658638,0.5662309227896193,0.6659153841200333,0.5230214437504028,0.6044819370210576,0.48032712988601994,0.5455599201493979,0.44497391976302375,0.4866379032777383,0.4126473050421793,0.43376907721038077,0.3812222293772941,0.3864382767724902,0.35192221005860014,0.3453538540794642,0.33228153776804714,0.3139287784145793,0.3126408654774936,0.2894584326099556,0.2953184364736945,0.27052611243479935,0.28076502028462874,0.2559726962457338,0.2689806169102969,0.2441882928714019
Triangle,0.5081300813008132,0.10498749218261416,0.5081300813008132,0.10178236397748598,0.5081300813008132,0.09834271419637272,0.5081300813008132,0.09193245778611639,0.5081300813008132,0.08599124452782989,0.5081300813008132,0.08278611632270172,0.5081300813008132,0.07958098811757346,0.5081300813008132,0.07637585991244529,0.5081300813008132,0.07410881801125704,0.5081300813008132,0.07410881801125704,0.5081300813008132,0.07410881801125704,0.5081300813008132,0.07410881801125704,0.5081300813008132,0.07410881801125704,0.5081300813008132,0.07410881801125704,0.5081300813008132,0.07410881801125704,0.5081300813008132,0.07410881801125704,0.5081300813008132,0.07410881801125704,0.5081300813008132,0.07410881801125704,0.5081300813008132,0.07410881801125704,0.5081300813008132,0.07410881801125704,0.5057848655409632,0.0764540337711069,0.5025797373358349,0.07965916197623515,0.5019543464665417,0.08286429018136342,0.5019543464665417,0.08606941838649158,0.5019543464665417,0.08927454659161975,0.5019543464665417,0.09247967479674792,0.4928080050031272,0.1017823639774859,0.4828799249530961,0.11171044402751727,0.46044402751719843,0.13414634146341464,0.43675734834271424,0.15783302063789878,0.4015009380863042,0.19308943089430897,0.36186679174484093,0.23053470919324565,0.30096935584740453,0.27861163227016905,0.2408536585365854,0.32903377110694193,0.18316135084427768,0.3867260787992493,0.13156660412757987,0.44441838649155724,0.0931050656660415,0.5021106941838649,0.05839587242026282,0.5547998749218264,0.029549718574108784,0.5996716697936209,0.00961538461538468,0.6386022514071295,0.0,0.6706535334584116,0.005863039399624633,0.697545340838024,0.025093808630393993,0.7199812382739214,0.06386804252657914,0.7424171357098188,0.11515009380863053,0.7648530331457162,0.1817542213883675,0.7938555347091932,0.25547217010631623,0.8259068167604753,0.33161350844277704,0.8603814884302691,0.4085365853658534,0.8956378986866791,0.48014383989993725,0.9229205753595999,0.550656660412758,0.9485616010006256,0.6009224515322078,0.9655253283302065,0.6489993746091309,0.9815509693558476,0.6845684803001877,0.9913227016885553,0.7187304565353346,1.0,0.7315509693558477,0.9903846153846156,0.7424171357098188,0.9776422764227645,0.7392120075046905,0.9423858661663541,0.7335053158223892,0.9021263289555973,0.7174796747967482,0.8412288930581617,0.6997342088805506,0.7760318949343342,0.6772983114446532,0.6991088180112571,0.6537679799874921,0.6232801751094439,0.6281269543464668,0.549562226391495,0.602485928705441,0.47983114446529096,0.5768449030644154,0.41572858036272675,0.5512038774233897,0.3578799249530956,0.525562851782364,0.30659787367104424,0.5017198248905571,0.25891181988743,0.4792839274546595,0.21404002501563496,0.4609130706691686,0.17526579111944982,0.44488742964352757,0.14000938086303943,0.4311288305190745,0.11155409631019389,0.4183083176985615,0.08591307066916819,0.4079893683552221,0.06527517198248899,0.39837398373983773,0.04604440275171998,0.39149468417761124,0.03228580362726712,0.3850844277673546,0.019465290806754274,0.38461538461538475,0.00961538461538468,0.38461538461538475,0.0
Triangle,0.5234807807039973,0.2289269581522202,0.5234807807039973,0.22500639222705193,0.5234807807039973,0.22219381232421373,0.5234807807039973,0.22219381232421373,0.5256967527486573,0.2199778402795534,0.5296173186738259,0.2160572743543851,0.5335378845989943,0.21213670842921664,0.5374584505241624,0.20872752066820077,0.5413790164493308,0.20872752066820077,0.5469189465609816,0.20872752066820077,0.5547600784113186,0.20872752066820077,0.5598738600528423,0.20872752066820077,0.5637944259780109,0.20872752066820077,0.567714991903179,0.20489218443705784,0.5716355578283474,0.20199437484019428,0.5755561237535155,0.20199437484019428,0.5794766896786839,0.19986363248955938,0.5833972556038525,0.195943066564391,0.5873178215290209,0.19526122901218781,0.591238387454189,0.19526122901218781,0.5951589533793571,0.19526122901218781,0.5975453848120684,0.19526122901218781,0.5975453848120684,0.19526122901218781,0.5975453848120684,0.19526122901218781,0.5975453848120684,0.19526122901218781,0.5937952782749508,0.1990113355493053,0.587999659081224,0.20386942810875308,0.5762379613057186,0.21171055995908974,0.5583397255603849,0.22364271712264555,0.5348163300093749,0.23932498082331885,0.49237194238472676,0.2707747379186909,0.4443023949544022,0.30674166879740894,0.3854939060768771,0.34986789397426055,0.3223387028040569,0.39734083354640737,0.25176851615102674,0.452228756498764,0.18886900196028308,0.5071166794511206,0.13006051308275834,0.562004602403477,0.08957640842069386,0.6095627716696498,0.0529276399897726,0.6540526719509077,0.02548367851359447,0.6893377652774225,0.007841131850336937,0.7187420097161851,0.0,0.7422654052671949,0.022841557998806567,0.756583993863462,0.055484530810534116,0.768345691638967,0.10645188783772268,0.7801073894144719,0.1683286457001619,0.7905054120855705,0.25066053012869705,0.7983465439359071,0.34535072019091473,0.8037160146595074,0.4472854342452907,0.8076365805846756,0.5456405011506007,0.8115571465098439,0.6413534475411232,0.8162447796812408,0.7276058978948264,0.8240859115315773,0.8026080286371768,0.831927043381914,0.8653370834398705,0.8397681752322508,0.913150941788119,0.8446262677916985,0.9554248700247165,0.8483763743288161,0.978948265575727,0.8483763743288161,0.9960794340748316,0.8419841472769111,1.0,0.8223813176510694,0.9991477030597457,0.7932327622943832,0.9952271371345776,0.7579476689678682,0.9668456490241198,0.7086849058211879,0.934117446518367,0.654990198585187,0.8949117872666835,0.5883405778573253,0.855706128015,0.5199011335549305,0.8165004687633172,0.44933094690190073,0.7743969999147701,0.3845563794425979,0.7314412341259693,0.3219977840279554,0.6961561407994546,0.2671098610755989,0.6608710474729396,0.215801585272309,0.6255859541464248,0.17267536009545745,0.5949032642972814,0.1341515383959773,0.5674593028211032,0.09886644506946242,0.5434245291059405,0.07380891502599493,0.5210943492712858,0.051478735191340594,0.5054120855706127,0.035796471490667295,0.49143441575044755,0.021818801670501924,0.47967271797494254,0.010057103894996998,0.4707236001022759,0.003920565925168277,0.46288246825193896,0.0
Triangle,0.49048831635710005,0.11833433193529057,0.49048831635710005,0.11414020371479933,0.49048831635710005,0.11241761533852604,0.49048831635710005,0.11241761533852604,0.49048831635710005,0.11241761533852604,0.49048831635710005,0.11241761533852604,0.49048831635710005,0.11241761533852604,0.49048831635710005,0.11241761533852604,0.49048831635710005,0.11241761533852604,0.49048831635710005,0.11241761533852604,0.49048831635710005,0.11241761533852604,0.49048831635710005,0.11241761533852604,0.49048831635710005,0.11241761533852604,0.49048831635710005,0.11241761533852604,0.49048831635710005,0.11241761533852604,0.49048831635710005,0.11241761533852604,0.49048831635710005,0.11241761533852604,0.49048831635710005,0.11241761533852604,0.49048831635710005,0.11241761533852604,0.49048831635710005,0.11241761533852604,0.49048831635710005,0.11241761533852604,0.49048831635710005,0.11241761533852604,0.49400838825644094,0.10889754343918513,0.49820251647693237,0.10650089874176151,0.5023966446974234,0.10650089874176151,0.5065907729179149,0.10650089874176151,0.5082384661473937,0.10650089874176151,0.5090623127621332,0.10567705212702214,0.5132564409826242,0.10148292390653088,0.5174505692031157,0.10058418214499698,0.5200718993409227,0.10058418214499698,0.5200718993409227,0.10058418214499698,0.5200718993409227,0.10058418214499698,0.5200718993409227,0.10290593169562609,0.5176752546434991,0.10829838226482923,0.5008987417615337,0.12088076692630315,0.4718394248052726,0.14267525464349912,0.43019772318753746,0.17323247453565008,0.37147992810065894,0.21517375674056324,0.2974835230677052,0.27239364889155193,0.21779508687836993,0.3353055721989216,0.13615937687237883,0.40128819652486497,0.07744158178550034,0.45581186339125207,0.03295386458957485,0.49895146794487705,0.004194128220491418,0.5333283403235469,0.0,0.5584931096464948,0.02816057519472761,0.5728729778310365,0.07294787297783117,0.5817106051527859,0.1325644098262429,0.5859047333732773,0.2164469742360696,0.5900988615937686,0.31081485919712365,0.5916716596764529,0.4132714200119834,0.5925704014379868,0.5223187537447566,0.596764529658478,0.6279958058717796,0.6043289394847213,0.7279059316956257,0.6143648891551825,0.8201767525464352,0.6269472738166566,0.883612941881366,0.6354104254044336,0.9369382863990414,0.6414020371479927,0.9790293588975436,0.6449221090473336,1.0,0.6449221090473336,0.9958058717795086,0.6323397243858597,0.9832234871180346,0.6098711803475132,0.9706411024565608,0.5763181545835829,0.9385859796285194,0.5349760335530256,0.9006890353505094,0.48651887357699203,0.8587477531455965,0.4315458358298383,0.816806470940683,0.37282804074295983,0.7719442780107851,0.31118933493109663,0.7270071899340922,0.25067405632115025,0.685065907729179,0.1961503894547635,0.6467944877171957,0.14896644697423597,0.6090473337327743,0.10867285799880175,0.571749550629119,0.0757938885560215,0.5423906530856801,0.054823247453565,0.5211204313960456,0.03654883163570994,0.5053175554224085,0.021719592570401444,0.49273517076093465,0.013331336129418777,0.4835979628520073,0.008388256440982626,0.47693229478729754,0.004194128220491292,0.47273816656680645,0.0
Triangle,0.6520687354020689,0.013179846513179846,0.6520687354020689,0.013179846513179846,0.6520687354020689,0.013179846513179846,0.6520687354020689,0.013179846513179846,0.6520687354020689,0.013179846513179846,0.6520687354020689,0.013179846513179846,0.6520687354020689,0.009426092759426083,0.6520687354020689,0.006589923256589923,0.6520687354020689,0.006589923256589923,0.6520687354020689,0.006589923256589923,0.6520687354020689,0.006589923256589923,0.6520687354020689,0.006589923256589923,0.6520687354020689,0.006589923256589923,0.6520687354020689,0.006589923256589923,0.6520687354020689,0.006589923256589923,0.6520687354020689,0.006589923256589923,0.6520687354020689,0.006589923256589923,0.6520687354020689,0.006589923256589923,0.6520687354020689,0.006589923256589923,0.6540707374040711,0.004587921254587911,0.6579913246579916,0.0006673340006673375,0.6619119119119122,0.0,0.6652485819152488,0.0,0.6652485819152488,0.0,0.6652485819152488,0.0,0.6652485819152488,0.0,0.6652485819152488,0.0,0.6644144144144146,0.0008341675008341485,0.6565732399065735,0.00867534200867534,0.6453953953953954,0.019853186519853128,0.6297130463797135,0.03553553553553551,0.5965131798465136,0.0658158158158156,0.5558058058058062,0.102102102102102,0.49307640974307665,0.15306973640306973,0.42283950617284016,0.2100433767100431,0.3405071738405077,0.2766933600266932,0.2609275942609283,0.34334334334334304,0.18301634968301644,0.4099099099099097,0.12812812812812843,0.47263930597263926,0.07857857857857874,0.5286953620286953,0.039372706039373005,0.5718218218218217,0.015682349015682665,0.6071905238571903,0.0,0.6385552218885551,0.015015015015015048,0.6545712379045712,0.038872205538872294,0.6690857524190857,0.08199866533199897,0.6808475141808474,0.13722055388722043,0.6901901901901901,0.19994994994994997,0.6980313646980313,0.295712379045712,0.7095428762095427,0.3957290623957288,0.7213046379713046,0.501584918251585,0.7330663997330663,0.6029362696029359,0.7425759092425759,0.7009509509509511,0.750417083750417,0.7779446112779443,0.7582582582582582,0.8474307640974307,0.7644310977644311,0.8983983983983982,0.7644310977644311,0.9410243576910249,0.7602602602602603,0.9763096429763096,0.752419085752419,0.9915749082415749,0.7345679012345678,1.0,0.7129629629629629,0.9921588254921593,0.6815982649315984,0.9766433099766435,0.644477811144478,0.9531197864531205,0.6013513513513516,0.9200867534200872,0.5518852185518852,0.8848014681348016,0.4999165832499167,0.8495161828495168,0.4411077744411083,0.8124791458124794,0.382298965632299,0.7732732732732737,0.3234901568234904,0.734067400734068,0.2676843510176848,0.6951951951951956,0.213463463463464,0.65990990990991,0.16641641641641655,0.627794461127795,0.12412412412412441,0.600350350350351,0.08883883883883925,0.5785785785785788,0.06206206206206211,0.5593093093093097,0.038872205538872294,0.547547547547548,0.023189856523190003,0.5357857857857863,0.010343677010343685,0.5240240240240241,0.0025025025025025393,0.5176009342676011,0.0,0.5136803470136806,0.0
Triangle,0.4581370061616528,0.011453425154041321,0.4581370061616528,0.011453425154041321,0.4581370061616528,0.011453425154041321,0.4581370061616528,0.011453425154041321,0.4581370061616528,0.011453425154041321,0.4581370061616528,0.011453425154041321,0.4581370061616528,0.011453425154041321,0.4581370061616528,0.011453425154041321,0.4581370061616528,0.011453425154041321,0.4581370061616528,0.011453425154041321,0.4581370061616528,0.011453425154041321,0.4581370061616528,0.011453425154041321,0.4581370061616528,0.011453425154041321,0.4581370061616528,0.011453425154041321,0.4581370061616528,0.011453425154041321,0.4581370061616528,0.011453425154041321,0.4581370061616528,0.011453425154041321,0.4581370061616528,0.011453425154041321,0.45719463573758623,0.011453425154041321,0.45364262413918094,0.011453425154041321,0.4500906125407757,0.011453425154041321,0.44653860094237074,0.011453425154041321,0.4429865893439651,0.011453425154041321,0.4394345777455599,0.012975715839072127,0.4358825661471549,0.016527727437477355,0.42943095324392916,0.020079739035882584,0.4216020297209135,0.024356650960492984,0.41094599492569767,0.03146067415730336,0.3960855382384922,0.042769119246103666,0.3783254802464662,0.0569771656397245,0.3501268575570861,0.08510329829648423,0.31649148242116726,0.1187386734324029,0.2738673432403044,0.16136281261326563,0.22319681043856465,0.21203334541500551,0.17042406669083027,0.26582094961942726,0.12069590431315681,0.32265313519391087,0.07850670532801751,0.3813700616165276,0.04298658934396515,0.4417542587894164,0.01725262776368269,0.4923523015585357,0.0,0.5377310619789779,0.0,0.5732511779630299,0.019717288872779938,0.6038419717288873,0.04958318231243203,0.6322580645161291,0.09575933309169955,0.6606741573033708,0.15027183762232704,0.6940920623414282,0.2142080463936206,0.7331641899238853,0.2964117433852845,0.7783254802464662,0.38252990213845584,0.82537151141718,0.4713301920985863,0.8750996737948533,0.553388909025009,0.9135918811163466,0.6310257339615803,0.9454150054367526,0.6843059079376587,0.970279086625589,0.7317868793040957,0.9893439652047845,0.7708590068865531,1.0,0.7957955781080099,0.9908662558898154,0.812540775643349,0.9733961580282713,0.8089887640449438,0.9414280536426243,0.793258426966292,0.8972816237767307,0.7683943457774558,0.8440014498006528,0.7367162015222909,0.7805001812250819,0.7010511054729978,0.7128669807901414,0.6584269662921348,0.6382747372236318,0.6158028271112725,0.5636824936571228,0.5736136281261329,0.48952519028633606,0.5345415005436753,0.41848495831823146,0.49728162377673085,0.35106922798115264,0.4617615077926785,0.2871330192098585,0.42943095324392916,0.23276549474447303,0.4005074302283437,0.18252990213845616,0.37919536063791204,0.1399057629575934,0.3626676332004348,0.1044581370061616,0.34867705690467554,0.07314244291409949,0.33802102210946006,0.051830373323668126,0.3289597680318956,0.03370786516853938,0.3218557448350854,0.019499818774918465,0.31772381297571606,0.011235955056179765,0.3141718013773108,0.004929322218195025,0.31061978977890553,0.0013773106197897966,0.30706777818050024,0.0,0.303515766582095,0.0
Triangle,0.7052357535435346,0.09712178189181368,0.7021261209140869,0.09712178189181368,0.6995227075498985,0.09712178189181368,0.6995227075498985,0.09712178189181368,0.6995227075498985,0.09712178189181368,0.6995227075498985,0.09712178189181368,0.6995227075498985,0.09712178189181368,0.6995227075498985,0.09712178189181368,0.6995227075498985,0.09712178189181368,0.6995227075498985,0.09712178189181368,0.6995227075498985,0.09712178189181368,0.6995227075498985,0.09712178189181368,0.6995227075498985,0.09712178189181368,0.6995227075498985,0.09712178189181368,0.6995227075498985,0.09712178189181368,0.6995227075498985,0.09712178189181368,0.6995227075498985,0.09712178189181368,0.6995227075498985,0.09712178189181368,0.6995227075498985,0.09712178189181368,0.6995227075498985,0.09712178189181368,0.6995227075498985,0.09712178189181368,0.6995227075498985,0.09712178189181368,0.6995227075498985,0.09712178189181368,0.6995227075498985,0.09712178189181368,0.6991611223604279,0.09712178189181368,0.6960514897309805,0.09712178189181368,0.691206248192074,0.09885739080127276,0.6818773503037313,0.10507665606016776,0.6670523575354351,0.11541799247902804,0.6452849291293026,0.13096615562626548,0.6122360428116859,0.15591553369973968,0.5718108186288685,0.1870118599942146,0.5170668209430139,0.23242695979172692,0.4579838009835112,0.282181081862887,0.38733005496094886,0.340613248481342,0.3155192363320797,0.40027480474399757,0.2408880532253394,0.46557708996239516,0.1718252820364476,0.5300838877639569,0.11896152733584019,0.592276540352907,0.07260630604570413,0.6466589528492913,0.03529071449233417,0.6901938096615561,0.012438530517790095,0.7264969626844082,0.0,0.7575932889788832,0.010702921608330937,0.7840613248481341,0.029360717385015753,0.808938385883714,0.06494070002892688,0.825354353485681,0.10442580271912062,0.8406855655192361,0.1728377205669655,0.8531240960370261,0.24486549030951701,0.8662857969337574,0.32882557130459933,0.8818339600809949,0.41401504194388156,0.8986115128724326,0.5010847555684116,0.9172693086491176,0.5864188602834828,0.9324558866068844,0.6703789412785648,0.9448944171246744,0.7453717095747759,0.9550911194677465,0.8168932600520682,0.9644200173560888,0.8691784784495223,0.9710008678044546,0.9182094301417412,0.9766415967601964,0.9524153890656634,0.9704223315013014,0.9820653746022558,0.9609487995371707,0.9945039051200462,0.9391813711310381,1.0,0.9127856522996814,0.9937807347411046,0.8785796933757593,0.9792450101243847,0.8377205669655765,0.9574775817182526,0.7910760775238642,0.9292016199016484,0.7357535435348568,0.8981052936071735,0.6766705235753538,0.872360428116864,0.6149117732137689,0.8471940989297075,0.5526468035869251,0.8098785073763373,0.4873445183685271,0.7725629158229673,0.42262076945328303,0.7352473242695976,0.36042811686433335,0.7001012438530515,0.29932021984379475,0.6690049175585766,0.24023719988429265,0.6394995660977725,0.18592710442580285,0.6115128724327449,0.13617298235464248,0.587720566965577,0.09480763667920158,0.5659531385594444,0.05749204512583179,0.5493925368816891,0.02798669366502735,0.5338443737344516,0.0
Triangle,0.59375,0.0,0.59375,0.0,0.59375,0.0,0.59375,0.0,0.59375,0.0,0.59375,0.0,0.59375,0.0,0.59375,0.0,0.59375,0.0,0.59375,0.0,0.59375,0.0,0.59375,0.0,0.59375,0.0,0.59375,0.0,0.59375,0.0,0.59375,0.0,0.59375,0.0,0.59375,0.0,0.59375,0.0,0.59375,0.0,0.59375,0.0,0.59375,0.0022151898734177333,0.59375,0.006487341772151911,0.59375,0.010759493670886088,0.59375,0.015031645569620267,0.592642405063291,0.0198575949367088,0.5840981012658226,0.028401898734177245,0.569857594936709,0.03979430379746836,0.5501582278481013,0.056091772151898665,0.5202531645569621,0.08599683544303796,0.4776898734177216,0.1285601265822784,0.4283227848101269,0.1791139240506329,0.3727848101265824,0.23892405063291128,0.31028481012658204,0.30917721518987334,0.24469936708860765,0.38330696202531633,0.1763449367088608,0.46020569620253166,0.12318037974683556,0.5409018987341772,0.07737341772151893,0.6184335443037974,0.03892405063291129,0.6910601265822786,0.012816455696202666,0.7513449367088608,0.0,0.8026107594936708,0.0012658227848099557,0.844857594936709,0.03544303797468373,0.8747626582278482,0.08433544303797476,0.9022151898734176,0.14556962025316444,0.9268987341772152,0.21819620253164587,0.9439873417721518,0.293591772151899,0.9583069620253164,0.3704905063291136,0.9711234177215189,0.4473892405063289,0.9839398734177214,0.5181170886075946,0.9936708860759493,0.5842563291139239,1.0,0.6440664556962027,1.0,0.6868670886075947,0.9965981012658227,0.7224683544303794,0.9894778481012658,0.7523734177215189,0.9766613924050633,0.7711234177215189,0.9564082278481013,0.7847310126582279,0.9315664556962027,0.793275316455696,0.9016613924050635,0.7977848101265824,0.8636867088607596,0.7876582278481014,0.8211234177215191,0.761867088607595,0.7740506329113925,0.7276898734177216,0.7227848101265824,0.6935126582278481,0.6691455696202533,0.6589398734177216,0.6132120253164558,0.620490506329114,0.5534018987341774,0.5820411392405063,0.49090189873417733,0.543591772151899,0.4268196202531646,0.505142405063291,0.362737341772152,0.46969936708860766,0.30466772151898736,0.43757911392405047,0.2501582278481013,0.4119462025316459,0.1988924050632912,0.3863132911392405,0.1575949367088608,0.36202531645569636,0.12183544303797471,0.3406645569620256,0.09193037974683546,0.3265822784810126,0.06930379746835444,0.31542721518987304,0.051265822784810136,0.306882911392405,0.0384493670886076,0.2983386075949369,0.02958860759493671,0.29375,0.02302215189873418,0.29375,0.01875
Triangle,0.500895121587349,0.2003580486349396,0.500895121587349,0.2003580486349396,0.5015664627778609,0.19968670744442785,0.504848575264807,0.19640459495748172,0.5081306877517532,0.194465164851559,0.5114128002386994,0.194465164851559,0.5146949127256453,0.194465164851559,0.5179770252125915,0.194465164851559,0.5185737729374907,0.194465164851559,0.5185737729374907,0.194465164851559,0.5185737729374907,0.194465164851559,0.5185737729374907,0.194465164851559,0.5185737729374907,0.194465164851559,0.5185737729374907,0.194465164851559,0.5185737729374907,0.194465164851559,0.5206623899746385,0.194465164851559,0.5239445024615843,0.194465164851559,0.5244666567208713,0.194465164851559,0.5244666567208713,0.194465164851559,0.5244666567208713,0.194465164851559,0.5244666567208713,0.194465164851559,0.5244666567208713,0.194465164851559,0.5229747874086231,0.194465164851559,0.5196926749216769,0.194465164851559,0.5164105624347307,0.19662837535431898,0.5131284499477845,0.1999104878412651,0.4985081306877521,0.21169625540802625,0.48097866626883495,0.22571982694315973,0.4481575413993736,0.25197672683872896,0.41086080859316726,0.281814113083694,0.36162912128897523,0.32119946292704765,0.3045651200954797,0.36685066388184395,0.238922870356557,0.4193644636729822,0.17999403252275123,0.47635387140086527,0.12419812024466677,0.5354318961658957,0.08294793376100273,0.58287334029539,0.0447560793674474,0.6276294196628377,0.018499179471878114,0.6604505445322989,0.0,0.6903625242428765,0.0,0.7133373116514994,0.013128449947784478,0.7313889303297031,0.039385349843353436,0.7445173802774878,0.08182903177681625,0.7553334327912876,0.13106071908100828,0.7651797702521259,0.19521109950768312,0.7720423690884678,0.26234521855885407,0.7786065940623602,0.3411159182455616,0.7851708190362524,0.42197523496941625,0.7917350440101448,0.5073101596300165,0.798299268984037,0.5909294345815307,0.8065791436670149,0.6729822467551841,0.8164254811278533,0.7478740862300463,0.8238848276890945,0.8200805609428611,0.8304490526629867,0.8708787110249139,0.8339549455467702,0.9183201551544083,0.8367894972400418,0.9544233925108159,0.8367894972400418,0.9826943159779203,0.8334327912874834,0.9958227659257052,0.8235864538266447,1.0,0.8047889004923169,0.9967178875130538,0.7785320005967479,0.9762046844696401,0.7448903476055498,0.9499477845740719,0.7087871102491426,0.911159182455617,0.6601521706698494,0.8702073698344027,0.6093540205877971,0.8209756825302104,0.5502759958227662,0.7705504997762196,0.4900044756079367,0.7180366999850817,0.4276443383559604,0.6636580635536328,0.3671490377442936,0.6078621512755487,0.3080710129792636,0.5571385946591081,0.2540653438758766,0.5079069073549164,0.20155154408473872,0.4650902580933912,0.15866030135760129,0.4236162912128897,0.11837982992689838,0.38751305385648244,0.0888408175443833,0.35394599433089663,0.06310607190810087,0.3244069819483818,0.043413396986424165,0.3006862598836343,0.027599582276592614,0.2809935849619574,0.01447113232880797,0.2665224526331493,0.006564224973892322,0.25339400268536477,0.0
Triangle,0.5283445247933883,0.0051007231404958655,0.5283445247933883,0.0051007231404958655,0.5283445247933883,0.0051007231404958655,0.5283445247933883,0.0051007231404958655,0.5283445247933883,0.0051007231404958655,0.5283445247933883,0.0051007231404958655,0.5283445247933883,0.0034220041322314126,0.5283445247933883,0.0,0.5283445247933883,0.0,0.5283445247933883,0.0,0.5283445247933883,0.0,0.5283445247933883,0.0,0.5283445247933883,0.0,0.5283445247933883,0.0,0.5283445247933883,0.0,0.5283445247933883,0.0,0.5283445247933883,0.0,0.5283445247933883,0.0,0.5283445247933883,0.0,0.5283445247933883,0.0,0.5283445247933883,0.0,0.5283445247933883,0.0,0.5283445247933883,0.0,0.5283445247933883,0.0,0.5283445247933883,0.0,0.5283445247933883,0.0,0.5283445247933883,0.0,0.5283445247933883,0.0,0.5283445247933883,0.0,0.5283445247933883,0.0,0.5283445247933883,0.0,0.5283445247933883,0.0,0.5283445247933883,0.0,0.5283445247933883,0.0,0.5283445247933883,0.0,0.5283445247933883,0.0,0.5283445247933883,0.0,0.5247933884297521,0.003551136363636354,0.514721074380165,0.011492768595041288,0.4964488636363636,0.02466425619834703,0.4633264462809916,0.04674586776859495,0.4064436983471076,0.08664772727272721,0.33923037190082656,0.13855888429752045,0.2653667355371906,0.20151084710743758,0.18440082644628125,0.2751162190082642,0.11776859504132231,0.3463326446280991,0.06372675619834743,0.4133522727272722,0.023243801652892894,0.47223657024793353,0.002130681818181711,0.5149793388429751,0.0,0.5500387396694211,0.018595041322313852,0.578318698347107,0.07011880165289228,0.5967200413223138,0.145467458677686,0.6124741735537188,0.23502066115702427,0.6259684917355369,0.3343879132231401,0.6370092975206608,0.45118801652892554,0.6515366735537188,0.5648243801652884,0.6683238636363631,0.6726497933884292,0.6860795454545451,0.7683367768595041,0.7008006198347104,0.8407799586776851,0.712616219008264,0.8995996900826441,0.722172004132231,0.9471849173553717,0.7294034090909088,0.9803073347107437,0.7294034090909088,0.9971590909090908,0.7201058884297519,1.0,0.7017691115702478,0.9889591942148758,0.6723269628099171,0.9620996900826446,0.6270661157024794,0.9256844008264464,0.5739927685950413,0.8799070247933883,0.5141399793388429,0.8173424586776857,0.4442148760330576,0.7651084710743802,0.374289772727273,0.7149405991735539,0.30668904958677695,0.6597365702479336,0.24412448347107427,0.6079545454545457,0.19182592975206642,0.5604338842975207,0.14630681818181832,0.516851756198347,0.10756714876033058,0.4763688016528931,0.07812500000000022,0.4472494834710745,0.05436466942148771,0.42432851239669434,0.03512396694214879,0.40592716942148754,0.020402892561983462
Triangle,0.5421686746987951,0.20481927710843373,0.5350007625438463,0.19765136495348484,0.5301204819277109,0.1927710843373494,0.5301204819277109,0.1927710843373494,0.5301204819277109,0.1927710843373494,0.5301204819277109,0.1927710843373494,0.5301204819277109,0.1927710843373494,0.5301204819277109,0.1927710843373494,0.5301204819277109,0.1927710843373494,0.5301204819277109,0.1927710843373494,0.5301204819277109,0.1927710843373494,0.5301204819277109,0.1927710843373494,0.5301204819277109,0.1927710843373494,0.5301204819277109,0.1927710843373494,0.5301204819277109,0.1927710843373494,0.5301204819277109,0.1927710843373494,0.5301204819277109,0.1927710843373494,0.5301204819277109,0.1927710843373494,0.5301204819277109,0.1927710843373494,0.5301204819277109,0.1927710843373494,0.5301204819277109,0.1927710843373494,0.5301204819277109,0.1927710843373494,0.5301204819277109,0.1927710843373494,0.5301204819277109,0.1927710843373494,0.533475674851304,0.1927710843373494,0.5406435870062529,0.1927710843373494,0.5421686746987951,0.1927710843373494,0.5421686746987951,0.1927710843373494,0.5421686746987951,0.1927710843373494,0.5391184993137106,0.19582125972243397,0.5319505871587618,0.20298917187738294,0.5194448680799149,0.21549489095622992,0.5037364648467287,0.23074576788165313,0.46789690407198364,0.25941741650144884,0.42656702760408793,0.29357938081439666,0.37639164251944507,0.3365868537440903,0.311117889278634,0.39469269482995234,0.2395912764983991,0.4592039042244928,0.17508006710385846,0.5237151136190331,0.11788927863352204,0.5833460423974376,0.07488180570382873,0.6335214274820802,0.03660210462101625,0.67424126887296,0.0007625438462711433,0.7100808296477046,0.0,0.7389049870367546,0.010675613847796006,0.7611712673478725,0.04651517462254111,0.7683391795028215,0.10446850693914868,0.7755070916577701,0.17614762848863752,0.7826750038127193,0.26124752173249904,0.7831325301204819,0.3490925728229365,0.7831325301204819,0.4422754308372734,0.7831325301204819,0.5354582888516088,0.7872502668903463,0.6286411468659443,0.7944181790452951,0.7154186365716021,0.801586091200244,0.7953332316608203,0.8087540033551929,0.8526765289004112,0.8159219155101418,0.902394387677291,0.8192771084337349,0.9454018606069843,0.8192771084337349,0.9762086319963392,0.8131767576635658,1.0,0.803568705200549,1.0,0.7820649687357024,0.992984596614305,0.7570535305780084,0.9786487723044073,0.7283818819582129,0.9469269482995272,0.6881195668750953,0.9101723349092576,0.6441970413298769,0.8671648619795643,0.5940216562452346,0.8209547048955311,0.5406435870062529,0.770779319810889,0.48330028976666184,0.709623303339943,0.4204666768339185,0.6451120939454023,0.35656550251639535,0.5806008845508617,0.2992222052768036,0.5189873417721516,0.2447765746530429,0.4616440445325619,0.1946011895684007,0.4146713436022569,0.1496111026384018,0.37227390574958075,0.10721366478572535,0.3436022571297852,0.0785420161659298,0.3175232575873117,0.05246301662345587,0.29601952112246505,0.03095928015860922,0.2793960652737532,0.014335824309897938,0.26506024096385544,0.0
Triangle,0.7247852370346808,0.05027044225262489,0.7247852370346808,0.05027044225262489,0.7247852370346808,0.05027044225262489,0.7247852370346808,0.05027044225262489,0.7247852370346808,0.05027044225262489,0.7247852370346808,0.05027044225262489,0.7298759147311491,0.05027044225262489,0.7373528475978369,0.05027044225262489,0.7373528475978369,0.05027044225262489,0.7373528475978369,0.05027044225262489,0.7416481069042322,0.05027044225262489,0.7499204581609932,0.05027044225262489,0.7499204581609932,0.05027044225262489,0.756761056315623,0.05027044225262489,0.7624880687241494,0.05027044225262489,0.7624880687241494,0.05027044225262489,0.7624880687241494,0.05027044225262489,0.7624880687241494,0.05027044225262489,0.7624880687241494,0.05027044225262489,0.7624880687241494,0.05027044225262489,0.7624880687241494,0.05027044225262489,0.7624880687241494,0.05027044225262489,0.7624880687241494,0.05027044225262489,0.7624880687241494,0.05027044225262489,0.7624880687241494,0.05027044225262489,0.7624880687241494,0.05027044225262489,0.7624880687241494,0.05027044225262489,0.7624880687241494,0.05027044225262489,0.7554883868915053,0.05727012408526881,0.7426026089723197,0.06649697741011769,0.7231944002545344,0.0763601654470252,0.6770601336302897,0.10404072542157183,0.6247216035634747,0.13172128539611846,0.560769965001591,0.16512885777919192,0.4777282850779515,0.2112631244034363,0.3859370028635065,0.26614699331848574,0.2990773146675155,0.321508113267579,0.21810372255806534,0.3768692332166723,0.14428889595927505,0.43223035316576525,0.09433662106267955,0.4796372892141267,0.05281578110085943,0.5165447025135222,0.018453706649697754,0.5442252624880688,0.0,0.5719058224626155,0.01018135539293674,0.5924276169265035,0.036271078587337406,0.6070633153038499,0.07461024498886488,0.6158129175946548,0.13919821826280737,0.6158129175946548,0.21014953865733443,0.6158129175946548,0.2900095450206813,0.6127903277123767,0.3822780782691708,0.6035634743875279,0.46563792554883976,0.594336621062679,0.5542475342029914,0.5906776964683425,0.6442888959592757,0.5906776964683425,0.7273305758829159,0.5906776964683425,0.8022589882278082,0.5906776964683425,0.8617562838052816,0.5906776964683425,0.906458797327395,0.5892459433662108,0.9433662106267898,0.5800190900413618,0.9729557747375125,0.5561565383391665,0.9926821508113272,0.5284759783646198,1.0,0.5001590836780146,0.981546293350303,0.4632516703786192,0.9565701559020049,0.4198218262806237,0.9257079223671659,0.37368755965637934,0.8888005090677704,0.3275532930321349,0.8518930957683749,0.28141902640789046,0.8149856824689794,0.23528475978364607,0.7804645243398034,0.1891504931594017,0.7527839643652564,0.14301622653515733,0.7333757556474712,0.10515431116767404,0.7149220489977727,0.07317849188673228,0.698059179128222,0.04708876869233207,0.6888323258033727,0.028635062042634316,0.687082405345212,0.017658288259624504,0.687082405345212,0.008431434934775626,0.687082405345212,0.0,0.687082405345212,0.0,0.6937639198218267,0.0,0.6996500159083683,0.0,0.6996500159083683,0.0
Triangle,0.850378787878788,0.0,0.850378787878788,0.0,0.850378787878788,0.0,0.850378787878788,0.0,0.850378787878788,0.0,0.850378787878788,0.0,0.850378787878788,0.0,0.850378787878788,0.0,0.850378787878788,0.0,0.850378787878788,0.0,0.850378787878788,0.0,0.850378787878788,0.0,0.850378787878788,0.0,0.850378787878788,0.0,0.850378787878788,0.0,0.850378787878788,0.0,0.850378787878788,0.0,0.850378787878788,0.0,0.850378787878788,0.0,0.850378787878788,0.0,0.850378787878788,0.0,0.850378787878788,0.0,0.850378787878788,0.0,0.8462465564738291,0.004132231404958699,0.8362603305785126,0.014118457300275408,0.8073347107438019,0.043044077134986106,0.7549931129476588,0.08367768595041311,0.6837121212121214,0.1356749311294764,0.5969352617079893,0.20316804407713485,0.4950068870523418,0.28581267217630835,0.3889462809917354,0.3725895316804406,0.28288567493112976,0.4593663911845727,0.19542011019283761,0.5461432506887052,0.12465564738292063,0.6222451790633607,0.06818181818181862,0.68698347107438,0.019972451790633613,0.7351928374655646,0.0,0.7692837465564737,0.002754820936639519,0.7920110192837463,0.03168044077135022,0.8016528925619832,0.08694903581267249,0.8025137741046829,0.15444214876033105,0.8025137741046829,0.23243801652892568,0.8016528925619832,0.31921487603305776,0.7920110192837463,0.41253443526170824,0.7889118457300273,0.5089531680440766,0.7889118457300273,0.605371900826446,0.7889118457300273,0.693526170798899,0.7889118457300273,0.7716942148760332,0.7889118457300273,0.8384986225895317,0.7889118457300273,0.8867079889807167,0.7889118457300273,0.9228650137741043,0.7889118457300273,0.951790633608815,0.7889118457300273,0.9807162534435256,0.7889118457300273,0.9941460055096417,0.7811639118457298,1.0,0.7677341597796141,1.0,0.7484504132231402,1.0,0.7196969696969695,0.9944903581267217,0.6907713498622586,0.9848484848484845,0.661845730027548,0.9752066115702482,0.6329201101928371,0.9583333333333334,0.6039944903581266,0.9390495867768598,0.5750688705234157,0.9197658402203855,0.5461432506887052,0.8915289256198349,0.508264462809917,0.867596418732782,0.46470385674931114,0.8472796143250684,0.4164944903581267,0.8183539944903577,0.3682851239669421,0.789428374655647,0.3267906336088155,0.7605027548209363,0.2882231404958676,0.7315771349862256,0.24965564738292015,0.7110881542699723,0.21952479338842962,0.6918044077134987,0.19507575757575757,0.6730371900826441,0.1763085399449035,0.6633953168044078,0.16666666666666663,0.6537534435261706,0.15702479338842967,0.6441115702479342,0.14962121212121207,0.634469696969697,0.14962121212121207,0.6248278236914606,0.14962121212121207,0.6151859504132235,0.14962121212121207,0.6055440771349864,0.14962121212121207
Triangle,0.6233847697904906,0.0792874168862125,0.6233847697904906,0.0792874168862125,0.6233847697904906,0.0792874168862125,0.6233847697904906,0.0792874168862125,0.6233847697904906,0.0792874168862125,0.6233847697904906,0.0792874168862125,0.6233847697904906,0.0792874168862125,0.6233847697904906,0.0792874168862125,0.6233847697904906,0.0792874168862125,0.6233847697904906,0.0792874168862125,0.6233847697904906,0.0792874168862125,0.6233847697904906,0.0792874168862125,0.6233847697904906,0.0792874168862125,0.6233847697904906,0.0792874168862125,0.6233847697904906,0.0792874168862125,0.6233847697904906,0.0767783214151299,0.6233847697904906,0.07000376364320667,0.6233847697904906,0.06322920587128344,0.6233847697904906,0.05946556266465938,0.6233847697904906,0.05946556266465938,0.6233847697904906,0.05946556266465938,0.6233847697904906,0.05946556266465938,0.6233847697904906,0.05946556266465938,0.6233847697904906,0.05946556266465938,0.6193702170367583,0.06348011541839162,0.6117174758499565,0.07113285660519379,0.59816836030611,0.08468197214904023,0.5710701292184174,0.10726383138878429,0.5330573328315147,0.13712206749466802,0.4788608706561283,0.1777694141262075,0.41964621753857734,0.22845314264207744,0.3567933759879563,0.28453142642077517,0.2890477982687245,0.34550244636808425,0.21578221051311017,0.411993476351775,0.1484129971145401,0.47735541337347864,0.09421653493915487,0.5383264333207877,0.05808556015556417,0.5812319658763014,0.027098231087692604,0.6189938527160957,0.0,0.652866641575712,0.005520010036381983,0.6671684857608832,0.022456404466190214,0.6739430435328063,0.05055827374231631,0.6736921339856979,0.10475473591770208,0.6669175762137748,0.16672939405344409,0.6601430184418515,0.23673315769665068,0.6533684606699284,0.32480240873165234,0.6465939028980052,0.41726257684104917,0.639819345126082,0.5121063856479736,0.6342993350897,0.6069501944548985,0.6342993350897,0.7017940032618235,0.6342993350897,0.7896123447497173,0.6325429682599422,0.8573579224689503,0.625768410488019,0.9089198343996989,0.613599297453268,0.9518253669552124,0.5977919959854472,0.9856981558148289,0.5774683226696775,0.9959854472462677,0.557144649353908,1.0,0.5340609710199473,1.0,0.5069627399322544,0.9936018065487395,0.47986450884456155,0.9803036005520014,0.4495044536444612,0.9597290176891231,0.41563166478484503,0.9258562288295066,0.381758875925229,0.8957470831765152,0.34788608706561297,0.868648852088822,0.31401329820599677,0.8415506210011289,0.2801405093463806,0.8144523899134363,0.24626772048676454,0.7873541588257437,0.21352402458913564,0.7602559277380505,0.18642579350144275,0.7379249780454148,0.15932756241374987,0.7176013047296449,0.13222933132605696,0.697277631413875,0.10513110023836408,0.6769539580981057,0.08330196963994481,0.6587630159327562,0.0651110274745954,0.6452139003889096,0.051561911930748966,0.6316647848450629,0.038012796386902525,0.6207502195458541,0.027098231087692888,0.6139756617739308,0.020323673315769664,0.6072011040020074,0.013549115543846444,0.6035629155689375,0.006774557771923222,0.6035629155689375,0.0
Slash,0.004629629629629629,0.023148148148148147,0.0029301453352086914,0.023148148148148147,0.0012306610407876214,0.023148148148148147,0.0,0.023148148148148147,0.0,0.023148148148148147,0.0,0.023148148148148147,0.0,0.023148148148148147,0.0,0.023148148148148147,0.0,0.023148148148148147,0.0,0.023148148148148147,0.0,0.023148148148148147,0.0,0.023148148148148147,0.0,0.023148148148148147,0.0,0.023148148148148147,0.0,0.023148148148148147,0.0,0.023148148148148147,0.0,0.023148148148148147,0.0,0.023148148148148147,0.0,0.023148148148148147,0.0,0.023148148148148147,0.0,0.023148148148148147,0.0,0.023148148148148147,0.0,0.023148148148148147,0.0,0.023148148148148147,0.0,0.023148148148148147,0.0008204406938583704,0.023148148148148147,0.002519924988279309,0.023148148148148147,0.004219409282700378,0.023148148148148147,0.012365213314580412,0.023148148148148147,0.022562119081106436,0.023148148148148147,0.032934833567744924,0.023148148148148147,0.04823019221753389,0.023148148148148147,0.06352555086732299,0.023148148148148147,0.08198546647913732,0.023148148148148147,0.10747773089545244,0.023148148148148147,0.13296999531176745,0.023148148148148147,0.16344350679793726,0.022151898734177184,0.19743319268635734,0.020452414439756116,0.23142287857477728,0.018752930145335307,0.2727379278012189,0.01705344585091424,0.31522503516174405,0.015353961556493169,0.3581809657759025,0.01365447726207223,0.4040670417252696,0.01195499296765116,0.44995311767463675,0.010255508673230222,0.4944327238631037,0.008556024378809153,0.5369198312236287,0.006856540084388214,0.579406938584154,0.0051570557899671444,0.6172058134083452,0.004629629629629629,0.6528949835911865,0.004629629629629629,0.6885841537740274,0.004629629629629629,0.717709798406001,0.004629629629629629,0.7466010314111581,0.004629629629629629,0.7742616033755275,0.004219409282700378,0.7980543834974214,0.002519924988279309,0.8218471636193153,0.000820440693858502,0.8421237693389593,0.0,0.8591186122831692,0.0,0.8761134552273794,0.0,0.8904125644631973,0.0,0.9040084388185653,0.0,0.9172526957337084,0.0,0.9257501172058135,0.0,0.9342475386779185,0.0,0.9421589310829817,0.0,0.9489568682606657,0.0,0.9557548054383497,0.0,0.9614978902953587,0.0,0.9665963431786219,0.0,0.9716947960618848,0.0,0.9752695733708392,0.0,0.9786685419596813,0.0,0.9820675105485231,0.0,0.9854664791373653,0.0,0.9888654477262072,0.0,0.9915025785278951,0.0,0.9932020628223159,0.0,0.9949015471167371,0.0,0.9966010314111579,0.0,0.998300515705579,0.0,1.0,0.0
Slash,1.0,0.1676470588235294,1.0,0.1676470588235294,1.0,0.1676470588235294,1.0,0.1676470588235294,1.0,0.1676470588235294,0.9995532390171258,0.1676470588235294,0.9982874162323159,0.1676470588235294,0.9970588235294118,0.1676470588235294,0.9970588235294118,0.1676470588235294,0.9970588235294118,0.1676470588235294,0.9970588235294118,0.1676470588235294,0.9970588235294118,0.1676470588235294,0.9970588235294118,0.1676470588235294,0.9970588235294118,0.1676470588235294,0.9970588235294118,0.1676470588235294,0.9970588235294118,0.1676470588235294,0.9970588235294118,0.1676470588235294,0.9970588235294118,0.1676470588235294,0.9970588235294118,0.1676470588235294,0.9970588235294118,0.1676470588235294,0.9970588235294118,0.1676470588235294,0.9970588235294118,0.1676470588235294,0.9970588235294118,0.1676470588235294,0.9970588235294118,0.1676470588235294,0.996090841399851,0.1676470588235294,0.994825018615041,0.1676470588235294,0.9930007446016381,0.1670886075949367,0.9904690990320179,0.16582278481012655,0.9874906924795235,0.1644080416976917,0.9811615785554728,0.16187639612807145,0.9748324646314221,0.1593447505584513,0.9614668652271033,0.15580789277736407,0.9462769918093821,0.15201042442293367,0.9251303052866715,0.14821295606850335,0.8972822040208488,0.14441548771407292,0.8668279970215933,0.1404318689501117,0.8212583767684288,0.13536857781087114,0.775688756515264,0.13030528667163063,0.7134400595681307,0.12315711094564401,0.6476172747580043,0.11556217423678326,0.5786299329858526,0.10733432613551754,0.5064780342516751,0.09847356664184655,0.4363365599404318,0.08916604616530155,0.3755770662695459,0.07777364110201039,0.3148175725986595,0.06638123603871925,0.2691734921816828,0.057148175725986634,0.22613551749813823,0.04828741623231565,0.18979895755770654,0.04076693968726731,0.1594192107222636,0.03443782576321673,0.13112434847356655,0.028369322412509283,0.11087118391660457,0.02330603127326879,0.0906180193596426,0.0182427401340283,0.07483246463142212,0.014296351451973187,0.05964259121370064,0.010498883097542776,0.04728220402084886,0.007408786299329924,0.03715562174236779,0.004877140729709595,0.02792256142963514,0.00264333581533875,0.021593447505584524,0.0013775130305286694,0.015264333581533856,0.0001116902457185882,0.011243484735666416,0.0,0.007446016381236016,0.0,0.005137751303052863,0.0,0.0038719285182427397,0.0,0.0026061057334326064,0.000335070737155681,0.0013402829486224837,0.001600893521965762,7.446016381236079e-05,0.0028667163067759268,0.0,0.004132539091586008,0.0,0.005398361876396173,0.0,0.0058823529411764705,0.0,0.0058823529411764705,0.0,0.0058823529411764705,0.0,0.0058823529411764705,0.0,0.0058823529411764705,0.0,0.0058823529411764705,0.0,0.0058823529411764705,0.0,0.0058823529411764705,0.0,0.0058823529411764705,0.0,0.0058823529411764705,0.0,0.0058823529411764705,0.0,0.0058823529411764705
Slash,0.0,0.0028328611898017,0.0,0.0018646681249327541,0.0,0.0008964750600638086,0.0,0.0,0.0,0.0,0.0,0.0,0.0001434360096102134,0.0,0.0011116290744791488,0.0,0.0020798221393480846,0.0,0.00304801520421702,0.0,0.004016208269085955,0.0,0.004984401333954891,0.0,0.0056657223796034,0.0,0.0056657223796034,0.0,0.0056657223796034,0.0,0.0056657223796034,0.0,0.0056657223796034,0.0,0.0056657223796034,0.0,0.00609603040843404,0.0,0.0070642234733029755,0.0,0.00803241653817191,0.0,0.01000466167031233,0.0,0.012909240864919137,0.0,0.015813820059525942,0.0,0.02043963136945529,0.0,0.026248789758668904,0.0,0.03205794814788251,0.0,0.04173987879657186,0.0,0.05335819557499909,0.0,0.06497651235342633,0.0,0.08591816975651735,0.0014343600961021744,0.11012299637824073,0.0033707462258399847,0.13432782299996412,0.0053071323555777955,0.17194391652024235,0.009610212643884319,0.21260802524473768,0.014451177968228885,0.2532721339692329,0.019292143292573612,0.30082117115501844,0.02585434073224082,0.34923082439846526,0.032631692186323356,0.397640477641912,0.0394090436404059,0.44605013088535883,0.04618639509448852,0.49445978412880554,0.05296374654857097,0.542654283357837,0.05970523900025102,0.5852547782120702,0.06551439738946462,0.6278552730663033,0.07132355577867822,0.6695951518628752,0.07691756015347655,0.704450102198157,0.08079033241295225,0.7393050525334387,0.08466310467242795,0.7725463477606052,0.08835658191989097,0.7986875605120666,0.09126116111449781,0.8248287732635277,0.09416574030910466,0.8487108688636282,0.0968193064868935,0.8661383440312691,0.0987556926166314,0.8835658191989098,0.1006920787463692,0.8993796392584358,0.10230573385448415,0.911966149101732,0.1032739269193531,0.924552658945028,0.10424211998422203,0.935561372682612,0.1048158640226629,0.9442751102664323,0.1048158640226629,0.9529888478502526,0.1048158640226629,0.9603040843403737,0.1048158640226629,0.9661132427295872,0.1048158640226629,0.9719224011188009,0.1048158640226629,0.9761179043998995,0.1048158640226629,0.9790224835945064,0.1048158640226629,0.9819270627891132,0.1048158640226629,0.9842220389428766,0.1048158640226629,0.9861584250726145,0.1048158640226629,0.9880948112023523,0.1048158640226629,0.9893498762864418,0.1048158640226629,0.9903180693513105,0.1048158640226629,0.9912862624161795,0.1048158640226629,0.9922544554810484,0.1048158640226629,0.9932226485459174,0.1048158640226629,0.9941908416107863,0.1048158640226629,0.9951590346756553,0.1048158640226629,0.9961272277405242,0.1048158640226629,0.9970954208053932,0.1048158640226629,0.9980636138702621,0.1048158640226629,0.999031806935131,0.1048158640226629,1.0,0.1048158640226629
Slash,1.0,0.4584717607973422,1.0,0.4584717607973422,1.0,0.4584717607973422,1.0,0.4584717607973422,1.0,0.4584717607973422,1.0,0.4584717607973422,1.0,0.4584717607973422,1.0,0.4584717607973422,1.0,0.4584717607973422,1.0,0.4584717607973422,1.0,0.4584717607973422,1.0,0.4584717607973422,1.0,0.4584717607973422,1.0,0.4584717607973422,1.0,0.4584717607973422,1.0,0.4584717607973422,1.0,0.4584717607973422,1.0,0.4584717607973422,1.0,0.4584717607973422,1.0,0.4584717607973422,1.0,0.4584717607973422,1.0,0.4584717607973422,0.9988224904327346,0.4584717607973422,0.9975608730392364,0.4584717607973422,0.9962992556457377,0.4584717607973422,0.9950376382522393,0.4584717607973422,0.993776020858741,0.4584717607973422,0.9933554817275747,0.4576306825350099,0.9933554817275747,0.4563690651415115,0.993229319988225,0.45502333992177973,0.9894444678077294,0.4512384877412843,0.9856596156272341,0.44745363556078893,0.9788468817023424,0.4421548425080954,0.967492325160856,0.4345851381471046,0.9561377686193702,0.4270154337861138,0.9370452920644264,0.4155767694183944,0.9155977963749525,0.4029605954834097,0.8922999285083477,0.38967155893855915,0.8569746414903906,0.3720089154295807,0.8216493544724336,0.3543462719206022,0.7793851717902349,0.334791202321376,0.7301820934437947,0.3133437066319021,0.6809790150973546,0.29189621094242807,0.6263089280457546,0.2682619117708901,0.5707977627318223,0.24429118129441946,0.5152865974178894,0.22061482820976475,0.45977543210395716,0.1979057151267925,0.40426426679002436,0.17519660204381998,0.3548088649648848,0.15475840026914492,0.30939063879894024,0.1358341393666681,0.2639724126329953,0.11690987846419099,0.22831069431010553,0.10164430800285966,0.1929854072921484,0.086504899280878,0.1610244333235207,0.07262710795239496,0.1357920854535513,0.061272551410908704,0.11055973758358208,0.04991799486942254,0.09062618276630642,0.0412128348542832,0.07296353925732785,0.03364313049329239,0.055805542705748765,0.02624164178476807,0.045712603557760995,0.021195172210774185,0.035619664409773315,0.016148702636780345,0.02716682787333358,0.011648933933302456,0.020858740905841305,0.007864081752807051,0.014550653938348887,0.004079229572311649,0.010261154800454166,0.002312965221413847,0.00647630261995881,0.0010513478279153637,0.0031119895706295518,0.0,0.0018503721771311154,0.0,0.0005887547836325847,0.0,0.0,0.0,0.0,0.0,0.0,0.0,0.0,0.0011354556541486305,0.0,0.002397073047647067,0.0,0.0036586904411455502,0.0,0.004920307834644034,0.0,0.006181925228142471,0.0,0.006644518272425249,0.0,0.006644518272425249,0.0,0.006644518272425249
Slash,0.0031446540880503146,0.0,0.0031446540880503146,0.0,0.0031446540880503146,0.0,0.0031446540880503146,0.0,0.0031446540880503146,0.0,0.0031446540880503146,0.0,0.0031446540880503146,0.0,0.0031446540880503146,0.0,0.0031446540880503146,0.0,0.0031446540880503146,0.0,0.002229121885200235,0.0,0.0011941724385000922,0.0,0.00015922299179999441,0.0,0.0,0.0,0.0,0.0,0.0,0.0,0.0,0.0,0.0,0.0,0.0,0.0,0.0,0.0,0.0,0.0,0.0,0.0,0.0007563092110500852,0.0,0.001791258657750183,0.0,0.002826208104450281,0.0,0.00672717140355068,0.0,0.01190191863705117,0.0,0.017076665870551705,0.0,0.026311599394952586,0.0,0.037696043308653754,0.0,0.04908048722235488,0.0,0.06619695884085659,0.0006368919672000671,0.08689594777485865,0.0016718414139001649,0.10759493670886074,0.0027067908606002626,0.1342647878353634,0.0049359127458004975,0.1653132712363665,0.00804076108590079,0.1963617546373696,0.011145609426001084,0.23354032322267326,0.015922299180001587,0.2759732505373775,0.022131995860202175,0.31840617785208175,0.028341692540402853,0.36187405461348604,0.03506886394395349,0.40637688082159057,0.04231351007085422,0.450879707029695,0.0495581561977549,0.4939495263115992,0.0572804713000557,0.5353475041796034,0.06556006687365654,0.5767454820476074,0.07383966244725736,0.6155162805509115,0.08211925802085819,0.6507045617387149,0.09039885359445901,0.6858928429265184,0.09867844916805985,0.7182947217578216,0.10616192978266056,0.7462383568187245,0.11237162646286124,0.7741819918796274,0.11858132314306187,0.7996178648196798,0.1244327680917124,0.8203168537536818,0.1296075153252129,0.841015842687684,0.13478226255871348,0.8601226017036859,0.139320117825014,0.8756468434041874,0.1424249661651142,0.891171085104689,0.14552981450521457,0.9053021256269405,0.14863466284531487,0.9156516200939416,0.15173951118541515,0.9260011145609426,0.15484435952551545,0.9356341055648436,0.1577103733779158,0.9428787516917442,0.159780272271316,0.950123397818645,0.1618501711647162,0.9569699864660457,0.16372104131836637,0.9621447336995461,0.16475599076506647,0.9673194809330469,0.16579094021176657,0.9721757821829471,0.16682588965846665,0.9752806305230475,0.16786083910516675,0.9783854788631479,0.16889578855186696,0.981370909959398,0.16981132075471697,0.9834408088527984,0.16981132075471697,0.9855107077461984,0.16981132075471697,0.9875806066395987,0.16989093225061702,0.9896505055329988,0.17092588169731704,0.9917204044263992,0.17196083114401722,0.9937903033197995,0.17295597484276728,0.9958602022131996,0.17295597484276728,0.9979301011065999,0.17295597484276728,1.0,0.17295597484276728
Slash,0.002890173410404624,0.09248554913294797,0.002890173410404624,0.09248554913294797,0.002890173410404624,0.09248554913294797,0.002890173410404624,0.09248554913294797,0.002890173410404624,0.09248554913294797,0.002890173410404624,0.09248554913294797,0.002890173410404624,0.09248554913294797,0.002853588936855183,0.09248554913294797,0.0016097168361747566,0.09248554913294797,0.0003658447354942479,0.09248554913294797,0.0,0.09248554913294797,0.0,0.09248554913294797,0.0,0.09248554913294797,0.0,0.09248554913294797,0.0,0.09248554913294797,0.0,0.09248554913294797,0.0,0.09248554913294797,0.0,0.09248554913294797,0.0,0.09248554913294797,0.0,0.09248554913294797,0.0,0.09248554913294797,0.0,0.09248554913294797,0.0,0.09248554913294797,0.0,0.09248554913294797,0.0,0.09248554913294797,0.0,0.09248554913294797,0.0,0.09248554913294797,0.0,0.09248554913294797,0.00014633789419768274,0.09248554913294797,0.0013902099948781914,0.09248554913294797,0.0026340820955586177,0.09248554913294797,0.005853515767908131,0.09149776834711347,0.009585132069949492,0.09025389624643297,0.01975561571668988,0.08783932099217091,0.03716982512621643,0.08410770469012956,0.055864491109972964,0.0801931660203409,0.08198580522426287,0.07521767761761912,0.10810711933855281,0.07024218921489717,0.1424233555279141,0.0652667008121753,0.17849564644764765,0.06029121240945342,0.21954342577010313,0.05531572400673155,0.2655666934952808,0.05034023560400968,0.3122484817443478,0.04536474720128781,0.36200336577156644,0.04038925879856586,0.41175824979878556,0.03541377039584399,0.4615131338260043,0.030438281993122117,0.5112680178532233,0.025462793590400247,0.5583888197848834,0.02114582571156799,0.6031682154093803,0.017414209409526545,0.6464110631448015,0.013938684422331109,0.6837272261652154,0.011450940220970256,0.7210433891856296,0.00896319601960932,0.7517743469671472,0.007572986024731129,0.7816272773834786,0.006329113924050621,0.8080046828126143,0.005085241823370194,0.8316382527255433,0.0038413697226896853,0.8541011194848906,0.0025974976220092586,0.8727592009950976,0.0013536255213287501,0.8914172825053048,0.00010975342064824152,0.9066730079754152,0.0,0.9215994731835809,0.0,0.9335991805077927,0.0,0.9435501573132364,0.0,0.9528426135947904,0.0,0.9603058461988732,0.0,0.967769078802956,0.0,0.9728909050998756,0.0,0.9778663935025975,0.0,0.9820736079607815,0.0,0.985805224262823,0.0,0.98917099582937,0.0,0.9916587400307311,0.0,0.9941464842320918,0.0,0.9954269408063218,0.0,0.9966708129070022,0.0,0.9979146850076825,0.0,0.9991585571083632,0.0,1.0,0.0,1.0,0.0,1.0,0.0
Slash,1.0,0.0056179775280898875,1.0,0.0056179775280898875,1.0,0.0056179775280898875,1.0,0.0056179775280898875,1.0,0.0056179775280898875,1.0,0.0056179775280898875,1.0,0.0056179775280898875,1.0,0.004764613852937028,1.0,0.003840136538188065,1.0,0.0029156592234390213,1.0,0.0019911819086901373,1.0,0.0010667045939410937,1.0,0.0001422272791922097,1.0,0.0,1.0,0.0,1.0,0.0,1.0,0.0,1.0,0.0,1.0,0.0,1.0,0.0,1.0,0.0,1.0,0.0,1.0,0.0,1.0,0.0,1.0,0.0,0.9993599772436352,0.0,0.9984354999288864,0.0,0.9975110226141375,0.0,0.9971910112359551,0.0,0.9971910112359551,0.0,0.9971910112359551,0.0,0.9966221021191866,0.0,0.9956976248044375,0.0,0.9947731474896885,0.0,0.9922486132840278,0.0005333522969705469,0.9885507040250321,0.0014578296117195905,0.9848527947660363,0.0023823069264684743,0.9766747262124875,0.003306784241217438,0.9646565211207511,0.004231261555966402,0.9526383160290145,0.005155738870715366,0.936922201678282,0.007004693500213294,0.9175081780685537,0.009778125444460264,0.8980941544588253,0.012551557388707156,0.8722799032854504,0.015751671170530515,0.8389987199544873,0.01944958042952637,0.8057175366235246,0.023147489688522226,0.7673517280614423,0.0272365239652965,0.7220523396387428,0.0318589105390414,0.6767529512160433,0.03648129711278622,0.6307424263973834,0.041103683686531035,0.5835940833451857,0.04572607026027593,0.5364457402929882,0.050348456834020755,0.49025743137533795,0.05497084340776557,0.44588252026738767,0.05959322998151039,0.40150760915943695,0.0642156165552552,0.35912387996017625,0.0688380031290002,0.32122031005546875,0.073460389702745,0.2833167401507613,0.07808277627648975,0.24765324989332965,0.08270516285023465,0.2180699758213625,0.08732754942397955,0.18848670174939566,0.09194993599772429,0.16082349594652276,0.09614564073389271,0.13956051770729633,0.09891907267813961,0.11829753946806995,0.10169250462238658,0.09827904992177507,0.10428815246764328,0.08348741288579165,0.10613710709714122,0.06869577584980806,0.10798606172663915,0.05461527520978521,0.10983501635613707,0.04444602474754661,0.111683970985635,0.034276774285308,0.11353292561513292,0.02464087612003985,0.1151685393258427,0.01909401223154601,0.1151685393258427,0.013547148343052224,0.1151685393258427,0.008213625373346637,0.1151685393258427,0.005440193429099706,0.1151685393258427,0.002666761484852794,0.1151685393258427,0.0,0.11513298250604465,0.0,0.11420850519129568,0.0,0.11328402787654672,0.0,0.11235955056179775
Slash,0.0027100271002710027,0.1002710027100271,0.0017838153065074856,0.10027100271002702,0.000857603512743988,0.1002710027100271,0.0,0.1002710027100271,0.0,0.1002710027100271,0.0,0.1002710027100271,0.0,0.10013378614798808,0.0,0.09920757435422449,0.0,0.09828136256046105,0.0,0.0975609756097561,0.0,0.0975609756097561,0.0,0.0975609756097561,0.0,0.0975609756097561,0.0,0.0975609756097561,0.0,0.0975609756097561,0.0,0.0975609756097561,0.0,0.0975609756097561,0.0,0.0975609756097561,0.0,0.0975609756097561,0.0,0.0975609756097561,0.0,0.0975609756097561,0.0,0.0975609756097561,0.0,0.0975609756097561,0.0,0.0975609756097561,0.0005488662481561554,0.0975609756097561,0.0014750780419196532,0.0975609756097561,0.0024012898356831703,0.0975609756097561,0.005797399746149367,0.09694350108058039,0.010428458714966895,0.09601728928681695,0.015059517683784421,0.09509107749305344,0.025865321944358657,0.09347878288909467,0.03883228705704778,0.0916263593015677,0.05179925216973687,0.08977393571404076,0.07155843710335838,0.08716682103529892,0.09286130835991904,0.08438818565400845,0.1141641796164797,0.08160955027271789,0.14699324208431955,0.07883091489142742,0.1812630784535693,0.07605227951013686,0.2155329148228191,0.07327364412884632,0.25872182772460633,0.07049500874755585,0.3022537820314912,0.06771637336626529,0.34585434461939557,0.06493773798497482,0.3912387225138075,0.06215910260368427,0.4366231004082192,0.05938046722239372,0.48169874103804333,0.056601831841103165,0.5243044835511647,0.05382319645981277,0.566910226064286,0.05104456107852214,0.6086583650646632,0.04826592569723167,0.6466330486089669,0.04548729031594111,0.6846077321532708,0.04270865493465064,0.7206613838290281,0.03993001955336009,0.7512263730232238,0.03715138417206962,0.7817913622174194,0.03437274879077907,0.8095777160303246,0.03190285067407641,0.8318067990806489,0.030050427086549373,0.8540358821309731,0.028198003499022337,0.8736235463620458,0.026345579911495304,0.8893691468560255,0.02449315632396827,0.9051147473500052,0.022640732736441314,0.9186305787108504,0.020788309148914278,0.9297451202360124,0.01893588556138732,0.9408596617611744,0.01708346197386029,0.949915954855751,0.015231038386333176,0.9573256492058592,0.01337861479880622,0.9647353435559671,0.011526191211279185,0.9703955267400775,0.01025693801241808,0.975026585708895,0.009330726218654564,0.9796576446777124,0.008404514424891124,0.9829851463071593,0.007478302631127608,0.9857637816884498,0.00655209083736409,0.9885424170697403,0.005625879043600573,0.990600665500326,0.004699667249837057,0.9924530890878529,0.0037734554560735394,0.9943055126753799,0.002847243662310022,0.9953689410311825,0.0019210318685465822,0.996295152824946,0.0009948200747830654,0.9972213646187095,6.860828101947129e-05,0.998147576412473,0.0,0.9990737882062365,0.0,1.0,0.0
Slash,1.0,0.04521276595744681,1.0,0.044337462967950374,1.0,0.04346215997845409,1.0,0.04258685698895773,1.0,0.0425531914893617,1.0,0.0425531914893617,1.0,0.0425531914893617,1.0,0.0425531914893617,1.0,0.0425531914893617,1.0,0.0425531914893617,1.0,0.0425531914893617,1.0,0.0425531914893617,1.0,0.0425531914893617,1.0,0.0425531914893617,1.0,0.0425531914893617,1.0,0.0425531914893617,1.0,0.0425531914893617,1.0,0.0425531914893617,1.0,0.0425531914893617,1.0,0.0425531914893617,1.0,0.0425531914893617,1.0,0.0425531914893617,1.0,0.0425531914893617,1.0,0.0425531914893617,1.0,0.0425531914893617,1.0,0.0425531914893617,1.0,0.0425531914893617,1.0,0.0425531914893617,0.9994276865068679,0.0425531914893617,0.9985523835173713,0.0425531914893617,0.9976770805278751,0.0425531914893617,0.9968017775383787,0.0425531914893617,0.9959264745488823,0.0425531914893617,0.9950511715593858,0.0425531914893617,0.9921559385941288,0.042048208995421506,0.987779423646647,0.041172906005925144,0.983402908699165,0.04029760301642871,0.9752558577969298,0.03847966603824401,0.963876918933477,0.035853757069754855,0.9524979800700243,0.033227848101265854,0.9363048747643415,0.03103959062752484,0.9152976030164289,0.029288984648532197,0.894290331268516,0.027538378669539405,0.8676272555884731,0.025787772690546763,0.8343657419876113,0.024037166711553967,0.8011042283867494,0.022286560732561248,0.7633988688392137,0.02090627524912469,0.7196337193643956,0.02003097225962833,0.6758685698895773,0.019155669270131973,0.6307568004309189,0.01828036628063561,0.5834904389981149,0.017405063291139253,0.536224077565311,0.016529760301642892,0.48865472663614345,0.01626043630487482,0.4405130622138437,0.0171357392943711,0.3923713977915434,0.018011042283867535,0.34665364934015624,0.018617021276595744,0.3063897118233236,0.018617021276595744,0.2661257743064911,0.018617021276595744,0.22916105575006745,0.018617021276595744,0.20115136008618364,0.018617021276595744,0.17314166442230014,0.018617021276595744,0.14715189873417744,0.01841502827901965,0.12789523296525732,0.01753972528952329,0.10863856719633717,0.016664422300026932,0.09056019391327773,0.01578911931053057,0.07743064907083234,0.014913816321034213,0.0643011042283868,0.014038513331537853,0.05184486937786156,0.013028548343657456,0.043091839482897965,0.011277942364664737,0.03433880958793437,0.00952733638567202,0.025989765688122838,0.00787772690546731,0.020737947751144625,0.0070024239159708745,0.015486129814166468,0.006127120926474516,0.010436304874764369,0.005251817936978156,0.007810395906275253,0.004376514947481872,0.005184486937786156,0.0035012119579854372,0.002625908968489097,0.002625908968489078,0.0017506059789927375,0.0017506059789927186,0.0008753029894963593,0.0008753029894963593,0.0,0.0
Slash,0.0106951871657754,0.0,0.0106951871657754,0.0,0.0106951871657754,0.0,0.0106951871657754,0.0,0.0106951871657754,0.0,0.0106951871657754,0.0,0.0106951871657754,0.0,0.0106951871657754,0.0,0.0106951871657754,0.0,0.0106951871657754,0.0,0.0106951871657754,0.0,0.0106951871657754,0.0,0.0106951871657754,0.0,0.009950585527651802,0.0,0.009070601773505712,0.0,0.008190618019359639,0.0,0.006599878156095582,0.0,0.004839910647803418,0.0,0.0030799431395112536,0.0,0.0019968862113314795,0.0,0.001116902457185407,0.0,0.0002369187030393345,0.0,0.0,0.0,0.0,0.0,0.0,0.0,0.0,0.0006092195221010861,0.0,0.0014892032762472346,0.0,0.0023691870303933073,0.0,0.00267379679144385,0.0,0.00267379679144385,0.0,0.00267379679144385,0.0016245853922696707,0.00267379679144385,0.004264536654707907,0.00267379679144385,0.006904487917146144,0.00267379679144385,0.015128951465511358,0.00267379679144385,0.027448724023556467,0.00267379679144385,0.03976849658160154,0.00267379679144385,0.0563528057943545,0.0021999593853652194,0.07659243213971428,0.0013199756312191468,0.09683205848507406,0.00043999187707299825,0.12367156298652938,0.0,0.1571109456440803,0.0,0.19055032830163124,0.0,0.22764502809178894,0.0,0.26900426453665466,0.0,0.3103635009815202,0.0,0.35283963988357125,0.0,0.39683882759087513,0.0,0.44083801529817895,0.0,0.4831449265552017,0.0006769105801123518,0.5227441954917753,0.002436878088404497,0.5623434644283491,0.0041968455966967175,0.6007242943207202,0.0065660326270898725,0.636803628240709,0.010085967643674238,0.6728829621606984,0.013605902660258604,0.7070669464563732,0.017125837676842896,0.7369863940973396,0.020645772693427183,0.7669058417383061,0.024165707710011475,0.7949299397549583,0.027685642726595766,0.8178095173627564,0.03120557774318013,0.8406890949705542,0.034725512759764494,0.8621471603601163,0.03804237460231499,0.8788668516888919,0.04068232586475328,0.8955865430176673,0.0433222771271915,0.9112908684762743,0.04579300074460163,0.9227306572801731,0.047552968252893776,0.9341704460840723,0.04931293576118592,0.9450687064238815,0.05107290326947807,0.9529885602111962,0.05283287077777021,0.9609084139985108,0.05459283828606235,0.9686251946117918,0.05625126920733775,0.9747850808908144,0.05713125296148375,0.9809449671698369,0.05801123671562982,0.9868340892168144,0.058823529411764705,0.9894740404792527,0.058823529411764705,0.992113991741691,0.058823529411764705,0.9947200974751236,0.058823529411764705,0.9964800649834157,0.058823529411764705,0.9982400324917077,0.058823529411764705,1.0,0.058823529411764705
Slash,1.0,0.3018867924528302,1.0,0.30096557371455857,1.0,0.3000443549762871,1.0,0.2991913746630728,1.0,0.2991913746630728,1.0,0.2991913746630728,1.0,0.2991913746630728,1.0,0.2991913746630728,1.0,0.2991913746630728,1.0,0.2991913746630728,1.0,0.2991913746630728,1.0,0.2991913746630728,1.0,0.2991913746630728,1.0,0.2991913746630728,1.0,0.2991913746630728,0.9996588078747143,0.29885018253778706,0.9987375891364427,0.2979289637995155,0.9978163703981712,0.297007745061244,0.9968951516598996,0.29608652632297244,0.9959739329216282,0.2951653075847009,0.9950527141833567,0.2942440888464294,0.9936538264696851,0.29332287010815783,0.991811388993142,0.2924016513698864,0.989968951516599,0.2914804326316149,0.9875806066395987,0.29001330649288615,0.9848169504247842,0.2881708690163431,0.9820532942099697,0.2863284315398001,0.9774472005186121,0.28448599406325703,0.971919888088983,0.282643556586714,0.9663925756593538,0.28080111911017097,0.9560885734757242,0.27759391313248494,0.9441127298781943,0.2739090381793988,0.9321368862806646,0.2702241632263128,0.9141560612781057,0.2650380429219694,0.8948104677744039,0.25951073049234025,0.8754648742707019,0.2539834180627111,0.8438363642567129,0.24681838343171036,0.8106724896789381,0.23944863352553827,0.7775086151011635,0.2320788836193661,0.7319253471629874,0.22204783513596504,0.6858644102494115,0.21191442901497837,0.6396328772731926,0.2017127844689345,0.5889658466682589,0.1897369408714047,0.5382988160633252,0.17776109727387487,0.4877341430959773,0.16568289603875944,0.4379883312293152,0.15278583370295815,0.3882425193626531,0.13988877136715688,0.3402026681224199,0.12733290115664136,0.29966904363847296,0.11627827629738315,0.2591354191545261,0.10522365143812486,0.22170664301067938,0.09464669555426666,0.19314886212426233,0.08543450817155143,0.1645910812378451,0.0762223207888362,0.13879695656624247,0.06762427923163536,0.11853014432426905,0.06025452932546319,0.09826333208229561,0.052884779419291025,0.08099901054283669,0.04626565218874752,0.06810194820703541,0.04073833975911838,0.05520488587123415,0.03521102732948923,0.04452557234979019,0.03057081442560307,0.03623460370534653,0.026885939472516985,0.027943635060902833,0.0232010645194309,0.02169981916817362,0.020027977754273427,0.017093725476816004,0.017264321539458876,0.012487631785458411,0.014500665324644323,0.009041591320072338,0.012317035722815483,0.006277935105257766,0.010474598246272499,0.003514278890443213,0.008632160769729438,0.0020471527517144823,0.007437988331229346,0.001125934013442971,0.006516769592957815,0.00020471527517144055,0.005595550854686285,0.0,0.004674332116414754,0.0,0.0037531133781432235,0.0,0.0028318946398717317,0.0007847418881572303,0.0019106759016002013,0.0017059606264287416,0.000989457163328671,0.002627179364700272,6.823842505714047e-05,0.0026954177897574125,0.0,0.0026954177897574125,0.0,0.0026954177897574125,0.0
Slash,0.0026954177897574125,0.0026954177897574125,0.0018765566890716118,0.0018765566890716118,0.0010576955883858114,0.0010576955883858114,0.00023883448770002993,0.0002388344877000491,0.0,0.0,0.0,0.0,0.0,0.0,0.0,0.0,0.0,0.0,0.0,0.0,0.0,0.00010235763758572985,0.0,0.0009212187382715304,0.0,0.0017400798389572926,0.0,0.0025589409396430934,0.0006823842505715005,0.003377802040328932,0.0015012453512572817,0.004196663141014733,0.0023201064519431016,0.005015524241700495,0.004469616841243314,0.006277935105257766,0.007745061243986477,0.007915657306629367,0.011020505646729661,0.009553379508000968,0.015933672250844463,0.011395816984543991,0.025760005459073993,0.013852400286601393,0.03558633866730356,0.016308983588658756,0.04541267187553313,0.018765566890716158,0.06151694018902042,0.022791633969087982,0.0778941622027364,0.026885939472516985,0.0942713842164523,0.03098024497594595,0.11665358763519747,0.03562045787983215,0.14203828175645716,0.040533624483946915,0.1674229758777168,0.04544679108806168,0.19587839912654825,0.051281176430448015,0.2294517042546658,0.05865092633662018,0.2630250093827835,0.06602067624279234,0.29707598348630115,0.0734586645740217,0.33638131631921936,0.08164727558087963,0.37568664915213756,0.08983588658773756,0.41499198198505577,0.09802449759459547,0.4562421099321027,0.10750963867753935,0.49800402606707855,0.11733597188576896,0.5397659422020541,0.12716230509399848,0.5786618444846293,0.13698863830222793,0.6146917329148044,0.14681497151045755,0.6507216213449795,0.15664130471868715,0.6852161452113685,0.1662970418642738,0.7138762837353714,0.1753045139718175,0.7425364222593742,0.18431198607936128,0.7711965607833771,0.19331945818690502,0.7938517179023508,0.20082568494319147,0.8159609676208673,0.20819543484936373,0.8380702173393839,0.21556518475553588,0.8560851615544715,0.22139957009792216,0.8716435224675014,0.22631273670203694,0.8872018833805316,0.23122590330615167,0.9011225220921901,0.23559316250980927,0.9117677164011055,0.2388686069125525,0.9224129107100209,0.24214405131529568,0.932921628168822,0.24538537650551023,0.9402913780749942,0.24784195980756765,0.9476611279811662,0.250298543109625,0.9550308778873383,0.25275512641168246,0.9605581903169675,0.2545975638882255,0.9654713569210822,0.25623528608959706,0.9703845235251971,0.2578730082909687,0.9741717561158688,0.2591354191545259,0.9766283394179262,0.25995428025521167,0.9790849227199837,0.2607731413558975,0.981541506022041,0.2615920024565834,0.9839980893240984,0.26241086355726906,0.9864546726261556,0.2632297246579549,0.9889112559282132,0.2640485857586407,0.9906513357671705,0.2641509433962264,0.992289057968542,0.2641509433962264,0.9939267801699136,0.2641509433962264,0.9950868333958853,0.2646286123716265,0.995905694496571,0.2654474734723123,0.9967245555972568,0.26626633457299803,0.9975434166979424,0.2670851956736839,0.9983622777986285,0.2679040567743696,0.9991811388993141,0.2687229178750554,1.0,0.2695417789757412
Slash,1.0,0.004629629629629629,1.0,0.00339896858884214,1.0,0.002168307548054387,1.0,0.0009376465072667655,1.0,0.0,1.0,0.0,1.0,0.0,1.0,0.0,0.9994139709329583,0.0,0.9981833098921707,0.0,0.9969526488513833,0.0,0.9957219878105955,0.0,0.9936122831692452,0.0,0.9911509610876698,0.0,0.9886896390060947,0.0,0.9862283169245193,0.0,0.9825949367088609,0.0,0.9789029535864978,0.0,0.9752109704641349,0.0,0.9710501640881388,0.0,0.9648968588842005,0.0,0.9587435536802625,0.0,0.9525902484763243,0.0,0.9448546647913737,0.000527426160337646,0.935009376465073,0.0017580872011252675,0.9251640881387715,0.002988748241912889,0.9153187998124708,0.004219409282700378,0.902191748710736,0.005450070323488132,0.8874238162212846,0.0066807313642756215,0.8726558837318331,0.007911392405063243,0.8578879512423817,0.009142053445850864,0.8342123769338959,0.01259962494139707,0.8095991561181435,0.016291608063759934,0.784985935302391,0.0199835911861228,0.7596694796061888,0.023675574308485662,0.7301336146272855,0.027367557430848528,0.7005977496483827,0.031059540553211522,0.6710618846694798,0.034751523675574256,0.6410571964369436,0.03891233005157057,0.6102906704172528,0.04383497421472105,0.5795241443975622,0.04875761837787154,0.5487576183778715,0.053680262541022025,0.5179910923581809,0.05860290670417251,0.4872245663384905,0.06352555086732299,0.45645804031880005,0.06844819503047349,0.4256915142991094,0.07337083919362397,0.39492498827941874,0.07829348335677445,0.3641584622597283,0.08321612751992494,0.33339193624003766,0.08813877168307542,0.30309423347398057,0.09294421003281765,0.2772503516174404,0.09663619315518052,0.2514064697609002,0.10032817627754324,0.2255625879043603,0.10402015939990623,0.20176980778246612,0.10730192217533999,0.18207923112986416,0.10976324425691522,0.16238865447726222,0.11222456633849047,0.1426980778246603,0.11468588842006572,0.1258204406938585,0.11574074074074074,0.11105250820440704,0.11574074074074074,0.09628457571495559,0.11574074074074074,0.08151664322550413,0.11574074074074074,0.07073370839193627,0.11574074074074074,0.060888420065635294,0.11574074074074074,0.05104313173933432,0.11574074074074074,0.04149085794655421,0.11568213783403654,0.03779887482419134,0.11445147679324892,0.03410689170182848,0.1132208157524613,0.030414908579465612,0.11199015471167367,0.02672292545710275,0.11075949367088606,0.023030942334739752,0.10952883263009844,0.01933895921237689,0.10829817158931082,0.015646976090014024,0.10706751054852319,0.01259962494139707,0.10583684950773557,0.010138302859821827,0.10460618846694796,0.007676980778246716,0.10337552742616032,0.005215658696671473,0.1021448663853727,0.0036919831223627326,0.10185185185185185,0.002461322081575243,0.10185185185185185,0.001230661040787753,0.10185185185185185,0.0,0.10185185185185185
Slash,0.0,0.09900990099009901,0.0,0.09763128211555344,0.0,0.09625266324100759,0.0,0.09487404436646203,0.0,0.09405940594059406,0.0,0.09405940594059406,0.0,0.09405940594059406,0.0,0.09405940594059406,0.0022559217947110935,0.09293144504323858,0.005013159543802508,0.09155282616869287,0.007770397292893923,0.09017420729414717,0.011154279984960493,0.08879558841960146,0.01666875548314332,0.08741696954505575,0.02218323098132587,0.08603835067051005,0.0276977064795087,0.08465973179596448,0.038475999498684126,0.08240381000125338,0.05226218824414092,0.07964657225216197,0.06604837698959772,0.07688933450307056,0.08033588168943483,0.07406943225968159,0.10515102143125714,0.0699335756360446,0.1299661611730793,0.06579771901240748,0.1547813009149016,0.06166186238877064,0.1827296653716004,0.058152650708108815,0.2144378994861511,0.0553954129590174,0.2461461336007018,0.05263817520992613,0.2778543677152525,0.04988093746083471,0.3143251033964157,0.047123699711743294,0.3515478130091489,0.04436646196265202,0.38877052262188244,0.04160922421356061,0.42561724526883093,0.03885198646446919,0.46146133600701844,0.03609474871537778,0.497305426745206,0.033337510966286364,0.5331495174833938,0.03058027321719523,0.5680536408071187,0.02876300288256676,0.6025191126707605,0.02738438400802105,0.6369845845344024,0.026005765133475345,0.6709487404436646,0.024627146258929637,0.6998997368091239,0.02324852738438407,0.7288507331745832,0.021869908509838363,0.7578017295400425,0.020491289635292516,0.7826168692818647,0.01911267076074695,0.80329615240005,0.01773405188620124,0.8239754355182353,0.016355433011655533,0.8446547186364206,0.014976814137109827,0.8603208422108036,0.013598195262564259,0.8754856498308058,0.012219576388018552,0.8906504574508086,0.010840957513472844,0.9044993106905626,0.009462338638927138,0.9155282616869282,0.008083719764381431,0.9265572126832938,0.006705100889835723,0.937586163679659,0.005326482015290015,0.945607218949743,0.0039478631407444485,0.9525003133224715,0.0025692442661987415,0.9593934076951998,0.0011906253916531748,0.9659105151021432,0.0,0.9700463717257801,0.0,0.9741822283494171,0.0,0.9783180849730543,0.0,0.981701967665121,0.0,0.9844592054142122,0.0,0.9872164431633038,0.0,0.989973680912395,0.0,0.9914149642812381,0.0,0.9927935831557841,0.0,0.9941722020303299,0.0,0.9955508209048752,0.0,0.996929439779421,0.0,0.9983080586539669,0.0,0.9996866775285124,0.0,1.0,0.0,1.0,0.0,1.0,0.0,1.0,0.0,1.0,0.0,1.0,0.0,1.0,0.0,1.0,0.0,1.0,0.0,1.0,0.0,1.0,0.0
Slash,1.0,0.0,0.9991898734177215,0.0,0.998379746835443,0.0,0.9975696202531645,0.0,0.9956118143459917,0.0,0.9931814345991561,0.0,0.9907510548523206,0.0,0.9876455696202532,0.0,0.9835949367088608,0.0,0.9795443037974683,0.0,0.9750886075949367,0.00010126582278477751,0.9677974683544305,0.0009113924050633007,0.9605063291139241,0.001721518987341824,0.9532151898734178,0.0025316455696201955,0.9398481012658227,0.004691983122362899,0.9252658227848103,0.007122362869198241,0.9106835443037974,0.00955274261603381,0.8741603375527426,0.01549367088607596,0.8190717299578061,0.024405063291139263,0.763983122362869,0.03331645569620256,0.7086919831223628,0.04243037974683549,0.6527932489451476,0.05215189873417724,0.5968945147679324,0.06187341772151907,0.5409957805907173,0.07159493670886073,0.48432067510548527,0.08054008438818566,0.4276118143459915,0.08945147679324904,0.37090295358649783,0.09836286919831218,0.3255358649789028,0.10565400843881859,0.2858396624472572,0.11213502109704647,0.2461434599156117,0.1186160337552742,0.21100421940928266,0.12418565400843878,0.1834599156118143,0.12823628691983124,0.15591561181434596,0.1322869198312237,0.12904641350210969,0.1362025316455697,0.10960337552742616,0.13863291139240513,0.09016033755274262,0.1410632911392404,0.0707172995780591,0.14349367088607595,0.05704641350210973,0.14528270042194086,0.04489451476793246,0.1469029535864979,0.03274261603375525,0.14852320675105482,0.02302109704641348,0.14933333333333335,0.01572995780590717,0.14933333333333335,0.008438818565400841,0.14933333333333335,0.0024978902953586538,0.14933333333333335,0.0016877637130801684,0.14933333333333335,0.0008776371308016924,0.14933333333333335,6.751054852320712e-05,0.14933333333333335,0.0,0.14859071729957804,0.0,0.14778059071729968,0.0,0.146970464135021,0.0010126582278480972,0.14616033755274263,0.002632911392405068,0.1453502109704641,0.004253164556962038,0.14454008438818558,0.0066835443037974755,0.14372995780590722,0.010734177215189902,0.1429198312236287,0.01478481012658229,0.14210970464135017,0.0188016877637131,0.14129957805907178,0.022042194092827004,0.14048945147679326,0.025282700421940946,0.13967932489451473,0.02852320675105485,0.1388691983122362,0.031156118143459935,0.13805907172995785,0.03358649789029535,0.13724894514767932,0.03601687763713081,0.1364388185654008,0.038447257383966246,0.13562869198312244,0.04087763713080168,0.13481856540084391,0.04330801687763714,0.1340084388185654,0.04560337552742616,0.13319831223628686,0.047223628691983134,0.13238818565400834,0.04884388185654009,0.13157805907172998,0.050464135021097055,0.13076793248945145,0.05208438818565401,0.12995780590717307,0.053704641350210976,0.12914767932489454,0.05532489451476793,0.12833755274261602,0.05647257383966246,0.1275274261603375,0.057282700421940926,0.12671729957805913,0.05809282700421941,0.1259071729957806,0.05890295358649789,0.12533333333333332,0.05971308016877636,0.12533333333333332,0.060523206751054846,0.12533333333333332,0.06133333333333333,0.12533333333333332
Slash,0.007537688442211055,0.11557788944723618,0.007537688442211055,0.11557788944723618,0.007537688442211055,0.11557788944723618,0.007537688442211055,0.11557788944723618,0.007537688442211055,0.11557788944723618,0.007537688442211055,0.11557788944723618,0.007219642516379354,0.11557788944723618,0.006329113924050635,0.11557788944723618,0.005438585331721898,0.11557788944723618,0.004548056739393161,0.11557788944723618,0.003657528147064424,0.11557788944723618,0.0027669995547357053,0.11557788944723618,0.0018764709624069682,0.11557788944723618,0.0009859423700782311,0.11557788944723618,9.5413777749512e-05,0.11557788944723618,0.0,0.11557788944723618,0.0,0.11557788944723618,0.0,0.11557788944723618,0.0,0.11557788944723618,0.0,0.11557788944723618,0.0,0.11557788944723618,0.0,0.11557788944723618,0.0,0.11557788944723618,0.00038165511099803016,0.11557788944723618,0.0012721837033267671,0.11557788944723618,0.0021627122956554864,0.11557788944723618,0.005756631257553582,0.11503721137332229,0.011099802811525967,0.1141466827809936,0.01644297436549837,0.11325615418866478,0.03228166147191652,0.11026652248584691,0.050982761910819914,0.10670440811653203,0.0696838623497233,0.10314229374721716,0.10212454678455571,0.09786273137841099,0.13507410470071882,0.0925195598244386,0.1696775014312067,0.08717638827046621,0.21420393104764335,0.08183321671649382,0.25873036066407995,0.07649004516252145,0.3046879969467592,0.07143311494179763,0.3536670695248395,0.06698047198015393,0.40264614210291977,0.06252782901851023,0.45028942179250697,0.05762992176070225,0.49659690859360084,0.05228675020672986,0.5429043953946949,0.04694357865275748,0.5855861586413078,0.042808981616945456,0.6265504738884295,0.03924686724763058,0.6675147891355511,0.03568475287831563,0.7016093123847086,0.03288594873099678,0.7345588703008714,0.030214362954010587,0.7672221868837859,0.027542777177024393,0.7921569874689905,0.0248711914000382,0.8170917880541949,0.022199605623052007,0.8406907957509064,0.019718847401564838,0.8593918961898098,0.017937790216907255,0.8780929966287133,0.01615673303224989,0.8946949939571275,0.01437567584759238,0.9080529228420584,0.01259461866293487,0.9214108517269893,0.01081356147827743,0.9322244132052668,0.009541377774950701,0.9411296991285542,0.008650849182621946,0.9500349850518416,0.0077603205902932616,0.9562686851981426,0.006869791997964507,0.961611856752115,0.005979263405635752,0.9669550283060874,0.0050887348133070685,0.9714712804528974,0.004198206220978314,0.975923923414541,0.003307677628649559,0.9801857388206857,0.0024171490363208755,0.9828573245976719,0.001526620443992049,0.9855289103746582,0.0006360918516633657,0.9879460594109789,0.0,0.9897271165956364,0.0,0.9915081737802939,0.0,0.9928757712613703,0.0,0.9937662998536989,0.0,0.9946568284460277,0.0,0.9955473570383564,0.0,0.9964378856306851,0.0,0.9973284142230138,0.0,0.9982189428153425,0.0,0.9991094714076714,0.0,1.0,0.0
Slash,1.0,0.006134969325153374,0.999223421604411,0.005358390929564357,0.9984468432088219,0.00458181253397534,0.9976702648132327,0.003805234138386323,0.996816028578085,0.003028655742797219,0.9944862933913178,0.0022520773472081146,0.9921565582045507,0.0014754989516190975,0.9898268230177837,0.0006989205560301677,0.9874970878310164,0.0,0.9851673526442496,0.0,0.9828376174574823,0.0,0.9805078822707153,0.0,0.978178147083948,0.0,0.975848411897181,0.0,0.9735186767104139,0.0,0.9711889415236468,0.0,0.9688592063368797,0.0,0.9665294711501128,0.0,0.9641997359633454,0.0,0.9618700007765784,0.0,0.9593461209909141,0.00019414459889725426,0.9562398074085579,0.0009707229944862714,0.9531334938262017,0.0017473013900752884,0.9500271802438455,0.0025238797856643055,0.9462219461054594,0.003533431699930132,0.9407858973363361,0.005086588491108167,0.9353498485672129,0.0066397452822862,0.9299137997980896,0.008192902073464322,0.922303331521317,0.009746058864642356,0.9106546555874816,0.01129921565582039,0.8990059796536459,0.012852372446998512,0.8873573037198105,0.014405529238176633,0.8722916828453832,0.016579948745825898,0.8521006445600682,0.019686262328182054,0.8319096062747533,0.02279257591053821,0.8117185679894384,0.025898889492894275,0.7862856255338976,0.02900520307525043,0.7544459113147471,0.03211151665760659,0.7226061970955966,0.03521783023996265,0.6907664828764464,0.0383241438223189,0.6542672982837617,0.041818746602469474,0.6131086433175429,0.04570163858041473,0.5719499883513242,0.04958453055835991,0.530791333385105,0.05346742253630508,0.4904869146540342,0.05649607827910221,0.4508814164789936,0.05882581346586944,0.41127591830395255,0.06115554865263649,0.37167042012891177,0.06348528383940354,0.3367243923274053,0.06534907198881731,0.3048846781082549,0.06690222877999535,0.2730449638891046,0.0684553855711734,0.24120524966995405,0.0700085423623515,0.2159276228935311,0.07156169915352946,0.1941834278170381,0.07311485594470767,0.172439232740545,0.0746680127358857,0.1506950376640521,0.07622116952706373,0.1332996816028578,0.07723072144132948,0.1177681136910771,0.0780072998369185,0.10223654577929642,0.0787838782325076,0.08670497786751563,0.0795604566280966,0.07583288032926923,0.07975460122699386,0.06651393958220085,0.07975460122699386,0.057194998835132294,0.07975460122699386,0.04787605808806391,0.07975460122699386,0.04228469363982292,0.07975460122699386,0.03762522326628864,0.07975460122699386,0.03296575289275454,0.07975460122699386,0.028306282519220266,0.07975460122699386,0.024966995418187473,0.07975460122699386,0.021860681835831317,0.07975460122699386,0.01875436825347516,0.07975460122699386,0.01564805467111905,0.07975460122699386,0.01324066164479302,0.07975460122699386,0.01091092645802588,0.07975460122699386,0.00858119127125883,0.07975460122699386,0.006251456084491692,0.07975460122699386,0.0046594703735341894,0.07975460122699386,0.0031063135823561554,0.07975460122699386,0.001553156791178034,0.07975460122699386,0.0,0.07975460122699386
Slash,0.0,0.1757188498402556,0.0,0.17482913414486187,0.0,0.17393941844946817,0.0,0.17304970275407452,0.0,0.17252396166134185,0.0,0.17252396166134185,0.0,0.17252396166134185,0.0,0.17252396166134185,0.0,0.17252396166134185,0.0,0.17252396166134185,0.0,0.17252396166134185,0.0,0.17252396166134185,0.0,0.17252396166134185,0.0,0.17252396166134185,0.0,0.17252396166134185,0.0,0.17252396166134185,0.0,0.17252396166134185,0.0,0.17252396166134185,0.0,0.17252396166134185,0.0,0.17252396166134185,0.0,0.17252396166134185,0.0,0.17252396166134185,0.000404416225178945,0.17252396166134185,0.0012941319205726602,0.17252396166134185,0.00218384761596633,0.17252396166134185,0.0030735633113600455,0.17252396166134185,0.003194888178913738,0.17175557083350187,0.003194888178913738,0.17086585513810815,0.003194888178913738,0.16997613944271445,0.004650786589558004,0.16884377401221334,0.00998908076192016,0.16706434262142592,0.01532737493428236,0.16528491123063857,0.020665669106644562,0.16350547983985123,0.030250333643385776,0.16051279977352698,0.0418166376835038,0.1569539369919522,0.053382941723621916,0.15339507421037735,0.06680956039956329,0.14951267844865945,0.09883932543373636,0.1423949528855097,0.1308690904679095,0.1352772273223602,0.16289885550208263,0.12815950175921065,0.20115663040401166,0.12059691834836425,0.24564241517369653,0.1125894770898209,0.29012819994338174,0.10458203583127755,0.3346139847130667,0.09657459457273421,0.37990860193310944,0.08937598576454885,0.4252841023981881,0.0822582602013993,0.4706596028632667,0.07514053463824975,0.5149027378978442,0.06858899179035063,0.5567193755813483,0.06325069761798852,0.5985360132648522,0.05791240344562623,0.6403526509483561,0.05257410927326412,0.6763456949892829,0.04788288106118816,0.7101548914142434,0.043434302584219674,0.743964087839204,0.038985724107251186,0.7763173858535203,0.03477979536539009,0.7994499939337566,0.03211064827920894,0.8225826020139928,0.029441501193027884,0.8457152100942289,0.026772354106846738,0.8649654224127473,0.024103207020665592,0.8809803049298338,0.02143405993448463,0.8969951874469203,0.018764912848303485,0.9130100699640068,0.01609576576212234,0.9239293080438387,0.014275892748817085,0.934605896388563,0.012496461358029655,0.9452824847332874,0.010717029967242315,0.9543414081772962,0.008937598576454884,0.9605694180450519,0.007158167185667544,0.966797427912808,0.005378735794880114,0.9730254377805638,0.003599304404092683,0.9771909248999071,0.002507380596109586,0.9807497876814818,0.00161766490071578,0.9843086504630566,0.0007279492053221554,0.9877057467545598,0.0,0.9903748938407407,0.0,0.9930440409269219,0.0,0.995713188013103,0.0,0.9973308529138188,0.0,0.9982205686092126,0.0,0.9991102843046061,0.0,1.0,0.0
Slash,1.0,0.0,1.0,0.0,1.0,0.0,1.0,0.0,0.9992201091847139,0.0,0.9978403023576701,0.0,0.9964604955306257,0.0,0.9950806887035816,0.0,0.9937008818765372,0.0,0.9923210750494931,0.0,0.9909412682224489,0.0,0.987641730157778,0.0,0.9835023096766454,0.0,0.9793628891955127,0.0,0.97450356950027,0.00035994960705503106,0.9676045353650489,0.0017397564340992943,0.9607055012298279,0.003119563261143423,0.9538064670946067,0.004499370088187552,0.9434879116923629,0.005879176915231949,0.9324494570760093,0.0072589837422760775,0.9214110024596558,0.008638790569320341,0.9082128502009718,0.010558521806947083,0.8916551682764412,0.013318135461035475,0.8750974863519105,0.016077749115123868,0.8585398044273802,0.018837362769212395,0.8261443397924291,0.02291679164916919,0.7930289759433681,0.027056212130301842,0.7599136120943069,0.031195632611434498,0.7181594576759254,0.03533505309256702,0.6684864119023335,0.039474473573699674,0.6188133661287419,0.043613894054832326,0.5690203371527986,0.047633331333613395,0.5179674845521626,0.05039294498770165,0.4669146319515269,0.05315255864179018,0.4158617793508909,0.055912172295878575,0.3729077929089928,0.05867178594996696,0.334273201751755,0.06143139960405549,0.29563861059451674,0.06419101325814375,0.2594036834843121,0.06695062691223228,0.23180754694342787,0.0697102405663208,0.20421141040254367,0.07246985422040905,0.1766152738616595,0.07522946787449758,0.15549823024776532,0.07690923270742088,0.13618093466914646,0.07828903953446514,0.11686363909052731,0.07966884636150941,0.10138580598716178,0.08056872037914692,0.09310696502489647,0.08056872037914692,0.0848281240626313,0.08056872037914692,0.07654928310036599,0.08056872037914692,0.0720499130121783,0.08056872037914692,0.06791049253104578,0.08056872037914692,0.06377107204991313,0.08056872037914692,0.05963165156878047,0.08056872037914692,0.055492231087647816,0.08056872037914692,0.051352810606515024,0.08056872037914692,0.04727338172655823,0.08056872037914692,0.04451376807246984,0.08056872037914692,0.04175415441838145,0.08056872037914692,0.038994540764293054,0.08056872037914692,0.037074809526666176,0.08056872037914692,0.03569500269962205,0.08056872037914692,0.03431519587257792,0.08056872037914692,0.032935389045533656,0.08056872037914692,0.03155558221848939,0.08056872037914692,0.030175775391445267,0.08056872037914692,0.028795968564401003,0.08056872037914692,0.02639630451736751,0.08056872037914692,0.023636690863279117,0.08056872037914692,0.020877077209190725,0.08056872037914692,0.018117463555102197,0.08056872037914692,0.01535784990101394,0.08056872037914692,0.012598236246925548,0.08056872037914692,0.00983862259283702,0.08056872037914692,0.00827884096226531,0.08056872037914692,0.006899034135221047,0.08056872037914692,0.005519227308176783,0.08056872037914692,0.004139420481132655,0.08056872037914692,0.0027596136540885266,0.08056872037914692,0.0013798068270442633,0.08056872037914692,0.0,0.08056872037914692
Slash,0.016574585635359115,0.0,0.016574585635359115,0.0,0.016574585635359115,0.0,0.016574585635359115,0.0,0.016574585635359115,0.0,0.016574585635359115,0.0,0.016574585635359115,0.0,0.016574585635359115,0.0,0.016574585635359115,0.0,0.01629484579341201,0.0,0.015036016504650647,0.0,0.013777187215889287,0.0,0.01251835792712777,0.0,0.011259528638366252,0.0,0.010000699349604892,0.0,0.008741870060843374,0.0,0.007483040772081857,0.0,0.006224211483320496,0.0,0.004965382194559135,0.0,0.003706552905797618,0.0,0.0024477236170361008,0.0,0.0011888943282747403,0.0,0.0,0.0,0.0,0.0,0.0,0.0,0.0,0.0,0.0,0.0,0.0,0.0,0.0,0.0,0.0,0.0,0.0,0.0,0.0,0.0,0.0,0.0,0.0,0.0,0.0,0.0,0.0,0.0,0.0,0.0,0.0,0.0,0.0,0.0,0.0,0.0,0.0018882439331421976,0.0,0.005664731799426593,0.0,0.009441219665710989,0.0,0.013217707531995226,0.0,0.01853276452898809,0.0,0.036156374571648234,0.0,0.05377998461430854,0.0,0.071403594656969,0.0,0.08902720469962945,0.0,0.12028813203720518,0.0,0.15679418141128745,0.0,0.19330023078536943,0.0,0.22980628015945154,0.0,0.2696692076368979,0.0,0.3162458913210715,0.0,0.36282257500524495,0.0,0.40939925868941907,0.0,0.45597594237359257,0.0,0.49660815441639267,0.0011888943282747403,0.536890691656759,0.0024477236170361008,0.5771732288971256,0.003706552905797618,0.6174557661374921,0.004965382194559135,0.6535422057486536,0.006923561088187953,0.6862717672564516,0.009441219665710989,0.7190013287642492,0.011958878243233708,0.751730890272047,0.014476536820756744,0.7827820127281628,0.016784390516819292,0.805440939925869,0.018043219805580806,0.828099867123575,0.019302049094342324,0.8507587943212813,0.020560878383103685,0.8734177215189871,0.021819707671865047,0.8911812014826213,0.02307853696062672,0.9075459822365198,0.024337366249388082,0.9239107629904192,0.02559619553814944,0.9402755437443181,0.026855024826910958,0.9546821456045879,0.027624309392265192,0.9660116092034408,0.027624309392265192,0.9773410728022937,0.027624309392265192,0.9886705364011468,0.027624309392265192,1.0,0.027624309392265192
Slash,1.0,0.0,0.9990150658446723,0.0,0.9980301316893444,0.0,0.9971181556195965,0.0,0.9971181556195965,0.0,0.9971181556195965,0.0,0.9971181556195965,0.0,0.9971181556195965,0.0,0.9971181556195965,0.0,0.9971181556195965,0.0,0.9971181556195965,0.0,0.9971181556195965,0.0,0.996826323277277,0.0,0.9958413891219494,0.0,0.9948564549666217,0.0,0.9935067303833948,0.0,0.9915368620727392,0.0,0.9895669937620837,0.0,0.9867216284244702,0.0004377485134790291,0.9827818918031591,0.0014226826688068038,0.978842155181848,0.0024076168241344963,0.9718381789661839,0.0039032575785211657,0.9619888374129063,0.005873125889176632,0.9521394958596285,0.007842994199832183,0.9347025134060483,0.010980191879765087,0.9120490278335097,0.014919928501076186,0.8893955422609711,0.01885966512238712,0.8529529785138439,0.02542589282457223,0.8096158756794222,0.03330536606719434,0.7662787728450006,0.04118483930981646,0.7112683763178055,0.050523474264035306,0.6521723269981397,0.06037281581731297,0.5930762776784738,0.07022215737059055,0.5331776894174297,0.08087403786524641,0.47309670594243614,0.09170831357385177,0.4130157224674425,0.10254258928245713,0.364316200342903,0.11075037391018863,0.31703936088717033,0.11862984715281066,0.26976252143143764,0.1265093203954327,0.23671250866377266,0.1324918834129792,0.20420968153795643,0.13840148834494587,0.1720716448400394,0.14423813519133263,0.1494181592675008,0.14817787181264358,0.12676467369496222,0.15211760843395483,0.10498668514938167,0.15594790792689606,0.0902126728194652,0.1589027103928792,0.07543866048954875,0.16185751285886255,0.06175901944332984,0.1644475248969467,0.05289461204537996,0.16543245905227447,0.044030204647430085,0.16641739320760224,0.03593185714806846,0.16714697406340057,0.030022252216101872,0.16714697406340057,0.024112647284135286,0.16714697406340057,0.019187976507496454,0.16714697406340057,0.01623317404151316,0.16714697406340057,0.013278371575529867,0.16714697406340057,0.01072483858023566,0.16714697406340057,0.008754970269580132,0.16714697406340057,0.006785101958924603,0.16714697406340057,0.0052894612045379956,0.16714697406340057,0.004304527049210231,0.16714697406340057,0.003319592893882467,0.16714697406340057,0.0023346587385547025,0.16659978842155182,0.0013497245832269382,0.16561485426622405,0.00036479042789917387,0.16462992011089628,0.0,0.1636449859555685,0.0,0.16266005180024073,0.0,0.16167511764491296,0.0,0.1606901834895852,0.0,0.15970524933425742,0.0,0.15872031517892962,0.00076605989858826,0.15773538102360202,0.0017509940539160243,0.15675044686827408,0.002735928209243789,0.15576551271294647,0.002881844380403458,0.15561959654178675,0.002881844380403458,0.15561959654178675,0.002881844380403458,0.15561959654178675,0.002881844380403458,0.15561959654178675,0.002881844380403458,0.15561959654178675,0.002881844380403458,0.15561959654178675
Slash,0.0,0.11055276381909548,0.0,0.11055276381909548,0.0,0.11055276381909548,0.0,0.11055276381909548,0.0,0.11055276381909548,0.0,0.11055276381909548,0.0,0.11055276381909548,0.0,0.11055276381909548,0.0,0.11055276381909548,0.0,0.11055276381909548,0.0,0.11055276381909548,0.0,0.11055276381909548,0.0,0.11055276381909548,0.0,0.11055276381909548,0.0,0.11055276381909548,0.0,0.11055276381909548,0.0,0.11055276381909548,0.0,0.11055276381909548,0.00038165511099803016,0.11017110870809743,0.0012403791107435936,0.10931238470835186,0.002099103110489157,0.10845366070860628,0.0029578271102347112,0.10804020100502512,0.0038165511099802836,0.10804020100502512,0.004675275109725847,0.10804020100502512,0.0065517460721328065,0.10753132752369449,0.009127918071369505,0.10667260352394878,0.011704090070606195,0.10581387952420335,0.01657019273583105,0.10495515552445778,0.022581260734049983,0.10409643152471221,0.028592328732268937,0.10323770752496662,0.039056039692131526,0.10174289167355768,0.05107817568856943,0.10002544367406654,0.06310031168500731,0.0983079956745754,0.08421856116023152,0.09589084663825452,0.10740410915336172,0.09331467463901781,0.13058965714649196,0.09073850263978124,0.16064499713758668,0.08816233064054452,0.19155906112842697,0.08558615864130781,0.2224731251192672,0.08300998664207122,0.2575217861459195,0.07960689523567205,0.29272947013548756,0.07617199923668976,0.3280643724953883,0.07273710323770748,0.3667069524839387,0.06930220723872532,0.405349532472489,0.06586731123974289,0.44399211246103937,0.06252782901851023,0.48263469244958973,0.05995165701927365,0.52127727243814,0.057375485020036934,0.5592837605750269,0.05464029005788437,0.594491444564595,0.051205394058902086,0.6296991285541631,0.04777049805991979,0.6640162839514024,0.04455823420901971,0.6957890719419882,0.041982062209783066,0.7275618599325743,0.03940589021054642,0.7573309585904204,0.0371159595445582,0.7830926785827873,0.03539851154506713,0.8088543985751542,0.033681063545575984,0.832517015457032,0.031963615546084914,0.8531263914509255,0.0302461675465937,0.8737357674448191,0.028528719547102552,0.8910374658100629,0.026811271547611478,0.9047770498059919,0.025093823548120335,0.918516633801921,0.02337637554862926,0.9298708733541123,0.02165892754913812,0.9393168373513135,0.019941479549646972,0.9487628013485147,0.01822403155015583,0.9565867311239742,0.016506583550664755,0.9634565231219387,0.01478913555117354,0.9703263151199033,0.013071687551682466,0.9753832453406271,0.01135423955219132,0.9796768653393549,0.009636791552700176,0.9839704853380828,0.007919343553209104,0.9869283124483176,0.006869791997964507,0.9895044844475542,0.006011067998218935,0.9920806564467909,0.0051523439984734335,0.9939253228166147,0.00429361999872779,0.9956427708161057,0.003434895998982289,0.9973602188155969,0.0025761719992367167,0.9982825520005089,0.0017174479994911446,0.9991412760002544,0.0008587239997455723,1.0,0.0
Slash,1.0,0.008221744258655381,0.999132727398876,0.007354471657531415,0.9982654547977521,0.00648719905640745,0.9973981821966281,0.0056199264552834844,0.9972594185804482,0.005481162839103587,0.9972594185804482,0.005481162839103587,0.9972594185804482,0.005481162839103587,0.9972594185804482,0.004891417470339259,0.9972594185804482,0.004024144869215294,0.9972594185804482,0.0031568722680913285,0.9968084368278638,0.0027405814195517937,0.9959411642267398,0.0027405814195517937,0.9950738916256159,0.0027405814195517937,0.9942066190244919,0.0027405814195517937,0.9933393464233677,0.0027405814195517937,0.9924720738222438,0.0027405814195517937,0.991431346700895,0.0025671268993270008,0.9896968014986471,0.001699854298203035,0.987962256296399,0.0008325816970790693,0.9861583292860612,0.0,0.9826892388815652,0.0,0.9792201484770693,0.0,0.9757510580725733,0.0,0.9707555678900991,0.0,0.9655519322833553,0.0,0.9603482966766114,0.0,0.9526469159786304,0.0,0.9439741899673906,0.0,0.9353014639561507,0.0,0.9232290293485049,0.0,0.9084853951293972,0.0,0.8937417609102892,0.0,0.8751821272462359,0.00034690904044958623,0.8508984944147644,0.0012141816415735518,0.8266148615832929,0.0020814542426975955,0.7994171928120447,0.0033650176923610176,0.7629917435648372,0.00596683549573307,0.7265662943176299,0.008568653299104967,0.6895857906057034,0.01130923471865676,0.646222160549504,0.015645597724276743,0.6028585304933047,0.019981960729896574,0.5594949004371053,0.024318323735516557,0.5089502532435993,0.02865468674113654,0.4577811697772842,0.03299104974675637,0.40661208631096907,0.03732741275237635,0.361375147436342,0.04034552140428786,0.3180115173801428,0.042947339207659835,0.2746478873239435,0.04554915701103173,0.2380489835565114,0.048150974814403634,0.20595989731492398,0.050752792617775606,0.17387081107333655,0.05335461042114758,0.1463609241656836,0.05481162839103587,0.12467910913758398,0.05481162839103587,0.10299729410948434,0.05481162839103587,0.0830153333795878,0.05432595573440647,0.06740442655935604,0.05259141053215846,0.05179351973912431,0.05085686532991053,0.037119267328106526,0.0490182474155276,0.02931381391799066,0.046416429612155696,0.021508360507874795,0.043814611808783724,0.01370290709775893,0.04121279400541175,0.010060362173038215,0.03861097620203977,0.006591271768542275,0.0360091583986678,0.0031221813640463347,0.033407340595295903,0.0017345452022479702,0.0314993408728231,0.0008672726011239851,0.02976479567057517,0.0,0.02803025046832716,0.00024283632831472205,0.02629570526607923,0.001110108929438707,0.0245611600638313,0.001977381530562692,0.02282661486158329,0.0028446541316866775,0.021508360507874816,0.0037119267328106624,0.02064108790675085,0.004579199333934647,0.019773815305626885,0.0054464719350586326,0.018906542704502916,0.006313744536182618,0.018039270103378875,0.007181017137306603,0.01717199750225491,0.008048289738430588,0.016443488517310763,0.008915562339554574,0.016443488517310763,0.009782834940678558,0.016443488517310763,0.010650107541802543,0.016443488517310763
Slash,0.015665796344647518,0.028720626631853787,0.015665796344647518,0.027828271143867524,0.015665796344647518,0.026935915655881264,0.015533595531612519,0.02610966057441253,0.013748884555640016,0.02610966057441253,0.011964173579667513,0.02610966057441253,0.010311663416730012,0.02610966057441253,0.00941930792874377,0.02610966057441253,0.00852695244075751,0.02610966057441253,0.007634596952771268,0.02610966057441253,0.006742241464785007,0.02610966057441253,0.005849885976798765,0.02610966057441253,0.004957530488812505,0.02610966057441253,0.004065175000826244,0.02610966057441253,0.003172819512840002,0.02610966057441253,0.0022804640248537604,0.02610966057441253,0.0013881085368674998,0.02610966057441253,0.0004957530488812394,0.02610966057441253,0.0,0.02610966057441253,0.0,0.02610966057441253,0.0,0.02610966057441253,0.0,0.02610966057441253,0.0,0.02610966057441253,0.0,0.02610966057441253,0.0021152130085599955,0.02610966057441253,0.005684634960505,0.02610966057441253,0.009254056912450005,0.02610966057441253,0.015797997157682504,0.02610966057441253,0.023829196549558774,0.02610966057441253,0.03186039594143503,0.02610966057441253,0.049145652245761284,0.024126648378887575,0.06966982846944507,0.021449581914928795,0.09019400469312887,0.01877251545097001,0.12089764352050762,0.016095448987011304,0.15391479657599894,0.013418382523052597,0.18693194963149024,0.010741316059093741,0.22629474171266153,0.008857454473345003,0.26645073867204283,0.007072743497372556,0.3066067356314241,0.005288032521400035,0.3501999537297154,0.004362626830154936,0.39392537264104177,0.0034702713421688237,0.43758469114585063,0.0025779158541825633,0.47952539908120434,0.0016855603661962285,0.5214661070165582,0.0007932048782100423,0.5628119112932545,0.0,0.5993984863006907,0.0,0.6359850613081272,0.0,0.671414879201507,0.00016525101629374646,0.7017549657930395,0.0010576065042800069,0.7320950523845721,0.0019499619922662675,0.7608156790164259,0.002842317480252528,0.7849092771920546,0.0037346729682387883,0.8090028753676833,0.0046270284562249745,0.8313117625673397,0.005221932114882507,0.850051227815051,0.005221932114882507,0.8687906930627624,0.005221932114882507,0.8853488448953961,0.005221932114882507,0.8987341772151898,0.005221932114882507,0.9121195095349836,0.005221932114882507,0.9233565786429585,0.005221932114882507,0.9322801335228211,0.005221932114882507,0.9412036884026836,0.005221932114882507,0.9486399841359023,0.005221932114882507,0.9548864725518061,0.005221932114882507,0.9611329609677098,0.005221932114882507,0.9662557424728161,0.005221932114882507,0.9707175199127475,0.005221932114882507,0.9751792973526787,0.005221932114882507,0.9783851670687774,0.005221932114882507,0.9810622335327362,0.005221932114882507,0.9837392999966951,0.005221932114882507,0.9864163664606538,0.005221932114882507,0.9890934329246125,0.005221932114882507,0.9917704993885712,0.005221932114882507,0.9936874111775786,0.005221932114882507,0.9954721221535512,0.005221932114882507,0.9972568331295237,0.005221932114882507,0.9982152890240275,0.005221932114882507,0.9991076445120136,0.005221932114882507,1.0,0.005221932114882507
Slash,1.0,0.009584664536741214,0.9991102843046065,0.009584664536741214,0.9982205686092126,0.009584664536741214,0.9973308529138188,0.009584664536741214,0.9968051118210862,0.009220689934080182,0.9968051118210862,0.008330974238686466,0.9968051118210862,0.007441258543292751,0.9968051118210862,0.006551542847899036,0.9960771626157642,0.006389776357827476,0.9951874469203705,0.006389776357827476,0.9942977312249768,0.006389776357827476,0.993408015529583,0.006187568245238004,0.9925182998341894,0.005297852549844289,0.9916285841387956,0.004408136854450573,0.9907388684434021,0.003518421159056858,0.9887167873175072,0.002628705463663233,0.9860476402313261,0.001738989768269518,0.983378493145145,0.0008492740728758935,0.9806689044364459,0.0,0.977110041654871,0.0,0.9735511788732963,0.0,0.9699923160917217,0.0,0.96522020463461,0.0,0.9589921947668542,0.0,0.9527641848990983,0.0,0.9465361750313424,0.0,0.9372346018522263,0.0,0.9274477292028958,0.0,0.9176608565535651,0.0,0.9066607352286974,0.0,0.8924252841023981,0.0,0.878189832976099,0.0,0.8639543818497999,0.0,0.8442593116835847,0.0,0.8220164192987424,0.0,0.7997735269138999,0.0,0.7768835685687709,0.0,0.7475229506207789,0.0,0.718162332672787,0.0,0.6888017147247948,0.0,0.6581065232337122,0.0,0.6260767581995392,0.0,0.5940469931653658,0.0,0.5620172281311926,0.0,0.5259433008452299,0.0,0.48946495733408835,0.0,0.45298661382294675,0.0,0.4179237270999314,0.0,0.38589396206575804,0.0,0.35386419703158484,0.0,0.32183443199741185,0.0,0.2930399967646703,0.0,0.26545881020746553,0.0,0.2378776236502609,0.0,0.21138836090103938,0.0,0.19181461560237792,0.0,0.17224087030371654,0.0,0.15266712500505528,0.0,0.13600517652768224,0.0,0.12176972540138317,0.0,0.1075342742750839,0.0,0.09329882314878482,0.0,0.08330974238686457,0.0,0.07352286973753398,0.0,0.06373599708820325,0.0,0.05491972337930196,0.0,0.04780199781615242,0.0,0.04068427225300279,0.0,0.033566546689853254,0.0,0.02851134387511626,0.0,0.024062765398147817,0.0,0.019614186921179284,0.0,0.015489141424353965,0.0,0.012819994338172864,0.0,0.010150847251991718,0.0,0.007481700165810709,0.0,0.005338294172362201,0.0,0.0035588627815747705,0.0,0.0017794313907874306,0.0,0.0,0.0
Slash,0.003048780487804878,0.027439024390243903,0.003048780487804878,0.027439024390243903,0.003048780487804878,0.027439024390243903,0.003048780487804878,0.027439024390243903,0.003048780487804878,0.027439024390243903,0.003048780487804878,0.027439024390243903,0.003048780487804878,0.027439024390243903,0.0029330040135844334,0.027439024390243903,0.0020453843778944175,0.027439024390243903,0.0011577647422043578,0.027439024390243903,0.0002701451065143848,0.027439024390243903,0.0,0.027439024390243903,0.0,0.027439024390243903,0.0,0.027439024390243903,0.0,0.027439024390243903,0.0,0.027439024390243903,0.0,0.027439024390243903,0.0,0.027439024390243903,0.0,0.027439024390243903,0.0,0.027439024390243903,0.0,0.027439024390243903,0.0,0.027439024390243903,0.0,0.027439024390243903,0.0,0.027439024390243903,0.0,0.027439024390243903,0.0,0.027439024390243903,0.0,0.027439024390243903,0.0,0.027439024390243903,0.002315529484408759,0.027439024390243903,0.0067536276628589265,0.027439024390243903,0.011191725841309052,0.027439024390243903,0.01647885149737574,0.02736184007409691,0.030680765668416172,0.026474220438406852,0.04488267983945661,0.025586600802716877,0.05908459401049704,0.024698981167026905,0.08312750849027468,0.023811361531336846,0.11241895646804553,0.022923741895646787,0.14171040444581662,0.022036122259956728,0.17331738190799637,0.021148502624266752,0.21326026551404748,0.02026088298857678,0.2532031491200988,0.019373263352886635,0.29314603272615,0.018485643717196663,0.3337835751775239,0.017598024081506687,0.37461407841926514,0.01671040444581663,0.41544458166100656,0.01582278481012657,0.4562750849027478,0.01524390243902439,0.49710558814448913,0.01524390243902439,0.5379360913862303,0.01524390243902439,0.5787665946279716,0.01524390243902439,0.6147344859524544,0.014433467119481323,0.6502392713800554,0.013545847483791349,0.6857440568076566,0.01265822784810129,0.7174282185859833,0.011770608212411231,0.7449444272923742,0.01088298857672117,0.7724606359987651,0.009995368941031198,0.7996295152824945,0.009107749305341138,0.8191571472676754,0.008220129669651079,0.838684779252856,0.007332510033961106,0.8582124112380365,0.006444890398271046,0.874498301945045,0.006097560975609756,0.8887002161160853,0.006097560975609756,0.9029021302871258,0.006097560975609756,0.9163322012966966,0.005943192343315772,0.9260960172892868,0.0050555727076257995,0.9358598332818772,0.0041679530719358265,0.9456236492744674,0.003280333436245767,0.9527631985180611,0.002392713800555794,0.9589765359678915,0.0015050941648657344,0.9651898734177214,0.0006174745291756748,0.970862920654523,0.0,0.975301018832973,0.0,0.9797391170114232,0.0,0.9841772151898734,0.0,0.9870716270453843,0.0,0.9897344859524544,0.0,0.9923973448595245,0.0,0.9946742821858598,0.0,0.99644952145724,0.0,0.9982247607286201,0.0,1.0,0.0
Slash,1.0,0.0064516129032258064,1.0,0.0064516129032258064,1.0,0.0064516129032258064,1.0,0.0064516129032258064,1.0,0.0064516129032258064,1.0,0.0064516129032258064,1.0,0.0064516129032258064,1.0,0.0064516129032258064,1.0,0.0064516129032258064,1.0,0.0064516129032258064,1.0,0.0064516129032258064,1.0,0.0064516129032258064,1.0,0.0064516129032258064,1.0,0.0064516129032258064,1.0,0.0064516129032258064,1.0,0.0064516129032258064,1.0,0.0064516129032258064,1.0,0.0064516129032258064,1.0,0.0064516129032258064,0.9991833401388321,0.0064516129032258064,0.998121682319314,0.0064516129032258064,0.9970600244997959,0.0064516129032258064,0.9959983666802777,0.0064516129032258064,0.9949367088607596,0.0064516129032258064,0.9938750510412414,0.0064516129032258064,0.992813393221723,0.0064516129032258064,0.991751735402205,0.0064516129032258064,0.9906900775826867,0.0064516129032258064,0.9889342588811759,0.005757452021233136,0.9868109432421396,0.004695794201714971,0.9846876276031032,0.003634136382196806,0.9806043282972641,0.002572478562678549,0.9752960391996733,0.001510820743160476,0.9699877501020824,0.0004491629236422194,0.9603919967333605,0.0,0.9476521028991424,0.0,0.9349122090649246,0.0,0.9170273581053492,0.0005716619028175369,0.8947325438954676,0.00163331972233561,0.8724377296855861,0.0026949775418538668,0.8448346263781136,0.0037566353613719397,0.8119232339730503,0.0048182931808901965,0.779011841567987,0.005879951000408361,0.7402204981625153,0.006941608819926526,0.694569211923234,0.0080032666394446,0.6489179256839528,0.009064924458962856,0.5992241731318907,0.01012658227848093,0.5440179665169459,0.011188240097999185,0.488811759902001,0.012249897917517351,0.43687219273172767,0.013311555737035515,0.39015924867292795,0.014373213556553681,0.34344630461412823,0.015434871376071845,0.300408329930584,0.015761535320539023,0.2643119640669665,0.014699877501020857,0.2282155982033484,0.013638219681502601,0.19571253572886885,0.012576561861984435,0.17129440587995115,0.011514904042466363,0.14687627603103326,0.010453246222948197,0.12445896284197638,0.009391588403430033,0.10747243772968557,0.008329930583911776,0.09048591261739493,0.007268272764393612,0.07545937117190699,0.006206614944875447,0.06696610861576158,0.005144957125357281,0.05847284605961616,0.0040832993058391165,0.05038791343405474,0.003021641486320952,0.044017966516945756,0.0019599836668027872,0.03764801959983677,0.0008983258472846222,0.03160473662719477,0.0,0.02735810534912211,0.0,0.02311147407104945,0.0,0.018987341772151927,0.0,0.01580236831359743,0.0,0.012617394855042844,0.0,0.009514087382605167,0.0,0.0073907717435688376,0.0,0.005267456104532462,0.0,0.0031849734585544945,0.0,0.0021233156390363297,0.0,0.0010616578195181648,0.0,0.0,0.0
Slash,0.0034129692832764505,0.06484641638225255,0.0022465114269667654,0.06367995852594278,0.00108005357065708,0.0625135006696332,0.0,0.0613470428133235,0.0,0.06018058495701382,0.0,0.05901412710070413,0.0,0.05802047781569966,0.0,0.05802047781569966,0.0,0.05802047781569966,0.0,0.05802047781569966,0.0,0.05802047781569966,0.0,0.05802047781569966,0.0,0.05802047781569966,0.0,0.05802047781569966,0.0,0.05802047781569966,0.0,0.05802047781569966,0.0,0.05802047781569966,0.0,0.05802047781569966,0.0,0.05802047781569966,0.0,0.05802047781569966,0.0,0.05802047781569966,0.0,0.05802047781569966,0.0,0.05802047781569966,0.0,0.05802047781569966,0.0,0.05802047781569966,0.0,0.05802047781569966,0.0,0.05802047781569966,0.004665831425238693,0.0572428392448266,0.011664578563096707,0.05607638138851682,0.01866332570095477,0.05490992353220713,0.036030587117121045,0.05201537996284621,0.05702682853069509,0.04851600639391716,0.07802306994426923,0.045016632824988106,0.1104246770639823,0.04056681211388088,0.14541841275327247,0.03590098068864223,0.18041214844256273,0.03123514926340349,0.22473754698233028,0.02656931783816475,0.2702294033784076,0.021903486412926106,0.3157212597744848,0.017237654987687367,0.36345962759752887,0.013695079275932104,0.4112843997062254,0.010195705707003146,0.4588499589579644,0.0067395342809003925,0.49967598392880286,0.004406618568280925,0.5405020088996415,0.0020737028556617487,0.5809392145850435,0.0,0.618265865986953,0.0,0.6555925173888625,0.0,0.691407093791852,0.0,0.7205685401995939,0.0,0.7497299866073356,0.0,0.7773793580161574,0.0003024149997839242,0.800708515142351,0.0014688728560937065,0.8240376722685445,0.002635330712403392,0.8450339136821184,0.0034129692832764505,0.861364323670454,0.0034129692832764505,0.8776947336587895,0.0034129692832764505,0.8921242493627685,0.0034129692832764505,0.9037888279258651,0.0034129692832764505,0.9154534064889618,0.0034129692832764505,0.9254331014818333,0.0034129692832764505,0.9335983064760013,0.0034129692832764505,0.9417635114701689,0.0034129692832764505,0.9486326521795481,0.0034129692832764505,0.9544649414610965,0.0034129692832764505,0.9602972307426448,0.0034129692832764505,0.9653950835961462,0.0034129692832764505,0.9700609150213853,0.0034129692832764505,0.9747267464466236,0.0034129692832764505,0.978571737158163,0.0034129692832764505,0.9820711107270921,0.0034129692832764505,0.9855704842960211,0.0034129692832764505,0.9881626128655984,0.0034129692832764505,0.9904955285782175,0.0034129692832764505,0.9928284442908368,0.0034129692832764505,0.9941677107184518,0.0034129692832764505,0.9953341685747613,0.0034129692832764505,0.996500626431071,0.0034129692832764505,0.9976670842873806,0.0034129692832764505,0.9988335421436904,0.0034129692832764505,1.0,0.0034129692832764505
Slash,1.0,0.05379746835443038,0.9990386156064732,0.052836083960903654,0.9980772312129466,0.05187469956737701,0.99711584681942,0.05091331517385037,0.9968354430379747,0.05063291139240506,0.9968354430379747,0.05063291139240506,0.9968354430379747,0.05063291139240506,0.9968354430379747,0.05063291139240506,0.9968354430379747,0.05063291139240506,0.9968354430379747,0.05063291139240506,0.9968354430379747,0.05063291139240506,0.9968354430379747,0.05063291139240506,0.9968354430379747,0.05063291139240506,0.9968354430379747,0.05063291139240506,0.9968354430379747,0.05063291139240506,0.9968354430379747,0.05063291139240506,0.9968354430379747,0.05063291139240506,0.9968354430379747,0.05063291139240506,0.9968354430379747,0.05063291139240506,0.9968354430379747,0.05063291139240506,0.9968354430379747,0.05063291139240506,0.9968354430379747,0.05063291139240506,0.9968354430379747,0.05063291139240506,0.9968354430379747,0.05063291139240506,0.9968354430379747,0.05063291139240506,0.9968354430379747,0.05063291139240506,0.9968354430379747,0.05063291139240506,0.9955535971799391,0.05063291139240506,0.9936308283928859,0.05063291139240506,0.9917080596058324,0.05063291139240506,0.9890642525236342,0.05063291139240506,0.9852187149495272,0.05063291139240506,0.9813731773754206,0.05063291139240506,0.9769668322384233,0.0505527960262778,0.9663916039096299,0.049591411632751166,0.9558163755808365,0.04863002723922453,0.9452411472520431,0.0476686428456978,0.9300993430539978,0.04670725845217107,0.9137558083640442,0.045745874058644435,0.8974122736740906,0.04478448966511771,0.8757811248197402,0.04382310527159106,0.8488623618009935,0.042861720878064426,0.8219435987822463,0.04190033648453779,0.7930219516103189,0.04093895209101106,0.7564893446563051,0.03997756769748433,0.7199567377022913,0.039016183303957695,0.6834241307482773,0.03805479891043106,0.6442477167120653,0.036212145489504854,0.6048309565774715,0.03428937670245149,0.5654141964428775,0.032366607915398214,0.5253965710623296,0.030443839128344845,0.4850184265342092,0.028521070341291477,0.4446402820060886,0.026598301554238108,0.4058644448005127,0.024995994231693592,0.37029322224002537,0.024034609838166954,0.3347219996795385,0.023073225444640313,0.2993510655343693,0.022111841051113586,0.2685867649415158,0.021150456657586948,0.23782246434866192,0.02018907226406022,0.2070581637558084,0.01922768787053358,0.1827832078192597,0.018266303477006852,0.1606713667681462,0.017304919083480214,0.1385595257170325,0.016343534689953487,0.11953212626181707,0.015382150296426847,0.10414997596539013,0.014420765902900208,0.0887678256689632,0.01345938150937348,0.0741868290338087,0.012497997115846751,0.06361160070501513,0.011536612722320202,0.053036372376221795,0.010575228328793474,0.042461144047428276,0.009613843935266835,0.036091972440314056,0.008652459541740107,0.030323666079153957,0.007691075148213469,0.024555359717993948,0.00672969075468674,0.019908668482614952,0.005768306361160012,0.016063130908508264,0.004806921967633372,0.01221759333440153,0.0038455375741067344,0.008652459541740107,0.002884153180580006,0.005768306361160057,0.0019227687870533672,0.002884153180580006,0.0009613843935267285,0.0,0.0
Slash,0.0,0.011661807580174927,0.0,0.011661807580174927,0.0,0.011661807580174927,0.0,0.011661807580174927,0.0,0.011661807580174927,0.0,0.011661807580174927,0.0,0.011661807580174927,0.0,0.011661807580174927,0.0,0.011661807580174927,0.0,0.011661807580174927,0.0,0.011661807580174927,0.0,0.011661807580174927,0.0,0.011661807580174927,0.0,0.011661807580174927,0.0,0.011661807580174927,0.0,0.011661807580174927,0.0,0.011661807580174927,0.0,0.011661807580174927,0.0,0.011661807580174927,0.0,0.011661807580174927,0.0,0.011661807580174927,0.0,0.011661807580174927,0.0007011846329851688,0.011661807580174927,0.00166070044654386,0.011661807580174927,0.002620216260102593,0.011661807580174927,0.005572572609513982,0.010997527401557333,0.009410635863748748,0.010038011587998642,0.013248699117983554,0.00907849577443995,0.020223640993467917,0.00811897996088126,0.02885928331549614,0.007159464147322651,0.03749492563752444,0.006199948333763877,0.05026386684872861,0.005240432520205186,0.06561611986566775,0.004280916706646494,0.0809683728826069,0.003321400893087803,0.10074916042366308,0.002361885079529112,0.12377753994907176,0.0014023692659704205,0.14680591947448052,0.00044285345241172917,0.17655090969480003,0.0,0.21205299479647186,0.0,0.2475550798981436,0.0,0.2864154703472708,0.00047975790677930424,0.3286341661438534,0.0014392737203380783,0.37085286194043615,0.002398789533896687,0.4121858508321953,0.0038011587998671072,0.45248551500166057,0.005720190426984573,0.4927851791711258,0.007639222054101955,0.532678894342547,0.010370151677307397,0.5720190426984536,0.014208214931542246,0.6113591910543602,0.01804627818577701,0.6488541166918844,0.02225338598368819,0.6833966859799976,0.02705096505148173,0.7179392552681109,0.03184854411927527,0.7498247038417537,0.036313983097759885,0.776691146621397,0.04015204635199465,0.8035575894010407,0.0439901096062295,0.8280621471011551,0.0472377015905819,0.847252463372329,0.04915673321769937,0.8664427796435028,0.05107576484481667,0.884083108831236,0.052994796471934134,0.8975163302210577,0.054913828099051515,0.9109495516108793,0.0568328597261689,0.9234970660958777,0.0585304646270805,0.9330922242314648,0.05948998044063919,0.9426873823670517,0.06044949625419788,0.9517289736871241,0.06140901206775658,0.958445584382035,0.062368527881315264,0.9651621950769457,0.06332804369487395,0.9715835701369155,0.0641399416909621,0.9763811492047089,0.0641399416909621,0.9811787282725026,0.0641399416909621,0.9857548806140902,0.0641399416909621,0.9886334280547662,0.0641399416909621,0.9915119754954423,0.0641399416909621,0.9942429051186479,0.0641399416909621,0.9952024209322065,0.0641399416909621,0.9961619367457653,0.0641399416909621,0.9971214525593238,0.0641399416909621,0.9980809683728826,0.0641399416909621,0.9990404841864412,0.0641399416909621,1.0,0.0641399416909621
Slash,1.0,0.010958904109589041,1.0,0.010057222125888604,1.0,0.009155540142188322,1.0,0.008253858158487963,0.9991329980925958,0.00821917808219178,0.9982313161088956,0.00821917808219178,0.9973296341251949,0.00821917808219178,0.9964279521414947,0.00821917808219178,0.9955262701577944,0.00821917808219178,0.9946245881740939,0.00821917808219178,0.9945205479452055,0.00821917808219178,0.9945205479452055,0.00821917808219178,0.9945205479452055,0.00821917808219178,0.9945205479452055,0.00821917808219178,0.9945205479452055,0.00821917808219178,0.9945205479452055,0.00821917808219178,0.993792266342986,0.00821917808219178,0.9928905843592858,0.00821917808219178,0.9919889023755851,0.00821917808219178,0.9917808219178083,0.007525576556268439,0.9917808219178083,0.0066238945725680025,0.9917808219178083,0.005722212588867721,0.9911219004681809,0.004820530605167362,0.9902202184844807,0.003918848621467003,0.9893185365007803,0.0030171666377665656,0.987792613143749,0.0027397260273972603,0.9859892491763481,0.0027397260273972603,0.9841858852089475,0.0027397260273972603,0.9806138373504423,0.002150164730362389,0.9761054274319402,0.00124848274666203,0.9715970175134386,0.00034680076296167065,0.964869082711982,0.0,0.9567539448586787,0.0,0.9486388070053754,0.0,0.936362059996532,0.0,0.9210334662736258,0.0,0.9057048725507196,0.0,0.8864921102826427,0.0,0.8639500606901337,0.0,0.8414080110976244,0.0,0.8148083925784638,0.0004508409918501407,0.7841512051326515,0.0013525229755505777,0.7534940176868391,0.002254204959250859,0.7195075429165946,0.003572047858505332,0.6816368996011792,0.00537541182590605,0.643766256285764,0.007178775793306769,0.6055141321310907,0.009363620599965263,0.5667418068319751,0.012068666551066419,0.5279694815328596,0.014773712502167496,0.48919715623374405,0.017478758453268572,0.4504248309346282,0.02018380440436973,0.41165250563551237,0.022888850355470808,0.37412866308305887,0.025593896306571884,0.3389630657187449,0.028298942257672963,0.3037974683544305,0.03100398820877404,0.2705739552627015,0.033431593549505735,0.24172013178429003,0.035234957516906605,0.21286630830587855,0.03703832148430717,0.18644009016819843,0.03884168545170797,0.16660308652679037,0.04064504941910869,0.14676608288538243,0.042448413386509405,0.1281775619906365,0.04404369689613318,0.11375065025143062,0.04494537887983354,0.09932373851222472,0.0458470608635339,0.08576382868042313,0.04674874284723426,0.07584532685971919,0.047650424830934617,0.06592682503901516,0.048552106814634975,0.05642448413386509,0.049315068493150684,0.04921102826426221,0.049315068493150684,0.041997572394659344,0.049315068493150684,0.03499219698283341,0.049315068493150684,0.029582105080631173,0.049315068493150684,0.02417201317842902,0.049315068493150684,0.018900641581411515,0.049384428645742974,0.01529391364661004,0.05028611062944333,0.011687185711808564,0.05118779261314377,0.008115137853303271,0.05208947459684405,0.005410091902202233,0.05299115658054441,0.0027050459511011164,0.053892838564244844,0.0,0.0547945205479452
Slash,0.0027247956403269754,0.06267029972752043,0.001793536370848126,0.06267029972752043,0.0008622771013692764,0.06267029972752043,0.0,0.06267029972752043,0.0,0.06267029972752043,0.0,0.06267029972752043,0.0,0.06267029972752043,0.0,0.06267029972752043,0.0,0.06267029972752043,0.0,0.06267029972752043,0.0,0.06267029972752043,0.0,0.06267029972752043,0.0,0.06267029972752043,0.0,0.06267029972752043,0.0,0.06267029972752043,0.0,0.06267029972752043,0.0,0.06267029972752043,0.0,0.06267029972752043,0.0,0.06267029972752043,0.0,0.06267029972752043,0.0,0.06267029972752043,0.0,0.06267029972752043,0.0,0.06267029972752043,0.0,0.06267029972752043,0.0022074293795054096,0.062118442382644086,0.005932466457420731,0.06118718311316531,0.00965750353533613,0.06025592384368639,0.01834925671713862,0.05808298554823576,0.02952436795088466,0.055289207739799215,0.04069947918463078,0.05249542993136274,0.05670334218604488,0.04901183044183077,0.07439726830614282,0.04528679336391545,0.09209119442624081,0.04156175628600013,0.1226847859828234,0.03783671920808466,0.15621011968406168,0.03411168213016934,0.18973545338529987,0.030386645052254014,0.22822750319042523,0.026661607974338617,0.26734039250853653,0.022936570896423217,0.3064532818266478,0.019211533818507976,0.3464629393301832,0.016383264926016564,0.3865070879177732,0.01358948711758009,0.4264822543372538,0.010830200393198328,0.46466388438588624,0.00896768185424063,0.5028455144345186,0.007105163315283008,0.5408201979788225,0.005242644776325309,0.5771393094884972,0.00338012623736761,0.6134584209981719,0.001517607698409911,0.6489152554064773,0.0,0.6805780705687579,0.0,0.7122408857310384,0.0,0.7424550753630186,0.0,0.768530334908426,0.0,0.7946055944538337,0.0,0.8185079157037904,0.0,0.8380643603628462,0.0,0.8576208050219017,0.0,0.8749008381333424,0.0,0.888869727175525,0.0,0.9028386162177076,0.0,0.9150139688890421,0.0,0.9252578208533094,0.0,0.9355016728175766,0.0,0.944193425999379,0.0,0.9516435001552098,0.0,0.9590935743110407,0.0,0.965370951609009,0.0,0.970958507225882,0.0,0.976546062842755,0.0,0.9801676266685062,0.0,0.9829614044769427,0.0,0.9857551822853793,0.0,0.9885489600938159,0.0,0.9913427379022522,0.0,0.9941365157106887,0.0,0.9953437036526059,0.0,0.9962749629220847,0.0,0.9972062221915636,0.0,0.9981374814610423,0.0,0.9990687407305211,0.0,1.0,0.0
Slash,1.0,0.32051282051282054,0.9989045764362218,0.31941739694904253,0.997809152872444,0.3183219733852645,0.9967948717948718,0.3173076923076923,0.9967948717948718,0.3173076923076923,0.9967948717948718,0.3173076923076923,0.9967948717948718,0.3173076923076923,0.9967948717948718,0.3173076923076923,0.9967948717948718,0.3173076923076923,0.9967948717948718,0.3173076923076923,0.9967948717948718,0.3173076923076923,0.9967948717948718,0.3173076923076923,0.9964703018500487,0.3173076923076923,0.9953748782862707,0.3173076923076923,0.9942794547224927,0.3173076923076923,0.9935897435897436,0.3169019798766634,0.9935897435897436,0.3158065563128854,0.9935897435897436,0.3147111327491074,0.9931028886725091,0.3141025641025641,0.992007465108731,0.3141025641025641,0.990912041544953,0.3141025641025641,0.9898166179811749,0.3141025641025641,0.988721194417397,0.3141025641025641,0.9876257708536189,0.3141025641025641,0.9865303472898409,0.3134534242129178,0.985434923726063,0.31235800064914,0.9843395001622849,0.31126257708536187,0.981783511846803,0.30943687114573193,0.978497241155469,0.307246024018176,0.9752109704641351,0.3050551768906199,0.9686790003245699,0.30124148003894835,0.9610110353781238,0.2968597857838364,0.953343070431678,0.29247809152872445,0.9403197013956507,0.28631126257708533,0.9260791950665368,0.2797387211944174,0.9118386887374229,0.27316617981174945,0.8927296332359623,0.26561992859461214,0.8730120090879584,0.2579519636481662,0.8532943849399545,0.25028399870172024,0.8230282375851996,0.240506329113924,0.7923563777994158,0.23064751703992215,0.7613599480688089,0.22070756247971438,0.721924699772801,0.2086579032781564,0.6824894514767933,0.19660824407659852,0.6426890619928594,0.18443687114573182,0.5999675430055177,0.17129178838039594,0.5572460240181758,0.15814670561506006,0.5149302174618632,0.14520447906523862,0.47439954560207753,0.13315481986368072,0.4338688737422915,0.12110516066212276,0.3947581953911069,0.1096234988640052,0.3597046413502111,0.09976468679000323,0.3246510873093153,0.08990587471600137,0.2917883803959755,0.08041220382992538,0.2633073677377476,0.07164881531970142,0.23482635507951974,0.06288542680947747,0.20857676079195078,0.05501460564751708,0.18557286595261283,0.04844206426484914,0.16256897111327498,0.041869522882181105,0.14220220707562484,0.036351833820188265,0.12467543005517694,0.031970139565076286,0.10714865303472902,0.027588445309964307,0.09205615060045447,0.023815319701395693,0.07891106783511849,0.020529049010061674,0.06576598506978261,0.017242778318727704,0.055379746835443056,0.014646218760142814,0.0466163583252191,0.012455371632586849,0.03785296981499515,0.010264524505030837,0.03140214216163583,0.008844530996429721,0.025925024342745892,0.007749107432651761,0.020447906523855863,0.006653683868873755,0.01667478091528725,0.00555826030509575,0.013388510223953277,0.004462836741317744,0.010102239532619305,0.0033674131775397378,0.007749107432651761,0.0022719896137617323,0.00555826030509575,0.001176566049983772,0.0033674131775397378,8.114248620581194e-05,0.002190847127555966,0.0,0.0010954235637779602,0.0,0.0,0.0
Slash,0.0,0.0,0.0,0.0,0.0,0.0,0.0,0.0,0.0,0.0,0.0,0.0,0.0,0.0,0.0,0.0,0.0,0.0,0.0,0.0,0.0,0.0,0.0,0.0,0.0,0.0,0.0,0.0,0.0,0.0,0.0,0.0,0.00021310147892425888,0.0,0.0012786088735455533,0.0,0.0023441162681668956,0.0,0.003494864254357884,4.2620295784870916e-05,0.006691386438221863,0.0011081276904061654,0.009887908622085842,0.0021736350850274596,0.013084430805949773,0.003239142479648802,0.01815624600434726,0.004304649874270145,0.023483782977453876,0.005370157268891439,0.02881131995056049,0.006435664663512781,0.03797468354430381,0.009035502706388806,0.04862975749051695,0.012232024890252786,0.05928483143673018,0.015428547074116668,0.07352001022887104,0.019818437539956508,0.09056812854281213,0.025145974513063125,0.10761624685675322,0.03047351148616969,0.12722158291778551,0.03665345437497339,0.15066274559945447,0.04411200613732264,0.17410390828112354,0.051570557899671896,0.19907940161104717,0.06005199676085757,0.2289136086604442,0.071772578101692,0.258747815709841,0.08349315944252653,0.2890934663086562,0.09538422196650044,0.32532071772578103,0.10923581809657755,0.3615479691429058,0.12308741422665477,0.3977752205600309,0.13693901035673198,0.4349827387802073,0.1527511400929123,0.4722754975919536,0.1687337510122321,0.5095682564036996,0.1847163619315518,0.5460512295955334,0.20150875847078387,0.5822784810126584,0.21855687678472496,0.618505732429783,0.23560499509866603,0.6515364616630441,0.25201380897583436,0.6824361761070622,0.26799641989515405,0.7133358905510805,0.28397903081447384,0.741891488726932,0.299023995226527,0.7674636661978436,0.3128755913566041,0.7930358436687552,0.3267271874866813,0.8168179687167031,0.3396837574052764,0.8359971018198867,0.35033883135148963,0.8551762349230705,0.36099390529770287,0.8737160635894814,0.37126539658185226,0.8875676597195585,0.37872394834420164,0.9014192558496358,0.3861825001065508,0.9152708519797128,0.3936410518688999,0.9250308997144441,0.39905382943357637,0.934620466266036,0.4043813664066828,0.9442100328176278,0.4097089033797895,0.9512423816221285,0.4133316285215019,0.9576354259898565,0.416528150705366,0.9640284703575844,0.41972467288922993,0.9690576652601969,0.42223927034053615,0.9733196948386821,0.42437028512977876,0.9775817244171675,0.42650129991902147,0.9813323104462344,0.4281208711588459,0.9845288326300985,0.42918637855346714,0.9877253548139625,0.43025188594808844,0.9905809146315474,0.43131739334270985,0.9927119294207902,0.43238290073733104,0.9948429442100328,0.43344840813195246,0.9968034778161361,0.43434343434343436,0.9978689852107574,0.43434343434343436,0.9989344926053787,0.43434343434343436,1.0,0.43434343434343436
Slash,1.0,0.4807017543859649,1.0,0.4807017543859649,1.0,0.4807017543859649,1.0,0.4807017543859649,1.0,0.4807017543859649,1.0,0.4807017543859649,1.0,0.4807017543859649,1.0,0.4807017543859649,0.9999111703308905,0.4807017543859649,0.9990228736397957,0.4807017543859649,0.9981345769487009,0.4807017543859649,0.9972462802576061,0.4807017543859649,0.9963579835665113,0.4807017543859649,0.9954696868754163,0.4807017543859649,0.9945813901843217,0.4807017543859649,0.9936930934932267,0.4807017543859649,0.9928047968021319,0.4807017543859649,0.991916500111037,0.4807017543859649,0.9910282034199422,0.4807017543859649,0.9901399067288474,0.4807017543859649,0.9892516100377526,0.4804796802131912,0.9883633133466578,0.4795913835220964,0.987475016655563,0.4787030868310016,0.986586719964468,0.4778147901399067,0.9848989562513881,0.47666000444148343,0.9813457694870087,0.4748834110592938,0.9777925827226295,0.4731068176771041,0.97423939595825,0.4713302242949145,0.9697534976682212,0.46893182322895843,0.9635354208305575,0.4653786364645792,0.9573173439928935,0.4618254497001999,0.9510992671552299,0.4582722629358206,0.9434599156118143,0.4540084388185654,0.9336886520097712,0.44867865867199647,0.9239173884077282,0.4433488785254274,0.9141461248056851,0.4380190983788586,0.9027759271596713,0.43188985121030415,0.889451476793249,0.4247834776815456,0.8761270264268265,0.41767710415278697,0.862802576060404,0.41057073062402843,0.8463690872751497,0.4021319120586276,0.8268265600710636,0.3923606484565845,0.8072840328669775,0.38258938485454136,0.7877415056628914,0.3728181212524983,0.7638019098378857,0.3615811681101488,0.7362647124139461,0.3491450144348212,0.7087275149900065,0.3367088607594935,0.6811903175660667,0.32427270708416606,0.6504552520541861,0.31023761936486777,0.6175882744836775,0.2951365756162558,0.5847212969131689,0.2800355318676438,0.5518543193426603,0.2649344881190317,0.5178325560737285,0.24983344437041963,0.4831889851210303,0.23473240062180772,0.4485454141683321,0.21963135687319554,0.4139018432156339,0.20453031312458356,0.38174550299800125,0.1900510770597379,0.3506551188096824,0.1758383300022207,0.31956473462136353,0.16162558294470353,0.2884743504330445,0.14741283588718623,0.2627137463912947,0.13453253386631137,0.23872973573173437,0.12209638019098369,0.2147457250721739,0.10966022651565621,0.19076171441261366,0.09722407284032863,0.1710415278703086,0.08691983122362865,0.15238729735731718,0.07714856762158549,0.13373306684432598,0.06737730401954253,0.11507883633133456,0.05760604041749937,0.10095491894292699,0.05085498556517881,0.08763046857650451,0.044636908727514975,0.07430601821008204,0.03841883188985114,0.060981567843659754,0.032200755052187446,0.0516544525871641,0.02758161225849433,0.04277148567621574,0.02314012880302015,0.033888518765267585,0.018698645347546075,0.02500555185431933,0.014257161892071947,0.018654230512991313,0.010659560293137865,0.012436153675327476,0.007106373528758593,0.006218076837663738,0.003553186764379272,0.0,0.0
Slash,0.0,0.0,0.0,0.0,0.0,0.0,0.0,0.0,0.0,0.0,0.0,0.0,0.0,0.0,0.0,0.0,0.0,0.0,0.0,0.0,0.0001236960376035556,0.0,0.0011132643384323705,0.0,0.002102832639261093,0.0,0.003092400940089908,0.0,0.0057312497422998656,0.0008246402506906174,0.008699954644786219,0.0018142085515194324,0.011668659547272477,0.0028037768523481547,0.016245412938605517,0.004329361316125834,0.022182822743578128,0.006308497917783372,0.028120232548550648,0.008287634519440909,0.034799818579144874,0.01051416319630565,0.04370593328660374,0.01348286809879191,0.05261204799406262,0.01645157300127817,0.06151816270152149,0.019420277903764476,0.07516595885045141,0.024285655382839222,0.08901991506205427,0.029233496886983065,0.10287387127365684,0.03418133839112691,0.12002638848802216,0.03978889209582322,0.13882818620376863,0.04572630190079583,0.1576299839195152,0.051663711705768396,0.1786583103121264,0.05871438584917334,0.2033975178328455,0.06762050055663212,0.22813672535356455,0.07652661526409107,0.25345318104976705,0.08551519399661896,0.28511936667628746,0.09541087700490665,0.31678555230280786,0.10530656001319424,0.3484517379293283,0.11520224302148192,0.38481837298478533,0.12666474250608165,0.42242196841627844,0.1385395621160269,0.46002556384777155,0.1504143817259721,0.4961448068280214,0.16228920133591723,0.5307796973570281,0.17416402094586236,0.5654145878860348,0.1860388405558076,0.5996371582896961,0.19832598029109805,0.6322929122170454,0.2121799365027007,0.6649486661443944,0.22603389271430338,0.6976044200717436,0.23988784892590614,0.7248175483445346,0.2519275965859894,0.7515358924669113,0.26380241619593453,0.778254236589288,0.27567723580587966,0.8006432193955387,0.28569661485177095,0.820434585412114,0.2946027295592297,0.8402259514286894,0.3035088442666887,0.8583680369438833,0.311755246773595,0.8732115614563147,0.3186822248793964,0.888055085968746,0.32560920298519774,0.9026924504185051,0.3324537170659301,0.9125881334267925,0.33740155857007376,0.9224838164350803,0.3423494000742176,0.9323794994433678,0.3472972415783614,0.9400486537747907,0.3507607306312621,0.9469756318805921,0.3537294355337484,0.9539026099863936,0.35669814043623466,0.9599224838164351,0.35921329320084117,0.9648703253205789,0.36119242980249866,0.9698181668247228,0.3631715664041562,0.9744361522285903,0.3649857749556756,0.9774048571310766,0.3659753432565044,0.9803735620335629,0.36696491155733313,0.9833422669360493,0.36795447985816193,0.9863109718385356,0.3689440481589906,0.9892796767410218,0.36993361645981937,0.992248381643508,0.3709231847606482,0.9940625901950275,0.3713355048859935,0.9950521584958563,0.3713355048859935,0.9960417267966851,0.3713355048859935,0.9970312950975138,0.3713355048859935,0.9980208633983424,0.3713355048859935,0.9990104316991711,0.3713355048859935,1.0,0.3713355048859935
Slash,0.9999999999999999,0.005390835579514824,1.0,0.004640212903886164,0.9999999999999999,0.003889590228257504,0.9999999999999999,0.003138967552628844,0.9993858541744856,0.0023883448770002608,0.997884608823228,0.001637722201371601,0.9963833634719711,0.0008870995257429409,0.9948821181207136,0.0001364768501142809,0.9939950185949705,0.0,0.9932443959193421,0.0,0.9924937732437134,0.0,0.991401958442799,0.0,0.9891500904159132,0.0,0.986898222389027,0.0,0.9846463543621411,0.0,0.9819168173598551,0.0,0.9789143266573407,0.0,0.975911835954826,0.0,0.9728069876147257,0.0,0.9675526288853252,0.0,0.9622982701559246,0.0,0.9570439114265241,0.0,0.9504247841959806,0.0006823842505714812,0.9421679347640656,0.002183629601828801,0.9339110853321505,0.0036848749530860444,0.9256542359002352,0.0051861203043433645,0.9148043263161485,0.00863216076972936,0.903544986181719,0.01238527414787266,0.8922856460472892,0.016138387526015884,0.8783650073356306,0.020710362004844867,0.8573475724180284,0.02746596608550273,0.8363301375004264,0.034221570166160516,0.8153127025828244,0.04097717424681838,0.7896891739738647,0.0502917192671193,0.7619161349756047,0.060800436725920386,0.734143095977345,0.07130915418472132,0.7056876727285132,0.08209082534375105,0.670408406973967,0.09560203350506669,0.6351291412194207,0.10911324166638227,0.5998498754648742,0.12262444982769799,0.5645706097103279,0.13576034665119932,0.5292913439557816,0.14852093213688622,0.49401207820123505,0.16128151762257328,0.45873281244668873,0.17404210310826035,0.4241359309427138,0.18612030434337562,0.3896072878637961,0.19813026715343404,0.35507864478487844,0.2101402299634923,0.32246067760756086,0.22119485482275064,0.29393701593367216,0.2302023269302944,0.26541335425978363,0.23920979903783818,0.2368896925858951,0.24821727114538195,0.21327919751612137,0.25504111365109694,0.19151113992289062,0.261046095056126,0.1697430823296599,0.26705107646115517,0.14879388583711495,0.27285134259101307,0.13303080964891326,0.27735507864478487,0.11726773346071176,0.28185881469855667,0.10150465727251017,0.28636255075232864,0.08860759493670882,0.29004742570541475,0.07809887747790785,0.29304991640792927,0.06759016001910675,0.2960524071104437,0.05708144256030575,0.29905489781295835,0.049438738953904944,0.301340885052373,0.04193251219761854,0.30359275307925887,0.034426285441332055,0.3058446211061448,0.02801187348595993,0.30755058173257355,0.023508137432188086,0.3083012044082022,0.019004401378416164,0.30905182708383083,0.014500665324644358,0.30980244975945953,0.011737009109829749,0.3099730458221024,0.009485141082943826,0.3099730458221024,0.007233273056057884,0.3099730458221024,0.005254358729400524,0.3099730458221024,0.004503736053771883,0.3099730458221024,0.003753113378143223,0.3099730458221024,0.0030024907025146016,0.3099730458221024,0.0022518680268859416,0.3099730458221024,0.0015012453512572815,0.3099730458221024,0.00075062267562866,0.3099730458221024,0.0,0.3099730458221024
Slash,0.0,0.41543026706231456,0.002028321376253637,0.41407805281147875,0.004056642752507231,0.4127258385606431,0.006084964128760826,0.4113736243098073,0.008113285505014462,0.41002141005897164,0.012207489764489326,0.4074296660782031,0.01761634676783233,0.40404913045111385,0.023025203771175333,0.4006685948240244,0.028434060774518294,0.39728805919693494,0.03474439394508504,0.393306539458363,0.04420989370093528,0.3872215753296023,0.053675393456785514,0.38113661120084136,0.0631408932126357,0.37505164707208044,0.07260639296848585,0.3689666829433197,0.09108665439657439,0.3595011831874695,0.11136986815911054,0.3493595763062015,0.1316530819216467,0.3392179694249333,0.15193629568418285,0.3290763625436653,0.17432295383690788,0.31863426360665587,0.19933891747736926,0.30781654959997,0.22435488111783036,0.29699883559328405,0.24937084475829166,0.28618112158659803,0.2744994929196559,0.2753258460729444,0.30154377793637077,0.2638320249408406,0.32858806295308557,0.25233820380873695,0.35563234796980053,0.24084438267663294,0.3826766329865154,0.22935056154452912,0.4097209180032303,0.2183074784960372,0.43676520301994515,0.2074897644893513,0.46380948803666,0.19667205048266537,0.49085377305337485,0.18585433647597938,0.5175224430004131,0.17522443000413174,0.5432145137662923,0.16508282312286374,0.5689065845321715,0.15494121624159563,0.5945986552980506,0.14479960936032762,0.6202907260639297,0.13465800247905943,0.6429778762723961,0.126319347932239,0.6652894114111857,0.11820606242722453,0.6876009465499756,0.11009277692221008,0.7099124816887652,0.1019794914171957,0.7301956954513015,0.09488036660030806,0.7484505878375841,0.08879540247154714,0.7667054802238665,0.08271043834278632,0.784960372610149,0.07662547421402549,0.8027645269128197,0.07069075611313529,0.816962776546595,0.0659580062352102,0.8311610261803704,0.061225256357285096,0.8453592758141456,0.05649250647935992,0.8595575254479211,0.05175975660143482,0.8708259775382189,0.04751530631408942,0.8809675844194869,0.04345866356158215,0.891109191300755,0.03940202080907487,0.901250798182023,0.035345378056567685,0.9104909288960673,0.031739473387672267,0.9179281072756639,0.029035044886000807,0.9253652856552604,0.026330616384329347,0.932802464034857,0.023626187882657804,0.9402396424144536,0.020921759380986345,0.9451226383202493,0.018855876497765118,0.9498553881981745,0.016827555121511566,0.9545881380760995,0.014799233745257843,0.9593208879540247,0.012770912369004291,0.9633024076925968,0.011118206062427242,0.9666829433196859,0.009765991811591513,0.9700634789467754,0.008413777560755783,0.9734440145738646,0.007061563309919968,0.9767118656800511,0.005822033579987266,0.9794162941817226,0.005145926454569358,0.982120722683394,0.004469819329151452,0.9848251511850655,0.003793712203733629,0.9875295796867372,0.003117605078315806,0.9897081470908613,0.002441497952897899,0.9917364684671149,0.001765390827479992,0.9937647898433684,0.0010892837020621694,0.9957931112196222,0.00041317657664426247,0.9972955714983286,0.0,0.9979716786237464,0.0,0.9986477857491644,0.0,0.9993238928745822,0.0,1.0,0.0
Slash,1.0,0.005633802816901409,0.9991798894633626,0.004813692280263912,0.9983597789267249,0.003993581743626336,0.9975396683900873,0.00317347120698876,0.9971830985915493,0.002353360670351184,0.9971830985915493,0.0015332501337136876,0.9971830985915493,0.0007131395970761114,0.9971830985915493,0.0,0.9971830985915493,0.0,0.9971830985915493,0.0,0.9971830985915493,0.0,0.9971830985915493,0.0,0.9971830985915493,0.0,0.9971830985915493,0.0,0.9969691567124265,0.0,0.9961490461757889,0.0,0.9953289356391513,0.0,0.9945088251025139,0.0,0.9943661971830986,0.0,0.9943661971830986,0.0,0.9943661971830986,0.0,0.99372437154573,0.0,0.992084150472455,0.0,0.99044392939918,0.0,0.9888037083259047,0.0,0.9871634872526297,0.0,0.9855232661793547,0.0,0.9838830451060794,0.0,0.981387056516313,0.0,0.978106614369763,0.0,0.9748261722232127,0.0,0.9711891602781245,0.0,0.9638081654483865,0.0,0.9564271706186486,0.0,0.9490461757889107,0.0,0.9379211980745232,0.0,0.9247994294883224,0.0,0.9116776609021217,0.0,0.8964164735246924,0.0,0.8734533784988411,0.0,0.8504902834729899,0.0,0.8275271884471386,0.0,0.7949367088607596,0.0,0.759671955785345,0.0,0.7244072027099303,0.0,0.6882866821180245,0.0,0.6505615974326974,0.0,0.6128365127473703,0.0,0.5751114280620431,0.0,0.5366375467997861,0.0,0.49809235157782145,0.0,0.45954715635585675,0.0,0.4237475485826352,0.0,0.39094312711713314,0.0,0.35813870565163125,0.0,0.3255838830451062,0.0,0.29852023533606686,0.0,0.27145658762702785,0.0,0.2443929399179889,0.0,0.21982528079871624,0.000499197717953262,0.196862185772865,0.0013193082545908382,0.17389909074701368,0.0021394187912283343,0.151934391157069,0.0029595293278659104,0.1347120698876805,0.0037796398645034866,0.11748974861829205,0.004599750401140983,0.10026742734890358,0.005419860937778559,0.08728828668211805,0.005633802816901409,0.07580673916919242,0.005633802816901409,0.06432519165626675,0.005633802816901409,0.05384203957924769,0.005633802816901409,0.045640934212872214,0.005633802816901409,0.03743982884649673,0.005633802816901409,0.02923872348012129,0.005633802816901409,0.02317703690497412,0.005633802816901409,0.017436263148511308,0.005633802816901409,0.011695489392048475,0.005633802816901409,0.007380994829737925,0.005633802816901409,0.004920663219825277,0.005633802816901409,0.0024603316099126487,0.005633802816901409,0.0,0.005633802816901409
Slash,0.0,0.010362694300518135,0.0,0.010362694300518135,0.0,0.010362694300518135,0.0,0.010362694300518135,0.00013117334557617962,0.010329900964124075,0.0027546402570997534,0.009674034236243197,0.005378107168623346,0.009018167508362316,0.008001574080146939,0.008362300780481438,0.01095297435561097,0.007706434052600484,0.016855774906538997,0.007050567324719604,0.022758575457467026,0.006394700596838724,0.02866137600839509,0.0057388338689578445,0.035351216632780236,0.005082967141076965,0.04650095100675544,0.004427100413196085,0.05765068538073062,0.003771233685315132,0.06880041975470587,0.003115366957434252,0.0815242342755952,0.0024595002295533723,0.10054436938414116,0.0018036335016724191,0.1195645044926871,0.0011477667737915395,0.1385846396012331,0.0004919000459106598,0.15908047484751103,0.0,0.18400341050698502,0.0,0.20892634616645903,0.0,0.23384928182593304,0.0,0.2601495376139569,0.0003935200367285573,0.2896635403685971,0.0017052534924903166,0.31917754312323743,0.003016986948252076,0.3486915458778777,0.0043287204040139094,0.37866465534203453,0.005640453859775668,0.40949039155243655,0.006952187315537502,0.4403161277628386,0.008263920771299262,0.4711418639732407,0.009575654227061093,0.5040663737128617,0.01193677444743229,0.5401390437463108,0.01587197481471764,0.5762117137797599,0.01980717518200307,0.6122843838132093,0.023742375549288347,0.6445202334885552,0.027382435889027317,0.6720666360595526,0.030661769528431863,0.6996130386305504,0.03394110316783626,0.7271594412015479,0.037220436807240805,0.7510985767692006,0.04017183708270476,0.7714304453335082,0.04279530399422843,0.791762313897816,0.04541877090575195,0.8120941824621238,0.04804223781727554,0.829179510723421,0.050304978028464634,0.8436085787368006,0.052272578212107346,0.8580376467501805,0.05424017839574999,0.8724667147635601,0.0562077785793927,0.88414114251984,0.05778185872630685,0.8939791434380533,0.05909359218206862,0.9038171443562668,0.060405325637830375,0.9136551452744803,0.06171705909359221,0.9217878927002033,0.06260247917623135,0.9290024267068933,0.0632583459041123,0.936216960713583,0.06391421263199318,0.943431494720273,0.06457007935987406,0.9488096018888962,0.06522594608775502,0.9534006689840624,0.06588181281563589,0.9579917360792287,0.06653767954351678,0.962582803174395,0.06719354627139766,0.9661900701777398,0.06784941299927853,0.9694694038171444,0.06850527972715942,0.9727487374565489,0.06916114645504037,0.9760280710959534,0.06981701318292118,0.9782580179707484,0.07047287991080213,0.980225618154391,0.071128746638683,0.9821932183380337,0.07178461336656396,0.9841608185216764,0.07244048009444477,0.986128418705319,0.07253886010362694,0.9880960188889618,0.07253886010362694,0.9900636190726045,0.07253886010362694,0.992031219256247,0.07253886010362694,0.9934085393847969,0.07253886010362694,0.9947202728405589,0.07253886010362694,0.9960320062963206,0.07253886010362694,0.9973437397520825,0.07253886010362694,0.9980323998163574,0.07253886010362694,0.9986882665442383,0.07253886010362694,0.9993441332721191,0.07253886010362694,1.0,0.07253886010362694
Slash,1.0,0.009259259259259259,1.0,0.005625879043600592,1.0,0.001992498827941926,1.0,0.0,1.0,0.0,1.0,0.0,1.0,0.0,1.0,0.0,1.0,0.0,1.0,0.0,1.0,0.0,1.0,0.0,1.0,0.0,1.0,0.0,1.0,0.0,1.0,0.0,1.0,0.0,1.0,0.0,1.0,0.0,1.0,0.0,1.0,0.0,1.0,0.0,1.0,0.0,1.0,0.0,1.0,0.0,1.0,0.0,1.0,0.0,1.0,0.0,1.0,0.0,1.0,0.0,1.0,0.0,0.9969526488513828,0.0,0.9896858884200654,0.0,0.9824191279887481,0.0,0.96249413970933,0.00316455696202535,0.9406938584153773,0.00679793717768428,0.9153774027191751,0.010431317393342684,0.8826769807782463,0.01406469760900135,0.8499765588373186,0.017698077824660017,0.8060243788091886,0.02414439756211885,0.7587904360056257,0.031411157993436446,0.7107360525082043,0.03867791842475404,0.6598687294889823,0.045944678856071376,0.6090014064697611,0.053211439287388446,0.5556727613689637,0.06293952180028128,0.5011720581340834,0.07383966244725729,0.4471401781528362,0.08473980309423355,0.3962728551336149,0.0956399437412098,0.345405532114393,0.10654008438818555,0.2987576183778718,0.11533052039381149,0.2551570557899673,0.12259728082512883,0.21202531645569633,0.12986404125644643,0.18295827473042647,0.13713080168776376,0.15389123300515714,0.14439756211908109,0.12834036568213808,0.14990623534927328,0.10654008438818555,0.1535396155649322,0.08473980309423355,0.15717299578059088,0.0697374589779653,0.16080637599624956,0.05520393811533011,0.16443975621190796,0.04207688701359618,0.16666666666666666,0.031176746366619917,0.16666666666666666,0.020276605719643653,0.16666666666666666,0.01242381622128461,0.16666666666666666,0.005157055789967275,0.16666666666666666,0.0,0.16666666666666666,0.0,0.16666666666666666,0.0,0.16666666666666666,0.0,0.16666666666666666,0.0,0.16666666666666666,0.0,0.16666666666666666,0.0,0.16666666666666666,0.0,0.16666666666666666,0.0,0.16666666666666666,0.0,0.16666666666666666,0.0,0.16666666666666666,0.0,0.16666666666666666,0.0,0.16666666666666666,0.0,0.16666666666666666,0.0,0.16666666666666666,0.0,0.16666666666666666
Slash,1.0,0.0125,0.9975474683544305,0.0125,0.9950949367088608,0.0125,0.99375,0.0125,0.99375,0.0125,0.99375,0.0125,0.99375,0.010284810126582222,0.99375,0.007832278481012622,0.99375,0.005379746835443022,0.99375,0.002927215189873422,0.99375,0.0004746835443038222,0.99375,0.0,0.99375,0.0,0.99375,0.0,0.99375,0.0,0.99375,0.0,0.99375,0.0,0.99375,0.0,0.99375,0.0,0.99375,0.0,0.99375,0.0,0.99375,0.0,0.99375,0.0,0.99375,0.0,0.99375,0.0,0.99375,0.0,0.99248417721519,0.0,0.9900316455696203,0.0,0.9875791139240508,0.0,0.9756329113924049,0.002373417721518933,0.9633702531645572,0.004825949367088711,0.9449367088607594,0.007278481012658133,0.9179588607594937,0.00973101265822791,0.8909810126582279,0.012183544303797334,0.8575949367088604,0.014636075949367111,0.8232594936708864,0.01708860759493671,0.787341772151899,0.02033227848101262,0.7481012658227847,0.02523734177215182,0.7088607594936711,0.030142405063291022,0.6677215189873419,0.0350474683544304,0.6260284810126585,0.0399525316455696,0.5837816455696203,0.04541139240506329,0.5396360759493675,0.052768987341772086,0.4954905063291143,0.06012658227848107,0.45300632911392424,0.06748417721518987,0.41131329113924053,0.07484177215189866,0.3702531645569621,0.08251582278480996,0.3334651898734176,0.09232594936708871,0.29667721518987344,0.1021360759493671,0.2641613924050635,0.11052215189873422,0.2347310126582279,0.11787974683544303,0.20545886075949404,0.12523734177215182,0.18093354430379732,0.1325949367088608,0.15640822784810132,0.1399525316455696,0.13425632911392427,0.14612341772151893,0.11463607594936712,0.15102848101265814,0.09501582278480995,0.15593354430379752,0.07998417721519005,0.15854430379746845,0.06526898734177208,0.16099683544303806,0.05245253164556942,0.16344936708860763,0.04264240506329102,0.16590189873417724,0.032832278481012625,0.16835443037974684,0.02507911392405049,0.17080696202531645,0.017721518987341867,0.17325949367088606,0.011787974683544533,0.175,0.009335443037974756,0.175,0.006882911392405333,0.175,0.0044303797468352,0.175,0.001977848101265778,0.175,0.0,0.175,0.0,0.175,0.0,0.175,0.0,0.175,0.0,0.175,0.0,0.175,0.0,0.175,0.0,0.175,0.0,0.175,0.0,0.175,0.0,0.175
Slash,0.0,0.1641025641025641,0.0,0.1641025641025641,0.0,0.1641025641025641,0.0,0.1629990262901655,0.0,0.1609217786432976,0.0,0.15897435897435896,0.0,0.15897435897435896,0.0,0.15897435897435896,0.0,0.15897435897435896,0.0,0.15897435897435896,0.0,0.15897435897435896,0.0,0.15897435897435896,0.0,0.15897435897435896,0.0,0.15897435897435896,0.0,0.15897435897435896,0.0,0.15897435897435896,0.0,0.15897435897435896,0.0,0.15897435897435896,0.0,0.15897435897435896,0.0,0.15897435897435896,0.0,0.15897435897435896,0.0,0.15897435897435896,0.0,0.15897435897435896,0.0,0.15897435897435896,0.0,0.15897435897435896,0.0,0.15897435897435896,0.0,0.15897435897435896,0.0,0.15897435897435896,0.0,0.15897435897435896,0.0,0.15897435897435896,0.0015579357351510061,0.15819539110678346,0.005712431028886828,0.15611814345991556,0.00986692632262265,0.1540408958130478,0.017786432976306398,0.15008114248620563,0.02609542356377804,0.14592664719246995,0.0371308016877638,0.14086335605322947,0.051671535215838886,0.13463161311262575,0.06621226874391427,0.128399870172022,0.08477766958779617,0.12216812723141827,0.10347289840960737,0.11593638429081468,0.12424537487828648,0.10970464135021095,0.14709509899383322,0.10347289840960737,0.17007465108730924,0.09724115546900348,0.1970788704965921,0.0910094125283999,0.22408308990587464,0.08477766958779617,0.253424212917884,0.07971437844855568,0.28458292762090237,0.07555988315481972,0.3157416423239207,0.07140538786108404,0.3469003570269391,0.06725089256734822,0.3780590717299575,0.06309639727361255,0.4144109055501461,0.058941901979876574,0.4538786108406361,0.0547874066861409,0.493021746186303,0.050632911392405076,0.5304122038299254,0.046478416098669255,0.5678026614735472,0.04232392080493343,0.6051931191171697,0.03816942551119776,0.642583576760792,0.034014930217461936,0.6795196364816617,0.02986043492372611,0.7148328464784163,0.02570593962999029,0.7501460564751702,0.021551444336254322,0.7776695877961699,0.017396949042518792,0.8025965595585848,0.013242453748782823,0.825770853618955,0.009672184355728702,0.8444660824407662,0.00759493670886079,0.863161311262577,0.00551768906199288,0.880168776371308,0.0034404414151249685,0.8967867575462513,0.0013631937682570575,0.9119766309639729,0.0,0.92444011684518,0.0,0.9369036027263875,0.0,0.9475494969165856,0.0,0.9579357351509251,0.0,0.9666342096721844,0.0,0.9728659526127882,0.0,0.9790976955533915,0.0,0.9833820188250567,0.0,0.9875365141187925,0.0,0.9916910094125283,0.0,0.9958455047062642,0.0,1.0,0.0
Slash,1.0,0.059113300492610835,1.0,0.059113300492610835,1.0,0.059113300492610835,1.0,0.059113300492610835,1.0,0.059113300492610835,1.0,0.059113300492610835,1.0,0.059113300492610835,1.0,0.059113300492610835,1.0,0.059113300492610835,1.0,0.059113300492610835,1.0,0.059113300492610835,1.0,0.059113300492610835,1.0,0.059113300492610835,1.0,0.059113300492610835,1.0,0.059113300492610835,1.0,0.059113300492610835,1.0,0.059113300492610835,1.0,0.059113300492610835,1.0,0.059113300492610835,1.0,0.059113300492610835,1.0,0.059113300492610835,1.0,0.059113300492610835,1.0,0.059113300492610835,1.0,0.059113300492610835,1.0,0.059113300492610835,0.9980669701315706,0.059113300492610835,0.9958221612521045,0.059113300492610835,0.9935773523726382,0.059113300492610835,0.9913325434931721,0.059113300492610835,0.9901477832512315,0.059113300492610835,0.9901477832512315,0.059113300492610835,0.9895242252291576,0.059113300492610835,0.9872794163496915,0.059113300492610835,0.9848475400636031,0.059113300492610835,0.9803579223046703,0.059113300492610835,0.9758683045457379,0.059113300492610835,0.9633971441042588,0.057117914821974175,0.9499282908274613,0.054873105942507966,0.9286649622747395,0.051069402007856764,0.9039720646006113,0.04657978424892448,0.8759119536072831,0.04209016648999206,0.844484629294756,0.037600548731059356,0.8109995635093845,0.03311093097212693,0.7728378125584587,0.02862131321319451,0.7346760616075324,0.024381118663091634,0.6965143106566067,0.02213630978362542,0.6583525597056807,0.019891500904159073,0.6140175843362223,0.01764669202469286,0.569121406746898,0.015401883145226648,0.5258464800149654,0.014778325123152709,0.48319511130510673,0.014778325123152709,0.44054374259524853,0.014778325123152709,0.3978923738853901,0.014778325123152709,0.35673754442850897,0.014778325123152709,0.31857579347758325,0.014778325123152709,0.28103760054873117,0.014778325123152709,0.24736546735673728,0.014778325123152709,0.21369333416474398,0.014778325123152709,0.18638149279790492,0.012658227848101201,0.15944378624431038,0.010413418968635131,0.13755689966951437,0.009852216748768473,0.11735361975431804,0.009852216748768473,0.09964457192741777,0.008605100704620594,0.08393090977115415,0.006360291825154382,0.06983849847228293,0.00411548294568817,0.05861445407495174,0.0018706740662218194,0.04813867930410933,0.0,0.04140425266571055,0.0,0.03466982602731178,0.0,0.027935399388913287,0.0,0.021200972750514514,0.0,0.016212508573922715,0.0,0.011722890814990292,0.0,0.008542744902413312,0.0,0.00629793602294696,0.0,0.004053127143480609,0.0,0.0018083182640145374,0.0,0.0,0.0,0.0,0.0,0.0,0.0
Slash,0.0,0.0684931506849315,0.0,0.0684931506849315,0.0,0.0684931506849315,0.0,0.0684931506849315,0.0,0.0684931506849315,0.0,0.0684931506849315,0.0,0.0684931506849315,0.0,0.0684931506849315,0.0,0.0684931506849315,0.0,0.0684931506849315,0.0,0.0684931506849315,0.0,0.0684931506849315,0.0,0.0684931506849315,0.0,0.0684931506849315,0.0,0.0684931506849315,0.0,0.0684931506849315,0.0,0.0684931506849315,0.0,0.0684931506849315,0.0,0.0684931506849315,0.0,0.0684931506849315,0.0,0.0684931506849315,0.0,0.0684931506849315,0.0,0.0684931506849315,0.0,0.0684931506849315,0.0,0.0684931506849315,0.0,0.0684931506849315,0.0,0.0684931506849315,0.0,0.0684931506849315,0.0,0.0684931506849315,0.0,0.0684931506849315,0.0,0.0684931506849315,0.0,0.0684931506849315,0.0,0.0684931506849315,0.0,0.0684931506849315,0.0,0.0684931506849315,0.0,0.0684931506849315,0.0011560025432055688,0.06791514941332873,0.004739610427142884,0.06612334547135994,0.008323218311080198,0.06433154152939127,0.014681232298711086,0.06253973758742275,0.021848448066585716,0.060747933645453965,0.03022946650482635,0.05895612970348531,0.042772094098607084,0.05716432576151665,0.05531472169238782,0.05537252181954799,0.07028495462690003,0.053580717877579336,0.08641119010461834,0.05178891393561068,0.10323102710825953,0.04999710999364189,0.12473267441188367,0.048205306051673356,0.14623432171550782,0.046413502109704574,0.1698167735969019,0.04462169816773604,0.19490202878446336,0.04282989422576726,0.220045084099185,0.0410380902837986,0.246922143228715,0.039246286341829945,0.273799202358245,0.03745448239986129,0.30501127102479636,0.03566267845789263,0.3408473498641698,0.03387087451592397,0.3766834287035432,0.032079070573955315,0.41419571123056453,0.030287266631986526,0.45182359401190675,0.028495462690017997,0.49014507831917203,0.02670365874804921,0.5295647650424827,0.024911854806080682,0.5689844517657938,0.023120050864111893,0.6084041384891048,0.021328246922143235,0.6478238252124152,0.019536442980174578,0.6856829085023987,0.01774463903820592,0.7197271833998036,0.015952835096237263,0.7537714582972084,0.014161031154268477,0.78515692734524,0.01236922721229982,0.8156175943587076,0.010577423270331163,0.84503785908329,0.008785619328362504,0.8701231142708512,0.006993815386393847,0.8952083694584129,0.00520201144442519,0.914513611929946,0.003410207502456532,0.9306398474076644,0.0016184035604878742,0.9464192821224208,0.0,0.9589619097162013,0.0,0.971504537309982,0.0,0.9820819605803132,0.0,0.9910409802901566,0.0,1.0,0.0
Slash,1.0,0.0,0.9982072037811703,0.0,0.9964144075623406,0.0,0.9946216113435107,0.0,0.9928288151246807,0.0,0.9914163090128756,0.0,0.9914163090128756,0.0,0.9914163090128756,0.0,0.9914163090128756,0.0,0.9914163090128756,0.0,0.9914163090128756,0.0,0.9914163090128756,0.0,0.9913619818547292,0.0,0.9895691856358994,0.0,0.9877763894170696,0.0,0.9859835931982399,0.0,0.9841907969794099,0.0,0.9823980007605803,0.0,0.9806052045417506,0.0,0.9788124083229206,0.0,0.9770196121040909,0.0,0.9752268158852612,0.0,0.9718042049220406,0.0,0.9664258162655512,0.0,0.9607214646601836,0.0,0.9499646873472049,0.0,0.9392079100342262,0.0,0.9224751453251481,0.0,0.9027543869180203,0.0,0.8805889063943066,0.0004889444233171807,0.8519041668930298,0.002281740642147006,0.8232194273917531,0.004074536860976709,0.7882327375454993,0.00744282066605096,0.7523768131689029,0.011028413103710489,0.7147824197316237,0.015483240071711863,0.6753409029173686,0.020861628728201218,0.6358993861031129,0.026402998859129712,0.5964578692888575,0.03357418373444889,0.5570163524746022,0.04074536860976807,0.515075786385614,0.0491660781224534,0.47204867713369925,0.0581300592166024,0.43010811104471103,0.06709404031075128,0.39066659423045563,0.07605802140490028,0.3512250774162002,0.08502200249904929,0.3134133753463359,0.09561579833758899,0.27576465475090994,0.1063725756505677,0.24181018090943665,0.11620579127505842,0.21133264518933023,0.1251697723692073,0.18150703536698012,0.13391644483077092,0.1564078883033628,0.1410876297060901,0.13130874123974573,0.14825881458140927,0.11142500135817876,0.1541261476612158,0.09349703916988075,0.15950453631770528,0.07736187320041293,0.1642853262345847,0.06481229966860452,0.16787091867224435,0.05226272613679586,0.17145651110990376,0.04308143641006158,0.1750421035475634,0.03411745531591233,0.17862769598522305,0.027109251915032294,0.1812353995762481,0.02173086325854294,0.18302819579507792,0.016624110392785364,0.18454935622317598,0.013038517955125837,0.18454935622317598,0.009452925517466309,0.18454935622317598,0.00722551203346556,0.18454935622317598,0.005432715814635735,0.18454935622317598,0.0036399195958059095,0.18454935622317598,0.0018471233769762059,0.18454935622317598,5.432715814638052e-05,0.18454935622317598,0.0,0.18454935622317598,0.0,0.18454935622317598,0.0,0.18454935622317598,0.0,0.18454935622317598,0.0,0.18454935622317598,0.0,0.18454935622317598,0.0,0.18454935622317598,0.0,0.18454935622317598,0.0,0.18454935622317598,0.0,0.18454935622317598,0.0,0.18454935622317598,0.0,0.18454935622317598
Slash,1.0,0.004048582995951417,1.0,0.001998667554963404,0.9999487521139754,0.0,0.9978988366729874,0.0,0.9958489212319991,0.0,0.9937990057910111,0.0,0.9919028340080972,0.0,0.9919028340080972,0.0,0.9919028340080972,0.0,0.9919028340080972,0.0,0.9919028340080972,0.0,0.9919028340080972,0.0,0.9919028340080972,0.0,0.9919028340080972,0.0,0.9919028340080972,0.0,0.9919028340080972,0.0,0.9919028340080972,0.0,0.9919028340080972,0.0,0.9919028340080972,0.0,0.9919028340080972,0.0,0.9919028340080972,0.0,0.9919028340080972,0.0,0.9919028340080972,0.0,0.9919028340080972,0.0,0.9919028340080972,0.0,0.9919028340080972,0.0,0.9912366114897762,0.0,0.9891866960487881,0.0,0.9871367806077999,0.0,0.9850868651668119,0.0,0.9830369497258238,0.0,0.9809870342848356,0.0,0.979757085020243,0.0,0.979757085020243,0.0,0.979757085020243,0.0,0.979757085020243,0.0,0.979757085020243,0.0,0.979757085020243,0.0,0.979757085020243,0.0,0.979757085020243,0.0,0.979757085020243,0.0,0.979757085020243,0.0,0.9786808794137241,0.0,0.9766309639727363,0.0,0.9723261415466614,0.001127453492543453,0.9661763952236971,0.0031773689335314655,0.9553118433864601,0.005227284374519478,0.9409624352995438,0.007277199815507721,0.9180033823604776,0.009327115256495733,0.8893045661866448,0.011377030697483746,0.8516373699584894,0.013426946138471759,0.8085891456977398,0.015476861579459886,0.7602111412904216,0.020191667093732477,0.7089632552657201,0.026341413416696515,0.6521805975503506,0.03387485266232774,0.5927330497616968,0.04207451442628002,0.5332855019730434,0.05170911699892386,0.47383795418438984,0.06195869420386404,0.41884897247988506,0.07220827140880445,0.3655511710141954,0.08245784861374474,0.3168656792907291,0.09270742581868503,0.2697176241480037,0.10295700302362522,0.2289243068723412,0.11161789576179977,0.18997591349356827,0.11981755752575206,0.15922718187874738,0.12637728693691389,0.13052836570491427,0.13252703325987802,0.1069030902475273,0.13698559934402701,0.08435402039665847,0.14108543022600326,0.06877466304514937,0.1434428329831395,0.05442525495823293,0.14549274842412752,0.04366319889304564,0.14754266386511553,0.03341362168810534,0.14959257930610365,0.025008968380054283,0.14979757085020243,0.016809306616102002,0.14979757085020243,0.012401988417977752,0.14979757085020243,0.008302157536001727,0.14979757085020243,0.006149746322964153,0.14979757085020243,0.004099830881976026,0.14979757085020243,0.002049915440988013,0.14979757085020243,0.0,0.14979757085020243
Slash,0.0035714285714285713,0.1392857142857143,0.0020343580470162286,0.1392857142857143,0.0004972875226039873,0.1392857142857143,0.0,0.1392857142857143,0.0,0.1392857142857143,0.0,0.13874321880650992,0.0,0.13720614828209757,0.0,0.1357142857142857,0.0,0.1357142857142857,0.0,0.1357142857142857,0.0,0.1357142857142857,0.0,0.1357142857142857,0.0,0.1357142857142857,0.0,0.1357142857142857,0.0,0.1357142857142857,0.0,0.1357142857142857,0.0,0.1357142857142857,0.0,0.1357142857142857,0.0,0.1357142857142857,0.0,0.1357142857142857,0.0,0.1357142857142857,0.0,0.1357142857142857,0.0,0.1357142857142857,0.0,0.1357142857142857,0.0011754068716094983,0.1345388788426762,0.0027124773960216383,0.13300180831826397,0.00492766726943939,0.13146473779385173,0.008001808318264076,0.12992766726943938,0.011618444846293029,0.12820976491862573,0.01930379746835444,0.12513562386980104,0.02698915009041595,0.12206148282097656,0.035895117540687235,0.11898734177215187,0.04511754068716089,0.1159132007233273,0.056509945750452116,0.11283905967450271,0.07034358047016269,0.10976491862567822,0.08508137432188069,0.10646473779385174,0.10506329113924064,0.1018535262206148,0.12504520795660048,0.09724231464737788,0.1526220614828211,0.09263110307414106,0.18182640144665477,0.08801989150090413,0.21179927667269446,0.0834086799276672,0.2425406871609405,0.07879746835443037,0.2738245931283907,0.07418625678119345,0.307640144665461,0.06957504520795652,0.34145569620253174,0.06496383363471969,0.3818264014466546,0.06035262206148287,0.4233273056057868,0.055741410488245845,0.4656419529837253,0.051130198915009015,0.5086799276672694,0.04651898734177219,0.5517179023508141,0.04190777576853516,0.5947558770343583,0.03729656419529834,0.6377938517179023,0.03268535262206141,0.6781193490054251,0.029430379746835506,0.7180831826401448,0.02635623869801082,0.7546112115732371,0.023282097649186335,0.7884267631103073,0.020207956600361652,0.8204339963833635,0.017133815551537066,0.8465641952983725,0.014059674502712482,0.8726943942133817,0.010985533453887898,0.8918173598553344,0.009312839059674513,0.9102622061482821,0.007775768535262171,0.925994575045208,0.00623869801084993,0.9398282097649187,0.004701627486437587,0.9524412296564195,0.003164556962025346,0.9616636528028932,0.0016274864376131046,0.970886075949367,9.041591320076187e-05,0.9772151898734177,0.0,0.9833634719710669,0.0,0.9876130198915007,0.0,0.9906871609403254,0.0,0.9933092224231465,0.0,0.9948462929475588,0.0,0.9963833634719711,0.0,0.9979204339963835,0.0,0.9994575045207958,0.0,1.0,0.0,1.0,0.0,1.0,0.0,1.0,0.0,1.0,0.0
Slash,1.0,0.0,1.0,0.0,1.0,0.0,1.0,0.0,1.0,0.0,1.0,0.0,1.0,0.0,1.0,0.0,1.0,0.0,1.0,0.0,1.0,0.0,1.0,0.0,1.0,0.0,1.0,0.0,1.0,0.0,1.0,0.0,1.0,0.0,1.0,0.0,1.0,0.0,1.0,0.0,1.0,0.0,1.0,0.0,1.0,0.0,1.0,0.0,1.0,0.0,1.0,0.0,1.0,0.0,1.0,0.0,1.0,0.0,0.998716677361022,0.0,0.9970833576386864,0.0,0.9954500379163509,0.0,0.9890917575686868,0.0,0.9825584786793443,0.0,0.9746252114565712,0.00023333138890506097,0.9582920142332146,0.0018666511112407497,0.9419588170098583,0.003499970833576438,0.923525637286356,0.005133290555911996,0.9006591611736569,0.006766610278247685,0.8777926850609578,0.008399930000583374,0.8500262497812516,0.01003324972291893,0.8173598553345389,0.01166656944525462,0.784693460887826,0.013299889167590308,0.7498104182465144,0.014933208889925997,0.7138773843551304,0.016566528612261554,0.6779443504637462,0.01819984833459711,0.6406113282389312,0.02123315639036356,0.6030449746252116,0.024499795835034675,0.565536953858718,0.02776643527970592,0.5296039199673337,0.031033074724377167,0.4936708860759496,0.03429971416904855,0.4580878492679228,0.037916350697077446,0.42378813509887425,0.042816309864084384,0.38948842092982544,0.04771626903109145,0.3564720293997552,0.052616228198098386,0.32543895467537776,0.057516187365105186,0.2944058799510006,0.062416146532112124,0.2671061074491044,0.06638278014349881,0.24260631161406998,0.0696494195881702,0.21810651577903503,0.07291605903284144,0.1960566995275041,0.07618269847751269,0.17482354313714052,0.07944933792218406,0.15359038674677725,0.0827159773668553,0.13539053841217985,0.08598261681152655,0.11742402146648794,0.0892492562561978,0.09998250014583204,0.09234089715919028,0.08691594236714706,0.09397421688152598,0.07384938458846181,0.09560753660386166,0.06218281514320719,0.09724085632619722,0.054016216531529146,0.09887417604853291,0.045849617919850566,0.1005074957708686,0.038441346322113996,0.10138248847926268,0.031908067432771504,0.10138248847926268,0.025374788543428752,0.10138248847926268,0.019891500904159098,0.10138248847926268,0.014991541737152165,0.10138248847926268,0.01009158257014523,0.10138248847926268,0.006533278889342755,0.10138248847926268,0.0032666394446711155,0.10138248847926268,0.0,0.10138248847926268
Slash,0.0,0.13839285714285715,0.0,0.13675406871609397,0.0,0.13511528028933092,0.0,0.13392857142857142,0.0,0.13392857142857142,0.0,0.13392857142857142,0.0,0.13392857142857142,0.0,0.13392857142857142,0.0,0.13392857142857142,0.0,0.13392857142857142,0.0,0.13392857142857142,0.0,0.13392857142857142,0.0,0.13392857142857142,0.0,0.13392857142857142,0.0,0.13392857142857142,0.0,0.13392857142857142,0.0,0.13392857142857142,0.0,0.13392857142857142,0.0,0.13392857142857142,0.0,0.13392857142857142,0.0,0.13392857142857142,0.0,0.13392857142857142,0.0,0.13392857142857142,0.0,0.13392857142857142,0.0,0.13392857142857142,0.0,0.13392857142857142,0.0,0.13392857142857142,0.0,0.13392857142857142,0.0037296564195299048,0.13268535262206146,0.008646021699819175,0.13104656419529828,0.01373191681736,0.12935126582278475,0.02356464737793854,0.12607368896925866,0.03339737793851733,0.12279611211573231,0.04628164556962032,0.11900994575045207,0.0659471066907774,0.1140935804701628,0.08561256781193498,0.1091772151898734,0.10719936708860775,0.104260849909584,0.13014240506329117,0.09934448462929472,0.15308544303797486,0.09442811934900545,0.17744122965641956,0.08951175406871618,0.20202305605786616,0.08459538878842666,0.2270569620253163,0.0796790235081374,0.25491636528028955,0.07476265822784812,0.2827757685352622,0.06984629294755886,0.31334764918625674,0.06492992766726946,0.3477622061482822,0.060013562386980066,0.3821767631103073,0.055097197106690796,0.4177215189873417,0.05131103074141054,0.4537748643761305,0.048033453887884194,0.48982820976491886,0.04475587703435809,0.52746383363472,0.04147830018083187,0.5651559674502715,0.038200723327305654,0.6020569620253166,0.0349231464737793,0.6364715189873422,0.03164556962025321,0.6708860759493669,0.028367992766726857,0.702757685352622,0.025090415913200763,0.7322558770343578,0.02181283905967454,0.761754068716094,0.018535262206148317,0.7873530741410489,0.01655741410488254,0.8119349005424955,0.014918625678119366,0.8361776672694395,0.013279837251356317,0.8558431283905968,0.011641048824593143,0.8755085895117539,0.010002260397830096,0.8934787522603977,0.00836347197106692,0.9082278481012658,0.006724683544303746,0.9229769439421338,0.0050858951175406985,0.9346745027124774,0.003447106690777651,0.9445072332730563,0.0018083182640144762,0.9543399638336348,0.00016952983725130162,0.9612341772151899,0.0,0.9677893309222423,0.0,0.9740619349005425,0.0,0.978978300180832,0.0,0.9838946654611213,0.0,0.9880764014466548,0.0,0.9913539783001808,0.0,0.9946315551537069,0.0,0.9967224231464736,0.0,0.9983612115732369,0.0,1.0,0.0
Slash,0.9999999999999998,0.008032128514056222,1.0,0.008032128514056222,0.9999999999999998,0.008032128514056222,0.9999999999999998,0.008032128514056222,0.9999999999999998,0.008032128514056222,0.9999999999999998,0.008032128514056222,0.9999999999999998,0.008032128514056222,0.9999999999999998,0.008032128514056222,0.9999999999999998,0.008032128514056222,0.9999999999999998,0.008032128514056222,0.9999999999999998,0.008032128514056222,0.9999999999999998,0.008032128514056222,0.9999999999999998,0.008032128514056222,0.9999999999999998,0.008032128514056222,0.9999999999999998,0.008032128514056222,0.9999999999999998,0.008032128514056222,0.9999999999999998,0.008032128514056222,0.9999999999999998,0.008032128514056222,0.9988307661023839,0.008032128514056222,0.9972040058970055,0.008032128514056222,0.9955772456916271,0.008032128514056222,0.9939504854862486,0.008032128514056222,0.9923237252808701,0.008032128514056222,0.9906969650754917,0.008032128514056222,0.9890702048701132,0.008032128514056222,0.9869350821005539,0.008032128514056222,0.9836815616897969,0.008032128514056222,0.9804280412790399,0.008032128514056222,0.977174520868283,0.008032128514056222,0.973921000457526,0.008032128514056222,0.9694474098927351,0.008032128514056222,0.9629403690712212,0.008032128514056222,0.9564333282497075,0.008032128514056222,0.9455035331198207,0.008032128514056222,0.9341162116821715,0.008032128514056222,0.91988205988511,0.007320420924203179,0.9019876976259467,0.005693660718824695,0.8840933353667833,0.004066900513446096,0.8598952773117784,0.002440140308067726,0.8354938742311017,0.0008133801026892421,0.8086523308423568,0.0,0.779370647145544,0.0,0.7498856184230591,0.0,0.7140968939047327,0.0,0.6783081693864063,0.0,0.6425194448680799,0.0,0.6067307203497534,0.0,0.5710945046006812,0.0,0.5369325402877331,0.0,0.5027705759747854,0.0,0.4675918865334754,0.0,0.43180316201514896,0.0,0.39652280006100354,0.0,0.36398759595343383,0.0,0.3314523918458644,0.0,0.3011539830206904,0.0,0.2718722993238777,0.0,0.24365817701184492,0.0003558537949264649,0.21925677393116766,0.0019826140003050634,0.1948553708504904,0.0036093742056834332,0.1728941080778812,0.005236134411061918,0.1517462254079609,0.006862894616440516,0.13197092166132893,0.008489654821818887,0.1157033196075441,0.01011641502719737,0.09943571755375925,0.011743175232575854,0.08581160083371464,0.013369935437954339,0.07279751919068676,0.014996695643332824,0.06090183518885685,0.01662345584871131,0.051141273956585714,0.018250216054089677,0.04138071272431504,0.01987697625946816,0.03446698185145631,0.02008032128514056,0.0279599410299426,0.02008032128514056,0.022113771541863607,0.02008032128514056,0.01723349092572838,0.02008032128514056,0.012353210309592815,0.02008032128514056,0.008998017385999648,0.02008032128514056,0.00574449697524268,0.02008032128514056,0.0032535204107569686,0.0208428651314117,0.0016267602053784843,0.022469625336790186,0.0,0.02409638554216867
Slash,0.0,0.05907172995780591,0.0,0.05907172995780591,0.0,0.05907172995780591,0.0009079741494418903,0.05816375580836402,0.0026171019601559944,0.056454627997649914,0.004326229770870099,0.05474550018693581,0.0060353575815842025,0.053036372376221705,0.007744485392298306,0.0513272445655076,0.010468407840623977,0.05063291139240506,0.013886663462051946,0.05063291139240506,0.017518560059819506,0.05063291139240506,0.02264594349196182,0.05063291139240506,0.02777332692410413,0.05063291139240506,0.03290071035624644,0.04951129626662394,0.03802809378838851,0.04780216845590972,0.04379640014954865,0.04609304064519585,0.05234203920311917,0.04438391283448163,0.06088767825668969,0.04267478502376752,0.07066175292421088,0.04096565721305342,0.08091651978849551,0.03925652940233931,0.09202585055813707,0.03754740159162533,0.1056988730438499,0.03583827378091123,0.1193718955295625,0.034129145970197124,0.1343801741173957,0.03242001815948302,0.14976232441382262,0.030710890348768914,0.16514447471024932,0.02900176253805481,0.18052662500667627,0.027292634727340708,0.19590877530310294,0.025583506916626603,0.21417507878010994,0.022432302515622466,0.23297548469796509,0.019014046894194257,0.25177589061582023,0.01623671420178387,0.27057629653367515,0.014527586391069765,0.2893767024515303,0.01281845858035566,0.3097260054478449,0.011109330769641556,0.3302355391764139,0.009400202958927453,0.3492495860706082,0.007691075148213469,0.3663408641777492,0.005981947337499364,0.38343214228489025,0.00427281952678526,0.40217913795866045,0.0025636917160711562,0.42097954387651537,0.000854563905357052,0.44063451369972767,0.0,0.4611440474282967,0.0,0.48170699140095063,0.0,0.503925652940234,0.0,0.5261443144795172,0.0,0.549324360412327,0.0009613843935267285,0.5732521497623243,0.0026705122042407128,0.5973401698445762,0.004219409282700422,0.6229770870052876,0.004219409282700422,0.648614004165999,0.004219409282700422,0.6742509213267106,0.004219409282700422,0.6998878384874219,0.004219409282700422,0.7252577044277092,0.004219409282700422,0.7491854937777066,0.004219409282700422,0.7731132831277038,0.004219409282700422,0.7958660471078354,0.004219409282700422,0.8180847086471185,0.004219409282700422,0.8395556267692142,0.00459328099129417,0.8583560326870694,0.006302408802008274,0.8771564386049243,0.008011536612722378,0.8933931528067085,0.008438818565400843,0.9087753031031351,0.008438818565400843,0.9231960690060352,0.008919510762164268,0.9351599636810339,0.010628638572878372,0.9471238583560327,0.012337766383592356,0.956310420338621,0.012658227848101266,0.9648560593921915,0.012658227848101266,0.9722266730758962,0.012658227848101266,0.9773540565080382,0.012658227848101266,0.9824814399401804,0.012658227848101266,0.9861133365379479,0.012658227848101266,0.9895315921593762,0.012658227848101266,0.9922555146077017,0.012658227848101266,0.9939646424184158,0.012658227848101266,0.99567377022913,0.012658227848101266,0.997382898039844,0.014260535170645693,0.9990920258505581,0.015969662981359798,1.0,0.016877637130801686,1.0,0.016877637130801686,1.0,0.016877637130801686
Slash,1.0,0.004347826086956522,1.0,0.002861860209135923,1.0,0.0013758943313153236,0.9998899284534947,0.0,0.9984039625756741,0.0,0.9969179966978537,0.0,0.995432030820033,0.0,0.9939460649422126,0.0,0.992460099064392,0.0,0.9909741331865711,0.0,0.9894881673087506,0.0,0.9880022014309302,0.0,0.9869565217391304,0.0,0.9869565217391304,0.0,0.9869565217391304,0.0,0.9864061640066043,0.0,0.984920198128784,0.0,0.9834342322509632,0.0,0.9826086956521739,0.0,0.9826086956521739,0.0,0.9826086956521739,0.0,0.9818381948266373,0.0,0.9803522289488169,0.0,0.978866263070996,0.0,0.9764997248211337,0.0,0.9735277930654925,0.0,0.9705558613098516,0.0,0.9646119977985692,0.0009906439185471071,0.9571821684094662,0.002476609796367583,0.9497523390203632,0.003962575674188181,0.9379196477710514,0.004347826086956522,0.924545954870666,0.004347826086956522,0.9111722619702807,0.004347826086956522,0.8941662080352226,0.005558613098514056,0.876334617501376,0.007044578976334655,0.858503026967529,0.008530544854155131,0.8367088607594936,0.008695652173913044,0.8144193725921849,0.008695652173913044,0.7921298844248762,0.008695652173913044,0.7641166758392955,0.010126582278481129,0.7358833241607045,0.01161254815630148,0.7075949367088608,0.013098514034122204,0.6778756191524491,0.014584479911942802,0.6481563015960373,0.0160704457897634,0.6184369840396259,0.01772151898734179,0.5887176664832139,0.020693450742982986,0.5589983489268023,0.02366538249862406,0.5295542102366539,0.02663731425426526,0.5013208585580629,0.029609246009906456,0.47308750687947165,0.03258117776554753,0.44485415520088056,0.03593835993395707,0.4166208035222894,0.04039625756741874,0.3883874518436985,0.04485415520088054,0.3611447440836544,0.04931205283434234,0.33588332416070443,0.05376995046780413,0.31062190423775476,0.05822784810126581,0.2865712713263621,0.06208035222894871,0.2642817831590534,0.06505228398459004,0.24199229499174463,0.06802421574023124,0.2211337369290037,0.07171161254815635,0.20181618051733644,0.07616951018161815,0.18249862410566864,0.0806274078150797,0.1648321408915795,0.0842597688497523,0.14848651623555315,0.0872317006053935,0.1321408915795268,0.0902036323610347,0.11766648321408915,0.0931755641166759,0.104292790313704,0.09614749587231697,0.09091909741331887,0.09911942762795829,0.07859108420473297,0.10104567969179962,0.06670335718216842,0.10253164556962034,0.05481563015960388,0.10401761144744082,0.0463951568519539,0.10550357732526142,0.038965327462850904,0.10698954320308202,0.03153549807374791,0.10847550908090249,0.02537149146945521,0.10869565217391304,0.019427627958172815,0.10869565217391304,0.01348376444689042,0.10869565217391304,0.008915795266923593,0.10869565217391304,0.004457897633461797,0.10869565217391304,0.0,0.10869565217391304
Slash,0.0,0.12927756653992395,0.0,0.12927756653992406,0.0,0.12927756653992395,0.0,0.12927756653992395,0.0,0.12927756653992395,0.0,0.12927756653992395,0.0,0.12927756653992395,0.0,0.12927756653992395,0.0,0.12927756653992395,0.0,0.12927756653992395,0.0,0.12927756653992395,0.0,0.12927756653992395,0.0,0.12927756653992395,0.0,0.12927756653992395,0.0,0.12927756653992395,0.0,0.12927756653992395,0.0,0.12927756653992395,0.0,0.12927756653992395,0.0,0.12927756653992395,0.0,0.12927756653992395,0.0003850411512729903,0.12889252538865095,0.0019252057563651677,0.1273523607835588,0.003465370361457345,0.12581219617846662,0.006208788564277753,0.12427203157337444,0.009289117774462107,0.12273186696828225,0.012850748423737754,0.12119170236319007,0.017471242239014285,0.1196515377580979,0.02209173605429082,0.11811137315300572,0.030610771526206944,0.11527169466236702,0.03985175915676001,0.11219136545218265,0.050247870241132045,0.1091110362419983,0.06256918708186925,0.10603070703181394,0.07489050392260667,0.1029503778216297,0.09139914328343858,0.09847427443808052,0.10834095393945233,0.09385378062280408,0.12595658661019396,0.08923328680752755,0.14443856187130008,0.08461279299225102,0.162920537132406,0.0799922991769746,0.1858786157770611,0.07537180536169807,0.20898108485344377,0.07075131154642153,0.2328536362323724,0.066130817731145,0.257496269913847,0.06151032391586858,0.282283294027049,0.056889830100592044,0.31154642152380035,0.052269336285315514,0.3408095490205515,0.047648842470038984,0.3718053616980317,0.043028348654762454,0.40414881840496697,0.038407854839485916,0.4364922751119025,0.033787361024209386,0.4688357318188382,0.02916686720893296,0.5011791885257735,0.02454637339365643,0.5335226452327094,0.02088848245656259,0.5658661019396447,0.017808153246378234,0.5979689079270346,0.014968474755739525,0.6287722000288781,0.013428310150647348,0.6595754921307213,0.01188814554555517,0.688261057900563,0.010347980940462994,0.7159840207922222,0.008807816335370816,0.7430331616691531,0.007267651730278638,0.7676757953506281,0.005727487125186461,0.7923184290321028,0.004187322520094283,0.81349569235212,0.0038022813688212928,0.8335178322183183,0.0038022813688212928,0.8526736294941522,0.0033691100736390435,0.8696154401501661,0.0018289454685468662,0.8865572508061799,0.0002887808634547968,0.900996293978919,0.0,0.9148577754247487,0.0,0.9276603937045771,0.0,0.9384415459402223,0.0,0.9492226981758674,0.0,0.9573085623526013,0.0,0.9650093853780624,0.0,0.9714588246618858,0.0,0.9760793184771621,0.0,0.9806998122924389,0.0,0.9853203061077151,0.0,0.9899407999229919,0.0,0.9938393415796313,0.0,0.9969196707898157,0.0,1.0,0.0
Slash,1.0,0.004347826086956522,0.9989543203082007,0.0033021463951569004,0.9979086406164005,0.0022564667033571554,0.9968629609246008,0.0012107870115575343,0.9958172812328016,0.00016510731975778942,0.9938910291689595,0.0,0.9917996697853606,0.0,0.9897083104017611,0.0,0.9876169510181616,0.0,0.9862410566868468,0.0,0.9851953769950466,0.0,0.9841496973032473,0.0,0.9831040176114475,0.0,0.9809576224545955,0.0,0.9778205833791963,0.0,0.9746835443037976,0.0,0.9715465052283984,0.0,0.968024215740231,0.0,0.9638414969730325,0.0,0.959658778205834,0.0,0.955476059438635,0.0,0.951073197578426,0.0,0.9458447991194278,0.0,0.9406164006604295,0.0,0.9353880022014308,0.0,0.9301045679691798,0.0,0.9238304898183819,0.0,0.9175564116675842,0.0,0.9112823335167861,0.0,0.905008255365988,0.0,0.896862960924601,0.0,0.8884975233902038,0.0,0.8801320858558064,0.0,0.8717666483214088,0.0,0.8610897083104017,0.0,0.8495872317006053,0.0,0.8380847550908089,0.0,0.8265822784810125,0.0,0.8138690148596588,0.0,0.8002751788662631,0.0,0.7866813428728674,0.0,0.7730875068794717,0.0,0.7586130985140342,0.0,0.742927903137039,0.0,0.7272427077600438,0.0,0.7115575123830488,0.0,0.6953219592735279,0.00027517886626306475,0.6775454045129334,0.001320858558062686,0.6597688497523391,0.0023665382498624307,0.6419922949917446,0.003412217941662052,0.6239955971381399,0.004457897633461797,0.6041276829939463,0.0055035773252614184,0.5842597688497523,0.006549257017061039,0.5643918547055584,0.007594936708860784,0.544523940561365,0.008640616400660406,0.5226747385800771,0.010676940011007134,0.5007154650522839,0.0127682993946065,0.478756191524491,0.014859658778205742,0.45679691799669786,0.01695101816180511,0.43483764446890466,0.019042377545404474,0.4128783709411115,0.021133736929003964,0.3909190974133186,0.023225096312603208,0.36895982388552545,0.025316455696202573,0.34634012107870116,0.028068244358833223,0.3233351678591085,0.03120528343423233,0.3003302146395156,0.03434232250963132,0.2773252614199229,0.037479361585030305,0.25432030820033025,0.04061640066042929,0.23131535498073735,0.043753439735828285,0.20831040176114446,0.04689047881122727,0.18530544854155204,0.05002751788662626,0.16263070996147497,0.053164556962025246,0.14067143643368205,0.05630159603742423,0.1187121629058889,0.059438635112823344,0.09675288937809574,0.06257567418822232,0.07528893780957595,0.06587782058337924,0.05646670335718202,0.07006053935057796,0.03764446890478785,0.07424325811777657,0.018822234452393925,0.07842597688497518,0.0,0.08260869565217391
Slash,0.09933774834437085,0.0,0.09933774834437085,0.0,0.09933774834437085,0.0,0.09933774834437085,0.0,0.09933774834437085,0.0,0.09933774834437085,0.0,0.09933774834437085,0.0,0.09933774834437085,0.0,0.09933774834437085,0.0,0.09933774834437085,0.0,0.09933774834437085,0.0,0.09933774834437085,0.0,0.09933774834437085,0.0,0.09833179646240249,0.0,0.09112247464162952,0.0,0.08173359040992503,0.0,0.06731494676837949,0.0,0.05457288959678107,0.0,0.04375890686562143,0.0,0.035208315868890894,0.0,0.027998994048117922,0.0,0.020789672227344954,0.0,0.013580350406572362,0.0,0.009808030849190899,0.0,0.006203369938804604,0.0,0.002598709028417931,0.0,0.0,0.0,0.0,0.0,0.0,0.0,0.0,0.0,0.0021795624109311436,0.0,0.005784223321317816,0.0,0.009388884231704113,0.0,0.012993545142090784,0.0,0.01659820605247708,0.0,0.02087350155084216,0.0,0.0316874842820018,0.0,0.04526783468857379,0.0,0.06689580015089269,0.0,0.09305054908206906,0.0,0.12549249727554684,0.0,0.16841311090619507,0.0,0.21887836365160548,0.0,0.28275630815659347,0.0026825383519155145,0.3512448654539361,0.006287199262301998,0.4262721099840725,0.013161203789085574,0.5017185011316958,0.020370525609858355,0.5738117193394247,0.027579847430631136,0.6433900578422329,0.03395087601643053,0.7046692933188033,0.03755553692681701,0.7588230362980969,0.0411601978372035,0.8020789672227346,0.04476485874758979,0.8392991868555623,0.048369519657976465,0.87174113504904,0.05197418056836276,0.896386956157264,0.052980132450331126,0.9180149216195825,0.052980132450331126,0.9332718584961014,0.052980132450331126,0.9475228434906529,0.052980132450331126,0.9583368262218129,0.052980132450331126,0.9683963450414957,0.053734596361807496,0.9756056668622684,0.05733925727219379,0.9828149886830417,0.059602649006622516,0.9900243105038143,0.059602649006622516,0.9953055578841474,0.059602649006622516,0.998910218794534,0.059602649006622516,1.0,0.059602649006622516,1.0,0.059602649006622516,1.0,0.06270433397602482,1.0,0.06622516556291391,1.0,0.06622516556291391,1.0,0.06622516556291391,1.0,0.06622516556291391,1.0,0.06622516556291391,1.0,0.06622516556291391,1.0,0.06622516556291391,1.0,0.06622516556291391,1.0,0.06622516556291391,1.0,0.06622516556291391,1.0,0.06622516556291391,1.0,0.06622516556291391
Slash,1.0,0.011201971546992267,1.0,0.010007094581979752,1.0,0.008812217616967237,1.0,0.008252119039617636,1.0,0.008252119039617636,1.0,0.008252119039617636,1.0,0.008252119039617636,1.0,0.008252119039617636,1.0,0.008252119039617636,1.0,0.008252119039617636,1.0,0.008252119039617636,1.0,0.008252119039617636,1.0,0.008252119039617636,1.0,0.008252119039617636,1.0,0.008252119039617636,1.0,0.008252119039617636,1.0,0.008252119039617636,1.0,0.008252119039617636,0.9991411821813971,0.008252119039617636,0.9979463052163848,0.008252119039617636,0.9970501474926253,0.008252119039617636,0.9970501474926253,0.008252119039617636,0.9970501474926253,0.008252119039617636,0.9961166498637094,0.008252119039617636,0.994921772898697,0.008252119039617636,0.9937268959336844,0.008252119039617636,0.9925320189686719,0.008252119039617636,0.9913371420036593,0.008252119039617636,0.9901422650386467,0.008252119039617636,0.9889473880736342,0.008252119039617636,0.985960195661103,0.008252119039617636,0.9799858108360406,0.008252119039617636,0.9740114260109782,0.008252119039617636,0.9604570404391174,0.007169261790075008,0.9461185168589673,0.005974384825062492,0.9275979239012735,0.004779507860049977,0.9037003846010232,0.003584630895037462,0.8798028453007729,0.0023897539300249465,0.8443299354019642,0.0011948769650125153,0.8084836264515888,0.0,0.7618834248161008,0.0011948769650125153,0.7045293304955006,0.004779507860049977,0.6472872558903703,0.00840147866024418,0.5935177924648071,0.01318098652029424,0.5397483290392444,0.01796049438034422,0.48799522049213984,0.02408423882603342,0.4378103879616147,0.03125350061610843,0.38840969343937876,0.03842276240618343,0.34658899966394074,0.045592024196258525,0.304768305888503,0.05276128598633362,0.26742840073186197,0.05993054777640871,0.23277696874649936,0.06709980956648363,0.19943243344161915,0.07408237183077553,0.1731451402113438,0.0800567566558381,0.14685784698106866,0.08603114148090059,0.12467794331802422,0.09118404839251705,0.1043650349128113,0.09596355625256711,0.08535902318808111,0.10022030544042415,0.07102049960793093,0.10261005937044917,0.05668197602778091,0.1049998133004743,0.04592808334266844,0.10738956723049915,0.03636906762256815,0.10977932116052427,0.02781822934169751,0.11183301594413947,0.021843844516634934,0.113027892909152,0.015869459691572357,0.1142227698741645,0.011836749934655099,0.11541764683917702,0.00825211903961772,0.11661252380418953,0.0050782271013031476,0.11739666181247899,0.0026884731712781174,0.11739666181247899,0.00029871924125308687,0.11739666181247899,0.0,0.11739666181247899,0.0,0.11739666181247899,0.0,0.11739666181247899,0.0,0.11739666181247899,0.0,0.11739666181247899,0.0,0.11739666181247899,0.0,0.11739666181247899,0.0,0.11739666181247899,0.0,0.11739666181247899,0.0,0.11739666181247899
Slash,0.006920415224913495,0.16608996539792387,0.006920415224913396,0.16608996539792387,0.006920415224913495,0.16608996539792387,0.005913013008628583,0.16608996539792387,0.004423809732381429,0.16608996539792387,0.0034602076124567475,0.16608996539792387,0.0034602076124567475,0.16608996539792387,0.0034602076124567475,0.16608996539792387,0.0034602076124567475,0.16608996539792387,0.0034602076124567475,0.16608996539792387,0.0034602076124567475,0.16608996539792387,0.0034602076124567475,0.16608996539792387,0.0034602076124567475,0.16608996539792387,0.0034602076124567475,0.16608996539792387,0.0034602076124567475,0.16608996539792387,0.0034602076124567475,0.16608996539792387,0.0034602076124567475,0.16608996539792387,0.0034602076124567475,0.16608996539792387,0.0034602076124567475,0.16608996539792387,0.002847006263413715,0.16608996539792387,0.001357802987166659,0.16608996539792387,0.0,0.16608996539792387,0.0,0.16608996539792387,0.0,0.16608996539792387,0.0,0.16608996539792387,0.0,0.16608996539792387,0.0,0.16608996539792387,0.0,0.16608996539792387,0.0,0.16591476501248306,0.0,0.1644255617362358,0.0,0.16293635845998863,0.0,0.16262975778546712,0.0,0.16262975778546712,0.0014016030835267911,0.16192895624370374,0.004380009636021198,0.16043975296745658,0.007796417152117813,0.15873154920940827,0.013753230257106529,0.15575314265691376,0.01971004336209544,0.15277473610441936,0.03670448074985766,0.14489071875958118,0.05606412334107145,0.13595549910209806,0.07914677412290308,0.12702027944461483,0.10595243309535284,0.11808505978713152,0.13328369322412517,0.1091498401296483,0.16306775874906923,0.10021462047216508,0.1928518242740135,0.09127940081468176,0.22517629538784978,0.08234418115719865,0.2579387674652887,0.07340896149971532,0.29543164994963006,0.06526214357671586,0.3371293416845518,0.05781612719547989,0.3794402347685167,0.05037011081424373,0.42411633305593266,0.04292409443300776,0.46879243134334886,0.035478078051771694,0.5121545267399591,0.030660067452148387,0.5553414217511279,0.026192457623406728,0.5968639131006088,0.021724847794665166,0.6370724015592837,0.017257237965923506,0.676229687705313,0.013140028908063692,0.7119705663352459,0.010161622355569187,0.7477114449651792,0.00718321580307478,0.7780211116464458,0.005562612237746836,0.8078051771713899,0.00407340896149978,0.8340852349875171,0.0025842056852525275,0.8579124874074723,0.0010950024090052748,0.88016293635846,0.0,0.8980333756734267,0.0,0.9159038149883929,0.0,0.9281678419692524,0.0,0.94008146817923,0.0,0.9501554903420789,0.0,0.959090709999562,0.0,0.967149927729841,0.0,0.97310674083483,0.0,0.9790635539398186,0.0,0.9835749638649205,0.0,0.9880425736936622,0.0,0.9915465814024791,0.0009636021199246812,0.9945249879549736,0.002452805396171934,0.9970215934475055,0.0034602076124567475,0.9985107967237528,0.0034602076124567475,1.0,0.0034602076124567475
Slash,1.0,9.569599134816164e-17,1.0,0.0,1.0,9.569599134816164e-17,0.9999147594084304,9.569599134816164e-17,0.9987640114222393,9.569599134816164e-17,0.997613263436048,9.569599134816164e-17,0.9964625154498572,9.569599134816164e-17,0.9953117674636663,9.569599134816164e-17,0.994161019477475,9.569599134816164e-17,0.9932659932659933,9.569599134816164e-17,0.9932659932659933,9.569599134816164e-17,0.9932659932659933,9.569599134816164e-17,0.9932659932659933,9.569599134816164e-17,0.9932659932659933,9.569599134816164e-17,0.9932659932659933,9.569599134816164e-17,0.9932659932659933,9.569599134816164e-17,0.9932659932659933,9.569599134816164e-17,0.9932659932659933,9.569599134816164e-17,0.9932659932659933,9.569599134816164e-17,0.9932659932659933,9.569599134816164e-17,0.9932659932659933,9.569599134816164e-17,0.9932659932659933,9.569599134816164e-17,0.9932659932659933,9.569599134816164e-17,0.9932659932659933,9.569599134816164e-17,0.9932659932659933,9.569599134816164e-17,0.9932659932659933,9.569599134816164e-17,0.9932659932659933,9.569599134816164e-17,0.9917316626177387,9.569599134816164e-17,0.9894301666453567,9.569599134816164e-17,0.9871286706729745,9.569599134816164e-17,0.9839747687848954,9.569599134816164e-17,0.9805225248263225,9.569599134816164e-17,0.9770702808677492,9.569599134816164e-17,0.9698674508801092,9.569599134816164e-17,0.9618122149767717,9.569599134816164e-17,0.9537569790734347,9.569599134816164e-17,0.9405873076759154,9.569599134816164e-17,0.926778331841623,9.569599134816164e-17,0.9129693560073305,9.569599134816164e-17,0.8925116140306015,9.569599134816164e-17,0.871798150279163,9.569599134816164e-17,0.8508289647530155,4.262029578496661e-05,0.8232110130844309,0.0011933682819759072,0.7955930614158464,0.002344116268167039,0.7673358053104887,0.0036227251417125924,0.7339641137109493,0.005924221114094569,0.7005924221114094,0.008225717086476642,0.6665814260750971,0.010953416016707232,0.6297574905169844,0.015556407961471378,0.5929335549588716,0.02015939990623543,0.5561096194007588,0.025359075991987477,0.519285683842646,0.0322635639091336,0.4824617482845332,0.03916805182627972,0.44640497805054774,0.04607253974342594,0.41188253846481704,0.05297702766057206,0.37736009887908634,0.05988151557771818,0.3447129523078892,0.0667860034948643,0.3147935046669224,0.07369049141201052,0.28487405702595586,0.08059497932915664,0.2571708647658014,0.08749946724630286,0.23185440906959903,0.09440395516344889,0.20653795337339642,0.10130844308059511,0.18377871542428512,0.10821293099774122,0.16306525167284666,0.11511741891488735,0.14235178792140818,0.12202190683203347,0.12381195925499729,0.12820184972083706,0.10655073946213194,0.13395558965179225,0.08928951966926658,0.13970932958274743,0.07607722797596214,0.1438434982738781,0.06456974811405197,0.1472957422324512,0.053062268252141706,0.15074798619102422,0.04423986702467716,0.15420023014959733,0.03618463112134,0.15765247410817043,0.028129395218002843,0.16110471806674345,0.022034692920768886,0.163576695222265,0.0162809529898138,0.16587819119464697,0.010527213058858618,0.16817968716702897,0.006904487917146122,0.16941567574478975,0.0034522439585731087,0.17056642373098077,0.0,0.17171717171717182
Slash,0.0,0.2965779467680608,0.0,0.2965779467680608,0.0,0.2965779467680608,0.0,0.2965779467680608,0.0,0.2965779467680608,0.0,0.2965779467680608,0.0,0.2965779467680608,0.0,0.2965779467680608,0.0,0.2965779467680608,0.0,0.2965779467680608,0.0,0.2965779467680608,0.0,0.2965779467680608,0.0,0.2965298166241517,0.0,0.2949415218751505,0.0,0.29335322712614914,0.0,0.29277566539923955,0.0,0.29277566539923955,0.0,0.29277566539923955,0.0,0.29277566539923955,0.0,0.29277566539923955,0.0,0.29277566539923955,0.0,0.29277566539923955,0.0,0.29277566539923955,0.0,0.29277566539923955,0.0,0.29277566539923955,0.0,0.29277566539923955,0.0,0.29277566539923955,0.0,0.29277566539923955,0.0,0.29277566539923955,0.0,0.29277566539923955,0.0,0.29277566539923955,0.0,0.29277566539923955,0.0,0.2913798912258747,0.0,0.28979159647687347,0.0015401646050921774,0.28743321942532607,0.0047167541030947256,0.2842566299273234,0.008326514896279523,0.2809356499975935,0.016267988641286056,0.27617076575058963,0.02420946238629248,0.2714058815035857,0.03436492275111909,0.26442701063676183,0.04548298599412817,0.2564855368917554,0.06189536506714157,0.2461375559512923,0.09048467054916505,0.23025460846127924,0.11907397603118852,0.21437166097126628,0.15632670741685503,0.19560090484670556,0.19444578139288626,0.17654136785868996,0.23338306781537274,0.1591182557635847,0.27309043654040516,0.14323530827357175,0.31530057274871237,0.1271598402079223,0.375655773210762,0.1096885979689079,0.4360109736728116,0.0922173557298936,0.4929008037734037,0.07936660730615586,0.5484911199884489,0.06824854406314666,0.6009048467054916,0.05818934398613858,0.6469653944265291,0.050247870241132045,0.693025942147567,0.04230639649612551,0.7316263175626897,0.035856957212302115,0.7697453915387207,0.0295037782162968,0.8026664099725658,0.024016941810655987,0.8312557154545892,0.01925205756365211,0.8586417673388843,0.01472782403619388,0.8792895990759012,0.011551234538191223,0.899937430812918,0.008374645040188674,0.9157722481590219,0.006401309139914356,0.9300669009000336,0.004813014390913028,0.9426288684603169,0.003224719641911699,0.9521586369543245,0.001636424892910479,0.9616884054483323,4.8130143909150806e-05,0.9681378447321558,0.0,0.9744910237281609,0.0,0.9790152572556191,0.0,0.9821918467536218,0.0,0.9853684362516244,0.0,0.9885450257496271,0.0,0.9917216152476295,0.0,0.9936468210039947,0.0,0.9952351157529962,0.0,0.9968234105019973,0.0,0.9984117052509985,0.0,1.0,0.0
Slash,1.0,0.0,1.0,0.0,1.0,0.0,1.0,0.0,1.0,0.0,1.0,0.0,1.0,0.0,1.0,0.0,1.0,0.0,0.9985252550079882,0.0,0.9967432714759737,0.0,0.9951456310679612,0.0,0.9951456310679612,0.0,0.9951456310679612,0.0,0.9951456310679612,0.0,0.9951456310679612,0.0,0.9951456310679612,0.0,0.9951456310679612,0.0,0.9951456310679612,0.0,0.9951456310679612,0.0,0.9918274548359346,0.0,0.988263487771906,0.0,0.9835934619638688,0.0,0.9746835443037977,0.0,0.9657736266437263,0.0,0.955143173159641,0.0,0.9426692884355413,0.0,0.9301954037114416,0.0,0.9177215189873416,0.0013518495760108393,0.9052476342632422,0.003133833108025027,0.8926508541231412,0.004915816640039215,0.876613002335013,0.00669780017205354,0.8605751505468846,0.008479783704067866,0.8423251812707384,0.010814796608086576,0.8191593953545533,0.01437876367211509,0.7959936094383679,0.0179427307361436,0.7686493793781493,0.021506697800172118,0.7383556593339068,0.025070664864200492,0.7080619392896647,0.028634631928229144,0.650116750645201,0.047560525992380476,0.5877473270247019,0.06894432837655143,0.5270984392282169,0.09008233992872057,0.4772029003318177,0.10968415878087746,0.42730736143541825,0.1292859776330342,0.3818360575150544,0.14815042398918518,0.3426324198107409,0.16597025930932788,0.3034287821064274,0.1837900946294703,0.26914096104215307,0.19915202162959328,0.23706525746589632,0.21340788988570733,0.20498955388963983,0.22766375814182138,0.18151652943345198,0.23847855474990795,0.15835074351726686,0.24917045594199336,0.13690549342509511,0.2590020892220721,0.12086764163696673,0.2661300233501291,0.10482978984883863,0.273257957478186,0.09155708492073258,0.27946417598623563,0.0808651837286469,0.2848101265822785,0.07017328253656137,0.2901560771783212,0.06089467862848718,0.29408873049035267,0.051984760968415825,0.2976526975543812,0.043320634140346544,0.3010937692024088,0.03797468354430385,0.30287575273442313,0.032628732948261005,0.30465773626643733,0.027897259432223206,0.3064397197984515,0.024333292368194554,0.30822170333046583,0.02076932530416618,0.31000368686248014,0.017205358240137667,0.31178567039449423,0.013641391176109153,0.31356765392650854,0.010077424112080638,0.31534963745852285,0.008111097456064897,0.3155339805825243,0.006329113924050572,0.3155339805825243,0.004547130392036384,0.3155339805825243,0.0027651468600220584,0.3155339805825243,0.0009831633280078707,0.3155339805825243,0.0,0.3155339805825243,0.0,0.3155339805825243,0.0,0.3155339805825243,0.0,0.3155339805825243,0.0,0.3155339805825243,0.0,0.3155339805825243
Slash,0.003861003861003861,0.1776061776061776,0.0022481794633694174,0.17599335320854317,0.0006353550657348639,0.1743805288109086,0.0,0.17374517374517376,0.0,0.17374517374517376,0.0,0.17374517374517376,0.0,0.17374517374517376,0.0,0.17374517374517376,0.0,0.17374517374517376,0.0,0.17374517374517376,0.0,0.17374517374517376,0.0,0.17374517374517376,0.0,0.17369630027857874,0.0,0.1720834758809442,0.0,0.17047065148330975,0.0,0.16885782708567518,0.0,0.16724500268804074,0.0,0.16602316602316602,0.0,0.16602316602316602,0.0,0.16602316602316602,0.0,0.16602316602316602,0.0,0.16602316602316602,0.0,0.16602316602316602,0.0,0.16602316602316602,9.774693319001284e-05,0.16602316602316602,0.0017105713308244565,0.16602316602316602,0.0033233957284591197,0.16602316602316602,0.004936220126093563,0.16494794975807633,0.006549044523728007,0.16333512536044187,0.00816186892136256,0.16172230096280732,0.009774693318997114,0.16010947656517277,0.011387517716631558,0.15849665216753822,0.015835003176775275,0.15688382776990367,0.020673476369678825,0.1552710033722692,0.02629392502810226,0.1528762035091149,0.032745222618640255,0.14965055471384578,0.039489761008748285,0.1464249059185768,0.04916670739455561,0.1431992571233078,0.05884365378036271,0.1399736083280388,0.07189286936122383,0.13674795953276958,0.08640828893993448,0.1335223107375006,0.10336738184839457,0.13029666194223158,0.12594692341527788,0.12707101314696248,0.1485264649821614,0.12384536435169337,0.1711060065490445,0.11915351155857484,0.1936855481159278,0.11431503836567129,0.21792678754704067,0.11030741410488241,0.2437319779091931,0.10708176530961341,0.26992815600410536,0.1036606226479645,0.29895899516152685,0.09882214945506083,0.3279898343189484,0.09398367626215728,0.3581936366746494,0.08914520306925373,0.3888373002297056,0.08430672987635007,0.42001857191730607,0.07946825668344663,0.4522750598699965,0.07462978349054297,0.4845315478226871,0.06979131029763931,0.5167880357753777,0.06495283710473587,0.5490445237280679,0.06011436391183222,0.5813010116807585,0.056155613117638344,0.6135574996334492,0.052929964322369454,0.6455696202531644,0.04970431552710035,0.6762132838082204,0.04647866673183124,0.7068569473632764,0.04325301793656224,0.7350569375885831,0.04002736914129325,0.7624749523483701,0.03680172034602414,0.7887200039098776,0.03357607155075503,0.8129123698743953,0.030350422755486037,0.8371047358389131,0.02712477396021704,0.8566052490103124,0.023899125164947934,0.8759591417819266,0.020673476369678936,0.894384438688236,0.01744782757440994,0.912125507062216,0.014222178779140832,0.9289868530374858,0.011289770783441655,0.941889448218562,0.0096769463858071,0.9547920433996385,0.008064121988172548,0.9651532183177752,0.006451297590538104,0.9748301647035825,0.00483847319290355,0.9838717560236547,0.003225648795269107,0.9919358780118276,0.0016128243976345534,1.0,0.0
Slash,1.0,0.04819277108433735,0.9982207310253673,0.046413502109704685,0.9964414620507347,0.0446342331350719,0.994662193076102,0.04417670682730924,0.9928829241014693,0.04417670682730924,0.9911036551268362,0.04417670682730924,0.989324386152204,0.04417670682730924,0.9875451171775709,0.04417670682730924,0.9857658482029382,0.04417670682730924,0.9839865792283056,0.04417670682730924,0.9822073102536729,0.04417670682730924,0.9804280412790402,0.04417670682730924,0.9786487723044075,0.04417670682730924,0.9768695033297748,0.04417670682730924,0.9750902343551422,0.04417670682730924,0.9733109653805095,0.04417670682730924,0.9715316964058769,0.04417670682730924,0.9697524274312442,0.04417670682730924,0.9679731584566116,0.04417670682730924,0.9661938894819788,0.04417670682730924,0.9644146205073457,0.04417670682730924,0.9626353515327131,0.04417670682730924,0.9608560825580804,0.04417670682730924,0.9590768135834478,0.04417670682730924,0.9572975446088151,0.04417670682730924,0.9558232931726908,0.04417670682730924,0.9558232931726908,0.04417670682730924,0.9558232931726908,0.04417670682730924,0.9558232931726908,0.04417670682730924,0.9558232931726908,0.04417670682730924,0.9558232931726908,0.04417670682730924,0.9558232931726908,0.04417670682730924,0.9558232931726908,0.04417670682730924,0.9558232931726908,0.04417670682730924,0.9558232931726908,0.04417670682730924,0.9558232931726908,0.04417670682730924,0.9558232931726908,0.04417670682730924,0.9542473692237305,0.04417670682730924,0.9524681002490978,0.04417670682730924,0.9484520359920697,0.04417670682730924,0.9431142290681714,0.04417670682730924,0.9344720654770983,0.04351583549387418,0.9202379136800365,0.04173656651924151,0.9045803467032688,0.039753952518936445,0.8778913120837784,0.03619541456967111,0.8512022774642877,0.03263687662040578,0.8168878043820853,0.029078338671140326,0.7813024248894312,0.025519800721874764,0.7425143612424381,0.021961262772609427,0.7015911748258857,0.01840272482334398,0.6594479182553,0.014844186874078643,0.6149661938894821,0.011285648924813194,0.5704844695236646,0.007879619744802042,0.5260027451578467,0.0061003507701693745,0.4815210207920289,0.004321081795536592,0.4399877992984597,0.0025418128209038107,0.39906461288190764,0.0007625438462711433,0.36017487672207843,0.0,0.3228102282547913,0.0,0.28712317624930106,0.0,0.25509633470591236,0.0,0.223374510701032,0.00010167251283608395,0.19668547608154155,0.0018809414874688657,0.16999644146205106,0.0036602104621015334,0.14757765238167864,0.005439479436734315,0.12622642468608616,0.007218748411366983,0.10777286360632408,0.008998017385999764,0.09175944283462985,0.010777286360632432,0.07676274719129692,0.0125565553352651,0.06430786436886801,0.014335824309897768,0.05195465405927508,0.01611509328453055,0.04305830918611151,0.017894362259163216,0.03416196431294795,0.019673631233795997,0.028010777286360818,0.020080321285140562,0.022672970362462585,0.020080321285140562,0.017335163438564356,0.020080321285140562,0.011997356514666352,0.020080321285140562,0.007117075898530899,0.020080321285140562,0.0035585379492653352,0.020080321285140562,0.0,0.020080321285140562
Slash,0.009302325581395349,0.08372093023255814,0.009302325581395349,0.08372093023255814,0.009302325581395349,0.08372093023255814,0.009302325581395349,0.08372093023255814,0.009302325581395349,0.08372093023255814,0.009302325581395349,0.08372093023255814,0.009302325581395349,0.08372093023255814,0.009302325581395349,0.08372093023255814,0.009302325581395349,0.08372093023255814,0.009302325581395349,0.08372093023255814,0.009302325581395349,0.08372093023255814,0.009302325581395349,0.08372093023255814,0.009302325581395349,0.08372093023255814,0.009302325581395349,0.08372093023255814,0.009302325581395349,0.08372093023255814,0.009302325581395349,0.08372093023255814,0.009302325581395349,0.08372093023255814,0.009302325581395349,0.08372093023255814,0.009302325581395349,0.08372093023255814,0.009302325581395349,0.08372093023255814,0.009302325581395349,0.08372093023255814,0.009302325581395349,0.08372093023255814,0.0076538121872241115,0.08372093023255814,0.005887547836326036,0.08372093023255814,0.004121283485428225,0.08372093023255814,0.0023550191345304144,0.08372093023255814,0.0005887547836326036,0.08372093023255814,0.0,0.08372093023255814,0.0,0.08372093023255814,0.0,0.08372093023255814,0.0,0.08372093023255814,0.0,0.08372093023255814,0.0,0.08372093023255814,0.0,0.08372093023255814,0.0,0.08372093023255814,0.0,0.08372093023255814,0.0,0.08372093023255814,0.00047100382690603003,0.08348542831910512,0.004003532528701916,0.08171916396820718,0.007536061230497538,0.07995289961730936,0.01106858993229316,0.07818663526641156,0.014601118634089047,0.07642037091551375,0.018133647335884403,0.07465410656461594,0.024727700912569883,0.072887842213718,0.031792758316161386,0.07112157786282018,0.03968207241683838,0.06894318516337937,0.05027965852222551,0.06541065646158374,0.06087724462761264,0.06187812775978812,0.09161024433323513,0.056226081836914965,0.13576685310568146,0.04916102443332346,0.1799234618781278,0.04209596702973208,0.22237268177803945,0.03673829849867537,0.26476302619958797,0.03143950544598167,0.3071533706211365,0.02672946717692084,0.349543715042685,0.023196938475125085,0.39193405946423326,0.019664409773329332,0.4330880188401532,0.01613188107153371,0.4737120989108039,0.012599352369737955,0.5142184280247277,0.009184574624668908,0.5530762437444806,0.007418310273770964,0.5919340594642333,0.005652045922873153,0.6292611127465413,0.0038857815719752103,0.6645863997644983,0.0021195172210775317,0.6999116867824555,0.0003532528701794564,0.7324109508389758,0.0,0.7642037091551369,0.0,0.7948189579040331,0.0,0.8195466588166027,0.0,0.8442743597291729,0.0,0.8671180453341184,0.0,0.8883132175448927,0.0,0.909508389755667,0.0,0.9259346482190169,0.0,0.9418310273770975,0.0,0.9563143950544599,0.0,0.9669119811598468,0.0,0.977509567265234,0.0,0.9858698851928175,0.0,0.9929349425964088,0.0,1.0,0.0
Slash,0.9811320754716981,0.0,0.9811320754716981,0.0,0.9811320754716981,0.0,0.9811320754716981,0.0,0.9811320754716981,0.0,0.9811320754716981,0.0,0.9811320754716981,0.0,0.9811320754716981,0.0,0.9822665392882733,0.0,0.9841772151898732,0.0,0.9860878910914737,0.0,0.9879985669930736,0.0,0.9899092428946741,0.0,0.9918199187962741,0.0,0.9937305946978745,0.0,0.9956412705994745,0.0,0.9975519465010749,0.0,0.9994626224026748,0.0,1.0,0.0,1.0,0.0,1.0,0.0,1.0,0.0,1.0,0.0,1.0,0.0,1.0,0.0,1.0,0.0,1.0,0.0,1.0,0.0,1.0,0.0,1.0,0.0,1.0,0.0,1.0,0.0,1.0,0.0,1.0,0.0,1.0,0.0,0.9958203964652497,0.0,0.9862670169572487,0.0,0.9767136374492477,0.0,0.9579054215428707,0.0,0.9387986625268689,0.0,0.9130045378552664,0.0019106759016002013,0.8805230475280632,0.005732027704800604,0.8476833054693098,0.009672796751850935,0.8037377597325053,0.01731550035825174,0.7597922139957012,0.024958203964652412,0.7126224026749461,0.03367566276570338,0.6629448292333414,0.04322904227370425,0.6130881299259615,0.05296154764748022,0.5614998805827561,0.06442560305708142,0.5099116312395512,0.07588965846668264,0.46190589921184605,0.08854788631478393,0.41604967757344147,0.1019226176259852,0.37108908526391227,0.11499880582756146,0.33096489133030804,0.12646286123716266,0.2908406973967043,0.13792691664676374,0.2546572725101506,0.14807738237401466,0.22026510628134707,0.1576307618820158,0.1879627418199189,0.16676618103654173,0.16312395509911629,0.17440888464294252,0.13828516837831392,0.1820515882493432,0.11774540243611183,0.18826128492954378,0.09863864342010982,0.19399331263434438,0.08114401719608312,0.19918796274181996,0.06776928588488171,0.2030093145450204,0.054394554573680434,0.20683066634822064,0.044124671602579456,0.21065201815142104,0.034571292094578446,0.21447336995462146,0.02633150226892773,0.21763792691664677,0.020599474564127127,0.21954860281824684,0.014867446859326524,0.22145927871984705,0.010807260568425996,0.22169811320754718,0.006985908765225594,0.22169811320754718,0.003940769047050465,0.22169811320754718,0.002030093145450264,0.22169811320754718,0.00011941724384992879,0.22169811320754718,0.0,0.22169811320754718,0.0,0.22169811320754718,0.0,0.22169811320754718,0.0,0.22169811320754718,0.0,0.22169811320754718
Slash,0.0,0.1953125,0.0,0.1953125,0.0,0.1953125,0.0,0.1953125,0.0,0.1953125,0.0,0.1953125,0.0,0.1953125,0.0,0.1953125,0.0,0.1953125,0.0,0.1953125,0.0,0.1953125,0.0,0.1953125,0.0,0.1953125,0.0,0.1953125,0.0,0.1953125,0.0,0.1953125,0.0,0.1953125,0.0,0.1953125,0.0,0.1953125,0.0,0.1953125,0.0,0.1953125,0.0,0.1953125,0.0,0.1953125,0.0,0.1953125,0.0,0.1953125,0.0,0.1953125,0.0,0.1953125,0.0,0.1953125,0.0,0.1953125,0.0,0.19382911392405067,0.0,0.19229628164556956,0.0019284018987342222,0.19012064873417722,0.006526898734177222,0.1870549841772151,0.011125395569620222,0.18398931962025322,0.019729034810126667,0.17958860759493667,0.028926028481012556,0.17499011075949378,0.039606408227848,0.16989715189873422,0.05340189873417722,0.1637658227848101,0.06719738924050622,0.1576344936708861,0.08455300632911389,0.151503164556962,0.102946993670886,0.145371835443038,0.12272547468354422,0.13889438291139244,0.14725079113924044,0.13123022151898733,0.17177610759493667,0.12356606012658233,0.2004549050632911,0.11486352848101267,0.23111155063291133,0.10566653481012656,0.26236155063291156,0.09666732594936711,0.29761669303797467,0.089003164556962,0.332871835443038,0.08133900316455689,0.3707970727848098,0.07367484177215189,0.4106507120253162,0.06601068037974689,0.45050435126582267,0.05839596518987333,0.4903579905063289,0.05226463607594933,0.5302116297468351,0.04613330696202533,0.5693235759493671,0.04074367088607589,0.6076443829113924,0.03614517405063289,0.6459651898734176,0.03154667721518989,0.6799841772151898,0.02694818037974689,0.713706487341772,0.022349683544303778,0.7450553797468353,0.018344541139240556,0.7726463607594936,0.015278876582278444,0.8002373417721518,0.012213212025316444,0.8226859177215189,0.010433148734177222,0.8441455696202531,0.008900316455696222,0.8642701740506329,0.007367484177215222,0.881131329113924,0.005834651898734222,0.8979924841772151,0.004301819620253111,0.9125791139240507,0.002768987341772222,0.9263746044303798,0.0012361550632911111,0.9392800632911391,0.0,0.9484770569620253,0.0,0.9576740506329113,0.0,0.9658821202531647,0.0,0.9735462816455696,0.0,0.9809137658227849,0.0,0.9855122626582278,0.0,0.9901107594936709,0.0,0.993868670886076,0.0,0.996934335443038,0.0,1.0,0.0
Slash,1.0,0.045454545454545456,1.0,0.045454545454545456,1.0,0.045454545454545456,1.0,0.045454545454545456,1.0,0.045454545454545456,1.0,0.045454545454545456,1.0,0.045454545454545456,1.0,0.045454545454545456,1.0,0.045454545454545456,0.9992328346758728,0.045454545454545456,0.9957805907172995,0.045454545454545456,0.9923762945914846,0.045454545454545456,0.9906501726121979,0.045454545454545456,0.9889240506329116,0.045454545454545456,0.9871979286536249,0.045454545454545456,0.9854718066743384,0.045454545454545456,0.9848484848484849,0.045454545454545456,0.9848484848484849,0.045454545454545456,0.9848484848484849,0.045454545454545456,0.9848484848484849,0.045454545454545456,0.9848484848484849,0.045454545454545456,0.9848484848484849,0.045454545454545456,0.9848484848484849,0.045454545454545456,0.9848484848484849,0.045454545454545456,0.9848484848484849,0.045454545454545456,0.9848484848484849,0.045454545454545456,0.9848484848484849,0.045454545454545456,0.9848484848484849,0.045454545454545456,0.9848484848484849,0.045454545454545456,0.9848484848484849,0.045454545454545456,0.9848484848484849,0.045454545454545456,0.9848484848484849,0.045454545454545456,0.9848484848484849,0.045454545454545456,0.9848484848484849,0.045454545454545456,0.9848484848484849,0.045454545454545456,0.9848484848484849,0.045454545454545456,0.9848484848484849,0.045454545454545456,0.9848484848484849,0.045454545454545456,0.9812523973916379,0.045454545454545456,0.9760740314537784,0.045454545454545456,0.9683064825469888,0.045454545454545456,0.9579497506712695,0.045454545454545456,0.9460107403145378,0.044927119294207896,0.930475642500959,0.04320099731492137,0.9135980053701572,0.041283084004603045,0.8859800537015727,0.0378308400460299,0.8583621020329882,0.034378596087456754,0.8244150364403527,0.029344073647871137,0.7898925968546222,0.024165707710011475,0.7516302263137709,0.01898734177215192,0.7119294207901802,0.013808975834292256,0.6713176064441889,0.009541618718833885,0.629890678941312,0.006089374760260849,0.5878883774453394,0.003212504794783246,0.544735327963176,0.0014863828154968348,0.5015822784810128,0.0,0.4584292289988491,0.0,0.4152761795166858,0.0,0.37375335634829315,0.0016302263137706666,0.3323264288454163,0.003356348293057185,0.29478327579593394,0.006377061756808619,0.25853471423091673,0.009829305715381657,0.2261219792865364,0.013281549673954694,0.19677790563866504,0.016733793632527732,0.16930379746835447,0.020186037591100877,0.145138089758343,0.02363828154967391,0.1221231300345224,0.027090525508247056,0.1048619102416571,0.030542769466820094,0.08760069044879171,0.03399501342539313,0.07369581894898349,0.03744725738396627,0.05988684311469123,0.04089950134253942,0.04876294591484455,0.04300920598388946,0.03840621403912555,0.04473532796317608,0.03006329113924051,0.046461449942462596,0.02315880322209433,0.04818757192174912,0.01692558496355965,0.04924242424242424,0.011747219025699987,0.04924242424242424,0.006904487917146074,0.04924242424242424,0.003452243958573037,0.04924242424242424,0.0,0.04924242424242424
Slash,0.0,0.08045977011494253,0.0,0.08045977011494253,0.0,0.08045977011494253,0.0,0.08045977011494253,0.0,0.08045977011494253,0.0,0.08045977011494253,0.0,0.08045977011494253,0.0,0.08045977011494253,0.0,0.08045977011494253,0.0,0.08045977011494253,0.0,0.08045977011494253,0.0,0.08045977011494253,0.0,0.08045977011494253,0.0,0.08045977011494253,0.0,0.08045977011494253,0.0,0.08045977011494253,0.0,0.08045977011494253,0.0,0.08045977011494253,0.0,0.08045977011494253,0.0,0.08045977011494253,0.0026189436927106344,0.07915029826858722,0.005431883214510917,0.07774382850768702,0.008535816479945727,0.07633735874678693,0.012755225762646205,0.07493088898588685,0.016974635045346576,0.07352441922498665,0.021873029729860768,0.07211794946408645,0.027498908773461332,0.07071147970318636,0.0331247878170619,0.06930500994228617,0.04088462098064892,0.06789854018138608,0.04932343954604977,0.06649207042048588,0.057859256025995495,0.06503710170231336,0.06911101411319663,0.06222416218051319,0.08036277220039775,0.05941122265871279,0.0929240021339541,0.05659828313691262,0.1083951695038556,0.05378534361511223,0.12386633687375721,0.05097240409331205,0.140986468790921,0.04815946457151166,0.15927057568262287,0.04534652504971138,0.17755468257432466,0.042533585527911096,0.19826373732964744,0.03972064600611081,0.2193607837431495,0.03690770648431064,0.24084582181483108,0.03409476696251036,0.2647558077501335,0.03128182744070997,0.28866579368543577,0.028468887918909794,0.31373975459527637,0.02565594839710951,0.34046268005237895,0.02284300887530912,0.3671856055094818,0.020030069353508945,0.39487851011203257,0.01721712983170866,0.4230079053300356,0.014404190309908272,0.45113730054803847,0.011591250788108097,0.4792666957660413,0.010136282069935571,0.5073960909840439,0.008729812309035375,0.535525486202047,0.007323342548135288,0.5636548814200495,0.005916872787234984,0.5917842766380521,0.004510403026334897,0.6184587031378824,0.0031039332654348097,0.6437751588340849,0.001697463504534614,0.6690916145302875,0.00029099374363452703,0.6932925942092244,0.0,0.7172025801445269,0.0,0.7410155681652845,0.0,0.7635190843396867,0.0,0.786022600514089,0.0,0.808041127115767,0.0,0.8291381735292691,0.0,0.8502352199427714,0.0,0.8687133226635626,0.0,0.8855909597943643,0.0,0.9024685969251662,0.0,0.9155633153887189,0.0,0.9282215432368203,0.0,0.9403947815121975,0.0,0.9502400698384986,0.0,0.9600853581647998,0.0,0.9686696736020177,0.0,0.9757020224065183,0.0,0.9827343712110188,0.0,0.9887482419127989,0.0,0.9943741209563992,0.0,1.0,0.0
Slash,1.0,0.009966777408637873,0.998696328693385,0.009966777408637873,0.9973926573867699,0.009966777408637873,0.9966777408637874,0.009966777408637873,0.9966777408637874,0.009966777408637873,0.9966777408637874,0.009966777408637873,0.995500231296522,0.009966777408637873,0.9941965599899071,0.009966777408637873,0.9933554817275747,0.009966777408637873,0.9933554817275747,0.009966777408637873,0.9933554817275747,0.009966777408637873,0.9933554817275747,0.009966777408637873,0.9933554817275747,0.009966777408637873,0.9933554817275747,0.009966777408637873,0.9933554817275747,0.009966777408637873,0.9933554817275747,0.009966777408637873,0.9933554817275747,0.009966777408637873,0.9933554817275747,0.009966777408637873,0.9933554817275747,0.009966777408637873,0.9933554817275747,0.009966777408637873,0.9933554817275747,0.009966777408637873,0.9933554817275747,0.009966777408637873,0.9933554817275747,0.009966777408637873,0.9933554817275747,0.009966777408637873,0.9933554817275747,0.009966777408637873,0.9933554817275747,0.009966777408637873,0.9926826191177089,0.009966777408637873,0.9913789478110938,0.009966777408637873,0.9900752765044787,0.009966777408637873,0.9900332225913622,0.009966777408637873,0.9900332225913622,0.009966777408637873,0.9894865217208462,0.009966777408637873,0.988182850414231,0.009966777408637873,0.986879179107616,0.009966777408637873,0.9833045964927036,0.009966777408637873,0.9793935825728585,0.009966777408637873,0.9742209512595148,0.009546238277471728,0.9663989234198241,0.008242566970856659,0.9585768955801337,0.006938895664241588,0.9477269859960469,0.0056352243576264244,0.9359939442365113,0.0043315530510114495,0.9227890155178938,0.003027881744396285,0.9045376172252827,0.0017242104377813096,0.8862862189326718,0.00042053913116614543,0.8645022919382647,0.0,0.8410362084191935,0.0,0.8170654779427226,0.0,0.7896883805038059,0.0,0.762311283064889,0.0,0.7326632743176754,0.0,0.7013751629589134,0.0,0.6699188359476852,8.410782623317244e-05,0.6334160393624628,0.0026914504394634064,0.5969132427772406,0.005298793052693546,0.554102359224526,0.010429370452920653,0.5045628495731528,0.018251398292611073,0.45502333992177973,0.026073426132301583,0.41158164767231586,0.0338954539719921,0.36856049455401824,0.04171748181168261,0.32856722318011716,0.050044156608772344,0.29336809790150997,0.05916985575507802,0.25816897262290284,0.06829555490138352,0.22843685604945554,0.0763278523066571,0.1997560873039238,0.08414988014634761,0.17258925943059014,0.09197190798603813,0.1491231759115187,0.09979393582572854,0.12565709239244716,0.10761596366541906,0.10702720888178648,0.11447075150342738,0.09007948189579047,0.12098910803650273,0.0741410488245931,0.12700281761217877,0.062408007065057475,0.13091383153202407,0.050674965305521756,0.13482484545186926,0.041465158332983,0.13873585937171448,0.03364313049329239,0.14264687329155978,0.02594726439295178,0.14643172547205519,0.019428907859876336,0.14903906808528533,0.012910551326800987,0.15164641069851556,0.007822027839690418,0.1535388367887632,0.003911013919845209,0.15484250809537828,0.0,0.15614617940199335
Slash,0.0,0.1732283464566929,0.0,0.1732283464566929,0.0,0.1732283464566929,0.0,0.1732283464566929,0.0,0.1732283464566929,0.0,0.1732283464566929,0.0,0.1732283464566929,0.0,0.1732283464566929,0.0,0.1732283464566929,0.0,0.1732283464566929,0.0,0.1732283464566929,0.0,0.1732283464566929,0.0,0.1732283464566929,0.0,0.1732283464566929,0.0,0.1732283464566929,0.0,0.1732283464566929,0.0,0.1732283464566929,0.0,0.1732283464566929,0.0,0.1732283464566929,0.0,0.1732283464566929,0.0,0.1732283464566929,0.0,0.1732283464566929,0.0,0.1732283464566929,0.0,0.1732283464566929,0.0,0.1732283464566929,0.0,0.17272999102960232,0.0,0.17113525366291238,0.0,0.16954051629622247,0.0,0.16929133858267717,0.0,0.16929133858267717,0.0,0.16929133858267717,0.0,0.16929133858267717,0.0,0.16929133858267717,0.0014452307385627995,0.16784610784411436,0.0030399681052526197,0.16625137047742444,0.0053324030698693545,0.1646566331107345,0.008521877803249218,0.16306189574404467,0.011711352536629081,0.16146715837735465,0.01644572909398991,0.15987242101066482,0.02122994119405959,0.15827768364397488,0.026811521977474353,0.15588557759393998,0.03319047144423408,0.15269610286056012,0.03966909199641174,0.14945679258447128,0.04923751619655133,0.1446725804844015,0.058805940396690924,0.1398883683843317,0.0719625236718828,0.1351041562842619,0.0879098973387819,0.1303199441841921,0.10430579089006273,0.12538622545599518,0.12503737665703174,0.11900727598923545,0.14576896242400084,0.11262832652247584,0.17048739160769466,0.10525266620153483,0.1975979268414233,0.09727897936808538,0.2257051729293331,0.08930529253463573,0.25919465762982163,0.08133160570118607,0.29268414233031,0.07335791886773653,0.3283663909099968,0.0664806139738862,0.3650453503438652,0.06010166450712648,0.4020731585766967,0.05372271504036687,0.44034685537725526,0.04734376557360714,0.4786205521778132,0.040964816106847414,0.5168942489783711,0.03578191966510519,0.5551679457789295,0.030997707565035396,0.592993122695106,0.026662015349347108,0.6296720821289744,0.023472540615967357,0.6663510415628426,0.02028306588258738,0.7004385527758394,0.01709359114920763,0.7339280374763281,0.013904116415827766,0.7668693312070168,0.011262832652247572,0.7987640785408154,0.009668095285557642,0.8306588258746136,0.008073357918867822,0.8555765972291438,0.006478620552177889,0.8794976577294925,0.004883883185487958,0.9014751320641884,0.003289145818798026,0.9206119804644673,0.0016944084521080943,0.9397488288647463,9.96710854181627e-05,0.9544004784212099,0.0,0.9687531147214193,0.0,0.9808631515997208,0.0,0.9904315757998604,0.0,1.0,0.0
Slash,1.0,0.0,1.0,0.0,1.0,0.0,0.9996164173379364,0.0,0.9982259301879555,0.0,0.9968354430379747,0.0,0.9962121212121212,0.0,0.9962121212121212,0.0,0.9962121212121212,0.0,0.9962121212121212,0.0,0.9962121212121212,0.0,0.9962121212121212,0.0,0.9962121212121212,0.0,0.9962121212121212,0.0,0.9962121212121212,0.0,0.9962121212121212,0.0,0.9962121212121212,0.0,0.9962121212121212,0.0,0.9962121212121212,0.0,0.9962121212121212,0.0,0.9936229382431914,0.0,0.9908419639432297,0.0,0.988348676639816,0.0,0.986958189489835,0.0,0.9855677023398542,0.0,0.9835059455312618,0.0,0.9807249712313003,0.0,0.9779439969313386,0.0,0.9719984656693517,0.0,0.9650460299194474,0.0,0.9579976985040276,0.0,0.9482642884541617,0.0,0.9385308784042962,0.0,0.9275028768699656,0.0,0.9135980053701572,0.0,0.8996931338703489,0.0,0.8817126965861142,0.0008151131568853333,0.8608553893364019,0.0022056003068662085,0.8399980820866896,0.0035960874568469765,0.8155446873801305,0.004986574606827744,0.7905159186804755,0.006377061756808619,0.7649117759877253,0.007959340237821307,0.735711545838128,0.01074031453778295,0.7065113156885308,0.013521288837744484,0.675584963559647,0.016302263137706236,0.6422132719601074,0.01908323743766777,0.6088415803605676,0.021864211737629414,0.5745109321058685,0.024645186037591058,0.5397487533563483,0.027426160337552807,0.5049865746068275,0.030207134637514343,0.47022439585730713,0.03298810893747609,0.43546221710778654,0.03576908323743763,0.4013713080168775,0.03888569236670503,0.3693901035673186,0.04305715381664754,0.33740889911776,0.04722861526658995,0.30758534714230906,0.051400076716532364,0.27977560414269287,0.05557153816647488,0.2519658611430764,0.05974299961641729,0.22746451860375907,0.06281166091292671,0.20382623705408517,0.06559263521288836,0.18047564250095893,0.0683736095128501,0.1610088224012274,0.07115458381281163,0.1415420023014959,0.07393555811277328,0.12351361718450327,0.07671653241273503,0.10821825853471419,0.07949750671269668,0.09292289988492519,0.08227848101265821,0.08021672420406604,0.08505945531261985,0.06909282700421937,0.0878404296125815,0.05796892980437279,0.09062140391254314,0.0493383199079401,0.09215573456079784,0.040995397008055164,0.09354622171077862,0.03313195243574993,0.09493670886075949,0.02757000383582664,0.09632719601074036,0.022008055235903354,0.09771768316072113,0.017069428461833482,0.099108170310702,0.012897967011891071,0.10049865746068277,0.00872650556194866,0.10188914461066355,0.005561948599923286,0.10327963176064442,0.002780974299961643,0.10467011891062518,0.0,0.10606060606060606
Slash,0.017857142857142856,0.026785714285714284,0.017857142857142856,0.026785714285714284,0.017857142857142856,0.026785714285714284,0.017857142857142856,0.026785714285714284,0.017857142857142856,0.026785714285714284,0.017857142857142856,0.026785714285714284,0.017857142857142856,0.026785714285714284,0.017857142857142856,0.026785714285714284,0.017857142857142856,0.026785714285714284,0.017857142857142856,0.026785714285714284,0.017857142857142856,0.026785714285714284,0.017857142857142856,0.026785714285714284,0.017857142857142856,0.026785714285714284,0.017857142857142856,0.026785714285714284,0.017857142857142856,0.026785714285714284,0.017857142857142856,0.026785714285714284,0.017857142857142856,0.026785714285714284,0.016444394213381588,0.026785714285714284,0.01452305605786616,0.026785714285714284,0.01260171790235073,0.026785714285714284,0.010680379746835302,0.026785714285714284,0.008759041591320127,0.026785714285714284,0.006837703435804698,0.026785714285714284,0.00491636528028927,0.026785714285714284,0.002995027124774095,0.026785714285714284,0.0010736889692586665,0.026785714285714284,0.0,0.026785714285714284,0.0,0.026785714285714284,0.0,0.026785714285714284,0.0,0.026785714285714284,0.0,0.026785714285714284,0.0015257685352622222,0.026785714285714284,0.003447106690777651,0.026785714285714284,0.008080922242314667,0.025881555153707048,0.015766274864376126,0.023960216998191747,0.024864376130198856,0.02203887884267632,0.04215641952983721,0.02011754068716089,0.05944846292947555,0.018196202531645462,0.08623417721518985,0.01469258589511746,0.11505424954792051,0.010849909584086857,0.14963833634719695,0.007967902350813714,0.18998643761301995,0.006046564195298413,0.23236889692585905,0.004125226039782984,0.28424502712477384,0.0022038878842676824,0.33612115732368913,0.00028254972875225396,0.3912748643761303,0.0,0.44699367088607617,0.0,0.5027124773960219,0.0,0.5584312839059672,0.0,0.6125678119349008,0.0003955696202532063,0.660601265822785,0.0023169077757686347,0.7086347197106689,0.004238245931283936,0.7481916817359858,0.006159584086799238,0.7866184448462931,0.008080922242314667,0.8196767631103076,0.010002260397830096,0.8484968354430382,0.011923598553345396,0.8755085895117541,0.013392857142857142,0.8966433092224231,0.013392857142857142,0.9177780289330923,0.013392857142857142,0.9319055153707053,0.013392857142857142,0.9453548824593128,0.013392857142857142,0.9565438517179025,0.01452305605786616,0.9661505424954794,0.016444394213381588,0.9747400542495482,0.017857142857142856,0.980504068716094,0.017857142857142856,0.9862680831826403,0.017857142857142856,0.9902237793851718,0.017857142857142856,0.9940664556962027,0.017857142857142856,0.9967224231464739,0.017857142857142856,0.9986437613019891,0.017857142857142856,1.0,0.017857142857142856,1.0,0.017857142857142856,1.0,0.017857142857142856,1.0,0.017857142857142856,1.0,0.017857142857142856,1.0,0.017857142857142856,1.0,0.017857142857142856,1.0,0.017857142857142856,1.0,0.017857142857142856,1.0,0.017857142857142856
Slash,1.0,0.006896551724137931,1.0,0.006896551724137931,1.0,0.006896551724137931,1.0,0.006896551724137931,1.0,0.006896551724137931,1.0,0.006896551724137931,1.0,0.006896551724137931,1.0,0.006896551724137931,1.0,0.006896551724137931,1.0,0.006896551724137931,1.0,0.006896551724137931,1.0,0.006896551724137931,1.0,0.006896551724137931,1.0,0.006896551724137931,1.0,0.006896551724137931,1.0,0.006896551724137931,1.0,0.006896551724137931,1.0,0.006896551724137931,1.0,0.006896551724137931,1.0,0.006896551724137931,1.0,0.006896551724137931,1.0,0.006896551724137931,1.0,0.006896551724137931,1.0,0.006896551724137931,1.0,0.006896551724137931,1.0,0.006896551724137931,1.0,0.006896551724137931,1.0,0.006896551724137931,1.0,0.006896551724137931,1.0,0.006896551724137931,1.0,0.006896551724137931,1.0,0.006896551724137931,1.0,0.006896551724137931,1.0,0.006896551724137931,0.9996508075076385,0.006896551724137931,0.9972064600611087,0.006896551724137931,0.9947621126145787,0.006896551724137931,0.9907463989524224,0.00650371017023127,0.9834133566128328,0.005281536446966387,0.9760803142732432,0.004059362723701505,0.9632474901789609,0.002837189000436524,0.9449148843299869,0.0016150152771715433,0.9265822784810127,0.0003928415539065625,0.9032736796158883,0.0,0.8776080314273242,0.0,0.8519423832387604,0.0,0.8189436927106065,0.0,0.7847228284591881,0.0,0.7502837189000438,4.364906154509738e-05,0.7099519860323003,0.0012658227848101763,0.6696202531645571,0.002487996508075059,0.6292885202968137,0.004233958969882189,0.5889567874290703,0.007900480139676935,0.5486250545613267,0.01156700130947178,0.5087734613705807,0.015713662156263578,0.46966390222610205,0.0206023570493234,0.4305543430816238,0.025491051942383228,0.39353993889131383,0.031078131820165885,0.35809690091663043,0.037189000436490594,0.3226538629419467,0.0432998690528154,0.2917939764295068,0.048494107376691395,0.26246180707114786,0.05338280226975122,0.23312963771278908,0.05827149716281095,0.2083369707551285,0.06316019205587077,0.18389349628982968,0.0680488869489306,0.15997381056307297,0.07280663465735483,0.1404190309908337,0.07647315582714978,0.12086425141859458,0.08013967699694463,0.10270624181580094,0.08380619816673947,0.08804015713662156,0.08747271933653432,0.07337407245744208,0.09113924050632916,0.060410301178524736,0.09423832387603666,0.04941073766914011,0.09668267132256653,0.03841117415975567,0.09912701876909648,0.02976865997381061,0.10078568310781322,0.022435617634220924,0.1020078568310782,0.015102575294631135,0.10323003055434309,0.009777389786119552,0.10445220427760797,0.004888694893059826,0.10567437800087305,0.0,0.10689655172413794
Slash,0.00823045267489712,0.1728395061728395,0.00677189144137101,0.1728395061728395,0.005313330207845019,0.1728395061728395,0.00385476897431891,0.1728395061728395,0.0023962077407928013,0.1728395061728395,0.0009376465072666923,0.1728395061728395,0.0,0.1728395061728395,0.0,0.1728395061728395,0.0,0.1728395061728395,0.0,0.1728395061728395,0.0,0.1728395061728395,0.0,0.1728395061728395,0.0,0.1728395061728395,0.0,0.1728395061728395,0.0,0.1728395061728395,0.0,0.1728395061728395,0.0,0.1728395061728395,0.0,0.1728395061728395,0.0,0.1728395061728395,0.0,0.1728395061728395,0.0,0.1728395061728395,0.0,0.1728395061728395,0.0,0.1728395061728395,0.0,0.1728395061728395,0.0,0.1728395061728395,0.0,0.1728395061728395,0.0,0.1728395061728395,0.0,0.1728395061728395,0.0,0.1728395061728395,0.0011460123977705056,0.1728395061728395,0.0026045736312966146,0.1728395061728395,0.004063134864822606,0.1728395061728395,0.008334635620149026,0.17143303641193935,0.012710319320727236,0.16997447517841324,0.01791946658332035,0.16809918216387973,0.028129395218002874,0.16372349846330153,0.0383393238526854,0.15934781476272333,0.05042454550190143,0.15450330780851165,0.06646871907068816,0.14866906287440745,0.0825128926394749,0.14283481794030325,0.10220346929207695,0.1362712923894358,0.12554044902849398,0.1289784862218055,0.14887742876491114,0.12168568005417507,0.1771630984007919,0.11439287388654477,0.20779288430483933,0.10710006771891446,0.2384226702088868,0.09980726155128415,0.2753034328280461,0.0912642600406313,0.313226024899724,0.0825128926394749,0.3512007084440275,0.07381361671094443,0.3905818617492319,0.06652081054331399,0.4299630150544355,0.059228004375683804,0.4693441683596394,0.05224774704380898,0.5087253216648435,0.046413502109704664,0.5481064749700474,0.04057925717560035,0.5863416158774808,0.03531801844038128,0.6228056467156327,0.030942334739803068,0.6592696775537843,0.02656665103922486,0.6923998541438766,0.023024430900661554,0.7230296400479241,0.02010730843360945,0.7536594259519718,0.017190185966557234,0.7810074490805853,0.014273063499505134,0.807261551284055,0.011355941032452917,0.833515653487524,0.008438818565400933,0.8543522425378967,0.006876074386622917,0.8747720998072614,0.005417513153096808,0.8944105849872374,0.003958951919570817,0.9075376360889724,0.002500390686044708,0.9206646871907068,0.001041829452518599,0.9329582747304267,0.0,0.9431682033651091,0.0,0.9533781319997917,0.0,0.9622336823461999,0.0,0.9695264885138303,0.0,0.9768192946814607,0.0,0.9822368078345575,0.0,0.9866124915351357,0.0,0.9909881752357139,0.0,0.9941657550658958,0.0,0.9970828775329478,0.0,1.0,0.0
Slash,1.0,0.0,0.9999999999999997,0.0,1.0,0.0,1.0,0.0,1.0,0.0,1.0,0.0,1.0,0.0,1.0,0.0,1.0,0.0,1.0,0.0,1.0,0.0,1.0,0.0,1.0,0.0,1.0,0.0,1.0,0.0,1.0,0.0,1.0,0.0,0.999085794655415,0.0,0.9973980309423347,0.0,0.9957102672292545,0.0,0.9940225035161745,0.0,0.9923347398030943,0.0,0.9906469760900141,0.0,0.9889592123769341,0.0,0.9872714486638535,0.0,0.9855836849507733,0.0,0.9838959212376933,0.0,0.9833333333333333,0.0,0.9833333333333333,0.0,0.9833333333333333,0.0,0.9833333333333333,0.0,0.9833333333333333,0.0,0.9833333333333333,0.0,0.9833333333333333,0.0,0.9833333333333333,0.0,0.9833333333333333,0.0,0.9833333333333333,0.0,0.9833333333333333,0.0,0.9833333333333333,0.0,0.9833333333333333,0.0,0.9824894514767936,0.0,0.9808016877637132,0.0,0.979113924050633,0.0,0.9774261603375527,0.0,0.9757383966244725,0.0,0.9740506329113923,0.0,0.9723628691983123,0.0,0.9706751054852321,0.0,0.9689873417721517,0.0,0.9672995780590719,0.0,0.9624472573839663,0.0,0.9556962025316457,0.0,0.9489451476793249,0.0,0.9393811533052037,0.0,0.9241912798874823,0.0,0.9090014064697609,0.0,0.8933895921237693,0.0,0.8680731364275668,0.0,0.8427566807313642,0.0,0.8174402250351616,0.0,0.7845288326300982,0.0012658227848101925,0.749085794655415,0.0029535864978902913,0.7136427566807312,0.004641350210970548,0.6743319268635727,0.0071026722925457385,0.6304500703234882,0.010478199718706093,0.5865682137834034,0.01385372714486645,0.5424050632911391,0.017510548523206795,0.49683544303797444,0.022573839662447248,0.45126582278481037,0.027637130801687705,0.4056962025316453,0.032700421940928315,0.36012658227848093,0.03924050632911392,0.3145569620253162,0.045991561181434625,0.2689873417721521,0.05274261603375518,0.22637130801687735,0.06047819971870609,0.18586497890295373,0.0689170182841069,0.14535864978902946,0.07735583684950771,0.10632911392405049,0.08579465541490852,0.070886075949367,0.09423347398030948,0.03544303797468318,0.10267229254571046,0.0,0.1111111111111111
Slash,0.0,0.15315315315315314,0.0,0.15315315315315314,0.0,0.15315315315315314,0.0,0.15315315315315314,0.0,0.15315315315315314,0.0,0.15315315315315314,0.0,0.15315315315315314,0.0,0.15315315315315314,0.0,0.15315315315315314,0.0,0.15315315315315314,0.0,0.15315315315315314,0.0,0.15315315315315314,0.0,0.15315315315315314,0.0,0.15315315315315314,0.0,0.15315315315315314,0.0,0.15315315315315314,0.0,0.15315315315315314,0.0,0.15315315315315314,0.0,0.15315315315315314,0.0,0.15315315315315314,0.0,0.15315315315315314,0.0,0.15315315315315314,0.0,0.15315315315315314,0.0,0.15315315315315314,0.0,0.15315315315315314,0.0,0.15315315315315314,0.0,0.15315315315315314,0.0,0.15315315315315314,0.0,0.15315315315315314,0.0,0.15315315315315314,0.0,0.15315315315315314,0.0,0.15315315315315314,0.0,0.15315315315315314,0.0,0.15315315315315314,0.0,0.15315315315315314,0.0,0.15315315315315314,0.0,0.15132854373360702,0.0,0.1492758581366175,0.0014254761090203804,0.14864864864864866,0.0034781617060097537,0.14864864864864866,0.006557190101493878,0.14762230585015404,0.010662561295472753,0.14556962025316453,0.01664956095335835,0.14288972516820617,0.026912988938305345,0.13878435397422742,0.037860645455582174,0.13467898278024867,0.05428213023149729,0.1305736115862698,0.0707036150074124,0.1264682403922909,0.09465161363895544,0.12048124073440532,0.11928384080282817,0.11432318394343707,0.14836355342684446,0.10668263199908773,0.17915383738168555,0.09847188961113011,0.2142775687079484,0.09026114722317248,0.2532785950507469,0.08205040483521499,0.293648078458205,0.0745238909795872,0.33675447599498226,0.06836583418861908,0.38043106397536763,0.062207777397650835,0.42764283270612385,0.05604972060668258,0.4748546014368798,0.049891663815714464,0.5220663701676358,0.043733607024746345,0.5692781388983917,0.0375755502337781,0.6149503934314062,0.032957007640551914,0.6601094765651727,0.028851636446573164,0.7041281788117231,0.024746265252594418,0.7472345763485003,0.020640894058615543,0.7873759835785153,0.016535522864636797,0.8222716387273346,0.012430151670657922,0.8554567225453303,0.00866689474284422,0.8800889497092028,0.006614209145854718,0.9047211768730753,0.004561523548865218,0.9213707378264342,0.002508837951875972,0.9377922226023492,0.0004561523548864705,0.9510206408940586,0.0,0.9633367544759951,0.0,0.973258068194777,0.0,0.9814688105827345,0.0,0.9880830197285893,0.0,0.992188390922568,0.0,0.9958946288060212,0.0,0.9979473144030105,0.0,1.0,0.0
Slash,1.0,0.00558659217877095,0.9979492256558942,0.00558659217877095,0.9958984513117882,0.00558659217877095,0.994413407821229,0.00558659217877095,0.994413407821229,0.00558659217877095,0.994413407821229,0.00558659217877095,0.994413407821229,0.00558659217877095,0.994413407821229,0.00558659217877095,0.994413407821229,0.00558659217877095,0.994413407821229,0.00558659217877095,0.994413407821229,0.00558659217877095,0.994413407821229,0.00558659217877095,0.994413407821229,0.00558659217877095,0.994413407821229,0.00558659217877095,0.994413407821229,0.00558659217877095,0.994413407821229,0.00558659217877095,0.994413407821229,0.00558659217877095,0.994413407821229,0.00558659217877095,0.994413407821229,0.00558659217877095,0.994413407821229,0.00558659217877095,0.994413407821229,0.003677250548051744,0.994413407821229,0.0016264762039458723,0.994413407821229,0.0,0.994413407821229,0.0,0.994413407821229,0.0,0.994413407821229,0.0,0.994413407821229,0.0,0.994413407821229,0.0,0.994413407821229,0.0,0.994413407821229,0.0,0.9943426914645359,0.0,0.99229191712043,0.0,0.9902411427763241,0.0,0.9862810268014991,0.0,0.9780779294250759,0.0,0.969874832048653,0.0,0.9592673785446575,0.0,0.9469627324800226,0.0,0.934658086415388,0.0,0.915281804681423,0.0,0.8947740612403652,0.0,0.873417721518987,0.0,0.846757655045612,0.0,0.8200975885722366,0.0,0.7917403295382218,0.0,0.760978714376635,0.0,0.7302170992150482,0.0,0.6980411569195953,0.001414327133866031,0.6652287674139027,0.0034651014779719033,0.63241637790821,0.005515875822077616,0.5956438724276922,0.007566650166183488,0.5587299342337881,0.009617424510289201,0.5218159960398837,0.012163213351248089,0.4849020578459793,0.016264762039459833,0.4479881196520755,0.02036631072767126,0.4121349268085709,0.024467859415882847,0.37727176295877235,0.028569408104094432,0.3424085991089738,0.03267095679230601,0.3107983876670673,0.03677250548051776,0.2800367725054805,0.04087405416872919,0.24969945548405337,0.04497560285694077,0.22509016335478385,0.04907715154515236,0.20048087122551436,0.05317870023336394,0.17799306979704388,0.05728024892157553,0.159536100700092,0.06138179760978727,0.14107913160313978,0.06548334629799869,0.12389505692666693,0.06831200056573077,0.10748886217382059,0.07036277490983664,0.09108266742097425,0.0724135492539425,0.07835372321617996,0.07446432359804822,0.06604907715154505,0.07651509794215393,0.054451594653843464,0.0785658722862598,0.046248497277419975,0.08061664663036568,0.038045399900997125,0.08266742097447138,0.03076161516158681,0.08379888268156424,0.024609292129269513,0.08379888268156424,0.018456969096952214,0.08379888268156424,0.012304646064634597,0.08528392617212362,0.0061523230323172985,0.08733470051622932,0.0,0.0893854748603352
Slash,0.004464285714285714,0.08482142857142858,0.004464285714285714,0.08482142857142858,0.004464285714285714,0.08482142857142858,0.004464285714285714,0.08482142857142858,0.004464285714285714,0.08482142857142858,0.004464285714285714,0.08482142857142858,0.002882007233273143,0.08482142857142858,0.0011301989150090158,0.08482142857142858,0.0,0.08482142857142858,0.0,0.08482142857142858,0.0,0.08482142857142858,0.0,0.08482142857142858,0.0,0.08482142857142858,0.0,0.08482142857142858,0.0,0.08482142857142858,0.0,0.08482142857142858,0.0,0.08482142857142858,0.0,0.08482142857142858,0.0,0.08482142857142858,0.0,0.08482142857142858,0.0,0.08482142857142858,0.0,0.08482142857142858,0.0,0.08482142857142858,0.0,0.08482142857142858,0.0,0.08482142857142858,0.0,0.08482142857142858,0.0,0.08482142857142858,0.0,0.08482142857142858,0.0,0.08482142857142858,0.0,0.08482142857142858,0.0,0.08482142857142858,0.0,0.08482142857142858,0.0,0.08482142857142858,0.0,0.08482142857142858,0.0030515370705244444,0.08329566003616636,0.0065551537070524446,0.08154385171790235,0.012319168173598476,0.07979204339963834,0.02283001808318273,0.07804023508137435,0.03334086799276673,0.07628842676311022,0.047920433996383495,0.07318037974683543,0.06368670886075936,0.06967676311030743,0.08143083182640128,0.06577757685352623,0.10595614828209753,0.06052215189873422,0.1304814647377938,0.05526672694394209,0.159753616636528,0.050011301989150096,0.19128616636528026,0.04475587703435809,0.22349683544303797,0.03950045207956597,0.26028481012658233,0.034245027124773966,0.2970727848101267,0.02898960216998197,0.33589511754068696,0.02373417721518984,0.3761867088607594,0.018478752260397968,0.41653481012658233,0.013279837251356317,0.4585782097649186,0.00977622061482819,0.5006216094032548,0.006272603978300191,0.5418173598553346,0.0036166365280289525,0.5821089511754067,0.0018648282097649524,0.6224005424954792,0.00011301989150095235,0.6610533453887886,0.0,0.6995931283905966,0.0,0.7360985533453884,0.0,0.7693829113924048,0.0,0.8026672694394212,0.0,0.8300745931283906,0.0,0.8563517179023508,0.0,0.8805944846292947,0.0,0.8998643761301989,0.0,0.919134267631103,0.0,0.9345049728752262,0.0,0.9485194394213382,0.0,0.9615167269439421,0.0,0.9702757685352622,0.0,0.9790348101265821,0.0,0.9855334538878842,0.0,0.9907888788426763,0.0,0.9957052441229656,0.0,0.9974570524412297,0.0,0.9992088607594936,0.0,1.0,0.0,1.0,0.0,1.0,0.0
Slash,1.0,0.0,0.9966628308400461,0.0,0.9933256616800921,0.0,0.9904487917146145,0.0,0.9887802071346375,0.0,0.9871116225546605,0.0,0.9854430379746834,0.0,0.9837744533947066,0.0,0.9821058688147296,0.0,0.9804372842347525,0.0,0.9787686996547754,0.0,0.9772727272727273,0.0,0.9772727272727273,0.0,0.9772727272727273,0.0,0.9772727272727273,0.0,0.9772727272727273,0.0,0.9772727272727273,0.0,0.9772727272727273,0.0,0.9772727272727273,0.0,0.9772727272727273,0.0,0.9772727272727273,0.0,0.9772727272727273,0.0,0.9772727272727273,0.0,0.9772727272727273,0.0,0.9772727272727273,0.0,0.9772727272727273,0.0,0.9772727272727273,0.0,0.9772727272727273,0.0,0.9772727272727273,0.0,0.9772727272727273,0.0,0.9772727272727273,0.0,0.9772727272727273,0.0,0.9772727272727273,0.0,0.9772727272727273,0.0,0.9772727272727273,0.0,0.9772727272727273,0.0,0.9772727272727273,0.0,0.9772727272727273,0.0,0.9772727272727273,0.0,0.9772727272727273,0.0,0.9772727272727273,0.0,0.9772727272727273,0.0,0.9772727272727273,0.0,0.9772727272727273,0.0,0.9731300345224394,0.0,0.9631185270425776,0.0,0.9531070195627158,0.0,0.9396432681242805,0.0,0.9246260069044878,0.0,0.9096087456846949,0.0,0.8865362485615647,0.0,0.863176064441887,0.0,0.8369965477560413,0.0,0.8019562715765243,0.0,0.7669159953970083,0.0,0.7284234752589183,0.0008630609896432484,0.6867088607594938,0.0025316455696202987,0.6449942462600691,0.00420023014959722,0.6006329113924049,0.007192174913693867,0.5555811277330267,0.010529344073647839,0.510644418872267,0.01386651323360181,0.4672612197928652,0.017203682393555783,0.4238780207134637,0.020540851553509754,0.3827963176064442,0.024453394706559224,0.3460874568469504,0.029459148446490245,0.3093785960874568,0.03446490218642114,0.2757767548906788,0.03947065592635216,0.24407364787111616,0.04447640966628306,0.2123705408515535,0.04948216340621408,0.18515535097813565,0.052991944764096646,0.15845799769850388,0.05632911392405062,0.13262370540851537,0.05966628308400459,0.11093210586881448,0.06300345224395856,0.08924050632911386,0.06634062140391253,0.06979286536248552,0.06967779056386664,0.053107019562715796,0.07301495972382048,0.03642117376294581,0.07635212888377445,0.023360184119677673,0.07848101265822785,0.011680092059838837,0.08014959723820476,0.0,0.08181818181818182
Slash,0.0,0.09829059829059829,0.0,0.09829059829059829,0.0,0.09829059829059829,0.0,0.09829059829059829,0.0,0.09829059829059829,0.0,0.09829059829059829,0.0,0.09829059829059829,0.0,0.09829059829059829,0.0,0.09829059829059829,0.0,0.09829059829059829,0.0,0.09829059829059829,0.0,0.09829059829059829,0.0,0.09829059829059829,0.0,0.09829059829059829,0.0,0.09829059829059829,0.0,0.09829059829059829,0.0,0.09829059829059829,0.0,0.09829059829059829,0.0,0.09829059829059829,0.0,0.09829059829059829,0.0,0.09829059829059829,0.0,0.09829059829059829,0.0,0.09829059829059829,0.0,0.09829059829059829,0.0,0.09829059829059829,0.0,0.09829059829059829,0.0,0.09829059829059829,0.0,0.09829059829059829,0.0,0.09829059829059829,0.0,0.09829059829059829,0.0,0.09829059829059829,0.0,0.09829059829059829,0.0031375094666232705,0.09672184355728654,0.00670777885967766,0.09493670886075953,0.013740127664178325,0.09315157416423239,0.024450935843340887,0.09136643946770526,0.035648598939738194,0.08941901979876661,0.05171481120848204,0.08584875040571247,0.06778102347722612,0.08227848101265821,0.08882397489992425,0.07746402683111543,0.11203072595477662,0.07210862274153415,0.137401276641783,0.06675321865195287,0.16774856648274367,0.061397814562371464,0.19809585632370458,0.05604241047279018,0.23331169533701154,0.0506870063832089,0.2690143892675537,0.04533160229362762,0.3083955425727577,0.03997619820404635,0.35123877528940817,0.03462079411446494,0.3942983879692739,0.029265390024883663,0.4389267553824517,0.023909985935302382,0.4835551227956294,0.01855458184572098,0.5307800497673917,0.014497457535432206,0.5789786865736234,0.010927188142378058,0.6247971437844855,0.00795196364816617,0.6658552418046089,0.006166828951639035,0.7069133398247321,0.004381694255112023,0.7429406037000973,0.002596559558584889,0.7786432976306393,0.000811424862057755,0.8104511522233044,0.0,0.8390133073677382,0.0,0.866223087742075,0.0,0.8858595694038731,0.0,0.9054960510656712,0.0,0.9210754084171806,0.0,0.9353564859893974,0.0,0.9476901438926755,0.0,0.9566158173753112,0.0,0.9655414908579466,0.0,0.9710050849291356,0.0,0.9763604890187169,0.0,0.9806880882830251,0.0,0.9842583576760792,0.0,0.9875040571243104,0.0,0.9892891918208374,0.0,0.9910743265173647,0.0,0.9928594612138915,0.0,0.9946445959104188,0.0,0.996429730606946,0.0,0.998214865303473,0.0,1.0,0.0
