label,x0,y0,x1,y1,x2,y2,x3,y3,x4,y4,x5,y5,x6,y6,x7,y7,x8,y8,x9,y9,x10,y10,x11,y11,x12,y12,x13,y13,x14,y14,x15,y15,x16,y16,x17,y17,x18,y18,x19,y19,x20,y20,x21,y21,x22,y22,x23,y23,x24,y24,x25,y25,x26,y26,x27,y27,x28,y28,x29,y29
Circle,0.5163831692032228,0.010384959713518351,0.5068934646374215,0.010384959713518351,0.5059982094897044,0.010384959713518351,0.5059982094897044,0.010384959713518351,0.5059982094897044,0.010384959713518351,0.5059982094897044,0.010384959713518351,0.5059982094897044,0.010384959713518351,0.5059982094897044,0.0062667860340197175,0.5124440465532676,0.0,0.5615040286481648,0.0,0.6478066248880934,0.01897940913160254,0.7491495076096687,0.10098478066248896,0.8153983885407341,0.25317815577439584,0.8343777976723364,0.4683974932855866,0.7654431512981198,0.6952551477170995,0.6084153983885403,0.8837958818263206,0.401790510295434,0.9876454789615041,0.22023276633840633,1.0,0.09185317815577403,0.9197851387645474,0.016114592658907613,0.7847806624888091,0.0,0.6234556848701874,0.03616830796777077,0.4617726051924797,0.08988361683079683,0.3183527305282003,0.1917636526410026,0.2059086839749328,0.31566696508504954,0.12444046553267661,0.4347358997314234,0.07394807520143239,0.5353625783348255,0.046553267681289125,0.596239928379588,0.03455684870188007,0.6272157564905998,0.02596239928379588,0.6410026857654431,0.02596239928379588
Circle,0.605019815059445,0.005472730703906397,0.5963389318739382,0.005472730703906397,0.5940743536516322,0.005472730703906397,0.5940743536516322,0.005472730703906397,0.6125684091337985,0.005472730703906397,0.6625778448763916,0.01056803170409518,0.7484431024721646,0.05265144366861671,0.8690318928099643,0.13436497452349497,0.9581053028873371,0.27590111341762596,1.0,0.45310435931307796,0.9503679939611247,0.6259671636157765,0.8314776372900544,0.7676920173617665,0.6718248726174748,0.8660124551802225,0.47556142668428003,0.9131911681449327,0.29571617286280416,0.8928099641441779,0.16550292508020362,0.806001132289111,0.07397622192866564,0.6912625023589355,0.02038120400075467,0.5557652387242876,0.0,0.41687110775618025,0.024721645593508073,0.2794866956029437,0.09341385167012636,0.16588035478392138,0.18588412908095844,0.08114738629930177,0.2813738441215324,0.03019437629741447,0.3661068126061521,0.005661445555765203,0.4380071711643705,0.0,0.49518777127759933,0.0,0.5323645970937911,0.0013210039630118782,0.5538780902056992,0.005472730703906397,0.5635025476504998,0.005472730703906397,0.5721834308360066,0.005472730703906397
Circle,0.5481561045470822,0.03114930182599356,0.5447547440028643,0.0259577515216613,0.5429645542427499,0.0259577515216613,0.5429645542427499,0.0259577515216613,0.5461868958109563,0.0259577515216613,0.5656999641962052,0.0259577515216613,0.6231650554958827,0.030791263873970638,0.714464733261726,0.07107053347654853,0.837092731829574,0.17185821697099893,0.9176512710347299,0.3365556749015397,0.9346580737558183,0.5492302184031509,0.8809523809523813,0.7504475474400288,0.7472252058718224,0.9081632653061225,0.551199427139277,0.9948084496956681,0.34765485141425023,1.0,0.18868600071607605,0.9183673469387755,0.08431793770139664,0.7880415324024348,0.0261367704976728,0.6360544217687076,0.0,0.48138202649480866,0.014679556032939585,0.3365556749015397,0.0764411027568925,0.20587182241317573,0.17490153956319396,0.10597923379878259,0.2801646974579308,0.04636591478696735,0.39151450053705716,0.009667024704618676,0.4946294307196567,0.0,0.5814536340852131,0.0019692087361260348,0.6423200859291088,0.010562119584676018,0.6731113498030794,0.019155030433225927,0.6901181525241676,0.0259577515216613,0.6935195130683854,0.0259577515216613
Circle,0.6754758824616521,0.05488819072260209,0.6671594899279245,0.05488819072260209,0.6588430973941969,0.05488819072260209,0.6505267048604692,0.05488819072260209,0.6562557752725927,0.05488819072260209,0.6810201441508039,0.05488819072260209,0.733321012751802,0.06523747920901864,0.8174089817039364,0.09942709295878763,0.8990944372574384,0.18462391424875246,0.9635926815745702,0.33006837922749943,1.0,0.5098872666789872,0.9647015339124002,0.7061541304749585,0.8199963038255405,0.865828867122528,0.6255775272592868,0.9617445943448529,0.40990574755128434,0.9889114766216964,0.23378303455923133,0.9268157457031974,0.11846239142487537,0.8181482165958232,0.052300868600997974,0.67954167436703,0.012382184439105598,0.5331731657734246,0.0,0.3886527444095361,0.03936425799297738,0.26150434300498987,0.12363703566808361,0.15653298835705054,0.23027166882276867,0.07651081131029372,0.35039733875438933,0.025688412493069645,0.4738495656995009,0.0,0.5817778599149883,0.00018480872297176626,0.6616152282387727,0.015708741452596552,0.7102199223803363,0.032341526520051705,0.7338754389207172,0.041212345222694506,0.7451487710219922,0.04416928479024208
Circle,0.8098893252409853,0.020706890396287043,0.8272045697965014,0.02302749018207777,0.8543377365226703,0.03980721171010354,0.9036058550517674,0.08157800785433775,0.9628704034273474,0.1538736165655123,1.0,0.25812209925026774,0.9975008925383791,0.38521956444127103,0.9344876829703679,0.5319528739735808,0.8173866476258479,0.6758300606926099,0.6549446626204924,0.7940021420921102,0.45751517315244544,0.8664762584791146,0.28454123527311675,0.8900392716886826,0.15083898607640117,0.838272045697965,0.06729739378793288,0.7140307033202429,0.01874330596215637,0.5799714387718673,0.0,0.4450196358443413,0.01285255265976435,0.31792217065333817,0.07068903962870393,0.21188861121028213,0.15744377008211344,0.12620492681185286,0.2650838986076401,0.0640842556229918,0.3775437343805783,0.02159942877543733,0.4805426633345235,0.0030346304891109865,0.5690824705462335,0.0,0.6331667261692251,0.006783291681542305,0.6702963227418779,0.01820778293466621,0.6918957515173152,0.03213138164941088,0.6993930739021776,0.039628704034273515,0.7063548732595502,0.04141378079257409,0.7092109960728312,0.03855765797929313,0.7167083184576937,0.03623705819350232
Circle,0.5946534653465346,0.028712871287128707,0.5807920792079209,0.028712871287128707,0.5726732673267328,0.028712871287128707,0.5744554455445544,0.028712871287128707,0.601980198019802,0.028712871287128707,0.6617821782178217,0.03564356435643566,0.7485148514851485,0.06831683168316834,0.8459405940594059,0.14792079207920783,0.9190099009900989,0.2825742574257425,0.9673267326732671,0.44910891089108895,0.9788118811881189,0.6219801980198018,0.8916831683168319,0.8041584158415839,0.7255445544554459,0.9332673267326731,0.5388118811881185,1.0,0.3520792079207921,0.997029702970297,0.1805940594059408,0.9251485148514851,0.07306930693069334,0.8007920792079207,0.014059405940593989,0.6508910891089106,0.0,0.4992079207920794,0.0130693069306931,0.3580198019801982,0.06178217821782178,0.23207920792079226,0.13465346534653455,0.13841584158415837,0.22910891089108892,0.07168316831683173,0.3346534653465343,0.034059405940594124,0.43485148514851474,0.012277227722772292,0.5108910891089108,0.0037623762376238013,0.5590099009900991,0.0,0.5851485148514852,0.0,0.5980198019801981,0.0,0.6003960396039604,0.0
Circle,0.5544608648056925,0.026455026455026454,0.5491698595146871,0.021164021164021163,0.5491698595146871,0.021164021164021163,0.5551906586389345,0.021164021164021163,0.5652253238460136,0.021164021164021163,0.5845648604269293,0.021164021164021163,0.6243386243386243,0.03612479474548442,0.696588213829593,0.06841817186644765,0.7998540412333518,0.1461412151067325,0.8713738368910782,0.2884510125889438,0.9140667761357416,0.46889253785805524,0.9076810800948732,0.6701331873745666,0.7952928297755885,0.8438241196861886,0.6172231344645137,0.9529282977558841,0.4095967889071339,1.0,0.23079729976281715,0.9708082466703156,0.11129355956942168,0.8883415435139572,0.038131727786900146,0.7668308702791461,0.001642036124794818,0.6310892172961136,0.0,0.5010034665207078,0.019704433497536915,0.3842364532019703,0.07662835249042174,0.27257799671592764,0.160189746396643,0.1862798759350483,0.2588943623426384,0.11366538952745847,0.36580915891260735,0.0665936872833424,0.45557380040138673,0.039956212370005385,0.5221674876847293,0.022623608830505338,0.5582922824302134,0.014595876664842118,0.5769020251778872,0.007297938332421096,0.5862068965517242,0.0
Circle,0.6118784530386739,0.06156274664561959,0.5972770323599051,0.06156274664561959,0.5889897395422257,0.06156274664561959,0.5964877663772691,0.05781373322809784,0.6247040252565114,0.05584056827150751,0.6823204419889499,0.06018153117600634,0.7612470402525652,0.08760852407261246,0.8599052880820837,0.15666929755327547,0.9293606945540646,0.27683504340962906,0.9660615627466453,0.42995264404104183,0.9544198895027621,0.6073401736385162,0.8389897395422252,0.7949881610102605,0.6631807419100235,0.9281767955801105,0.47671665351223336,1.0,0.30268350434096275,0.9709944751381214,0.15805051302288886,0.866022099447514,0.07044198895027633,0.7144830307813734,0.01953433307024456,0.564719810576164,0.0,0.4226519337016576,0.02762430939226497,0.2861089187056038,0.09925019731649545,0.16831097079715854,0.21250986582478248,0.0862273086029993,0.34333070244672487,0.029794790844514547,0.46862667719021295,0.002170481452249414,0.5586029992107339,0.0,0.6116811365430148,0.013417521704814564,0.6387134964483029,0.023480662983425386,0.6513417521704812,0.02722967640094713,0.6602209944751379,0.02722967640094713,0.6633780584056826,0.02722967640094713
Circle,0.7123690498070209,0.07847822091527289,0.7035471420694724,0.07847822091527289,0.6947252343319243,0.07847822091527289,0.6859033265943761,0.07847822091527289,0.6857195368498439,0.0751700055136923,0.68866017276236,0.07167800036757942,0.7162286344421982,0.06781841573240209,0.7746737732034552,0.06781841573240209,0.8531519941187281,0.09410034920051448,0.9318140047785336,0.1885682778900937,0.9829075537585004,0.3451571402315752,1.0,0.536666054034185,0.9237272560191144,0.7483918397353428,0.7368130858298109,0.8978129020400661,0.5250873001286528,0.9801507075905165,0.31336151442749494,0.9536849843778715,0.16449182135636872,0.8367947068553574,0.0668994670097409,0.688843962506892,0.0047785333578388095,0.5258224591067818,0.0,0.3683146480426393,0.05164491821356391,0.23120749862157675,0.15199411872817528,0.12865282117257842,0.27108987318507666,0.05991545671751507,0.4030509097592355,0.018746553942289964,0.5188384488145562,0.0,0.5912516081602648,0.0005513692335967391,0.6326043006800222,0.009373276971145018,0.6377504135269253,0.018195184708693222,0.6377504135269253,0.025179195000918912,0.6377504135269253,0.03050909759235431
Circle,0.5713040446304044,0.005055788005578801,0.5662482566248256,0.005055788005578801,0.5662482566248256,0.005055788005578801,0.5662482566248256,0.002266387726638785,0.5662482566248256,0.0,0.5662482566248256,0.0,0.5733960948396094,0.0,0.6134937238493722,0.0,0.6865411436541141,0.018654114365411367,0.7961994421199442,0.0702580195258019,0.9145746164574615,0.17329149232914925,0.9884937238493724,0.3260111576011157,1.0,0.4993026499302647,0.9593793584379358,0.6684100418410038,0.8403068340306836,0.8082287308228728,0.6408647140864717,0.9156206415620639,0.413702928870293,0.9721059972105996,0.2302998605299861,0.955718270571827,0.10913528591352868,0.8845885634588563,0.03730822873082302,0.7681311018131101,0.006624825662482348,0.6309274755927475,0.0,0.4928521617852164,0.021617852161785245,0.356694560669456,0.08124128312412839,0.23082287308228747,0.16875871687587155,0.13371687587168787,0.27789400278940024,0.06345885634588569,0.38563458856345856,0.02859135285913532,0.4832635983263596,0.010460251046025111,0.545502092050209,0.012552301255230104,0.5763598326359832,0.025278940027894003
Circle,0.7464569650881437,0.12201866574490143,0.7464569650881437,0.12201866574490143,0.7464569650881437,0.11752506049083995,0.741444866920152,0.11199446940891802,0.737469754580021,0.11199446940891802,0.7364327687521603,0.11199446940891802,0.7364327687521603,0.11199446940891802,0.7556170065675767,0.11337711717939845,0.8050466643622536,0.1337711717939854,0.8738333909436572,0.18423781541652262,0.9512616660905632,0.2810231593501554,1.0,0.41583131697200126,0.9687175941928794,0.5886622882820601,0.8847217421361908,0.7545800207397163,0.746975458002074,0.8689941237469752,0.5473556861389558,0.9379536812996888,0.3691669547182855,0.9262011752506046,0.2343587970964398,0.8515381956446594,0.11078465260974762,0.7423090217767021,0.03145523677843072,0.606463878326996,0.0,0.456446595229865,0.048392671966816625,0.31023159350155516,0.13100587625302482,0.18821292775665388,0.2431731766332528,0.09643968199101276,0.3738333909436573,0.03525751814725188,0.5044936052540612,0.0006913238852402497,0.6253024541997924,0.0,0.7049775319737299,0.013307984790874557,0.747493950916004,0.035084687175941855,0.7665053577601105,0.056861389561009286
Circle,0.6570292735814963,0.0,0.6490784242862306,0.0,0.6465486086013734,0.0,0.6465486086013734,0.0,0.6469100108420675,0.0,0.6579327791832312,0.0,0.6928080954101917,0.006866642573183876,0.762920130104807,0.04372967112396093,0.8402602096132996,0.12685218648355615,0.8890495121069751,0.27466570292735815,0.8751355258402604,0.4821105890856523,0.7826165522226238,0.7126852186483555,0.6225153595952301,0.8913986266714851,0.40784242862305814,0.9954824719913262,0.22027466570292767,1.0,0.09703650162631039,0.9045898084568125,0.027647271413083086,0.7623780267437659,0.0,0.607517166606433,0.006866642573184025,0.4580773400795085,0.052403324900614674,0.31929887965305376,0.14962052764727146,0.2054571738344777,0.2734007950849294,0.1315504156125769,0.40585471629924125,0.09360318033971808,0.5236718467654499,0.08384531984098301,0.5988435128297795,0.0934224792193711,0.6447415973979042,0.10444524756053486,0.6669678352005782,0.1100469822912902,0.677809902421395,0.10498735092157567,0.677990603541742,0.0970365016263101,0.677990603541742,0.08908565233104444
Circle,0.6529273216689098,0.06325706594885602,0.6480484522207267,0.06325706594885602,0.6461978465679679,0.06325706594885602,0.6431695827725438,0.06325706594885602,0.6431695827725438,0.06325706594885602,0.6567967698519516,0.06325706594885602,0.7084454912516822,0.0708277254374159,0.7989569313593539,0.11591520861372814,0.8903095558546434,0.22812920592193817,0.9486877523553164,0.393842530282638,0.9559219380888292,0.6053162853297446,0.8649057873485867,0.8218371467025575,0.6591520861372816,0.9611372812920592,0.42833109017496657,1.0,0.23452220726783304,0.9162180349932706,0.09606325706594865,0.7826379542395693,0.012954239569313351,0.6157469717362045,0.0,0.43085464333781953,0.08714670255720053,0.2570659488559891,0.24983176312247682,0.11574697173620448,0.44330417227456287,0.03230148048452213,0.6196164199192464,0.0,0.7385598923283985,0.0015141318977121149,0.800134589502019,0.022207267833109143,0.8215006729475102,0.04424629878869449,0.8285666218034993,0.0546769851951548,0.8285666218034993,0.05837819650067298,0.8285666218034993,0.05837819650067298,0.8285666218034993,0.05837819650067298,0.8285666218034993,0.05837819650067298
Circle,0.4884859474161379,0.08413417951042615,0.4884859474161379,0.08413417951042615,0.4884859474161379,0.08413417951042615,0.4884859474161379,0.07706255666364467,0.4926563916591116,0.06944696282864919,0.5236627379873077,0.050045330915684534,0.5878513145965548,0.03844061650045332,0.6781504986400727,0.04043517679057119,0.7985494106980963,0.09392565729827744,0.9216681776971899,0.2094288304623755,0.9978241160471443,0.4125113327289212,1.0,0.6757932910244789,0.8048957388939254,0.8614687216681781,0.4817769718948323,0.9506799637352679,0.23281958295557584,0.9075249320036269,0.07669990933816846,0.7666364460562104,0.0010879419764278728,0.5776971894832279,0.0,0.3949229374433366,0.06237533998186749,0.23046237533998176,0.1771532184950136,0.114596554850408,0.3066183136899364,0.0384406165004534,0.43173164097914807,0.006165004533091553,0.5323662737987306,0.0,0.5981867633726201,0.013780598368087036,0.6359020852221217,0.029011786038078,0.6589301903898459,0.03789664551223931,0.6707162284678154,0.042067089755213075,0.6725294650951951,0.042067089755213075,0.6725294650951951,0.042067089755213075,0.6725294650951951,0.042067089755213075
Circle,0.735540010237161,0.0,0.7595973383381674,0.0,0.8046408462719673,0.0030711482682136103,0.8657225729397713,0.023374850708070334,0.9232212932946596,0.08599215150998123,0.9696297560143321,0.1904111926292441,1.0,0.33066029687766585,0.995905135642382,0.4980378774953079,0.9201501450264461,0.6707046579082067,0.7759767957686402,0.8078826138884146,0.565773758744242,0.8926804299607574,0.36444292782801585,0.9001876812830573,0.1943354376386285,0.8426889609281693,0.07541375191946766,0.7338338167548197,0.012967070465790955,0.6007507251322298,0.0,0.4613547176249786,0.01740317351987745,0.3299778194847296,0.07268384234772243,0.21702781095376225,0.15560484558948978,0.12847636922026967,0.2528578740829211,0.06841835864187007,0.3620542569527383,0.03156457942330661,0.4645964852414265,0.01979184439515441,0.5471762497867259,0.02798157311039068,0.6116703634192118,0.04094864357618149,0.6526190069953933,0.05391571404197238,0.6775294318375705,0.06312915884661321,0.6962975601433204,0.06432349428425183,0.7027810953762159,0.06432349428425183,0.7058522436444293,0.06432349428425183,0.7058522436444293,0.06432349428425183
Circle,0.7184215061175251,0.0949508874719972,0.7184215061175251,0.0949508874719972,0.7184215061175251,0.0949508874719972,0.7156643115629844,0.0949508874719972,0.71342409098742,0.0949508874719972,0.71342409098742,0.0949508874719972,0.7260037911425122,0.09546786145097357,0.7732207478890226,0.10615199034981901,0.8580044804411507,0.1411338962605548,0.947785628123384,0.2290194726865413,1.0,0.36791314837153183,0.9910391176977422,0.5340341202826122,0.8864380492848527,0.7003274168533512,0.656729277959676,0.8302602102360843,0.4073754954333967,0.8945373082888157,0.20265379975874545,0.8642081681888674,0.07720144752714132,0.7442702050663449,0.00603136308805785,0.5695330001723246,0.0,0.3972083405135273,0.051008099259003896,0.2462519386524211,0.14458038945373097,0.12924349474409783,0.26693089781147633,0.05118042391866287,0.40961571600896096,0.009305531621575028,0.5447182491814574,0.0,0.6462174737204887,0.01619851800792685,0.7156643115629844,0.043598138893675635,0.7501292434947436,0.06444942271239007,0.772876098569705,0.07961399276236433,0.7808030329140097,0.07995864208168185,0.7883853179389968,0.07995864208168185
Circle,0.7442276713799895,0.0918202971183104,0.7442276713799895,0.0918202971183104,0.7485233577948812,0.0918202971183104,0.7623053517093253,0.0918202971183104,0.7803830320386613,0.09522104886343305,0.8142115625559336,0.103275460891355,0.8680866296760337,0.13280830499373553,0.936101664578486,0.19545373187757298,0.9858600322176484,0.3177018077680331,1.0,0.4906031859674245,0.9072847682119206,0.6926794344012889,0.6792554143547522,0.8222659745838556,0.40809020941471275,0.8748881331662792,0.22015392876320028,0.8097368892070882,0.09074637551458745,0.6749597279398607,0.017361732593520498,0.5093968140325762,0.0,0.3511723644173978,0.029532844102380468,0.2137103991408628,0.10488634329693902,0.11294075532486142,0.20923572579201705,0.05011634150707012,0.324503311258278,0.014855915518167239,0.4417397529980314,0.0,0.5471630570968321,0.00465366028279931,0.6124932879899767,0.019330588867012687,0.6541972436012174,0.034007517451226064,0.673348845534276,0.041703955611240365,0.6806873098263828,0.04510470735636301,0.6871308394487203,0.04510470735636301,0.6871308394487203,0.04510470735636301,0.6871308394487203,0.04510470735636301
Circle,0.7100313479623824,0.1534090909090909,0.7100313479623824,0.14772727272727273,0.7090517241379307,0.14772727272727273,0.6957288401253918,0.14772727272727273,0.6796630094043888,0.14772727272727273,0.6706504702194358,0.14772727272727273,0.699255485893417,0.150666144200627,0.7733150470219434,0.17398119122257052,0.8646159874608149,0.243730407523511,0.9208463949843261,0.38518808777429475,0.9373040752351097,0.5891457680250785,0.8536442006269592,0.8066222570532918,0.6706504702194358,0.950626959247649,0.4343652037617554,1.0,0.22531347962382434,0.9392633228840125,0.09913793103448269,0.799568965517241,0.02664576802507829,0.6216692789968651,0.0,0.44141849529780575,0.04192789968652022,0.2819357366771158,0.13655956112852702,0.14478840125391831,0.2799764890282132,0.05799373040752345,0.43142633228840116,0.011755485893416935,0.5654388714733546,0.0,0.6553683385579938,0.00842476489028211,0.7059169278996865,0.017437304075235117,0.7345219435736677,0.026449843260188125,0.7511755485893417,0.029780564263322873,0.7554858934169278,0.03409090909090909,0.7578369905956112,0.03977272727272727,0.7668495297805642,0.045454545454545456
Circle,0.8180851063829785,0.0,0.8104863221884496,0.0,0.8048632218844983,0.0,0.8048632218844983,0.0,0.8009118541033434,0.0,0.8004559270516716,0.0,0.8153495440729482,0.0,0.8604863221884498,0.010030395136778137,0.9323708206686927,0.0544072948328267,0.983738601823708,0.160030395136778,1.0,0.32629179331306957,0.9559270516717325,0.5205167173252276,0.824772036474164,0.681914893617021,0.6080547112462008,0.7726443768996956,0.3647416413373861,0.7884498480243157,0.17477203647416448,0.7048632218844983,0.055471124620060853,0.5609422492401215,0.0,0.41474164133738595,0.012765957446808652,0.27522796352583595,0.08693009118541002,0.16033434650455947,0.20410334346504533,0.07993920972644387,0.3471124620060789,0.03161094224924016,0.4949848024316106,0.0135258358662614,0.616109422492401,0.01610942249240124,0.693161094224924,0.023708206686930085,0.7357142857142853,0.030851063829787223,0.7548632218844985,0.02720364741641341,0.7607902735562309,0.02203647416413373,0.7607902735562309,0.02203647416413373,0.7607902735562309,0.02203647416413373
Circle,0.7868823000898474,0.047079964061096186,0.7868823000898474,0.04186882300089852,0.7852650494159932,0.04186882300089852,0.7766397124887692,0.04186882300089852,0.7628032345013477,0.04186882300089852,0.758490566037736,0.04186882300089852,0.7951482479784369,0.04672057502246185,0.8612758310871517,0.07277628032345018,0.9415992812219228,0.14681042228212046,0.9926325247079965,0.28230008984725974,1.0,0.45660377358490584,0.9522012578616356,0.6418688230008986,0.8123989218328844,0.787421383647799,0.5705300988319857,0.8684636118598386,0.321473495058401,0.8727762803234502,0.13602875112309087,0.7778975741239893,0.03971248876909269,0.6246181491464512,0.0,0.4600179694519318,0.02893081761006296,0.2916442048517522,0.146271338724169,0.1475292003593892,0.31985624438454674,0.04851752021563335,0.5182389937106922,0.0,0.7049415992812224,0.0014375561545373174,0.853728661275831,0.03809523809523817,0.9421383647798743,0.06882300089847271,0.9784366576819409,0.08355795148247984,0.9901168014375563,0.08337825696316263,0.9865229110512131,0.07834681042228217,0.9849056603773586,0.07834681042228217,0.9849056603773586,0.07834681042228217
Circle,0.9071296140232598,0.14141243890106184,0.8992078206640821,0.13652452384965447,0.8863981122534974,0.13652452384965447,0.8784763188943198,0.13652452384965447,0.8705545255351425,0.13652452384965447,0.8685319399966291,0.13652452384965447,0.887072307433002,0.14006404854205287,0.93359177481881,0.1678745996966122,0.9796055958199897,0.2469239844935108,1.0,0.40283161975391857,0.9614023259733694,0.5968312826563286,0.8140906792516436,0.7625147480195515,0.587729647733019,0.848643182201247,0.3463677734704198,0.8516770605090173,0.1685487948761166,0.7522332715321084,0.05764368784763193,0.5998651609640991,0.0,0.44142929378054957,0.021742794539018985,0.28838698803303575,0.10264621607955503,0.15978425754255876,0.22518118995449188,0.06843081071970342,0.3667621776504295,0.016012135513231177,0.4990729816281814,0.0,0.6082926007079048,0.019046013821001132,0.6881847294791842,0.04904769930894991,0.738412270352267,0.07635260407888075,0.7655486263273218,0.09017360525872241,0.7807180178661721,0.09253328838698802,0.7849317377380752,0.08882521489971344,0.7849317377380752,0.08275745828417325,0.7849317377380752,0.08275745828417325
Circle,0.859232175502742,0.15153361771277682,0.850700792199878,0.1430022344099127,0.8421694088970136,0.13447085110704865,0.8336380255941496,0.13386146658541545,0.8344505382896606,0.13386146658541545,0.8590290473288643,0.13528336380255945,0.9012797074954296,0.15193987406053225,0.9508429819215924,0.20008125126955112,0.9815153361771273,0.28722323786309173,1.0,0.4084907576680886,0.9630306723542555,0.5620556571196424,0.8923420678448101,0.7101360958764982,0.7334958358724352,0.8137314645541338,0.5311801746902294,0.8758886857607149,0.3185049766402601,0.8663416615884624,0.1564086938858417,0.7852935202112534,0.04996953077391798,0.6457444647572618,0.0,0.48852325817590914,0.0075157424334752225,0.3331302051594554,0.07089173268332288,0.19419053422709734,0.17326833231769234,0.08897014015844003,0.31403615681494995,0.02742230347349173,0.467601056266504,0.0,0.617509648588259,0.00020312817387776303,0.7361365021328458,0.013203331302051667,0.807637619337802,0.03615681495023353,0.8472476132439567,0.049360146252285284,0.8657322770668288,0.057282145033516196,0.8710136095876496,0.057282145033516196,0.8710136095876496,0.057282145033516196
Circle,0.8746258729630861,0.08829398071167274,0.8902560691719321,0.09028932490854669,0.9146990355836383,0.10109743930828069,0.9419687396075823,0.12786830728300633,0.9692384436315266,0.16827402726970395,0.9910209511140671,0.22730295976055861,1.0,0.3184236780844695,0.9827070169604256,0.44479547721982027,0.902228134353176,0.5904556035916193,0.7583970734951782,0.7228134353175921,0.5605254406385103,0.7998004655803126,0.36132357831725986,0.8031260392417692,0.18905886265380797,0.7411040904556034,0.08114399733954114,0.6243764549384768,0.014632524110409082,0.49783837712005335,0.0,0.3634852011972067,0.03242434319920183,0.23994013967409383,0.10059860325906257,0.1395078150981044,0.20036581310276025,0.07100099767209847,0.31775856335217784,0.02477552377785176,0.4391420019953442,0.0036581310276022705,0.5550382440971068,0.0,0.6529763884270038,0.012637179913535078,0.7136681077485866,0.033089457931493094,0.752411040904556,0.049052211506484845,0.7718656468240771,0.06102427668772859,0.781842367808447,0.0641835716661124,0.788659793814433,0.0641835716661124,0.7926504822081809,0.0641835716661124,0.7926504822081809,0.0641835716661124
Circle,0.6492156492156492,0.11774711774711773,0.6405216405216407,0.11774711774711773,0.6318276318276316,0.11774711774711773,0.6272916272916272,0.11358911358911357,0.6199206199206201,0.11226611226611226,0.6163296163296164,0.11226611226611226,0.621999621999622,0.11226611226611226,0.6592326592326593,0.11340011340011333,0.7439047439047443,0.14212814212814212,0.8491778491778491,0.22264222264222272,0.917973917973918,0.38612738612738623,0.9323379323379322,0.6116046116046121,0.8542808542808542,0.8280098280098281,0.686070686070686,0.9587979587979588,0.4543564543564543,1.0,0.2848232848232848,0.9347949347949346,0.1542241542241541,0.8038178038178038,0.053676053676053735,0.6420336420336422,0.004347004347004089,0.4683424683424683,0.0,0.3084483084483082,0.05065205065205065,0.17728217728217727,0.13797013797013788,0.08221508221508222,0.25704025704025757,0.02249102249102231,0.39009639009639036,0.0,0.5108675108675111,0.003780003780003783,0.5957285957285957,0.03345303345303343,0.649026649026649,0.06142506142506138,0.6792666792666793,0.082971082971083,0.6953316953316955,0.09034209034209033,0.704025704025704,0.09034209034209033
Circle,0.7237933634992458,0.005467571644042233,0.7122926093514327,0.005467571644042233,0.6898567119155354,0.004901960784313675,0.6764705882352938,0.0,0.6713800904977377,0.0,0.6966440422322775,0.0,0.7483031674208144,0.01602564102564102,0.8256033182503771,0.05561840120663657,0.9136500754147813,0.14649321266968326,0.9741704374057315,0.2916666666666667,1.0,0.4751131221719458,0.9528657616892909,0.6815610859728509,0.7899698340874812,0.8614253393665159,0.5433634992458521,0.9660633484162896,0.3131598793363497,0.9722850678733034,0.1449849170437406,0.8904600301659128,0.04430618401206619,0.7450980392156864,0.0,0.5818250377073906,0.016968325791855334,0.4121417797888388,0.09671945701357429,0.2584841628959277,0.20154600301659112,0.13480392156862742,0.3235294117647055,0.05957767722473608,0.450037707390649,0.014894419306183982,0.5650452488687785,0.0016968325791855178,0.6510180995475112,0.0,0.7017345399698343,0.004336349924585273,0.7275641025641028,0.005467571644042233,0.7396304675716442,0.005467571644042233,0.7456636500754147,0.005467571644042233,0.7456636500754147,0.005467571644042233
Circle,0.7606557377049182,0.08724954462659384,0.7584699453551915,0.08724954462659384,0.7553734061930785,0.08724954462659384,0.7553734061930785,0.08724954462659384,0.7553734061930785,0.08724954462659384,0.7726775956284152,0.08797814207650272,0.810200364298725,0.105464480874317,0.8719489981785067,0.14207650273224048,0.9464480874316941,0.22276867030965394,0.9910746812386154,0.35009107468123873,1.0,0.5182149362477232,0.9393442622950823,0.7123861566484518,0.821857923497268,0.8657559198542807,0.6140255009107466,0.9424408014571951,0.4160291438979968,0.9295081967213118,0.25591985428051034,0.8271402550091079,0.11457194899817875,0.6786885245901643,0.025500910746812485,0.516575591985428,0.0,0.36448087431694015,0.027322404371584612,0.23169398907103858,0.10200364298724934,0.1293260473588344,0.2025500910746814,0.058105646630236804,0.3198542805100181,0.01693989071038254,0.4318761384335153,0.0,0.5242258652094719,0.0023679417122040207,0.5814207650273227,0.024043715846994603,0.6222222222222225,0.046448087431694055,0.6533697632058288,0.06265938069216757,0.6801457194899817,0.0744990892531876,0.6972677595628417,0.08196721311475413
Circle,0.628927505704757,0.06635071090047391,0.628927505704757,0.06635071090047391,0.628927505704757,0.06635071090047391,0.6250658241179569,0.06635071090047391,0.6169913989819203,0.06635071090047391,0.6136563103387749,0.061611374407582915,0.6319115323854663,0.06126031244514654,0.6968579954361948,0.0628400912761102,0.8088467614533967,0.10461646480603826,0.9243461470949624,0.21520098297349485,1.0,0.3861681586800071,0.979989468141127,0.588906441987011,0.8797612778655434,0.7818149903457962,0.6975601193610673,0.8952080042127435,0.4649815692469719,0.9285588906441986,0.25100930314200437,0.8801123398279795,0.11514832367912951,0.7665437949798138,0.029840266807091582,0.6096190977707565,0.0,0.4451465683693171,0.024398806389328058,0.28207828681762304,0.11549938564156596,0.13972266104967515,0.24504124978058645,0.0502018606284009,0.38581709671757103,0.002808495699490803,0.5206248902931371,0.0,0.6324381253291209,0.021941372652273125,0.7031771107600491,0.050903984553273586,0.7446024223275409,0.0675794277690012,0.7604002106371777,0.07565385290503773,0.7663682639985958,0.07653150781112864,0.7714586624539232,0.07653150781112864
Circle,0.657878787878788,0.10545454545454547,0.6554545454545455,0.10545454545454547,0.6486363636363636,0.10545454545454547,0.641818181818182,0.10545454545454547,0.6403030303030304,0.10545454545454547,0.6403030303030304,0.10545454545454547,0.6403030303030304,0.10106060606060607,0.6478787878787879,0.10106060606060607,0.6892424242424244,0.10287878787878788,0.7743939393939395,0.11818181818181817,0.8743939393939398,0.18787878787878792,0.9590909090909093,0.3195454545454547,1.0,0.5009090909090909,0.9672727272727273,0.7013636363636366,0.7154545454545451,0.8254545454545457,0.3701515151515152,0.8851515151515152,0.1510606060606062,0.8351515151515153,0.03545454545454528,0.7103030303030303,0.0,0.5521212121212123,0.018030303030302886,0.4036363636363638,0.08909090909090914,0.2654545454545454,0.2033333333333334,0.1546969696969698,0.32545454545454555,0.06984848484848476,0.4353030303030302,0.021363636363636355,0.519090909090909,0.0,0.5803030303030308,0.0,0.6156060606060606,0.0059090909090908795,0.6389393939393943,0.008787878787878789,0.6510606060606061,0.008787878787878789,0.657878787878788,0.008787878787878789
Circle,0.7884043607532208,0.09580442682523949,0.7884043607532208,0.09580442682523949,0.7836141394119589,0.09580442682523949,0.778823918070697,0.09580442682523949,0.7751899570531878,0.09580442682523949,0.774033696729435,0.09101420548397751,0.774033696729435,0.08622398414271554,0.7819623389494547,0.08622398414271554,0.8321770730095804,0.08870168483647174,0.9027089527585065,0.11711265279154276,0.9669639907499176,0.19094813346547737,1.0,0.32639577139081605,0.9877766765774694,0.4937231582424841,0.9288074000660717,0.6671622068054176,0.7849355797819623,0.794516022464486,0.5551701354476379,0.8591014205483977,0.3054179055170135,0.8364717542120909,0.13197885695407996,0.7335645853980836,0.034852989758837154,0.5811034027089524,0.0,0.4116286752560286,0.051370994383878654,0.2573505120581431,0.1595639246778992,0.1328047571853318,0.3002973240832509,0.0525272547076312,0.45011562603237565,0.012223323422530475,0.5858936240502144,0.0,0.6838453914767094,0.007102741988767736,0.743310208126858,0.018830525272547066,0.7781631978856951,0.026924347538817298,0.7961678229269904,0.03501816980508753,0.8075652461182687,0.04311199207135777
Circle,0.7936507936507936,0.047619047619047616,0.7936507936507936,0.047619047619047616,0.7896825396825397,0.047619047619047616,0.7857142857142857,0.047619047619047616,0.7857142857142857,0.04365079365079365,0.7857142857142857,0.03968253968253968,0.7857142857142857,0.03968253968253968,0.7857142857142857,0.03968253968253968,0.7857142857142857,0.03968253968253968,0.7936507936507936,0.03968253968253968,0.8214285714285714,0.047619047619047616,0.8690476190476191,0.07142857142857142,0.9325396825396826,0.14682539682539683,0.9880952380952381,0.28174603174603174,1.0,0.46825396825396826,0.9126984126984127,0.6825396825396826,0.6825396825396826,0.8452380952380952,0.373015873015873,0.9007936507936508,0.1349206349206349,0.8174603174603174,0.015873015873015872,0.6468253968253969,0.0,0.4523809523809524,0.047619047619047616,0.27380952380952384,0.1746031746031746,0.12698412698412698,0.34523809523809523,0.03968253968253968,0.5158730158730159,0.0,0.6547619047619048,0.007936507936507936,0.7341269841269841,0.03571428571428571,0.7698412698412699,0.05555555555555555,0.7777777777777778,0.05952380952380952,0.7738095238095238,0.05952380952380952
Circle,0.7618568554182236,0.10419660822075308,0.7618568554182236,0.10419660822075308,0.7618568554182236,0.10419660822075308,0.7582638689278527,0.10419660822075308,0.7515090543259557,0.10419660822075308,0.7493532624317332,0.10419660822075308,0.7493532624317332,0.10419660822075308,0.7663121586662834,0.10419660822075308,0.8148893360160965,0.11224489795918365,0.8894797355561939,0.16685829261281965,0.959614831848232,0.29505605058924944,1.0,0.5048864616269042,0.8802816901408453,0.6935901121011783,0.47384305835010093,0.8046852543834434,0.21011784995688404,0.7769473986777807,0.05892497844208118,0.6592411612532336,0.000287438919229729,0.5106352400114976,0.0,0.36432883012359885,0.05993101465938452,0.22880137970681252,0.1678643288301236,0.12043690715722914,0.296205806266168,0.04872089680942817,0.4353262431733258,0.008048289738430634,0.5582063811440068,0.0,0.6430008623167576,0.018252371371083646,0.6925840758838745,0.0520264443805691,0.7161540672607071,0.07315320494394933,0.7249209542972117,0.08752515090543259,0.7285139407875826,0.08752515090543259,0.7285139407875826,0.08752515090543259,0.7285139407875826,0.08752515090543259
Circle,0.8271920589562339,0.04797713941946156,0.8271920589562339,0.0436155812904196,0.821777710933975,0.0436155812904196,0.8147089787938037,0.0436155812904196,0.8097458264400661,0.0436155812904196,0.8150097759061514,0.04406677695894116,0.8386223492254474,0.054293878778763655,0.879831553617085,0.07880884343510301,0.9306662656038501,0.13806587456760402,0.9751842382313128,0.24921040758008706,1.0,0.40291773198977243,0.9995488043314783,0.5903143329824032,0.914573620093247,0.777259738306512,0.737855316588961,0.9195367724469841,0.4863889306662655,0.9863137313881782,0.25281997292826003,0.9550308317040154,0.08738156113701334,0.8428335087983153,0.005865543690780661,0.6701759663107235,0.0,0.48789291622800446,0.03835163182433452,0.32170251165588815,0.13204993232064946,0.18303504286358885,0.2588359151752146,0.08151601744623244,0.4002105579786436,0.023612573319296167,0.5403820123326813,0.0,0.6668671980748985,0.007820724921040675,0.7559031433298237,0.02195818920138363,0.8083922394345013,0.03549405925703107,0.8371183636637085,0.03925402316137764,0.8446382914724018,0.03925402316137764,0.8446382914724018,0.03925402316137764
Circle,0.8660002897291034,0.0672171519629147,0.8594813849051137,0.0672171519629147,0.8533970737360569,0.0672171519629147,0.8533970737360569,0.0672171519629147,0.8533970737360569,0.0672171519629147,0.8597711140084022,0.07359119223526006,0.8864261915109373,0.096045197740113,0.9327828480370856,0.1460234680573664,0.9755178907721282,0.24134434303925828,1.0,0.37896566710126034,0.9852238157322903,0.5609155439663915,0.8971461683326087,0.753875126756483,0.6611618137041868,0.8751267564826887,0.35260031870201336,0.9065623641894831,0.15138345646820206,0.8365927857453281,0.038678835289004745,0.7138925105026802,0.0,0.5635231058959875,0.024337244676227773,0.41865855425177456,0.08952629291612327,0.27915399101839805,0.20295523685354203,0.16282775604809507,0.33985223815732285,0.07851658699116322,0.48326814428509335,0.02723453570911203,0.6201651455888747,0.003621613791105305,0.7288135593220338,0.0,0.7974793568013907,0.006229175720701129,0.8364479211936842,0.015935100680863436,0.856294364768941,0.02245400550485294,0.8655656960741707,0.025206431986093007,0.8702013617267855,0.025206431986093007,0.8702013617267855,0.025206431986093007
Circle,0.5968506924682223,0.08802883703282109,0.5991273003225193,0.08575222917852394,0.6114589261999619,0.08252703471826978,0.63650161259723,0.08252703471826978,0.6789982925441091,0.08613166382090688,0.7319294251565168,0.10092961487383795,0.7968127490039845,0.1504458357047998,0.8569531398216654,0.2500474293302978,0.8935685828116106,0.409599696452286,0.8969834945930564,0.6122177954847277,0.8495541642952,0.8114209827357237,0.7085941946499719,0.9332195029406183,0.5137545057863785,1.0,0.3156896224625307,0.9639537089736292,0.15518876873458573,0.8599886169607286,0.052931132612407665,0.7133371276797573,0.0,0.5499905141339405,0.009296148738379738,0.3870233352305065,0.06829823562891281,0.24416619237336376,0.1586036805160309,0.1309049516220833,0.2690191614494402,0.060899260102447436,0.393473724151015,0.01783342819199392,0.49857712009106414,0.0,0.5727565926769115,0.0028457598178713932,0.6169607285145132,0.01062416998671978,0.63915765509391,0.011003604629102636,0.6505406943653955,0.011003604629102636,0.6573705179282868,0.011003604629102636,0.6573705179282868,0.011003604629102636,0.6573705179282868,0.011003604629102636
Circle,0.5410977988297575,0.032320980774589024,0.5410977988297575,0.027862914460852626,0.5410977988297575,0.016160490387294512,0.5410977988297575,0.016160490387294512,0.5410977988297575,0.016160490387294512,0.5410977988297575,0.016160490387294512,0.5330175536361103,0.016160490387294512,0.5330175536361103,0.016160490387294512,0.5578155475062692,0.016160490387294512,0.6517135692393428,0.016160490387294512,0.7851769295068267,0.04513792142658126,0.9166898857620506,0.14460852605182517,0.9944274171078296,0.32265254945667304,1.0,0.5313457787684592,0.8946781833379771,0.7027027027027029,0.7066035107272219,0.8007801616049038,0.4825856784619671,0.8174979102814153,0.2415714683755919,0.7511841738645861,0.0785734187796043,0.6283087210922262,0.0,0.4745054332683199,0.009752020061298333,0.3201448871551964,0.10699359152967353,0.1916968514906661,0.246308163833937,0.09139035943159643,0.37865700752298664,0.034271384786848685,0.4700473669545833,0.0061298411813875886,0.5135135135135136,0.0,0.5168570632488158,0.0,0.5168570632488158,0.0,0.524937308442463,0.0,0.524937308442463,0.0
Circle,0.6321671525753159,0.07750242954324588,0.6321671525753159,0.07361516034985426,0.6321671525753159,0.07045675413022352,0.6321671525753159,0.07045675413022352,0.6321671525753159,0.07045675413022352,0.6321671525753159,0.07045675413022352,0.6343537414965984,0.07045675413022352,0.6635082604470363,0.07045675413022352,0.7429543245869776,0.08333333333333327,0.8549562682215746,0.12560738581146738,0.9429057337220604,0.23760932944606414,1.0,0.41083576287657947,0.9978134110787171,0.6141885325558795,0.9227405247813412,0.7896015549076776,0.7223032069970843,0.9003887269193394,0.472060252672498,0.9261418853255589,0.21258503401360535,0.8634596695821187,0.06559766763848388,0.7155004859086491,0.0,0.5296404275996116,0.02210884353741479,0.3610301263362488,0.09936831875607384,0.22303206997084546,0.22789115646258482,0.12196307094266289,0.3780369290573375,0.0524781341107871,0.5213799805636541,0.013605442176870739,0.629980563654033,0.0,0.69533527696793,0.0,0.7286200194363464,0.007045675413022353,0.7441690962099125,0.007045675413022353,0.7551020408163265,0.007045675413022353,0.7589893100097183,0.007045675413022353
Circle,0.683888388838884,0.010441044104410444,0.6804680468046804,0.010441044104410444,0.6718271827182719,0.010441044104410444,0.6631863186318634,0.010441044104410444,0.6577857785778579,0.010441044104410444,0.6577857785778579,0.010441044104410444,0.6723672367236726,0.010441044104410444,0.7292529252925296,0.010441044104410444,0.8138613861386139,0.028442844284428462,0.9222322232223223,0.10369036903690369,0.9935193519351938,0.2565256525652567,1.0,0.4739873987398743,0.9125112511251124,0.7024302430243027,0.7285328532853288,0.8626462646264629,0.4995499549954996,0.9528352835283531,0.2878487848784879,0.9441944194419444,0.1292529252925293,0.8496849684968499,0.03150315031503155,0.7008100810081009,0.0,0.5238523852385241,0.019801980198019858,0.3546354635463548,0.0847884788478848,0.2117011701170115,0.1963996399639966,0.10261026102610252,0.322592259225923,0.03402340234023398,0.43168316831683173,0.0,0.5143114311431145,0.0037803780378037875,0.5756975697569758,0.019621962196219637,0.6165616561656169,0.031503150315031515,0.6388838883888389,0.03654365436543655,0.6473447344734475,0.03654365436543655,0.6473447344734475,0.03654365436543655
Circle,0.5805739514348786,0.018061408789885623,0.5805739514348786,0.018061408789885623,0.5805739514348786,0.018061408789885623,0.5805739514348786,0.018061408789885623,0.5805739514348786,0.01766004415011038,0.5908087497491471,0.00883002207505525,0.6377684126028498,0.0,0.7120208709612683,0.0020068231988761803,0.8047361027493477,0.04274533413606261,0.8980533814970901,0.14128035320088297,0.9638771824202285,0.2952036925546859,1.0,0.48866144892634966,0.9114990969295609,0.6869355809753157,0.7011840256873372,0.8336343568131644,0.44651816174995007,0.9127031908488861,0.2522576760987358,0.9038731687738311,0.10154525386313475,0.8087497491471002,0.0094320690347182,0.6716837246638571,0.0,0.5133453742725267,0.059401966686734836,0.3503913305237808,0.16636564318683517,0.205298013245033,0.30002006823198846,0.10174593618302245,0.43688541039534423,0.04194260485651212,0.5448524984948824,0.013445715432470437,0.6100742524583584,0.012241621513144703,0.6433875175597027,0.012241621513144703,0.6588400561910495,0.012241621513144703,0.6676700782661047,0.012241621513144703,0.6678707605859923,0.012241621513144703,0.6678707605859923,0.012241621513144703
Circle,0.6523120367102012,0.005118249205788917,0.6493116837274973,0.005118249205788917,0.6411930815390045,0.005118249205788917,0.6330744793505119,0.005118249205788917,0.6249558771620193,0.005118249205788917,0.6168372749735264,0.005118249205788917,0.6191316625485351,0.002470878926932561,0.640134133427462,0.0,0.6959054006353689,0.0035298270384751178,0.76879632897988,0.03176844334627606,0.8543946346629016,0.11436639604659377,0.9442287327920933,0.2529121073067423,1.0,0.4398164489939994,0.9615248852806212,0.6558418637486763,0.8378044475820685,0.8409812919166962,0.62266148958701,0.9505824214613486,0.389339922343805,0.9929403459230499,0.19025767737380878,0.9583480409459939,0.08153900458877508,0.858453935757148,0.0250617719731732,0.7192022590893045,0.0,0.5693611013060359,0.02364984115778312,0.41669608189198737,0.09883515707730345,0.2797387927991525,0.21337804447582093,0.1775503000352981,0.3402753265090011,0.10536533709848214,0.45534768796328984,0.06336039534062832,0.5317684433462759,0.04482880338863397,0.5762442640310627,0.03671020120014118,0.6002470878926933,0.03582774444052242,0.6113660430638899,0.03582774444052242
Circle,0.5097029022840461,0.029881504379185984,0.5097029022840461,0.029881504379185984,0.5097029022840461,0.023699124162802686,0.5097029022840461,0.019921002919457323,0.5047226515541817,0.019921002919457323,0.5047226515541817,0.019921002919457323,0.5047226515541817,0.019921002919457323,0.5299673707710804,0.013223424351708774,0.5928215696376441,0.009960501459728661,0.6841834106130862,0.02661858148720587,0.7992443757513309,0.09307916881332633,0.9359436716469176,0.21449424695174302,1.0,0.3917224798213978,0.9787051348102356,0.6012364760432763,0.8543705993474154,0.7789799072642969,0.6460587326120556,0.8854542332131204,0.4097544221191831,0.9210029194573243,0.21844410097887726,0.866220161428817,0.08603812467800134,0.7465224111282847,0.004980250729864472,0.5972866220161429,0.0,0.43894899536321524,0.06319766443414054,0.2912588013051691,0.15370084149064067,0.1767130345182895,0.2713377983857118,0.08861411643482746,0.39240941095655135,0.03743774686587671,0.49321655504035694,0.009788768675940269,0.5629400652584579,0.0,0.5957410269620469,0.0,0.6111969775030053,0.0,0.6142881676111971,0.0
Circle,0.4908170914542726,0.010869565217391304,0.488005997001499,0.010869565217391304,0.4799475262368813,0.010869565217391304,0.4799475262368813,0.010869565217391304,0.47413793103448276,0.010869565217391304,0.46907796101949,0.007683658170914514,0.46907796101949,0.004872563718140956,0.4825712143928033,0.0,0.537856071964018,0.0,0.6474887556221888,0.010682158920539687,0.7711769115442277,0.06652923538230883,0.8836206896551723,0.19621439280359826,0.951836581709145,0.3813718140929531,0.9533358320839579,0.5993253373313339,0.8558845577211394,0.8062218890554721,0.6621064467766115,0.9340329835082458,0.43347076461769085,1.0,0.21233133433283335,0.9655172413793105,0.08095952023987993,0.8588830584707646,0.01724137931034473,0.7179535232383809,0.0,0.5622188905547226,0.02117691154422776,0.4055472263868069,0.08958020989505246,0.2625562218890554,0.1900299850074959,0.15348575712143941,0.29272863568215846,0.08433283358320857,0.37331334332833543,0.05003748125937034,0.41904047976011943,0.035607196401799164,0.4467766116941529,0.03260869565217391,0.4608320839580207,0.029985007496251895,0.46907796101949,0.021739130434782608
Circle,0.5278543849972421,0.026659312373598087,0.525096525096525,0.023901452472881023,0.5225225225225225,0.02132744989887847,0.5225225225225225,0.018385732671446893,0.5228902371759515,0.010296010296010363,0.534105534105534,0.002206287920573606,0.5690384261812833,0.0,0.632285346571061,0.0,0.7194337194337193,0.013605442176870734,0.8361831218974076,0.06343077771649203,0.9244346387203531,0.16583930869645153,0.9817981246552676,0.3188086045228903,1.0,0.4956793528222096,0.9240669240669244,0.6821106821106818,0.7900349328920759,0.8391248391248389,0.5999264570693142,0.9362015076300788,0.39216767788196366,0.9713182570325426,0.2118036403750692,0.917448060305203,0.09376723662437958,0.8036403750689464,0.022430593859165234,0.6617025188453759,0.0,0.5017466446037874,0.018385732671446893,0.349145063430778,0.09156094870380604,0.2243059385916528,0.185328185328185,0.13826070968928117,0.28994300422871805,0.0924802353373783,0.3901452472881043,0.06508549365692225,0.46460746460746416,0.05865048722191579,0.5109395109395107,0.05865048722191579,0.5330023901452472,0.05607648464791324,0.543849972421401,0.04798676227247656
Circle,0.5376026272577997,0.03333333333333333,0.5349753694581281,0.03333333333333333,0.532840722495895,0.03333333333333333,0.532840722495895,0.03333333333333333,0.5318555008210182,0.03333333333333333,0.5244663382594417,0.03333333333333333,0.5170771756978653,0.03333333333333333,0.5096880131362892,0.03333333333333333,0.5371100164203612,0.03333333333333333,0.607224958949097,0.03333333333333333,0.712807881773399,0.06009852216748768,0.84696223316913,0.15517241379310362,0.9356321839080461,0.34285714285714275,0.9738916256157637,0.5771756978653529,0.8630541871921181,0.8121510673234812,0.6453201970443351,0.9551724137931036,0.39802955665024625,1.0,0.21461412151067316,0.9366174055829227,0.09490968801313635,0.8110016420361249,0.026108374384236435,0.6448275862068966,0.0,0.47257799671592776,0.03612479474548436,0.3155993431855502,0.10738916256157655,0.18604269293924447,0.20262725779967178,0.09573070607553363,0.3037766830870278,0.041871921182266056,0.39244663382594447,0.012479474548440062,0.452216748768473,0.004761904761904762,0.483743842364532,0.004761904761904762,0.4921182266009852,0.002627257799671581,0.49474548440065685,0.0
Circle,0.5103930131004367,0.015196506550218342,0.5103930131004367,0.015196506550218342,0.5103930131004367,0.015196506550218342,0.5103930131004367,0.01082969432314412,0.5103930131004367,0.010131004366812229,0.5103930131004367,0.010131004366812229,0.5103930131004367,0.010131004366812229,0.5138864628820964,0.010131004366812229,0.5498689956331876,0.005240174672489124,0.629170305676856,0.0,0.7348471615720523,0.016419213973799047,0.8620087336244542,0.09082969432314411,0.9540611353711792,0.24471615720524012,1.0,0.4457641921397377,0.9170305676855893,0.6768558951965068,0.7250655021834064,0.8375545851528384,0.4564192139737993,0.914759825327511,0.24681222707423608,0.8765065502183408,0.10480349344978189,0.7694323144104808,0.01834061135371179,0.6136244541484719,0.0,0.43720524017467316,0.06637554585152822,0.2758078602620087,0.16174672489082992,0.154410480349345,0.28960698689956327,0.07772925764192144,0.41641921397379883,0.04209606986899571,0.5290829694323141,0.027772925764192123,0.5949344978165939,0.02532751091703057,0.6282969432314411,0.021484716157205232,0.6440174672489082,0.015196506550218342,0.6471615720524018,0.015196506550218342
Circle,0.5376416849940787,0.004906107257655217,0.5376416849940787,0.0018609372356623286,0.5376416849940787,0.0,0.5376416849940787,0.0,0.5376416849940787,0.0,0.5376416849940787,0.0,0.5376416849940787,0.0,0.5427169683640669,0.0,0.5807815936389781,0.0,0.6604635425477922,0.0028759939096599115,0.7895449162578241,0.03857215361190983,0.9281001522585006,0.1344950093046861,0.9999999999999997,0.31229910336660444,1.0,0.519370664862121,0.8787007274572826,0.710370495686009,0.6783962104550835,0.8232109626120789,0.43985789206564035,0.8627981728979864,0.2305870411097955,0.7966503129758077,0.10150566739976333,0.6822872610387415,0.029605819658264282,0.5393334461174081,0.0,0.38538318389443443,0.03400439857892085,0.247673828455422,0.1295889020470311,0.13804770766367785,0.24885806124175255,0.06547115547284718,0.3637286415158177,0.022162070715614966,0.44510235154796124,0.009812214515310435,0.49551683302317695,0.009812214515310435,0.5156487903907967,0.009812214515310435,0.5229233632211131,0.007951277279648106,0.5229233632211131,0.004906107257655217
Circle,0.6209553158705703,0.027927580893682587,0.6209553158705703,0.027927580893682587,0.6153697996918338,0.027927580893682587,0.6153697996918338,0.027927580893682587,0.6153697996918338,0.027927580893682587,0.6128659476117105,0.027927580893682587,0.6034283513097076,0.027927580893682587,0.5939907550077043,0.027927580893682587,0.6016949152542376,0.027927580893682587,0.6536979969183362,0.029083204930662503,0.7486517719568567,0.053543913713405264,0.8692218798151002,0.1375192604006165,0.9541602465331283,0.29487673343605536,1.0,0.5146379044684127,0.8863636363636366,0.723035439137134,0.692026194144838,0.8495762711864407,0.4714946070878273,0.8988828967642527,0.27195685670261965,0.859784283513097,0.1375192604006165,0.7552003081664098,0.047765793528505456,0.6224961479198765,0.0,0.4765023112480737,0.014445300462249724,0.33378274268104746,0.08416795069337482,0.20165639445300443,0.19279661016949218,0.10747303543913696,0.3233821263482282,0.05161787365177202,0.45281201848998465,0.019645608628659498,0.5452619414483822,0.005970724191063182,0.5922573189522342,0.005585516178736517,0.6059322033898304,0.0038520801232665666,0.6097842835130972,0.0
Circle,0.5094527363184079,0.06925373134328358,0.4999004975124379,0.06925373134328358,0.4921393034825871,0.06925373134328358,0.4921393034825871,0.06925373134328358,0.4921393034825871,0.06925373134328358,0.4921393034825871,0.06925373134328358,0.4921393034825871,0.06925373134328358,0.4921393034825871,0.06348258706467662,0.4921393034825871,0.05771144278606965,0.4973134328358211,0.05253731343283587,0.5343283582089553,0.051940298507462686,0.6230845771144278,0.055522388059701486,0.7621890547263682,0.09910447761194036,0.9088557213930347,0.2063681592039801,0.9952238805970148,0.3844776119402985,1.0,0.5850746268656716,0.8636815920398009,0.7659701492537313,0.625671641791045,0.8893532338308457,0.3719402985074629,0.9291542288557214,0.17373134328358222,0.855124378109453,0.04935323383084551,0.7112437810945271,0.0,0.540099502487562,0.021691542288557224,0.3609950248756218,0.09791044776119398,0.20875621890547252,0.20179104477611967,0.10248756218905465,0.3221890547263683,0.035223880597014895,0.4304477611940296,0.0055721393034825414,0.5044776119402987,0.0,0.5422885572139303,0.0,0.5556218905472637,0.0
Circle,0.5980352026197301,0.0,0.592099877200164,0.0,0.5914858780188297,0.0,0.5861645517805979,0.0,0.5861645517805979,0.0,0.5861645517805979,0.0,0.5861645517805979,0.0,0.5861645517805979,0.0,0.5861645517805979,0.0,0.5976258698321737,0.0,0.6492018010642656,0.0,0.7271796970937375,0.01985264019647979,0.8469095374539503,0.08800654932460086,0.9564060581252564,0.2222677036430619,1.0,0.4064674580433896,0.9463774048301276,0.5949652067130577,0.8063855914858784,0.7503069995906674,0.5884158821121572,0.8407695456406061,0.3415882112157189,0.8665575112566519,0.1633237822349571,0.8082275890298815,0.05055259926320069,0.6972984036021288,0.0,0.5591485878018834,0.009414654113794635,0.4209987720016372,0.07695456406058157,0.2910356119525175,0.17601309864920173,0.19627507163323799,0.28653295128939843,0.13200982398690123,0.3790421612771186,0.09680720425706102,0.44596807204257094,0.08370855505525993,0.4873106835857555,0.08309455587392553,0.5090053213262384,0.08309455587392553
Circle,0.589543937708565,0.04516129032258064,0.589543937708565,0.04516129032258064,0.5850945494994437,0.04516129032258064,0.5764182424916572,0.04516129032258064,0.5701890989988875,0.04271412680756395,0.5701890989988875,0.03870967741935484,0.5706340378197997,0.038264738598442705,0.5899888765294771,0.03225806451612903,0.6480533926585094,0.03225806451612903,0.7394883203559509,0.040711902113459396,0.8436040044493879,0.08409343715239159,0.9272525027808672,0.18776418242491663,0.9802002224694104,0.3412680756395994,0.9837597330367074,0.5328142380422691,0.8943270300333706,0.7410456062291435,0.7176863181312566,0.8843159065628478,0.5061179087875416,0.9750834260289211,0.3058954393770855,1.0,0.154171301446051,0.9283648498331478,0.06073414905450488,0.7875417130144604,0.0,0.6313681868743046,0.002224694104560395,0.46874304783092313,0.05205784204671868,0.3201334816462734,0.13948832035595124,0.193325917686318,0.2531701890989985,0.10367074527252512,0.37463848720800863,0.050945494994438296,0.483648498331479,0.020022246941045575,0.5563959955506114,0.004449388209121249,0.5999999999999996,0.0,0.6282536151279198,0.0
Circle,0.6146450889280565,0.004646691235378946,0.6146450889280565,0.004646691235378946,0.6146450889280565,0.0,0.6146450889280565,0.0,0.6099983976926775,0.0,0.6056721679218072,0.0,0.5983015542381029,0.0,0.6082358596378785,0.0,0.6652780003204614,0.0032046146450889304,0.7585322864925493,0.028841531805800374,0.88719756449287,0.10783528280724253,0.9705175452651821,0.2590930940554401,1.0,0.4407947444319822,0.9391123217433105,0.6221759333440153,0.7511616728088447,0.7596539016183305,0.5005608075628903,0.8370453452972282,0.2796026277840089,0.8287133472199967,0.13411312289697178,0.7546867489184427,0.05047268066015074,0.6322704694760454,0.004646691235378946,0.4883832719115524,0.0,0.34033007530844406,0.037493991347540535,0.21535010414997607,0.1163275116167284,0.1172888960102545,0.21855471879506522,0.0562409870213106,0.3161352347380228,0.027559685947764777,0.39416760134593826,0.02323345617689473,0.4540938952091011,0.02323345617689473,0.490626502163115,0.02323345617689473,0.5116167280884473,0.02323345617689473,0.5217112642204775,0.02323345617689473
Circle,0.6772411334877919,0.025842095883086794,0.6772411334877919,0.025842095883086794,0.6726073783639281,0.025842095883086794,0.6702905008019964,0.025842095883086794,0.6628052040634468,0.025842095883086794,0.6617358759579398,0.020673676706469437,0.6688647299946533,0.020673676706469437,0.7087863126002497,0.020673676706469437,0.7716984494742468,0.029762965603279283,0.8499376225271787,0.0687934414542863,0.9347709855640705,0.1461415077526288,0.9951880235252184,0.2675102477276778,1.0,0.42951345571199445,0.8845125646052399,0.609160577437177,0.7134200677241134,0.747282124398503,0.4888611655676348,0.829620388522545,0.29852076278738193,0.8371056852610943,0.1595081090714669,0.7761539832471931,0.05899126715380507,0.6706469435038316,0.0049901978256994784,0.5305649616824094,0.0,0.3858492247371236,0.05774371769738035,0.25004455533772935,0.14150775262876508,0.14364640883977892,0.24808412047763323,0.07146676171805384,0.36784886829442187,0.026911423988593784,0.4803065407235786,0.004099091071110369,0.5783282837283905,0.0,0.6442701835679916,0.005703083229370853,0.6834788807699163,0.010336838353234718,0.7030832293708786,0.010336838353234718
Circle,0.4671052631578948,0.01362781954887218,0.4671052631578948,0.01362781954887218,0.4671052631578948,0.01362781954887218,0.4671052631578948,0.01362781954887218,0.4671052631578948,0.01362781954887218,0.467575187969925,0.01362781954887218,0.4837875939849624,0.01362781954887218,0.5310150375939848,0.01362781954887218,0.6019736842105264,0.02890037593984961,0.7034774436090229,0.08223684210526316,0.8230733082706767,0.1912593984962406,0.9022556390977442,0.3507988721804511,0.9565319548872182,0.5404135338345863,0.954887218045113,0.7398966165413535,0.8519736842105263,0.900140977443609,0.6910244360902262,0.9868421052631579,0.4941259398496241,1.0,0.299812030075188,0.9513627819548872,0.15178571428571472,0.8331766917293233,0.04041353383458675,0.6769266917293236,0.0,0.5150375939849625,0.004229323308270864,0.36560150375939837,0.05780075187969922,0.23002819548872191,0.14802631578947326,0.12500000000000014,0.2570488721804511,0.05733082706766923,0.3703007518796994,0.02020676691729318,0.4607612781954889,0.0016447368421052498,0.5195018796992481,0.0,0.5540413533834587,0.0,0.5761278195488723,0.0
Circle,0.5037220843672455,0.0,0.4968505439969459,0.0,0.4926512693262072,0.0,0.4926512693262072,0.0,0.5086848635235733,0.0,0.5460965833174267,0.0,0.6060316854361518,0.0,0.6938347012788697,0.011452567283832798,0.8175224279442639,0.04752815422790611,0.9118152319144873,0.12693262072914674,0.9736590952471843,0.2574918877648406,1.0,0.4300439015079212,0.9721320862760068,0.6205382706623401,0.8035884710822674,0.7524336705478142,0.5588852834510398,0.8360374117197937,0.32525291086085156,0.8566520328306927,0.15518228669593434,0.7904180187058596,0.04962779156327538,0.6694025577400263,0.0,0.530062989120061,0.02595915251002123,0.38576064134376775,0.10841763695361718,0.2506203473945409,0.2235159381561368,0.14525672838327913,0.35922886046955504,0.0765413246802825,0.48368009162053804,0.034548577972895574,0.5873258255392251,0.013361328497804891,0.6600496277915632,0.005535407520519182,0.7050963924413053,0.005535407520519182,0.7337278106508875,0.005535407520519182,0.7459438824203091,0.005535407520519182,0.7472800152700896,0.005535407520519182
Circle,0.593170393482406,0.0653492806378922,0.593170393482406,0.06396255850234014,0.593170393482406,0.05754896862541163,0.6056508927023748,0.05529554515513954,0.6436124111631133,0.05529554515513954,0.7115617958051657,0.05720228809152367,0.798405269544115,0.0734962731842607,0.8946091176980413,0.11787138152192757,0.9623851620731496,0.20679493846420532,1.0,0.3472005546888543,0.9875195007800313,0.5151672733576013,0.9008493673080257,0.6767204021494193,0.7455364881261916,0.7828046455191542,0.5600624024960995,0.8273530941237651,0.3633211995146473,0.7990986306118911,0.19292771710868423,0.72213555208875,0.08146992546368488,0.6089443577743109,0.01248049921996878,0.4836193447737909,0.0,0.35534754723522244,0.04853527474432329,0.24198301265383937,0.1268850754030164,0.14716588663546518,0.2246489859594386,0.07973652279424502,0.3272664239902931,0.03848153926157043,0.42988386202114787,0.01161379788524867,0.5200208008320333,0.001906742936384127,0.5834633385335415,0.0,0.6209048361934478,0.005893569076096432,0.6378921823539611,0.012307158953024802,0.6470792165019932,0.01872074882995317,0.6534928063789218,0.02010747096550529
Circle,0.7101585806249018,0.0,0.7121997173810644,0.0,0.7269587062333175,0.0,0.7636991678442454,0.0,0.8236771863714867,0.007222483906421754,0.8896216046475112,0.03501334589417491,0.9524258125294393,0.09059506986968129,0.9949756633694457,0.17522373999057933,1.0,0.30460040822735124,0.9497566336944575,0.46851939079918353,0.8310566807976133,0.6223897001099072,0.6073166902182446,0.7198932328466006,0.3663055424713455,0.7175380750510283,0.17506672947087473,0.6355785837651121,0.06013502904694635,0.5154655361909248,0.004082273512325218,0.3769822578112732,0.0,0.25153085256712193,0.053697597739048294,0.15167216203485637,0.14601978332548285,0.07976134401004861,0.25388601036269426,0.04066572460354843,0.3571989323284659,0.027476840948343507,0.435704192180876,0.03752551420945202,0.4872036426440571,0.057308839692259396,0.518605746585021,0.07112576542628354,0.5349348406343224,0.08086041764798241,0.5471816611712983,0.08651279635735593,0.553776102998901,0.08651279635735593,0.555346208195949,0.08651279635735593,0.555346208195949,0.08651279635735593,0.555346208195949,0.08651279635735593
Circle,0.607800255148533,0.04228175687989794,0.6025150355385457,0.04228175687989794,0.5981410606889013,0.04228175687989794,0.5919445963185712,0.04228175687989794,0.588481866229269,0.04228175687989794,0.5810096591944596,0.04228175687989794,0.5760889374886095,0.04228175687989794,0.5997813012575178,0.04228175687989794,0.6828868234007655,0.0455622380171314,0.8323309640969565,0.07581556406050662,0.9427738290504829,0.17240750865682508,1.0,0.3231273920174958,0.9737561509021323,0.49772188809914336,0.8305084745762714,0.6743211226535449,0.6026972844906142,0.798614907964279,0.35192272644432365,0.8614907964279206,0.15308911973756148,0.8319664661928193,0.030617823947512356,0.7310005467468563,0.0,0.5791871696737745,0.027337342810278747,0.42227082194277415,0.10351740477492236,0.2750136686714052,0.2115910333515583,0.15144887916894476,0.3369783123747039,0.07016584654638239,0.4585383634044102,0.02606160014579923,0.5607800255148532,0.006014215418261361,0.6311281210133044,0.0,0.675414616365956,0.0,0.6994714780390011,0.0,0.7113176599234555,0.0,0.7187898669582651,0.0
Circle,0.7617234468937876,0.005811623246492985,0.753306613226453,0.005811623246492985,0.7448897795591184,0.005811623246492985,0.7384769539078156,0.0038076152304609614,0.7384769539078156,0.0,0.7384769539078156,0.0,0.7464929859719438,0.0,0.792184368737475,0.0008016032064128427,0.8713426853707413,0.019438877755511064,0.9430861723446896,0.08416833667334683,0.9879759519038075,0.2160320641282564,1.0,0.39759519038076135,0.9444889779559118,0.6094188376753508,0.7953907815631264,0.7897795591182364,0.5599198396793591,0.8871743486973945,0.3326653306613226,0.9040080160320642,0.1607214428857714,0.8256513026052105,0.05731462925851718,0.6717434869739479,0.0,0.5034068136272543,0.009619238476954112,0.3410821643286572,0.06853707414829664,0.20080160320641288,0.16533066132264554,0.10621242484969934,0.2847695390781563,0.04549098196392779,0.40741482965931874,0.0156312625250501,0.5036072144288579,0.01162324649298597,0.5643286573146293,0.018637274549098137,0.6026052104208419,0.02324649298597194,0.6234468937875755,0.02324649298597194,0.6370741482965933,0.02324649298597194,0.6454909819639278,0.017434869739478956
Circle,0.6637931034482759,0.03977272727272727,0.6581112852664578,0.03977272727272727,0.6579153605015674,0.03409090909090909,0.6524294670846396,0.03409090909090909,0.6520376175548589,0.03409090909090909,0.6467476489028214,0.03409090909090909,0.6467476489028214,0.03409090909090909,0.6467476489028214,0.03409090909090909,0.674960815047022,0.03409090909090909,0.7613636363636364,0.048981191222570525,0.884796238244514,0.12931034482758622,0.963949843260188,0.29075235109717873,1.0,0.49294670846394956,0.9326018808777434,0.6829937304075231,0.7533307210031353,0.8360109717868337,0.499020376175549,0.9308385579937302,0.27703761755485895,0.9410266457680252,0.11892633228840149,0.8663793103448275,0.028213166144200906,0.7129702194357367,0.0,0.5319357366771161,0.031739811912225815,0.36050156739811906,0.12029780564263313,0.2114028213166147,0.25156739811912227,0.09776645768025073,0.4032131661442003,0.02684169278996878,0.5319357366771158,0.003330721003134827,0.6420454545454546,0.0,0.7157131661442006,0.005681818181818182,0.7650862068965516,0.005681818181818182,0.7942789968652039,0.005681818181818182,0.8058385579937305,0.005681818181818182
Circle,0.7356263699207553,0.13690777271960883,0.7356263699207553,0.13201820940819423,0.7315798347664814,0.13201820940819423,0.7246670038779297,0.13201820940819423,0.7177541729893776,0.13201820940819423,0.7160681166750968,0.13201820940819423,0.7207890743550833,0.13201820940819423,0.7477659753835777,0.13201820940819423,0.8061035238576967,0.13657056145675264,0.8892261001517449,0.1750126454223571,0.9554881133029842,0.2733097285449333,0.9984825493171469,0.4319676277187658,1.0,0.6353060192210419,0.8536503119204176,0.7961557916034396,0.5044680492328446,0.8973191704602934,0.26049570055639887,0.8875400438374642,0.11195413926825144,0.7833417636149048,0.030517619288484225,0.6315966953296239,0.0,0.467880627212949,0.0015174506828525963,0.3173157983476651,0.046366548642724645,0.19490810993087182,0.13252402630247861,0.10133198448828187,0.24599561625358266,0.04097116843702587,0.36789748777609144,0.007081436519979848,0.46720620468723634,0.0,0.5388635980441746,0.008261675939976397,0.5867475973697521,0.018378013825661788,0.6208059349182262,0.025290844714213438,0.6415444275838812,0.02933737986848761,0.6573933569381216,0.02933737986848761
Circle,0.695441887732669,0.16151253114465777,0.6911915579657043,0.1572622013776931,0.6911915579657043,0.1572622013776931,0.6911915579657043,0.1572622013776931,0.6878206067712153,0.1572622013776931,0.6816649567638869,0.1530118716107284,0.6843030924813132,0.1530118716107284,0.7206507401436318,0.15359812399237874,0.8118129854902535,0.17221163710977577,0.9053202403634767,0.24109629195368615,0.964824857100982,0.38883189212956176,1.0,0.6012018173823831,0.6785871317602227,0.7515755532756853,0.40597977429283305,0.8025795104792612,0.22643998241242883,0.744393961600469,0.10640480726952957,0.6428257364795543,0.030778250036640763,0.5159020958522643,0.0,0.3892715814157996,0.03048512384581579,0.2712882896086764,0.08852410962919544,0.17103913234647514,0.17470320973178963,0.0869119155796571,0.27128828960867685,0.03620108456690601,0.3526308075626559,0.00659533929356587,0.4071522790561337,0.0,0.4470174410083543,0.003224388099076661,0.47794225414040764,0.009380038106404765,0.4997801553568812,0.01553568811373299,0.5135570863256632,0.021251648834823392,0.5258683863403197,0.021251648834823392,0.5339293565880112,0.021251648834823392
Circle,0.5618565400843882,0.09181434599156119,0.5542616033755274,0.09181434599156119,0.5466666666666665,0.09181434599156119,0.5390717299578057,0.09181434599156119,0.5373839662447257,0.09181434599156119,0.5410970464135021,0.09181434599156119,0.5789029535864979,0.09333333333333334,0.6481012658227849,0.10936708860759489,0.7329957805907172,0.18582278481012654,0.8052320675105485,0.32337552742616027,0.8460759493670886,0.5100421940928269,0.86126582278481,0.7169620253164559,0.7367088607594939,0.8855696202531644,0.5407594936708863,0.9827848101265823,0.3579746835443037,1.0,0.2025316455696204,0.9316455696202532,0.09721518987341785,0.7939240506329113,0.031898734177215206,0.6383122362869197,0.0,0.47122362869198314,0.015696202531645522,0.3137552742616034,0.06919831223628707,0.17755274261603377,0.14801687763713078,0.08270042194092836,0.23088607594936728,0.025485232067510497,0.3000843881856541,0.0018565400843881903,0.35358649789029534,0.0,0.39915611814346025,0.007594936708860782,0.42987341772151905,0.01350210970464136,0.4482700421940929,0.01350210970464136,0.4612658227848101,0.01350210970464136,0.4688607594936709,0.01350210970464136
Circle,0.48036846874056177,0.01751736635457566,0.48036846874056177,0.013138024765931745,0.4845967985502869,0.008909694956206558,0.4993959528843251,0.00241618846270008,0.5270311084264574,0.0,0.5835095137420719,0.0,0.6627906976744188,0.011778918755662946,0.7686499546964667,0.06372697070371496,0.8855330715795833,0.1643008154636062,0.9669284204167927,0.32558139534883734,1.0,0.5276351555421324,0.9406523708849293,0.7275747508305648,0.7929628511023856,0.8526125037752947,0.5770160072485649,0.9232860163092721,0.3532165508909692,0.9161884627000907,0.18544246451223184,0.8403805496828753,0.08441558441558446,0.726819691935971,0.023859861069163348,0.6037450921171851,0.0,0.47991543340380555,0.03246753246753239,0.3704318936877077,0.10601026880096645,0.2909996979764422,0.1997885835095139,0.24222289338568406,0.2825430383569917,0.21790999697976446,0.33811537299909394,0.21458773784355184,0.36544850498338893,0.2171549380851707,0.3846270009060708,0.21896707943219573,0.3951978254303836,0.21896707943219573,0.4062216852914528,0.21896707943219573,0.41920869827846574,0.21896707943219573,0.43219571126547873,0.21896707943219573
Circle,0.7609890109890111,0.014485514485514484,0.7504995004995006,0.003996003996003978,0.7465034965034966,0.0,0.7465034965034966,0.0,0.7465034965034966,0.0,0.758991008991009,0.001748251748251734,0.7954545454545455,0.01223776223776224,0.853896103896104,0.03296703296703284,0.9210789210789213,0.08766233766233762,0.9790209790209787,0.17657342657342676,1.0,0.30244755244755245,0.9662837162837165,0.46278721278721274,0.8728771228771228,0.6123876123876124,0.7290209790209792,0.7202797202797201,0.5399600399600399,0.7789710289710288,0.3354145854145851,0.7684815184815184,0.1738261738261738,0.6973026973026972,0.0659340659340661,0.5834165834165834,0.0,0.44980019980019953,0.008241758241758467,0.3171828171828172,0.07817182817182823,0.19830169830169828,0.18556443556443575,0.1123876123876123,0.30719280719280745,0.05569430569430559,0.4403096903096903,0.026723276723276724,0.5497002997002999,0.021728271728271725,0.6236263736263737,0.030469530469530395,0.6665834165834166,0.040959040959041,0.6893106893106895,0.05144855144855151,0.6998001998001999,0.05794205794205794,0.7030469530469531,0.05794205794205794
Circle,0.498721821984662,0.12131071345572858,0.49523588194283064,0.11457122937485477,0.48501045782012553,0.11457122937485477,0.4747850336974204,0.11457122937485477,0.4578201254938415,0.11457122937485477,0.4475947013711364,0.11457122937485477,0.44689751336276995,0.11457122937485477,0.4984894259818731,0.11457122937485477,0.6070183592842205,0.11643039739716483,0.7648152451777831,0.1412967696955613,0.8933302347199631,0.1991633743899606,0.9714152916569835,0.30513595166163154,1.0,0.44689751336276995,0.9449221473390662,0.6105042993260514,0.7915407854984898,0.7273994887287939,0.5563560306762729,0.7836393214036719,0.3114106437369281,0.7534278410411342,0.1287473855449688,0.6502440158029282,0.023239600278875127,0.5145247501742972,0.0,0.3667208924006508,0.04554961654659542,0.23495235881942833,0.13316290959795457,0.12967696955612384,0.24378340692540118,0.061352544736230516,0.35022077620264935,0.022310016267720292,0.4373692772484313,0.003950732047408822,0.5026725540320709,0.0,0.5414826864977921,0.0,0.5656518707878229,0.0,0.5728561468742739,0.0,0.5728561468742739,0.0
Circle,0.7585481325618093,0.007627564439768542,0.7464492372435556,0.007627564439768542,0.7356654392425037,0.007627564439768542,0.7356654392425037,0.0018411362440820468,0.7356654392425037,0.0,0.7356654392425037,0.0,0.7551288795370856,0.0,0.8090478695423461,0.009205681220410234,0.8816412414518674,0.0439242503945292,0.952130457653866,0.11809573908469222,0.9994739610731193,0.24671225670699642,1.0,0.42083114150447154,0.9155707522356653,0.6133613887427669,0.7514466070489215,0.7396107311941081,0.5362966859547602,0.811678064176749,0.3064176749079426,0.8056286165176222,0.13177275118358717,0.7214623882167278,0.02814308258811141,0.6052077853761179,0.0,0.46817464492372407,0.04234613361388751,0.33377169910573357,0.14466070489216193,0.23040504997369793,0.2635455023671748,0.15833771699105734,0.377695949500263,0.12361914781693836,0.46791162546028414,0.11441346659652812,0.5236717517096262,0.12256706996317726,0.5549710678590211,0.13466596528143074,0.5697001578116778,0.1449237243556023,0.5754865860073644,0.1449237243556023,0.5754865860073644,0.1449237243556023,0.5754865860073644,0.1449237243556023
Circle,0.5913242009132419,0.06621004566210047,0.5913242009132419,0.06621004566210047,0.5913242009132419,0.06621004566210047,0.5913242009132419,0.06621004566210047,0.5877727042110603,0.06621004566210047,0.5766108574327751,0.06621004566210047,0.5766108574327751,0.06621004566210047,0.5842212075088786,0.06621004566210047,0.641298833079655,0.06621004566210047,0.7521562658548957,0.09081684424150173,0.8772196854388632,0.17123287671232862,0.9662607813292743,0.3267376966007104,1.0,0.5301877219685438,0.9457128361237952,0.7343987823439878,0.7772704211060371,0.8571790969051244,0.5553018772196855,0.9195839675291732,0.3356164383561642,0.8921867072552006,0.16007102993404368,0.7792998477929989,0.04794520547945209,0.6382546930492141,0.0,0.4774226281075599,0.01801116184677778,0.3209030948756983,0.09360730593607261,0.18163368848300346,0.21765601217655986,0.0839675291730087,0.34677828513444897,0.023338406900050818,0.4594114662607813,0.0007610350076103141,0.5294266869609335,0.0,0.572298325722983,0.008371385083713769,0.602486047691527,0.014713343480466769,0.6161846778285132,0.014713343480466769,0.6281075596144088,0.014713343480466769
Circle,0.6362121632879754,0.016106637045265198,0.6362121632879754,0.016106637045265198,0.6281588447653428,0.016106637045265198,0.6281588447653428,0.011663426825881715,0.6281588447653428,0.0,0.6423215773396277,0.0,0.6895306859205772,0.0008331019161343674,0.7678422660372114,0.0230491530130519,0.8625381838378223,0.08941960566509297,0.9497361843932237,0.20299916689808373,1.0,0.34962510413773923,0.9788947514579281,0.5262427103582338,0.8916967509025272,0.7061927242432654,0.7397945015273535,0.8417106359344622,0.53873923910025,0.911968897528464,0.3432379894473758,0.8936406553735072,0.16078866981394047,0.8153290752568728,0.04554290474868073,0.6803665648430989,0.0,0.5337406276034433,0.0,0.3937795056928628,0.040821993890586064,0.2649264093307414,0.128019994445987,0.16189947236878657,0.25104137739516824,0.08941960566509297,0.38544848653151864,0.04276589836156633,0.501805054151624,0.020827547903360215,0.5845598444876423,0.016106637045265198,0.6273257428492082,0.016106637045265198,0.6517633990558175,0.016106637045265198,0.6603721188558732,0.016106637045265198,0.6603721188558732,0.016106637045265198
Circle,0.6502115655853314,0.0,0.6502115655853314,0.0,0.6502115655853314,0.0,0.6502115655853314,0.0,0.6502115655853314,0.0,0.6502115655853314,0.0,0.6519040902679835,0.0,0.6868829337094499,0.0,0.7492242595204515,0.020874471086036767,0.8538787023977431,0.09196050775740477,0.943582510578279,0.22425952045133998,1.0,0.41495063469675597,0.9836389280677015,0.6440056417489417,0.8854724964739074,0.8377997179125525,0.6964739069111427,0.9526093088857545,0.46685472496473923,0.9960507757404796,0.26093088857545865,0.9495063469675601,0.12552891396332835,0.8366713681241186,0.0485190409026797,0.6868829337094499,0.0,0.5255289139633286,0.012411847672778593,0.3779971791255288,0.07080394922425888,0.24851904090268007,0.16784203102961923,0.15317348377997175,0.2744710860366715,0.09337094499294789,0.37940761636107173,0.05867418899858965,0.4586741889985897,0.04146685472496487,0.505782792665726,0.04090267983074753,0.535119887165021,0.04090267983074753,0.5478138222849083,0.04090267983074753,0.5602256699576869,0.04090267983074753
Circle,0.6808794137241838,0.11592271818787475,0.6808794137241838,0.11592271818787475,0.6728847435043304,0.11592271818787475,0.662447257383966,0.11592271818787475,0.6551188096824339,0.11592271818787475,0.6571174772373973,0.11592271818787475,0.7024206084832335,0.11592271818787475,0.7890295358649789,0.1312458361092605,0.9100599600266489,0.21030424161669983,0.9868976238063513,0.3770819453697532,1.0,0.5727292915833886,0.8949589162780368,0.7603819675771708,0.6666666666666671,0.8796357983566512,0.40151010437486134,0.9127248500999333,0.2016433488785255,0.85320897179658,0.06395736175882771,0.729957805907173,0.0,0.56739951143682,0.012436153675327457,0.4039529202753723,0.07794803464357074,0.2571618920719523,0.17677104152787024,0.1421274705751722,0.29424827892516053,0.06395736175882771,0.41261381301354627,0.018876304685765035,0.5043304463690873,0.00222074172773702,0.5591827670441929,0.0,0.5951587830335334,0.005773928492116398,0.6133688652009771,0.009771263602043107,0.6238063513213414,0.012880302020874972,0.6342438374417051,0.017765933821896524,0.6357983566511214,0.021763268931823235,0.6422385076615589,0.025760604041749943
Circle,0.43356449375866873,0.05631067961165048,0.43356449375866873,0.04826629680998613,0.43356449375866873,0.04826629680998613,0.43356449375866873,0.04826629680998613,0.43356449375866873,0.04216366158113729,0.43356449375866873,0.032177531206657416,0.4632454923717061,0.032177531206657416,0.5511789181692094,0.032177531206657416,0.6926490984743418,0.07295423023578375,0.8443828016643553,0.15977808599167817,0.9586685159500695,0.2965325936199722,1.0,0.47628294036061036,0.942302357836339,0.6768377253814144,0.7830790568654648,0.8496532593619969,0.5930651872399444,0.9486823855755893,0.418862690707351,0.9461858529819691,0.2454923717059644,0.8576976421636613,0.10762829403606125,0.7023578363384186,0.02607489597780858,0.5278779472954227,0.0,0.35201109570041583,0.032732316227461984,0.20166435506241295,0.11872399445215025,0.08932038834951452,0.2368932038834955,0.0280166435506241,0.359223300970874,0.0011095700416089002,0.45214979195561755,0.0,0.5117891816920945,0.0,0.5450762829403606,0.0,0.5592233009708742,0.0,0.5703190013869628,0.0,0.5783633841886271,0.0
Circle,0.7283520982599796,0.01187308085977482,0.7283520982599796,0.01187308085977482,0.7252814738996929,0.01187308085977482,0.7164790174002047,0.010235414534288603,0.7164790174002047,0.0,0.7164790174002047,0.0,0.7414534288638689,0.0032753326509723495,0.7946775844421698,0.025179119754350037,0.8804503582395089,0.08720573183213912,0.9596724667349027,0.2014329580348003,1.0,0.3654042988741041,0.9752302968270216,0.5592630501535311,0.8734902763561927,0.7244626407369497,0.6861821903787102,0.813510747185261,0.4536335721596728,0.8429887410440122,0.2425793244626407,0.811668372569089,0.0917093142272263,0.7263050153531216,0.008393039918116735,0.5903787103377689,0.0,0.4343909928352098,0.053428863868986855,0.282702149437052,0.1529170931422721,0.15598771750255905,0.2837256908904813,0.0681678607983623,0.40941658137154563,0.023336745138178086,0.5121801432958036,0.01187308085977482,0.5789150460593652,0.020266120777891385,0.6149437052200616,0.03541453428863864,0.636028659160696,0.041555783009211866,0.6481064483111566,0.041555783009211866,0.6571136131013307,0.041555783009211866,0.663050153531218,0.041555783009211866
Circle,0.6618509212730317,0.04857621440536012,0.6618509212730317,0.04857621440536012,0.6618509212730317,0.045016750418760514,0.6618509212730317,0.04250418760469011,0.6618509212730317,0.04250418760469011,0.6618509212730317,0.04250418760469011,0.6817420435510886,0.04250418760469011,0.7365996649916243,0.04920435510887785,0.818257956448911,0.09359296482412045,0.8967755443886094,0.19995812395309867,0.9399078726968172,0.3636934673366832,0.9384422110552763,0.5720268006700169,0.864112227805695,0.7973199329983248,0.7045644891122277,0.9459798994974873,0.49685929648241134,1.0,0.28454773869346706,0.9455611390284754,0.1379815745393634,0.8362646566164151,0.04313232830820784,0.6756700167504186,0.0,0.501465661641541,0.020728643216080624,0.32809882747068636,0.10175879396984888,0.18613902847571207,0.2116834170854269,0.08752093802345062,0.3423366834170855,0.03161641541038519,0.46252093802345035,0.004606365159128989,0.5536013400335006,0.0,0.6030150753768844,0.0,0.6268844221105526,0.0,0.6400753768844218,0.0,0.6436348408710216,0.0,0.6436348408710216,0.0
Circle,0.6360352223978327,0.0,0.6360352223978327,0.0,0.6360352223978327,0.0,0.6360352223978327,0.0,0.6441634680514791,0.0,0.6861594039286522,0.010160307067058104,0.7633777376382932,0.04402799729058474,0.8604651162790701,0.11966583878979457,0.946714834048318,0.23662226236170678,1.0,0.38925265296906747,0.9875818469180407,0.5518175660419959,0.8828177918265979,0.7116730638970423,0.6981259878076317,0.8299841950778958,0.4865658162113349,0.8974937909234592,0.2774892752314294,0.8968164371189885,0.12576202303002967,0.8155339805825244,0.04086701286972265,0.7019643260329645,0.0,0.5635583653194851,0.00474147663129408,0.4118311131180854,0.06367125762023064,0.2725220139986455,0.15895235944908598,0.15827500564461494,0.2781666290359001,0.08150824113795432,0.3946714834048322,0.040415443666742,0.49469406186498127,0.03273876721607587,0.5549785504628588,0.037480243847369574,0.5911040867012874,0.04831790471889818,0.6166177466696774,0.05892978098893656,0.6274554075412059,0.05892978098893656,0.6294874689546175,0.05892978098893656,0.6294874689546175,0.05892978098893656
Circle,0.6035134114091424,0.0,0.5999244427653948,0.0,0.5980355119002644,0.0,0.5980355119002644,0.0,0.5946354363430296,0.0,0.5870797128825084,0.0,0.5870797128825084,0.0,0.6227805062334718,0.0,0.7015489233094067,0.003966754816773673,0.8152625613902529,0.050812240272006065,0.9380430676237249,0.1573479410653571,1.0,0.31412920287117496,0.9444654325651677,0.5045334340763127,0.8043067623724972,0.675103891197582,0.5944465432565166,0.7725727238383074,0.3587079712882506,0.7952398942198713,0.18058179070646022,0.7431054023422743,0.05987910842463171,0.6350585568568188,0.0,0.4903664525878352,0.0132225160559124,0.3386853041178693,0.08443520967132637,0.20136003022289364,0.19739327540612028,0.10086890819795982,0.3284850774461655,0.03796751038911966,0.4488099735549679,0.005100113335851821,0.5366452587835285,0.0,0.589913109180204,0.0,0.6148469965999241,0.0,0.6292028711749148,0.0,0.6363808084624102,0.0,0.6363808084624102,0.0
Circle,0.7196261682242991,0.05672679852206042,0.7157139752227776,0.05672679852206042,0.7054988046076944,0.05672679852206042,0.7007172353836123,0.05672679852206042,0.7007172353836123,0.05672679852206042,0.7007172353836123,0.05672679852206042,0.7007172353836123,0.05672679852206042,0.7241903933927407,0.05672679852206042,0.7874375135840035,0.06889806563790488,0.8826342099543576,0.12040860682460332,0.9593566615953054,0.2262551619213213,1.0,0.39013257987394045,0.9645729189306674,0.5803086285590088,0.837861334492502,0.7287546185611822,0.636600738969789,0.8119973918713324,0.38861117148445995,0.8324277331014998,0.1858291675722674,0.7841773527494024,0.06433384046946328,0.6733318843729624,0.0,0.5246685503151493,0.009780482503803773,0.366224733753532,0.07498369919582666,0.22712453814388217,0.1801782221256248,0.11801782221256245,0.3027602695066289,0.04868506846337749,0.4253423168876329,0.0091284503368833,0.5366224733753532,0.0,0.6131275809606606,0.0032601608346011983,0.6592045207563573,0.01347533144968487,0.6850684633775264,0.018908932840686805,0.703108019995653,0.018908932840686805,0.7133231906107368,0.018908932840686805
Circle,0.7423704755145493,0.006860657676839366,0.7423704755145493,0.006860657676839366,0.7402413058907028,0.0,0.7355098178377099,0.0,0.724390820913177,0.0,0.7236810977052283,0.0,0.7414241779039505,0.0,0.7939436952921693,0.025786609888810045,0.8739058433877457,0.09037142181216,0.9576531819257154,0.21717530163236343,1.0,0.4187366926898512,0.9779985805535838,0.6430092264017033,0.8634965696711614,0.8178377099597822,0.6643009226401705,0.9060799621480957,0.4225218831322448,0.913413768630234,0.21812159924296198,0.8396025550035484,0.09155429382540785,0.7217885024840311,0.018216229004021617,0.5777146912704046,0.0,0.424651052756092,0.0634019399101017,0.2786846463212682,0.18145256683226907,0.15897799858055345,0.3177194227584576,0.08374733853797012,0.4539862786846462,0.042346818074284434,0.5746392240359594,0.027442630707357463,0.6505796072864913,0.027442630707357463,0.6952921693872725,0.027442630707357463,0.7217885024840311,0.027442630707357463,0.7217885024840311,0.027442630707357463,0.7217885024840311,0.0205819730305181,0.7217885024840311,0.0205819730305181
Circle,0.5205479452054794,0.0,0.5136986301369864,0.0,0.5070854983467171,0.0,0.5068493150684932,0.0,0.5068493150684932,0.0,0.5193670288143597,0.0,0.5581010864430798,0.0,0.6355692017005197,0.024090694378838005,0.7548417572035899,0.07652338214454424,0.8774208786017952,0.16296646197449227,0.9574870099196977,0.28601794992914503,1.0,0.4423712801133679,0.9782711384034007,0.6306093528578179,0.8738781294284362,0.8053849787435053,0.6854038734057626,0.9166273027869628,0.4619744922059517,0.9726027397260274,0.25318847425602264,0.942843646669816,0.1091166745394425,0.8514407179971657,0.02172886159659884,0.7099669343410485,0.0,0.5588096362777517,0.013462446858762345,0.4166273027869626,0.0701464336324992,0.2909777987718467,0.16580066131317897,0.18776570618800195,0.27420878601794996,0.11289560699102501,0.3717524799244218,0.07014643363249881,0.45488899385923504,0.04747283892300414,0.5082664147378368,0.0410958904109589,0.5344827586206897,0.0410958904109589,0.5446386395843175,0.0410958904109589,0.5547945205479452,0.0410958904109589
Circle,0.5880124777183603,0.01292335115864528,0.5777629233511588,0.01292335115864528,0.575089126559715,0.01292335115864528,0.575089126559715,0.01292335115864528,0.575089126559715,0.010695187165775449,0.575089126559715,0.00646167557932264,0.6047237076648845,0.00646167557932264,0.679367201426025,0.007798573975044686,0.7965686274509807,0.04166666666666661,0.9077540106951875,0.11653297682709457,0.9832887700534766,0.2515597147950091,1.0,0.4514260249554372,0.9073083778966133,0.6753565062388595,0.7130124777183605,0.8130570409982175,0.48106060606060613,0.8567290552584674,0.26581996434937605,0.8106060606060608,0.12165775401069498,0.6983065953654191,0.027629233511586502,0.558823529411765,0.0,0.4053030303030304,0.03297682709447432,0.2606951871657753,0.12433155080213906,0.14705882352941183,0.24576648841354737,0.06751336898395717,0.3732174688057046,0.022058823529411645,0.4676916221033868,0.003342245989304839,0.5251782531194298,0.0,0.5619429590017827,0.0,0.5831105169340466,0.0,0.5933600713012481,0.0,0.5971479500891267,0.0,0.6073975044563282,0.0
Circle,0.5763676148796499,0.08884026258205688,0.5667396061269147,0.08884026258205688,0.5573304157549235,0.08884026258205688,0.5573304157549235,0.08884026258205688,0.5573304157549235,0.08884026258205688,0.5610503282275713,0.08884026258205688,0.5796498905908093,0.08884026258205688,0.6396061269146608,0.08884026258205688,0.7328227571115976,0.09693654266958426,0.8525164113785558,0.13282275711159744,0.9446389496717724,0.20875273522975932,0.9892778993435449,0.3277899343544858,1.0,0.48424507658643295,0.9100656455142233,0.6199124726477021,0.7299781181619259,0.7008752735229757,0.4940919037199126,0.7249452954048139,0.27199124726477036,0.6695842450765864,0.1238512035010941,0.5728665207877461,0.03588621444201335,0.4586433260393873,0.0,0.3431072210065646,0.033260393873085325,0.22975929978118154,0.11159737417943082,0.13479212253829337,0.20700218818380758,0.06411378555798683,0.2919037199124726,0.02166301969365432,0.35733041575492347,0.003719912472647736,0.4091903719912475,0.0,0.4516411378555797,0.0,0.4805251641137855,0.00612691466083155,0.5,0.015754923413566713,0.512910284463895,0.025382932166301966
Circle,0.5417721518987342,0.0,0.5361246348588121,0.0,0.5359298928919182,0.0,0.527361246348588,0.0,0.5248296007789679,0.0,0.5248296007789679,0.0,0.5390457643622201,0.0,0.595910418695229,0.0035053554040895764,0.6979552093476143,0.027263875365141133,0.8192794547224926,0.08607594936708862,0.9345666991236613,0.18695228821811102,1.0,0.34897760467380734,0.997663096397274,0.5283349561830574,0.8666017526777022,0.6882181110029211,0.6447906523855894,0.7832521908471276,0.3962999026290169,0.808958130477118,0.19746835443037974,0.7380720545277512,0.07010710808179153,0.6218111002921132,0.0,0.4802336903602728,0.0023369036027262773,0.347809152872444,0.0718597857838364,0.2307692307692308,0.17098344693281378,0.1376825705939632,0.27166504381694273,0.07964946445959104,0.360856864654333,0.04186952288218117,0.4362220058422588,0.025900681596884245,0.4995131450827654,0.017332035053554132,0.5380720545277505,0.016942551119766315,0.5583252190847127,0.016942551119766315,0.5700097370983447,0.016942551119766315,0.5643622200584226,0.016942551119766315
Triangle,0.6228813559322034,0.0,0.6228813559322034,0.0,0.6228813559322034,0.0,0.6228813559322034,0.0,0.6228813559322034,0.0,0.6228813559322034,0.0,0.6186440677966102,0.0,0.5847457627118644,0.00847457627118644,0.4915254237288136,0.059322033898305086,0.3516949152542373,0.1864406779661017,0.15254237288135594,0.3771186440677966,0.038135593220338986,0.5,0.0,0.5550847457627118,0.07627118644067797,0.576271186440678,0.2330508474576271,0.5677966101694916,0.4364406779661017,0.5508474576271186,0.6652542372881356,0.5296610169491526,0.8516949152542372,0.5127118644067796,0.9745762711864406,0.5,1.0,0.4576271186440678,0.9449152542372882,0.3813559322033898,0.8305084745762712,0.2838983050847458,0.690677966101695,0.2033898305084746,0.5550847457627118,0.1440677966101695,0.4830508474576271,0.09745762711864407,0.4491525423728814,0.06779661016949153,0.4491525423728814,0.046610169491525424,0.4576271186440678,0.038135593220338986,0.4703389830508475,0.03389830508474576,0.4788135593220339,0.03389830508474576
Triangle,0.4953441295546558,0.011740890688259112,0.4953441295546558,0.011740890688259112,0.4953441295546558,0.011740890688259112,0.4953441295546558,0.011740890688259112,0.4953441295546558,0.011740890688259112,0.4953441295546558,0.011740890688259112,0.4898785425101215,0.017206477732793435,0.44190283400809693,0.06518218623481796,0.3390688259109309,0.16801619433198384,0.1722672064777326,0.33481781376518216,0.055263157894736736,0.45182186234817834,0.0,0.5060728744939271,0.03927125506072867,0.5107287449392713,0.14453441295546546,0.5137651821862349,0.31315789473684197,0.5313765182186236,0.5414979757085018,0.5653846153846154,0.760323886639676,0.5927125506072876,0.9210526315789475,0.6097165991902835,1.0,0.5860323886639678,0.9902834008097168,0.5360323886639679,0.9172064777327934,0.45769230769230757,0.810323886639676,0.35607287449392705,0.695141700404858,0.2516194331983806,0.5910931174089066,0.1615384615384616,0.5066801619433197,0.09777327935222678,0.459311740890688,0.049797570850202415,0.43016194331983787,0.0172064777327936,0.40506072874493937,0.0018218623481782185,0.3876518218623483,0.0,0.3779352226720647,0.0
Triangle,0.5447987851176915,0.0,0.5447987851176915,0.0,0.5447987851176915,0.0,0.5447987851176915,0.0,0.5447987851176915,0.0,0.5366362946089597,0.010820045558086515,0.4937357630979497,0.06074411541381932,0.36484434320425174,0.18792710706150356,0.18280182232346232,0.34908883826879267,0.046317388003037085,0.47057706909643116,0.0,0.5277145026575549,0.08978739559605153,0.5339787395596051,0.2718299164768414,0.5339787395596051,0.5066438876233864,0.5339787395596051,0.7406985573272589,0.5339787395596051,0.9157175398633254,0.5315110098709187,1.0,0.5117691723614274,0.9882308276385724,0.4586180713743356,0.9178056188306752,0.3722475322703111,0.8179574791192102,0.26233864844343185,0.6979878511769174,0.1630599848139711,0.5918754745634016,0.08371298405466963,0.5153758542141228,0.03758542141230062,0.4684889901290813,0.009681093394077458,0.44552012148823067,0.0,0.43470007593014415,0.0,0.4291951404707668,0.0,0.4291951404707668,0.0,0.4291951404707668,0.0,0.4291951404707668,0.0
Triangle,0.5604229607250756,0.056948640483383696,0.5604229607250756,0.053625377643504536,0.562688821752266,0.052567975830815725,0.5691842900302115,0.052567975830815725,0.5691842900302115,0.052567975830815725,0.5657099697885196,0.052567975830815725,0.5415407854984897,0.0734138972809668,0.45271903323262835,0.14169184290030212,0.29033232628398803,0.2592145015105741,0.11631419939577034,0.3865558912386708,0.013444108761329376,0.4673716012084593,0.0,0.5052870090634444,0.08277945619335327,0.5028700906344412,0.2480362537764351,0.4912386706948643,0.45422960725075506,0.4862537764350454,0.6726586102719035,0.4862537764350454,0.8641993957703927,0.4806646525679759,0.9755287009063446,0.46132930513595183,1.0,0.4223564954682781,0.9620845921450152,0.352416918429003,0.895317220543807,0.2625377643504534,0.8178247734138974,0.17009063444108774,0.75392749244713,0.0954682779456194,0.7083081570996977,0.047129909365558935,0.6803625377643504,0.020090634441087704,0.6614803625377645,0.004682779456193423,0.6536253776435046,0.0,0.6480362537764351,0.0,0.6469788519637463,0.0,0.6392749244712992,0.0
Triangle,0.39270170739872773,0.16990291262135923,0.3851690659524605,0.16990291262135923,0.38299296953465006,0.17525945764981585,0.3766320723133577,0.18279209909608293,0.36742551054569794,0.19132909273518584,0.3488449949782389,0.2100770003347841,0.2936056243722799,0.2592902577837294,0.1898225644459322,0.37144291931704065,0.0724807499163039,0.496986943421493,0.0008369601606962652,0.5761633746233679,0.0,0.6166722464010713,0.07800468697689984,0.6262135922330098,0.22715098761298938,0.6262135922330098,0.4551389353866756,0.6319049213257449,0.7077335118848344,0.639437562772012,0.88985604285236,0.6319049213257449,0.9902912621359223,0.597254770672916,1.0,0.5331436223635755,0.9352192835621026,0.44124539671911633,0.8188818212253096,0.3337797120857047,0.7010378305992634,0.22129226648811512,0.604117843990626,0.13659189822564446,0.539169735520589,0.0736524941412788,0.500669568128557,0.035152326749246725,0.47890860395045187,0.013391362571141624,0.4713759625041846,0.0058587211248744085,0.47037161031134905,0.0,0.47037161031134905,0.0,0.47037161031134905,0.0,0.47037161031134905,0.0
Triangle,0.5483044164037855,0.0,0.5483044164037855,0.0,0.5483044164037855,0.0,0.5483044164037855,0.0,0.5483044164037855,0.0,0.5483044164037855,0.0,0.5386435331230282,0.005914826498422758,0.49901419558359605,0.05619085173501571,0.3921529968454258,0.19716088328075707,0.19479495268138827,0.41384069400630896,0.05559936908517363,0.5755126182965298,0.0,0.6618690851735015,0.09069400630914824,0.6650236593059937,0.26636435331230246,0.6389984227129337,0.5132097791798106,0.6159305993690851,0.7744479495268136,0.6011435331230284,0.9315851735015773,0.5879337539432176,1.0,0.5496845425867506,0.9582018927444798,0.4783123028391169,0.8521293375394327,0.37973186119873836,0.7267350157728709,0.2726735015772873,0.6177050473186122,0.17231861198738188,0.5343059936908519,0.09956624605678238,0.47811514195583626,0.05737381703470036,0.4467665615141956,0.0321372239747634,0.43335962145110396,0.02227917981072558,0.4282334384858044,0.01715299684542587,0.4282334384858044,0.01715299684542587,0.4282334384858044,0.01715299684542587,0.4282334384858044,0.01715299684542587
Triangle,0.5683783306864302,0.09211222869242984,0.5683783306864302,0.09211222869242984,0.5683783306864302,0.09211222869242984,0.5683783306864302,0.09211222869242984,0.5683783306864302,0.09211222869242984,0.5653785071466383,0.09211222869242984,0.5498500088230103,0.1049938238927122,0.4810305276160225,0.1628727721898711,0.3328039527086642,0.28321863419798826,0.16869595906123178,0.4085053820363507,0.052938062466913814,0.49232398094229735,0.0,0.5360861125816128,0.02117522498676535,0.552673372154579,0.13587436033174508,0.5452620434092111,0.33050997000176435,0.5246161990471148,0.5517910711134636,0.5090877007234869,0.7646020822304568,0.4935592023998587,0.9147697194282688,0.4780307040762308,0.9943532733368627,0.4542085759661196,1.0,0.41044644432680416,0.9310040585847889,0.34392094582671595,0.8245985530262926,0.2585142050467621,0.7030174695606138,0.17698958884771476,0.6003176283748014,0.111699311805188,0.5330862890418212,0.06617257808364227,0.48826539615316755,0.03211575789659434,0.4688547732486325,0.010764072701605834,0.46109052408681844,0.00017646020822301308,0.463384506793718,0.0,0.471148755955532,0.0
Triangle,0.2945551501543643,0.03662643839461128,0.2451585742351949,0.0819534100477126,0.1627841706427168,0.16881841145102439,0.08125175413976982,0.26073533539152405,0.027083918046589862,0.3248666853774908,0.0,0.3617737861352792,0.01347179343250064,0.3824024698287959,0.08251473477406682,0.3866124052764524,0.21821498737019374,0.37271961829918615,0.4117316867808029,0.36233511086163345,0.6246140892506318,0.3519506034240808,0.8150435026662926,0.3457760314341846,0.939938254280101,0.3380578164468144,1.0,0.3153241650294695,0.985686219477968,0.2771540836373842,0.9094863878753855,0.2206006174571988,0.7937131630648326,0.1531013191131068,0.6667134437271961,0.09402189166432778,0.5538871737300025,0.05388717373000268,0.4579006455234352,0.029609879315183853,0.3811394891944988,0.0161380858826831,0.32332304238001663,0.008981195621667094,0.28501262980634284,0.0040696042660679195,0.26185798484423234,0.0040696042660679195,0.2488071849564973,0.0040696042660679195,0.24207128824024707,0.0040696042660679195,0.24165029469548133,0.0,0.24165029469548133,0.0,0.24165029469548133,0.0,0.24165029469548133,0.0
Triangle,0.5755029847446383,0.0,0.5755029847446383,0.0,0.5755029847446383,0.0,0.5690913110767188,0.0,0.5690913110767188,0.0,0.5547203183727613,0.00530621269069213,0.49170904267079346,0.04731372982533716,0.3482202078266635,0.1583020119389786,0.19212911784214007,0.295379173115189,0.07472916206057928,0.4023877957108113,0.005085120495246579,0.46783108556267944,0.0,0.5040902056157418,0.07362370108335207,0.5180190139288082,0.24607561353084248,0.5292947158965288,0.47424275923059933,0.5531726730046428,0.7136856068980764,0.5801459208489939,0.899845235463188,0.5991598496573071,1.0,0.5883263320804774,0.9873977448596062,0.5135971700198981,0.90957329206279,0.3809418527525978,0.8133981870439972,0.24673889011717876,0.7360159186380719,0.14768958655759434,0.6694671678089764,0.08910015476453681,0.6106566438204729,0.05637850983860274,0.570638956444837,0.04112314835286301,0.5425602476232587,0.0316161839487065,0.5270837939420736,0.025646694671678082,0.5242095954012822,0.025646694671678082,0.5242095954012822,0.025646694671678082,0.5242095954012822,0.025646694671678082
Triangle,0.46299966963990746,0.043111992071357776,0.46299966963990746,0.043111992071357776,0.46299966963990746,0.043111992071357776,0.46085232903865203,0.043111992071357776,0.444829864552362,0.047571853320118845,0.3825569871159563,0.09563924677898905,0.25305583085563255,0.21093491906177747,0.1166171126527915,0.3452262966633631,0.03369672943508414,0.4382226627023455,0.0,0.4937231582424843,0.04278163197885687,0.520482325735051,0.19474727452923687,0.533201189296333,0.42732077964981874,0.5441030723488601,0.6886356128179719,0.5521968946151304,0.8866864882722169,0.5592996366038981,0.9957053187974891,0.5487281136438716,1.0,0.47489263296993706,0.937727122563594,0.3490254377271225,0.8349851337958373,0.2168814007267922,0.7348860257680871,0.12751899570531877,0.6519656425503798,0.0769739015526925,0.5938222662702343,0.04592005285761475,0.5612817971589031,0.027585067723818968,0.5492236537826231,0.013875123885034573,0.5492236537826231,0.006772381896266836,0.5492236537826231,0.0,0.5492236537826231,0.0,0.5492236537826231,0.0,0.5492236537826231,0.0,0.5492236537826231,0.0
Triangle,0.44833887043189374,0.0048172757475083055,0.44833887043189374,0.0,0.44833887043189374,0.0,0.44833887043189374,0.0,0.44833887043189374,0.0,0.4471760797342193,0.001162790697674409,0.42691029900332234,0.01810631229235881,0.3360465116279071,0.09784053156146172,0.1714285714285715,0.27375415282392035,0.04651162790697677,0.4214285714285715,0.0,0.48654485049833884,0.07275747508305659,0.4596345514950165,0.24302325581395368,0.40332225913621256,0.45631229235880394,0.36544850498338877,0.6966777408637872,0.3441860465116278,0.8815614617940198,0.3302325581395349,0.9880398671096345,0.30897009966777406,1.0,0.2681063122923588,0.9285714285714285,0.20897009966777394,0.7885382059800663,0.1511627906976744,0.6397009966777408,0.11162790697674423,0.5196013289036543,0.08554817275747509,0.4274086378737544,0.07292358803986698,0.3671096345514952,0.06594684385382052,0.3325581395348837,0.05897009966777407,0.3172757475083057,0.05681063122923592,0.3134551495016612,0.052990033222591354,0.3134551495016612,0.052990033222591354,0.3134551495016612,0.052990033222591354,0.3134551495016612,0.052990033222591354
Triangle,0.4366581725518748,0.0,0.43137968693119766,0.0,0.43137968693119766,0.0,0.43137968693119766,0.0,0.43137968693119766,0.0,0.43137968693119766,0.0,0.4281033855114669,0.0016381507098653801,0.39352020385875497,0.028030578813250894,0.28740444120859115,0.13123407353476518,0.1286858390971971,0.2868583909719694,0.03203494721514373,0.38350928285402247,0.0,0.43356388787768496,0.058973425555150984,0.4466690935566072,0.22733891518019667,0.4486712777575537,0.5003640334910814,0.45631598107025845,0.7912267928649435,0.4659628685839098,0.9692391700036402,0.4654168183472879,1.0,0.4035311248634874,0.9361121223152532,0.3003276301419731,0.8103385511467056,0.19111758281761917,0.6771022934109939,0.10975609756097567,0.576811066618129,0.0637058609392065,0.50618856934838,0.035493265380414966,0.4643247178740444,0.02275209319257379,0.43938842373498366,0.01456133964324719,0.427193301783764,0.006370586093920589,0.42610120131052054,0.005278485620677103,0.42610120131052054,0.005278485620677103,0.42373498361849293,0.005278485620677103,0.4208227156898435,0.005278485620677103
Triangle,0.4195869837296621,0.0181476846057572,0.4150500625782228,0.0181476846057572,0.4150500625782228,0.0181476846057572,0.4150500625782228,0.016113892365456874,0.4150500625782228,0.013610763454317899,0.41129536921151433,0.015488110137672003,0.3693679599499374,0.038485607008761066,0.2518773466833541,0.1433041301627035,0.12234042553191474,0.27002503128911143,0.038016270337922285,0.35434918648310404,0.0,0.3998748435544431,0.02816020025031285,0.42021276595744683,0.14846683354192766,0.42647058823529416,0.37030663329161495,0.4103566958698373,0.6628598247809766,0.3969023779724656,0.8690550688360452,0.3823529411764707,0.990613266583229,0.35231539424280356,1.0,0.2817584480600751,0.9076971214017523,0.18444931163954936,0.772215269086358,0.10262828535669588,0.6503441802252817,0.05475594493116403,0.5585106382978723,0.030506883604505607,0.4996871088861077,0.01986858573216521,0.463078848560701,0.013141426783479373,0.44414893617021284,0.006414267834793403,0.4377346683354193,0.0,0.4377346683354193,0.0,0.4377346683354193,0.0,0.4377346683354193,0.0,0.4377346683354193,0.0
Triangle,0.8803853358308806,0.054321648381054334,0.8803853358308806,0.054321648381054334,0.8790473641958791,0.054321648381054334,0.860850949959861,0.054321648381054334,0.8335563286058337,0.05699759165105696,0.7749531709927753,0.09098207118009095,0.6218892159486219,0.2271875836232273,0.39336366069039347,0.4567835161894571,0.20551244313620565,0.6569440727856571,0.09151725983409151,0.7853893497457856,0.03104094193203116,0.8637944875568642,0.0,0.9106234947819106,0.013379716350013447,0.9472839175809477,0.1359379181161359,0.9719025956649722,0.3350280974043351,0.9871554723039874,0.556596200160557,0.9994648113459997,0.7508696815627511,1.0,0.8857372223708858,0.910623494781911,0.9595932566229598,0.7144768530907145,0.9724377843189727,0.4950495049504948,0.9601284452769604,0.314958522879315,0.9579876906609582,0.1824993310141826,0.9579876906609582,0.09793952368209774,0.9579876906609582,0.050842922130050726,0.9579876906609582,0.02274551779502263,0.9579876906609582,0.010436178753010386,0.9579876906609582,0.0,0.9579876906609582,0.0,0.9579876906609582,0.0,0.9579876906609582,0.0
Triangle,0.5070524412296564,0.09963833634719711,0.5018083182640144,0.09963833634719711,0.5018083182640144,0.09963833634719711,0.5018083182640144,0.09963833634719711,0.5018083182640144,0.09963833634719711,0.5018083182640144,0.09963833634719711,0.5,0.09963833634719711,0.4779385171790236,0.10705244122965632,0.37649186256781203,0.1862567811934901,0.22495479204339983,0.33200723327305587,0.10235081374321883,0.47142857142857136,0.031103074141048893,0.5647377938517181,0.0,0.6159132007233273,0.031464737793851574,0.6441229656419529,0.14990958408679908,0.6547920433996384,0.35334538878842636,0.645750452079566,0.6036166365280288,0.6419529837251358,0.8159132007233272,0.6329113924050634,0.9544303797468352,0.6180831826401448,1.0,0.5699819168173601,0.9509945750452081,0.49385171790235105,0.8674502712477399,0.39602169981916835,0.7631103074141049,0.2875226039783003,0.6719710669077756,0.1858951175406871,0.5855334538878842,0.1066907775768535,0.5258589511754069,0.05027124773960227,0.4940325497287524,0.01844484629294758,0.4779385171790234,0.002350813743218745,0.4703435804701627,0.0,0.4703435804701627,0.0
Triangle,0.5816887738595923,0.014073115496603039,0.5732772565512779,0.014073115496603039,0.5723066968618569,0.014073115496603039,0.5723066968618569,0.014073115496603039,0.5731154966030411,0.014073115496603039,0.5815270139113554,0.014073115496603039,0.5745713361371723,0.02830799094144293,0.48091232610805545,0.13151083791653187,0.2895503073439016,0.3487544483985764,0.11824652216111298,0.5752183759301195,0.026366871562601157,0.7088320931737302,0.0,0.7722419928825622,0.045292785506308664,0.7905208670333225,0.17130378518278871,0.800388223875768,0.3799741184082823,0.8172112584923971,0.632319637657716,0.8340342931090261,0.8434163701067614,0.8396958912973146,0.9608540925266901,0.8189906179230022,1.0,0.7563895179553544,0.9587512131996114,0.6565836298932383,0.8790035587188612,0.5182788741507605,0.7979618246522161,0.3715626010999675,0.737948883856357,0.23584600452927826,0.6886120996441281,0.1294079585894533,0.651569071497897,0.05548366224522815,0.6263345195729536,0.017308314461339305,0.6087026852151406,0.0017793594306049865,0.5985118084762211,0.0,0.5901002911679066,0.0,0.5863798123584599,0.0
Triangle,0.48432601880877757,0.07024793388429754,0.4801937874038189,0.07024793388429754,0.47477913935594196,0.07024793388429754,0.4679395839270449,0.07024793388429754,0.46110002849814774,0.07281276717013395,0.4519806212596182,0.0819321744086634,0.419920205186663,0.1139925904816188,0.3094898831575948,0.2447990880592762,0.16372185807922493,0.4401538899971503,0.052294100883442614,0.6025933314334571,0.0,0.6963522371045884,0.0076944998575093106,0.7314049586776861,0.08378455400398985,0.724280421772585,0.23411228270162443,0.7043317184383017,0.42861214021088645,0.6893701909375893,0.650897691650043,0.682530635508692,0.8422627529210605,0.6798233114847536,0.9575377600455972,0.6571672841265319,1.0,0.6027358221715591,0.943288686235395,0.5135366201196925,0.8626389284696497,0.41051581647192925,0.7668851524650898,0.30421772584781986,0.6786833855799375,0.20917640353377023,0.6104303220290682,0.12966657167284118,0.5655457395269308,0.0740951838130521,0.5374750641208323,0.03918495297805642,0.5213736107153036,0.0203761755485894,0.517383870048447,0.009546879452835565,0.517383870048447,0.0027073240239384143,0.517383870048447,0.0
Triangle,0.5928924259055982,0.09152030735455542,0.5928924259055982,0.09152030735455542,0.5928924259055982,0.09152030735455542,0.5928924259055982,0.09152030735455542,0.5928924259055982,0.09152030735455542,0.5928924259055982,0.09152030735455542,0.5885016465422611,0.10428100987925358,0.5112513721185511,0.1900384193194292,0.330543358946213,0.4080680570801316,0.15107025246981334,0.6505214050493963,0.04363336992316144,0.7973380900109768,0.0,0.877058177826564,0.03444017563117444,0.9164379802414929,0.18070801317233812,0.9408616904500547,0.42604281009879236,0.9599341383095499,0.761663007683864,0.9724204171240394,0.9695389681668495,0.954034028540066,1.0,0.8696487376509333,0.9541712403951701,0.7213227222832053,0.8765093304061469,0.5493962678375409,0.8142151481888036,0.38213501646542297,0.7545279912184414,0.2360043907793635,0.7065038419319429,0.13144895718990118,0.6790614709110866,0.06709659714599334,0.6636937431394072,0.029363336992316195,0.6605378704720087,0.012211855104281015,0.6605378704720087,0.001097694840834215,0.6605378704720087,0.0,0.6605378704720087,0.0,0.6605378704720087,0.0
Triangle,0.48420631747301074,0.03188724510195921,0.48420631747301074,0.03188724510195921,0.4813074770091963,0.03188724510195921,0.4767093162734905,0.03188724510195921,0.47550979608156735,0.03188724510195921,0.4717113154738104,0.03188724510195921,0.4561175529788083,0.03338664534186326,0.42123150739704124,0.06587365053978401,0.2818872451019592,0.21041583366653333,0.11975209916033597,0.39504198320671713,0.02598960415833672,0.517592962814874,0.0,0.5794682127149139,0.04998000799680131,0.5903638544582167,0.17882846861255508,0.5785685725709716,0.3981407437025187,0.570871651339464,0.6491403438624549,0.5681727309076369,0.8528588564574169,0.5681727309076369,0.9697121151539383,0.5518792483006796,1.0,0.514094362255098,0.9380247900839663,0.4502199120351858,0.8326669332267094,0.3613554578168733,0.7037185125949618,0.2644942023190722,0.5877648940423831,0.1755297880847661,0.49800079968012806,0.10165933626549392,0.42942822870851655,0.050679728108756476,0.3847461015593763,0.01969212315073973,0.35885645741703315,0.0033986405437824766,0.34636145541783286,0.0,0.33926429428228705,0.0,0.33926429428228705,0.0
Triangle,0.44308808973935987,0.05421752996810733,0.44308808973935987,0.05102826349939514,0.44308808973935987,0.05102826349939514,0.4373694050368414,0.05245793467502471,0.4125151215220498,0.06609479819641485,0.334103156274057,0.1583635763774332,0.19212581106345525,0.3430111074452878,0.08006158583525783,0.5098427361706808,0.011437369405036812,0.6107995161112943,0.0,0.6613878807874188,0.060046189376443425,0.6644671725503135,0.2040030792917628,0.6446717255031343,0.4127350709336857,0.6188276696359837,0.6502804354998353,0.5992521720004398,0.83866710656549,0.580336522599802,0.9497415594413285,0.5511932255581216,1.0,0.5017046079401737,0.9644781700208951,0.43143077092268767,0.8686902012537115,0.3463103486198174,0.7428791377983063,0.2611899263169471,0.6140987572858243,0.18024854283514793,0.5121522049928515,0.11635323875508623,0.4376993291542945,0.0682942923127681,0.38623116683162867,0.033762234686022186,0.35400857802705366,0.01671615528428456,0.3339931815682393,0.006158583525789064,0.32332563510392603,0.0031892664687121963,0.3187066974595843,0.0031892664687121963,0.3187066974595843,0.0031892664687121963,0.3218959639282965,0.0
Triangle,0.3805456702253855,0.010320284697508895,0.37710557532621586,0.010320284697508895,0.3758007117437723,0.010320284697508895,0.36998813760379595,0.010320284697508895,0.36417556346381963,0.010320284697508895,0.35527876631079464,0.01992882562277583,0.300355871886121,0.08208778173190982,0.15516014234875442,0.2647686832740213,0.05468564650059313,0.43475682087781725,0.0,0.530011862396204,0.0041518386714116395,0.569632265717675,0.07971530249110333,0.5615658362989323,0.22953736654804255,0.5406880189798339,0.45124555160142327,0.5265717674970344,0.7079478054567021,0.517200474495848,0.8951364175563464,0.5090154211150651,1.0,0.48042704626334515,0.9817319098457886,0.41482799525504144,0.8678529062870696,0.33440094899169615,0.7132858837485169,0.24922894424673767,0.5854092526690389,0.16749703440094882,0.47947805456702225,0.10035587188612087,0.409015421115065,0.05148279952550407,0.3538552787663105,0.022538552787663046,0.3194543297746144,0.006524317912218284,0.2997627520759193,0.0,0.2945432977461447,0.0,0.2945432977461447,0.0,0.29347568208778163,0.0,0.2876631079478054,0.0
Triangle,0.3285502226620484,0.003587333003463631,0.3285502226620484,0.003587333003463631,0.3285502226620484,0.003587333003463631,0.3285502226620484,0.0033399307273626858,0.3285502226620484,0.0,0.3285502226620484,0.0,0.3255813953488371,0.011627906976744177,0.2535873330034636,0.11071251855517067,0.1282780801583374,0.3070262246412667,0.03847105393369616,0.48119742701632845,0.0,0.5831271647699158,0.02102919346858,0.6134339435922809,0.13223651657595237,0.5921573478476001,0.35564077189510124,0.5462642256308757,0.6339683325086589,0.5143493320138545,0.8654131618010886,0.4961652647204354,1.0,0.4835477486392874,0.9991340920336466,0.4393864423552696,0.9057397328055417,0.36157842652152383,0.760885700148441,0.2702869866402769,0.6239485403265708,0.17899554675903,0.5178129638792675,0.11355764473033142,0.445571499257793,0.06865413161801077,0.4032657100445323,0.0414398812469074,0.3800098960910441,0.028327560613557658,0.3662790697674418,0.02511133102424542,0.3574962889658585,0.02511133102424542,0.3536615536862939,0.02511133102424542,0.3536615536862939,0.02511133102424542,0.3536615536862939,0.02511133102424542
Triangle,0.34345635298924143,0.0,0.34345635298924143,0.0,0.34345635298924143,0.0,0.34345635298924143,0.0,0.34345635298924143,0.0,0.34046030232874847,0.002996050660492994,0.3169004494075991,0.03568023968405282,0.21952880294157698,0.1630123927550048,0.09778019882881657,0.3593898951382269,0.021108538744382378,0.5066049298651778,0.0,0.577012120386763,0.04425983930273738,0.5918561895682964,0.18153343320168855,0.5746969903309275,0.41617867356666216,0.550864769167915,0.6768350810295521,0.5324799128421627,0.8790685006128285,0.5202233419583276,1.0,0.5075582187116983,0.9983657905488219,0.45594443687865993,0.901538880566526,0.37137409778019886,0.7558218711698217,0.2755004766444233,0.6212719596895001,0.19215579463434568,0.5187253166280813,0.1331880702710065,0.44859049434835885,0.08756638975895403,0.39547868718507423,0.05624404194470924,0.36333923464524037,0.03758681737709385,0.3419583276589948,0.028462481274683333,0.331608334468201,0.023696037042080894,0.331608334468201,0.023696037042080894,0.33555767397521447,0.023696037042080894,0.33950701348222795,0.023696037042080894
Triangle,0.2906132329209252,0.0,0.2867132867132867,0.0,0.2867132867132867,0.0,0.2867132867132867,0.0,0.2867132867132867,0.0,0.2867132867132867,0.0,0.2867132867132867,0.0024206562668101094,0.27662721893491127,0.03805809575040351,0.17711135018827326,0.19849381387842918,0.07033351264120492,0.40882194728348564,0.011296395911780492,0.5373856912318452,0.0,0.6130984400215169,0.0641473910704679,0.6167294244217322,0.2134211941904249,0.5946745562130178,0.4425766541151158,0.5793437331898871,0.703066164604626,0.5771920387305003,0.9003496503496505,0.5771920387305003,1.0,0.5428994082840237,0.9757934373318992,0.4678590640129103,0.8308230231307155,0.36390532544378706,0.657880580957504,0.2552447552447552,0.5240720817643896,0.1675632060247446,0.4334319526627218,0.10879505110274333,0.3809844002151694,0.06845077998924153,0.3492469069392147,0.04491662183969878,0.328133405056482,0.032813340505648124,0.3152232383001613,0.02729962345346961,0.30661646046261426,0.02729962345346961,0.3005648197955891,0.02729962345346961,0.29451317912856373,0.02729962345346961
Triangle,0.6384482069057459,0.003866151179842688,0.6384482069057459,0.003866151179842688,0.6384482069057459,0.003866151179842688,0.6384482069057459,0.003866151179842688,0.6384482069057459,0.003866151179842688,0.6384482069057459,0.003866151179842688,0.6384482069057459,0.003866151179842688,0.6304492734302092,0.008665511265164638,0.5692574323423544,0.050659912011731756,0.40821223836821746,0.18610851886415147,0.20197307025729883,0.3767497666977738,0.07145713904812669,0.5051326489801361,0.0,0.5831222503666179,0.015331289161445112,0.6031195840554593,0.11531795760565254,0.5871217171043862,0.3127582988934808,0.5527263031595787,0.5527263031595787,0.5255299293427543,0.7756299160111987,0.5080655912544993,0.9204106119184108,0.4854019464071457,1.0,0.43834155445940537,1.0,0.36555125983202225,0.9213438208238899,0.2740967870950539,0.8150913211571787,0.19024130115984522,0.7095053992800956,0.12305025996533787,0.6185841887748301,0.07758965471270504,0.5501933075589922,0.04599386748433545,0.5079322756965737,0.027463004932675682,0.4840687908278896,0.013064924676709777,0.47353686175176624,0.00519930675909876,0.4683375549926676,0.0
Triangle,0.5263460984739419,0.0,0.5246184854592573,0.0,0.5187158076590845,0.0,0.5179959689029658,0.0,0.5179959689029658,0.0,0.5179959689029658,0.0,0.5179959689029658,0.0,0.49553699971206444,0.018715807659084347,0.3830981860063346,0.12395623380362793,0.2029945292254536,0.29527785775986176,0.07097610135329686,0.42614454362222853,0.0031672905269219775,0.503167290526922,0.0,0.5460696803915923,0.09832997408580495,0.5683846818312698,0.29556579326230903,0.5827814569536425,0.5727037143679813,0.5996256838468182,0.798733083789231,0.6147422977253095,0.9416930607543911,0.6173337172473365,1.0,0.5806219406852865,0.9663115462136483,0.4904981284192343,0.8600633458105387,0.3694212496400807,0.7302044342067375,0.2571264036855744,0.6154621364814283,0.1664267204146271,0.5274978404837319,0.10581629714943862,0.46631154621364834,0.06435358479700551,0.4287359631442559,0.03599193780593147,0.40829254247048663,0.015548517132162371,0.3961992513676935,0.0034552260293694353,0.39029657356752084,0.0,0.38439389576734817,0.0
Triangle,0.5055225148683092,0.003519844641339968,0.5039446534773637,0.0,0.5020026702269692,0.0,0.5020026702269692,0.0,0.5020026702269692,0.0,0.5020026702269692,0.0,0.5020026702269692,0.0,0.495084354897439,0.010438159970870223,0.4263866974147348,0.08119917465711864,0.2622891127564024,0.2687219322733342,0.11615487316421895,0.4488408787474208,0.026945017599223128,0.562082777036048,0.0,0.6120888457337054,0.02840150503701901,0.6288384512683577,0.12732127685398698,0.6255613545333171,0.3286806651292634,0.6230125015171744,0.5963102318242505,0.6194926568758344,0.8213375409637089,0.6194926568758344,0.9592183517417162,0.6072338876077193,1.0,0.5606262895982522,0.9507221750212405,0.48416069911397014,0.8416069911397014,0.38621191892219914,0.7213254035683943,0.2872921471052312,0.6125743415463042,0.2018448840878748,0.5288263138730427,0.13338997451146975,0.47226605170530406,0.08641825464255375,0.44119431969899253,0.05765262774608569,0.420317999757252,0.041509891977181676,0.4120645709430755,0.03325646316300523,0.41048670955213007,0.028158757130719744
Triangle,0.3970771921059205,0.003622283287534349,0.3970771921059205,0.003622283287534349,0.3945790657007245,0.003622283287534349,0.3934549088183862,0.0037471896077941828,0.3934549088183862,0.007244566575068698,0.3934549088183862,0.007244566575068698,0.3934549088183862,0.007244566575068698,0.3934549088183862,0.007244566575068698,0.38795903072695476,0.023732200849362967,0.3061453909567823,0.12615538346240326,0.16650012490632013,0.3063952035973021,0.06282787909068197,0.4579065700724458,0.0002498126405195641,0.5534599050711965,0.0,0.6045465900574568,0.07007244566575066,0.6247814139395453,0.2618036472645516,0.6345241069198101,0.5477142143392456,0.6393954534099425,0.7952785410941795,0.644266799900075,0.9416687484386709,0.6205345990507117,1.0,0.5472145890582063,0.9529103172620534,0.4465400949288032,0.8443667249562827,0.3312515613290031,0.7128403697227077,0.225580814389208,0.5914314264301772,0.1416437671746189,0.5026230327254559,0.08518611041718711,0.4411691231576319,0.048088933300025,0.4015738196352736,0.025855608293779673,0.37809143142643015,0.012240819385460908,0.3633524856357731,0.004871346490132427,0.36085435923057707,0.0
Triangle,0.5304809843400446,0.004054809843400447,0.5304809843400446,0.0,0.5304809843400446,0.0,0.5304809843400446,0.0,0.5304809843400446,0.0,0.5328579418344519,0.0,0.5345357941834451,0.0004194630872483023,0.5295022371364653,0.014121923937360163,0.4614093959731544,0.0939597315436241,0.3207494407158836,0.24608501118568227,0.17519574944071584,0.42239932885906045,0.06277964205816547,0.5817953020134229,0.0,0.6717002237136465,0.007690156599552477,0.6915548098434005,0.12891498881431737,0.6560402684563759,0.35961968680089446,0.6314317673378076,0.6305928411633106,0.6215044742729307,0.8685682326621923,0.6276565995525728,1.0,0.6196868008948546,0.9916107382550335,0.546420581655481,0.902684563758389,0.43973713646532436,0.7849552572706937,0.3228467561521255,0.6888982102908278,0.22175615212527958,0.6234619686800895,0.14653243847874733,0.5829138702460851,0.09941275167785248,0.5597035794183445,0.07005033557046983,0.5507550335570469,0.05313199105145418,0.5507550335570469,0.044742729306487726,0.5507550335570469,0.03859060402684565,0.5507550335570469,0.03649328859060403
Triangle,0.4281727735986411,0.024629944188303807,0.4281727735986411,0.024629944188303807,0.4281727735986411,0.024629944188303807,0.4281727735986411,0.024629944188303807,0.4281727735986411,0.024629944188303807,0.4281727735986411,0.024629944188303807,0.4281727735986411,0.025600582382916785,0.4194370298471245,0.04622664401844213,0.3512496966755641,0.12982285852948314,0.20092210628488225,0.30550837175442863,0.06879398204319338,0.4922348944430965,0.0,0.6079834991506917,0.008978403300169852,0.6663431206017955,0.1363746663431206,0.6892744479495266,0.36653724824071826,0.7082018927444794,0.6623392380490172,0.7532152390196554,0.8955350643047804,0.7808784275661246,1.0,0.7486047075952438,0.9713661732589176,0.647658335355496,0.8603494297500605,0.4979373938364472,0.7355010919679688,0.35525357922834233,0.6139286580926957,0.22809997573404495,0.5311817520019411,0.12994418830380958,0.480829895656394,0.0677020140742537,0.4520747391409852,0.030939092453288065,0.43351128366901237,0.012375636981315226,0.4248968696918224,0.003761223004125217,0.418951710749818,0.0,0.4140985197767532,0.0,0.4140985197767532,0.0
Triangle,0.3689494442452492,0.0,0.3689494442452492,0.0,0.36787378988884906,0.0,0.3654834468746265,0.0,0.35986614079120355,0.0,0.3585514521333812,0.0,0.3585514521333812,0.0,0.3585514521333812,0.0,0.3585514521333812,0.0,0.3585514521333812,0.0031074459184892715,0.32174016971435393,0.04565555157165058,0.2005497788932711,0.18310027488944672,0.06955898171387591,0.3544878690092029,0.0028684116170670125,0.4583482729771723,0.0,0.5037647902474006,0.08031552527787733,0.5037647902474006,0.2746504123341699,0.47687343133739696,0.5300585634038485,0.4526114497430382,0.7831958886100154,0.4381498745069918,0.9441854906179038,0.4204613362017451,1.0,0.3734910959722719,0.9194454404207003,0.2993904625313732,0.7667025218118799,0.21417473407433954,0.5875463128959006,0.136488586112107,0.4394645631648141,0.0898768973347675,0.3475558742679574,0.05712919803991873,0.299151428229951,0.037886936775427274,0.2785944783076371,0.02880363332138162,0.2672403489900801,0.02772797896498148,0.261503525755946,0.02772797896498148
Triangle,0.39171207704980354,0.06982638448865795,0.38803700418197945,0.06982638448865795,0.38803700418197945,0.06982638448865795,0.38803700418197945,0.06982638448865795,0.38803700418197945,0.06982638448865795,0.38803700418197945,0.06982638448865795,0.38803700418197945,0.06982638448865795,0.38803700418197945,0.0719807375491066,0.376378152325434,0.08883538208085158,0.28209352426815365,0.18641490305411224,0.13065517678367758,0.3654796603725765,0.03865162843746036,0.49207958433658594,0.0,0.5582308959574198,0.04346724116081613,0.5714104676213407,0.17564313775186918,0.5468254974021036,0.4250411861614497,0.5072867824103409,0.697756938284121,0.47978709922696744,0.8984919528576859,0.46103155493600306,1.0,0.427955899125586,0.9942973007223419,0.36611329362564954,0.9092637181599289,0.28500823723228974,0.7703713090863007,0.20263591433278408,0.6332530731212772,0.1317957166392092,0.5278164998099099,0.07565581041693065,0.45330122924851085,0.04181979470282595,0.4104676213407679,0.017868457736662006,0.3839817513623114,0.00354834621720945,0.36826764668609807,0.0,0.3610442276010644,0.0,0.3549613483715625,0.0
Triangle,0.36501248439450684,0.03167915106117353,0.36501248439450684,0.03167915106117353,0.3725031210986266,0.03167915106117353,0.3751560549313358,0.03167915106117353,0.3785892634207241,0.03167915106117353,0.3785892634207241,0.03167915106117353,0.3785892634207241,0.03167915106117353,0.3745318352059925,0.051966292134831435,0.29166666666666674,0.15589887640449432,0.1571473158551811,0.32256554307116103,0.05040574282147323,0.48189762796504365,0.0,0.5820848938826466,0.024500624219725316,0.6239076154806492,0.18695380774032477,0.6034644194756553,0.42805867665418207,0.555087390761548,0.6783707865168537,0.5166978776529338,0.8714107365792757,0.4939138576779026,0.9903245942571787,0.4647315855181023,1.0,0.4010611735330836,0.9225967540574284,0.31647940074906383,0.7926029962546816,0.22237827715355804,0.6771223470661673,0.13904494382022467,0.5961298377028714,0.07365792759051187,0.5432272159800251,0.03355181023720353,0.5068664169787767,0.009987515605493153,0.4840823970037452,0.0,0.4712858926342072,0.0,0.46457553058676654,0.0,0.46457553058676654,0.0,0.46457553058676654,0.0
Triangle,0.4664638783269962,0.0044106463878327,0.4664638783269962,0.0,0.4664638783269962,0.0,0.4664638783269962,0.0,0.4664638783269962,0.0,0.4664638783269962,0.0,0.4664638783269962,0.0,0.45825095057034226,0.008212927756653979,0.3832699619771863,0.07756653992395433,0.19878326996197726,0.25155893536121665,0.06326996197718629,0.3803802281368821,0.0,0.44304182509505713,0.029353612167300223,0.43923954372623586,0.15498098859315565,0.4258555133079849,0.36806083650190086,0.42007604562737644,0.6089733840304181,0.42342205323193916,0.8421292775665399,0.4197718631178707,0.9881368821292776,0.38220532319391637,1.0,0.3014448669201522,0.8801520912547529,0.20106463878326994,0.7359695817490494,0.12304182509505705,0.6173384030418253,0.07422053231939171,0.5440304182509506,0.04790874524714828,0.4956653992395439,0.03178707224334603,0.47163498098859324,0.030874524714828898,0.45825095057034226,0.030874524714828898,0.45125475285171107,0.03726235741444862,0.4445627376425856,0.04395437262357418,0.44441064638783273,0.048517110266159694,0.44441064638783273,0.048517110266159694
Triangle,0.6522572773226427,0.0,0.6522572773226427,0.0,0.6480739062227646,0.0,0.6421474638312709,0.0,0.6421474638312709,0.0,0.6421474638312709,0.0,0.6421474638312709,0.0,0.6149555516820641,0.01812794143280456,0.4359421300331186,0.17395851490325948,0.20463656963569826,0.4232177096043227,0.06327348788565462,0.5816628900122017,0.004183371099878075,0.6665504619138924,0.0,0.6970542095171696,0.05926442391493825,0.7019348091336935,0.21457207599790828,0.6684678403346698,0.48073906222764473,0.6083318807739239,0.7374934634826564,0.5574341990587417,0.912846435419209,0.5243158445180408,1.0,0.4603451281157401,0.9850095868921042,0.35558654348962904,0.909883214223462,0.2360118528847831,0.8347568415548199,0.16071117308697933,0.7693916681192263,0.1141711696008368,0.7148335366916511,0.09081401429318471,0.6695136831096394,0.08122712218929763,0.6402300854104933,0.0758236011852885,0.6193132299111035,0.0758236011852885,0.6058915809656618,0.0758236011852885,0.6017082098657837,0.0758236011852885,0.6017082098657837,0.0758236011852885
Triangle,0.6920429236687589,0.0,0.6920429236687589,0.0,0.6920429236687589,0.0,0.6920429236687589,0.0,0.6920429236687589,0.0,0.6920429236687589,0.0,0.689005871633934,0.0,0.6535735978943106,0.01842478234460419,0.46932577444826884,0.16541810083012765,0.24600121482081397,0.3739623405547683,0.10872646284673006,0.5069852196800974,0.030370520348248532,0.5768374164810692,0.0,0.6167240332051024,0.06641020449483694,0.6187487345616522,0.27292974286292787,0.6165215630694473,0.5756225956671397,0.6351488155497067,0.8165620570965784,0.6620773435918202,0.9651751366673417,0.6523587770803807,1.0,0.5594249848147399,0.9406762502530875,0.41567118849969603,0.845920226766552,0.2709050415063777,0.7904434095970845,0.16157116825268278,0.7584531281635958,0.09759060538570545,0.7392184652763717,0.061955861510427285,0.7209961530674227,0.046568131200647817,0.7116825268272932,0.037254504960518284,0.7037861915367484,0.03522980360396842,0.7037861915367484,0.03522980360396842,0.6979145576027537,0.03522980360396842,0.6979145576027537,0.03522980360396842
Triangle,0.708159866777685,0.06036636136552871,0.708159866777685,0.06036636136552871,0.708159866777685,0.06036636136552871,0.708159866777685,0.06036636136552871,0.708159866777685,0.06036636136552871,0.708159866777685,0.06036636136552871,0.708159866777685,0.06036636136552871,0.669233971690258,0.08305578684429642,0.49562864279766855,0.24292256452955863,0.2258534554537886,0.5376769358867607,0.06786011656952545,0.7067027477102411,0.0,0.7795587010824313,0.03497085761865109,0.8170274771024146,0.21565362198168142,0.8480432972522896,0.5705661948376353,0.929017485428809,0.8324313072439631,0.9993755203996668,0.9804329725228973,0.9808492922564527,1.0,0.8014154870940885,0.9423397169025811,0.554537885095754,0.8834304746044962,0.3436719400499584,0.8515820149875103,0.20191507077435494,0.8347210657785178,0.11948376353039138,0.8288925895087427,0.06869275603663613,0.8382597835137385,0.03726061615320572,0.852414654454621,0.013322231473771966,0.8621981681931723,0.0029142381348875694,0.8651124063280599,0.0,0.8605328892589508,0.0,0.8590757701915069,0.0,0.8530391340549541,0.0
Triangle,0.5508942002339963,0.0484706668895203,0.5508942002339963,0.04362360020056827,0.5508942002339963,0.04362360020056827,0.5508942002339963,0.04362360020056827,0.5508942002339963,0.04362360020056827,0.5455457128530837,0.04362360020056827,0.5376901220123683,0.047133545044292124,0.46916262744442583,0.0944342303192378,0.31221795086077214,0.229316396456627,0.1612903225806453,0.3693799097442753,0.06301186695637652,0.45779709175998645,0.008189871302022398,0.5047634965736251,0.0,0.5305030920942669,0.06351328764833677,0.5328430553234162,0.2585659368209929,0.5249874644827008,0.5259903058666219,0.5186361357178672,0.7828848403810794,0.5186361357178672,0.9399966571953865,0.5159618920274108,1.0,0.4942336620424536,0.9727561424034764,0.4394116663880996,0.9000501420691962,0.34715025906735786,0.7910747116831021,0.25020892528831673,0.6984790239010528,0.1669730904228647,0.6398128029416681,0.09861273608557589,0.5970249038943674,0.05582483703827512,0.567608223299348,0.03125522313220786,0.5502256393113821,0.013872639144242001,0.5423700484706669,0.006017048303526648,0.5345144576299514,0.0,0.5266588667892361,0.0
Triangle,0.4115663900414938,0.09776970954356846,0.4115663900414938,0.09776970954356846,0.4115663900414938,0.09776970954356846,0.4115663900414938,0.09776970954356846,0.4115663900414938,0.09776970954356846,0.4050829875518673,0.09867738589211618,0.38096473029045635,0.11709024896265562,0.272432572614108,0.2100622406639003,0.1321317427385892,0.35373443983402486,0.04175311203319495,0.45280082987551873,0.0,0.5072614107883818,0.008169087136929449,0.5294346473029047,0.09893672199170135,0.5302126556016598,0.280990663900415,0.5302126556016598,0.5509595435684645,0.5302126556016598,0.7878630705394192,0.5302126556016598,0.9346473029045644,0.5238589211618259,1.0,0.4950726141078839,0.9674533195020746,0.4443724066390041,0.8670902489626555,0.37707468879668055,0.7418309128630706,0.3026452282157676,0.6142375518672198,0.2248443983402488,0.5041493775933611,0.14963692946058085,0.41403008298755195,0.09219398340248965,0.3491960580912863,0.0543309128630705,0.30614626556016605,0.027748962655601665,0.2813796680497926,0.013874481327800779,0.26452282157676354,0.003371369294605828,0.25907676348547715,0.0,0.2573910788381743,0.0
Triangle,0.3862392494136045,0.0,0.3862392494136045,0.0,0.3862392494136045,0.0,0.3913995308835028,0.0,0.3976544175136827,0.0,0.3998436278342456,0.0,0.3985926505082096,0.0025019546520719206,0.37748240813135275,0.03283815480844409,0.291790461297889,0.1458952306489447,0.1510555121188428,0.3566849100860049,0.05379202501954651,0.5271305707584051,0.0,0.6283033620015639,0.018764659890539628,0.6670836591086787,0.138389366692729,0.6584831899921815,0.36794370602032844,0.6278342455043002,0.640031274433151,0.6028146989835809,0.8465989053948398,0.5827990617670055,0.9699765441751372,0.5308835027365127,1.0,0.4470680218921031,0.9014855355746677,0.3468334636434715,0.7415168100078185,0.24581704456606723,0.5851446442533226,0.16950742767787325,0.4747458952306491,0.12666145426114145,0.40656763096168874,0.09241594996090698,0.3621579358874121,0.06661454261141511,0.3455824863174356,0.0500390930414386,0.3369820172009382,0.037529319781078936,0.33182173573103996,0.030648944487881104,0.33182173573103996,0.024394057857701337,0.33182173573103996,0.018139171227521504
Triangle,0.6422928904192831,0.03524407534940247,0.6422928904192831,0.03524407534940247,0.6422928904192831,0.03524407534940247,0.6422928904192831,0.03524407534940247,0.6422928904192831,0.03524407534940247,0.6437107555195464,0.029370062791168727,0.6522179461211263,0.029370062791168727,0.6566740935790967,0.03180068867733447,0.5882114644520963,0.07798258051448251,0.42556208223617575,0.197893457565323,0.2185537775977317,0.35953007899534123,0.07271622442779016,0.4822766862467085,0.0012153129430829532,0.5537775977314159,0.0,0.5902369860239012,0.08243872797245279,0.5900344338667208,0.2525825400040514,0.5687664573627709,0.46992100465869996,0.5511444196880698,0.6923232732428602,0.5426372290864898,0.8590236986023901,0.5345351427992708,0.9574640469921009,0.5284585780838565,1.0,0.5001012760785905,0.9611099858213489,0.43629734656674096,0.8744176625481063,0.34454121936398613,0.7749645533724937,0.24427790155965173,0.6902977516710553,0.1596110998582134,0.6291270002025523,0.09256633583147679,0.5857808385659307,0.04922017419485518,0.5588414016609279,0.022280737289852196,0.5450678549726555,0.008507190601579838,0.5365606643710756,0.0
Triangle,0.5380952380952381,0.0,0.5380952380952381,0.0,0.5380952380952381,0.0,0.5380952380952381,0.0,0.5403940886699508,0.0,0.5428571428571428,0.0004926108374384003,0.5290640394088671,0.01855500821018065,0.431855500821018,0.10919540229885064,0.21428571428571427,0.30509031198686365,0.07520525451559952,0.45894909688013125,0.0,0.5477832512315272,0.0472906403940886,0.5666666666666667,0.2009852216748768,0.5550082101806241,0.4247947454844003,0.5476190476190477,0.6684729064039411,0.5574712643678161,0.858456486042693,0.5729064039408865,0.967487684729064,0.5761904761904761,1.0,0.5435139573070609,0.9592775041050905,0.4702791461412154,0.8784893267651888,0.36239737274220046,0.781937602627258,0.24860426929392482,0.6793103448275861,0.15073891625615754,0.6083743842364532,0.07980295566502464,0.5600985221674878,0.03284072249589493,0.530049261083744,0.010509031198686325,0.50935960591133,0.002298850574712625,0.49934318555008195,0.0,0.49523809523809526,0.0,0.49523809523809526,0.0,0.49523809523809526,0.0
Triangle,0.6544510612307224,0.0044281569705298535,0.6544510612307224,0.0044281569705298535,0.6552145365704688,0.003664681630783405,0.6588792182012522,0.0,0.6588792182012522,0.0,0.6588792182012522,0.0,0.6588792182012522,0.0,0.6498702091922431,0.007634753397465238,0.5307680561917851,0.09344938158497494,0.30218353947167503,0.2740876469690031,0.12261413956329195,0.41914796152084305,0.025500076347533866,0.5005344327378227,0.0,0.5448160024431213,0.08062299587723303,0.5463429531226142,0.259581615513819,0.5339746526187207,0.4983967017865326,0.5234386929302185,0.7358375324477022,0.5269506794930525,0.9080775690945184,0.5269506794930525,0.9972514887769126,0.519621316231486,1.0,0.4809894640403115,0.9347992059856469,0.40112994350282494,0.8389067033134833,0.2968392120934495,0.7445411513208121,0.1884257138494424,0.6662085814628188,0.10917697358375318,0.6178042449228888,0.0604672469079248,0.5926095587112538,0.031149793861658313,0.5781035272560697,0.016643762406474284,0.574744235761185,0.01328447091158956,0.574744235761185,0.01328447091158956,0.574744235761185,0.01328447091158956
Triangle,0.5626483777367449,0.07267211817462411,0.5626483777367449,0.07267211817462411,0.5626483777367449,0.07267211817462411,0.5655499868108679,0.06977050910050119,0.5677921392772356,0.0688472698496439,0.5702980743867053,0.0688472698496439,0.5663413347401741,0.07082563967290954,0.5271696122395146,0.10195199155895546,0.3620416776576102,0.22276444209970983,0.16249010815088355,0.3795832234238987,0.039963070429965664,0.4783698232656292,0.0,0.5270377209179636,0.049063571616987565,0.5354787654972303,0.1978369823265628,0.5354787654972303,0.4115009232392511,0.5370614613558428,0.6572144552888424,0.5582959641255605,0.8537325243998946,0.5871801635452387,0.9734898443682405,0.6077552097072012,1.0,0.5857293590081772,0.9492218412028487,0.5150356106568185,0.858744394618834,0.4035874439461883,0.7604853600633078,0.27960960168820903,0.6676338696913743,0.17462410973357922,0.5995779477710366,0.10010551305724066,0.5575046161962542,0.05222896333421253,0.5321814824584543,0.024399894486942766,0.5196518069111052,0.006726457399103147,0.5167501978369823,0.0006594566077551422,0.5167501978369823,0.0,0.5167501978369823,0.0
Triangle,0.625859434682964,0.0,0.625859434682964,0.0,0.625859434682964,0.0,0.625859434682964,0.0,0.625859434682964,0.0,0.625859434682964,0.0,0.625859434682964,0.0,0.625859434682964,0.0,0.5945378151260502,0.028647822765469882,0.43411000763941954,0.16577540106951863,0.19060351413292578,0.40508021390374344,0.043926661573720306,0.5553857906799083,0.0,0.6228036669213138,0.08747135217723458,0.617265087853323,0.2944996180290297,0.5972116119174942,0.5878533231474407,0.6017952635599693,0.8508403361344535,0.6119174942704354,1.0,0.6046600458365164,0.9619938884644765,0.51890756302521,0.807677616501146,0.3861726508785333,0.6688311688311684,0.26451489686783786,0.5672268907563024,0.16711229946524053,0.4957983193277311,0.11268143621084793,0.4530175706646295,0.08231474407944994,0.4295263559969443,0.06799083269671508,0.4209320091673033,0.06092436974789916,0.42112299465240643,0.06092436974789916,0.4302902979373567,0.057104660045836586,0.4320091673032849,0.05538579067990832,0.4320091673032849,0.05538579067990832
Triangle,0.48603266676843226,0.05312166081514272,0.48603266676843226,0.05312166081514272,0.48603266676843226,0.05312166081514272,0.4840482369103954,0.05312166081514272,0.48160586170050373,0.05312166081514272,0.48160586170050373,0.05312166081514272,0.48160586170050373,0.05312166081514272,0.4704625248053732,0.056479926728743704,0.4174935124408487,0.08868874980918934,0.28102579758815455,0.18699435200732709,0.12578232330941855,0.3175087772859105,0.03404060448786451,0.40192337047778964,0.0,0.4434437490459472,0.06136467714852717,0.44710731186078456,0.2192031750877731,0.44710731186078456,0.4413066707372924,0.45138146847809496,0.7072202717142423,0.4776370019844298,0.8974202411845518,0.4932071439474889,0.9977102732407266,0.4910700656388336,1.0,0.4483284994657304,0.9190963211723399,0.37398870401465417,0.8177377499618378,0.2785834223782626,0.72202717142421,0.18562051595176313,0.6408181956953136,0.1109754235994504,0.5803694092504958,0.0596855441917263,0.5379331399786291,0.030071744771790605,0.5141199816821858,0.012822469851931024,0.49916043352159967,0.004274156617310299,0.49259655014501597,0.0,0.48603266676843226,0.0
Triangle,0.535158093440302,0.031933301871952174,0.535158093440302,0.031933301871952174,0.5310681138901996,0.031933301871952174,0.5290231241151485,0.031933301871952174,0.5260342929054584,0.031933301871952174,0.5260342929054584,0.031933301871952174,0.5260342929054584,0.031933301871952174,0.5247758376592732,0.031933301871952174,0.5115620575743276,0.03728173666823965,0.4637407582192856,0.0755073147711185,0.3227937706465313,0.19443133553562983,0.15526191599811232,0.3440302029259084,0.049079754601226995,0.44958313669970107,0.0,0.5137643542551517,0.03728173666823965,0.5408211420481358,0.16611609249646073,0.5474280320906086,0.3643227937706466,0.5474280320906086,0.6153846153846152,0.5502595563945257,0.8291647003303446,0.5568664464369986,0.9537517697026898,0.556394525719679,1.0,0.5211577788264904,0.956897907818153,0.4498977505112472,0.8645587541293062,0.3561428346704419,0.7662419380210792,0.2584552461853075,0.680666981280478,0.1728802894447065,0.6133396256095643,0.10193487494100999,0.5598552776466885,0.05505741702060726,0.5246185307535,0.0259556394525719,0.5073147711184519,0.00865187981752401,0.49410099103350635,0.0
Triangle,0.5345823355402168,0.012255247217918014,0.5345823355402168,0.012255247217918014,0.5345823355402168,0.012255247217918014,0.5345823355402168,0.012255247217918014,0.5345823355402168,0.012255247217918014,0.5345823355402168,0.008592759543597669,0.5293703338498379,0.008170164811945343,0.5210593041273419,0.008170164811945343,0.49978870263417374,0.030426820678968815,0.3932948302577825,0.12396112128468817,0.2258064516129031,0.2842653894914777,0.09916889702775028,0.42527116495281014,0.02591914354134382,0.5131708691364981,0.0,0.5579659106916467,0.0391604451331173,0.5571207212283418,0.14058318072968026,0.5430342301732637,0.29116777010846606,0.5307789829553456,0.49387237639104115,0.5269756303704747,0.7079870404282296,0.5269756303704747,0.8701225524721792,0.52613044090717,0.9684462600366249,0.513311734047049,1.0,0.4749964783772361,0.9547823637131988,0.41470629666150155,0.8782927172841245,0.33554021693196207,0.7941963656853077,0.2510212706014931,0.7212283420200026,0.1704465417664457,0.6627694041414279,0.10071841104380864,0.6226229046344555,0.0512748274404845,0.593886462882096,0.02000281729821103,0.5754331595999436,0.0
Triangle,0.5481014558006903,0.00870478763319826,0.5481014558006903,0.00870478763319826,0.5481014558006903,0.00870478763319826,0.5481014558006903,0.00870478763319826,0.5481014558006903,0.00870478763319826,0.5481014558006903,0.00870478763319826,0.5357946870778929,0.01575866726699672,0.45324928710790946,0.08509680324178291,0.2820051028065436,0.24313372354795135,0.109560258141978,0.40522287257991896,0.012606933813597376,0.5036770223622993,0.0,0.554705087798289,0.07429085997298483,0.5710640852468858,0.23157736755215338,0.5776677172444844,0.46075341437790746,0.585321927059883,0.7050877982890588,0.5985291910550803,0.8830856971334232,0.604982740507279,0.984691580369203,0.5946270448746812,1.0,0.5338436139876934,0.9213567462104156,0.4305868227525138,0.8332582920606333,0.3139726849767372,0.7474110760918508,0.20921506828755834,0.6752213717544648,0.12711991595377453,0.6208914903196757,0.06888788833858629,0.5905748161488821,0.0319675821701937,0.570763920156086,0.01365751163139728,0.5592075641602882,0.002401320726399571,0.5526039321626894,0.0,0.5460003001650907,0.0,0.5437490619840912,0.0
Triangle,0.5641220215510699,0.0,0.5641220215510699,0.0,0.5641220215510699,0.0,0.5641220215510699,0.0,0.5641220215510699,0.0,0.5641220215510699,0.0,0.5641220215510699,0.0,0.5641220215510699,0.0,0.5522841098801032,0.0074366368189405984,0.48717559568978597,0.06677796327212013,0.3220519046896342,0.21930490210957654,0.14964334496888743,0.3971771133707695,0.04446805281529833,0.5170739110638943,0.0,0.5812718166641373,0.022309910456821794,0.6029746547275763,0.12581575352860813,0.6029746547275763,0.30490210957656677,0.6041887995143421,0.546213385946274,0.6213385946274093,0.7770526635301258,0.6409166793140083,0.9245712551221734,0.6397025345272425,1.0,0.602519350432539,0.9896797693124905,0.5272423736530585,0.8999848231901652,0.4205494005160115,0.8116557899529521,0.30702686295340736,0.7315222340264079,0.20154803460312673,0.6595841554105328,0.11367430566095015,0.6095006829564426,0.058582485961450964,0.5736834117468507,0.02276521475185921,0.5533464865685233,0.006677796327212038,0.5377143724389133,0.004401274852026104
Triangle,0.5565823605706874,0.023508430609597925,0.5565823605706874,0.023508430609597925,0.5565823605706874,0.023508430609597925,0.5565823605706874,0.023508430609597925,0.5522049286640727,0.023508430609597925,0.5518806744487678,0.023508430609597925,0.5518806744487678,0.023508430609597925,0.5418287937743189,0.02885862516212712,0.4763294422827496,0.09435797665369657,0.3043125810635538,0.2806420233463034,0.1402399481193255,0.4734111543450064,0.043612191958495486,0.595817120622568,0.0,0.6571011673151751,0.05074578469520121,0.6637483787289233,0.1943904020752272,0.6428339818417639,0.4046692607003893,0.6288910505836576,0.6454280155642025,0.6219195849546044,0.8393320363164722,0.6196498054474708,0.9593060959792479,0.5964656290531775,1.0,0.5356679636835278,0.9413099870298314,0.442769130998703,0.8584630350194552,0.3334954604409855,0.7649156939040208,0.2347600518806745,0.6687743190661477,0.15499351491569371,0.5976005188067441,0.08803501945525262,0.5502594033722437,0.04101815823605704,0.5205901426718545,0.015726329442282583,0.4998378728923475,0.0045395590142671485,0.48832684824902717,0.0,0.481355382619974,0.0
Triangle,0.5573743110071824,0.12109570736595959,0.5573743110071824,0.11959245030900278,0.5573743110071824,0.1162518790713212,0.5573743110071824,0.1162518790713212,0.5573743110071824,0.1162518790713212,0.5573743110071824,0.1162518790713212,0.5573743110071824,0.1162518790713212,0.5565391681977621,0.1162518790713212,0.5455152831134126,0.12560547853682974,0.4880574578252883,0.18941038917654904,0.3447469517287458,0.3497578085852678,0.18105896108234523,0.5385000835142809,0.06881576749624195,0.6818105896108232,0.0,0.7715049273425757,0.004008685485218058,0.8105896108234507,0.09604142308334734,0.8010689827960581,0.26674461332887917,0.7756806413896778,0.5086019709370301,0.7578085852680808,0.7285785869383664,0.7451144145648905,0.8946049774511441,0.7367629864706866,0.9906464005344915,0.7078670452647404,1.0,0.6357107065308165,0.9435443460831803,0.5284783698012362,0.8794053783196928,0.40871889093034924,0.8052446968431605,0.29029564055453505,0.7300818439953232,0.18339736094872208,0.6712877902121264,0.09871388007349244,0.6305328211124105,0.047102054451311146,0.6054785368297979,0.015700684817103717,0.591281109069651,0.0
Triangle,0.48315972222222225,0.025173611111111115,0.47621527777777795,0.025173611111111115,0.4730902777777778,0.025173611111111115,0.4730902777777778,0.025173611111111115,0.4730902777777778,0.025173611111111115,0.46857638888888903,0.025173611111111115,0.46163194444444444,0.027951388888888953,0.425,0.06493055555555559,0.29236111111111096,0.1963541666666667,0.128472222222222,0.3789930555555558,0.023437499999999896,0.4939236111111113,0.0,0.5564236111111112,0.07222222222222234,0.5633680555555557,0.223090277777778,0.5447916666666667,0.42361111111111105,0.5321180555555556,0.6701388888888891,0.5286458333333334,0.8515625000000003,0.5286458333333334,0.9583333333333336,0.5173611111111112,1.0,0.46180555555555547,0.955034722222222,0.3720486111111112,0.8697916666666665,0.26493055555555545,0.7677083333333331,0.1635416666666664,0.667013888888889,0.09184027777777778,0.5913194444444445,0.04357638888888893,0.546527777777778,0.019097222222222203,0.5211805555555556,0.0076388888888889095,0.5090277777777776,0.0006944444444444593,0.5083333333333334,0.0,0.5114583333333335,0.0,0.5133680555555556,0.0
Triangle,0.5111695137976346,0.052398160315374503,0.5041064388961891,0.052398160315374503,0.4970433639947437,0.04779894875164261,0.48998028909329827,0.047634691195795005,0.4829172141918525,0.047634691195795005,0.4825886990801576,0.047634691195795005,0.4825886990801576,0.047634691195795005,0.47716819973718766,0.05962549277266756,0.40259526938239143,0.13304862023653094,0.22552562417871203,0.3015768725361367,0.07342312746386324,0.46074244415243093,0.0,0.5486202365308803,0.038272010512483745,0.5829500657030223,0.19250985545335114,0.5772010512483573,0.43643232588699105,0.5560118265440209,0.6944809461235218,0.5325229960578187,0.8823915900131407,0.49375821287779237,0.9876806833114322,0.45137976346911957,1.0,0.40571616294349544,0.9577858081471744,0.33787779237844934,0.8597240473061759,0.2531208935611038,0.7550919842312744,0.1696780551905386,0.6691852825229961,0.10496057818659661,0.6029894875164254,0.059954007884362635,0.5591327201051248,0.034494086727989405,0.5343298291721419,0.018725361366622856,0.522831800262812,0.011662286465177342,0.5159329829172141,0.004599211563731894,0.5159329829172141,0.0,0.5159329829172141,0.0
Triangle,0.6252938410907382,0.06362639084782949,0.6252938410907382,0.06362639084782949,0.6252938410907382,0.06362639084782949,0.6268609935746747,0.06362639084782949,0.6370474847202632,0.06002194013477507,0.6445698166431595,0.05453690644099671,0.6511518570756935,0.05453690644099671,0.5999059708509641,0.0924619965522645,0.3994671681554617,0.22566995768688294,0.1857075693464974,0.3704748472026328,0.06064880112834988,0.45823538630308736,0.0,0.5028992320952829,0.034163924149819926,0.5135558689860523,0.1573421093872435,0.5097947030246042,0.3646763830120669,0.5044663845792196,0.6016298385832946,0.5044663845792196,0.8106879799404481,0.5044663845792196,0.9385676226296819,0.5016455101081335,0.9985895627644569,0.4892650054850336,1.0,0.44460115969283803,0.9670897978373296,0.36122864754740636,0.8981350885441154,0.2581100141043723,0.8152327221438647,0.1672151700360444,0.73985268766651,0.09779031499764929,0.6909575301676854,0.05202946246669796,0.6633756464503998,0.02538787023977429,0.649584704591757,0.015201379094185832,0.6484876978530013,0.008619338661651736,0.6550697382855353,0.004544742203416392,0.6661965209214857,0.0
Triangle,0.6467783877492056,0.04608494654724069,0.6467783877492056,0.04608494654724069,0.6467783877492056,0.04608494654724069,0.6425888471540019,0.04608494654724069,0.6425888471540019,0.04608494654724069,0.6366657035538864,0.04608494654724069,0.61167292689974,0.06110950592314363,0.49913319849754395,0.1417220456515459,0.3061253972840218,0.27882114995666,0.1360878358855822,0.4183761918520659,0.032649523259173696,0.5066454781854955,0.0,0.5472406818838487,0.03900606761051725,0.5530193585668883,0.1691707598959841,0.5476740826350767,0.36521236636810206,0.5414620052008091,0.5889916209188099,0.5498410863912165,0.7850332273909276,0.5560531638254841,0.9186651256862182,0.55547529615718,0.9882981797168451,0.5372724646056054,1.0,0.4947991909852644,0.9724068188384861,0.4182317249349899,0.9360011557353368,0.331840508523548,0.8925166136954641,0.25108350187807,0.8309737070210923,0.17538283733025128,0.7713088702687083,0.1119618607338917,0.7204565154579603,0.06977752094770295,0.6854955215255708,0.04102860444958097,0.6631031493787926,0.02065876914186645,0.6466339208321296,0.008234614273331376,0.6342097659635945,0.0
Triangle,0.6740603001726656,0.0,0.6740603001726656,0.0,0.6740603001726656,0.0,0.6702085270288218,0.0,0.6702085270288218,0.0,0.6702085270288218,0.0,0.6702085270288218,0.0,0.6702085270288218,0.0005312790543232946,0.6589188471244521,0.019657325009961462,0.5604994023110639,0.11701421171470325,0.322486385974233,0.3438703679107451,0.1312259264178509,0.5315446938504449,0.02629831318900248,0.636737946606455,0.0,0.68933457298446,0.08088723602071976,0.6869438172400051,0.2677646433789349,0.659051666888033,0.5197237348917518,0.6412538185682028,0.7572054721742593,0.6269092841014743,0.921503519723735,0.610838092708195,1.0,0.5693983264709787,0.9981405233098686,0.49873821224598225,0.9351839553725592,0.40656129632089244,0.844866516137601,0.30947004914331233,0.7625182627174922,0.22592641785097622,0.6899986718023641,0.15367246646300958,0.633018993226192,0.10227121795723207,0.5959622791871432,0.06826935848054193,0.5727188205604993,0.04927613228848451,0.5581086465666092,0.04024438836498872,0.5508035595696639,0.038517731438438035
Triangle,0.4734873781220782,0.030987044209963933,0.47228529451048495,0.030987044209963933,0.4696139975958327,0.030987044209963933,0.4696139975958327,0.030987044209963933,0.4696139975958327,0.030987044209963933,0.4696139975958327,0.030987044209963933,0.4696139975958327,0.030987044209963933,0.4657406170695872,0.036863897422198484,0.4433017229865098,0.07078936823827969,0.3301722986509951,0.17977828235608379,0.16989448377187133,0.33230933618271646,0.06437825564311472,0.4565246427140376,0.0,0.536129290770669,0.0030719914518499104,0.5814077734740216,0.101642847602511,0.5952985174302122,0.2767463603579537,0.60544944570589,0.5134232669961264,0.611860558301055,0.7288633631628154,0.6119941231467877,0.8866034459730197,0.6074529183918792,0.9891812474956588,0.5834112461600107,1.0,0.5302524375584347,0.9392279951916654,0.44610658474689446,0.8566849205289168,0.34646720983037255,0.7659943902764791,0.2504340857486311,0.6763723787899023,0.16936022438894077,0.5959663416588752,0.10418057967143038,0.5333244290102843,0.0564979297448911,0.4956591425136903,0.02898357152397487,0.47054895151596093,0.011353011887271263,0.4541204754908507,0.0
Triangle,0.45425574292922577,0.026955251626610006,0.45425574292922577,0.026955251626610006,0.45425574292922577,0.026955251626610006,0.45425574292922577,0.02602576019120967,0.45425574292922577,0.02310450139423715,0.45425574292922577,0.019253751161864292,0.45425574292922577,0.019253751161864292,0.45425574292922577,0.029610941442039566,0.3846766697649715,0.1119373257203558,0.22918603107157082,0.2618510158013542,0.09919001460629398,0.4067188952330366,0.022706147921922736,0.49741070242995616,0.0,0.5533129730447482,0.0802018324259727,0.5631390253618377,0.24007435931483184,0.5522506971185763,0.4615588899216567,0.5468065329969458,0.6884875846501126,0.5491966538308325,0.8613729916345769,0.5545080334616915,0.9636170495286147,0.5527818350816625,1.0,0.5307396096135971,0.9602974372593278,0.46434736422785816,0.8868676138627005,0.3719293586509095,0.806400212455185,0.2747311114061878,0.7227459832691542,0.1896162528216706,0.6463949010755542,0.11870933474970129,0.5744257070774133,0.06772009029345379,0.5233036781303942,0.035453459035984555,0.4901075554375248,0.014075156021776681,0.47058823529411753,0.005444164121630626,0.4581064931615986,0.0
Triangle,0.5188528943175783,0.05005310674455656,0.5280138077535849,0.05005310674455656,0.5333244822092406,0.05005310674455656,0.5381040892193308,0.05005310674455656,0.5381040892193308,0.05005310674455656,0.5381040892193308,0.05350504514073289,0.48884758364312264,0.0939989378651089,0.3394848645778014,0.21933085501858735,0.16542750929368027,0.39192777482740326,0.054434413170472554,0.5029208709506109,0.0,0.572623473181094,0.021242697822623488,0.5961232076473713,0.11895910780669158,0.5844397238449281,0.2644715878916624,0.5596123207647371,0.45791290493892717,0.5443441317047266,0.6464418481147107,0.5363781200212427,0.8134625597450876,0.5351832182687202,0.9182156133828998,0.5351832182687202,0.9851301115241639,0.5256240042485396,1.0,0.48712161444503443,0.9621614445034519,0.414365374402549,0.8979022835900157,0.325677110993096,0.8145246946362189,0.24190122145512488,0.7245087626128518,0.1678173127987253,0.6496282527881041,0.11232076473712155,0.602097716409984,0.0716941051513541,0.5715613382899628,0.04115772703133293,0.5507169410515134,0.02031332979288361,0.5371747211895911,0.0067711099309612395,0.5265533722782794,0.0
Triangle,0.43890204820955836,0.040406855231991085,0.43723004040685537,0.03636616970879198,0.4348613626863593,0.03636616970879198,0.42984533927825,0.04235753100181133,0.4241326459523479,0.0564302633412289,0.40615856207328965,0.09934513027727461,0.2932980353908318,0.2560958617806882,0.14630068273651953,0.46537550508569037,0.04807022432771355,0.6243555803260417,0.0,0.7238400445868747,0.013236728438065955,0.7780409641911664,0.10408248571826659,0.7986623937578378,0.2492684965863174,0.8118991221959037,0.4557614602201479,0.8238818447819424,0.67785983001254,0.8460359481677581,0.8484046258882542,0.8574613348195625,0.9533231155078723,0.8531419813292465,1.0,0.8103664483767592,0.968092517765083,0.7270447262087225,0.8992615298871395,0.6172495471645537,0.8203984951929778,0.497840323254842,0.7461334819562493,0.3806604430820677,0.6775811620454231,0.27657795736380114,0.6261669221123034,0.1950675769820262,0.5747526821791837,0.12832659885746142,0.5192977567228647,0.080535042496865,0.474014212066323,0.04625888254145182,0.4394593841437929,0.022154103385815846,0.41326459523477793,0.007384701128605281,0.39445450745436816,0.0
Triangle,0.42033898305084744,0.017554479418886198,0.42033898305084744,0.014043583535108957,0.42033898305084744,0.016343825665859586,0.41682808716707015,0.027966101694915275,0.41573849878934627,0.04297820823244551,0.38111380145278434,0.1078692493946732,0.20980629539951554,0.3048426150121067,0.06828087167070214,0.5062953995157385,0.0,0.627360774818402,0.008111380145278497,0.6772397094430992,0.11355932203389847,0.6766343825665859,0.3162227602905571,0.6748184019370459,0.5955205811138017,0.6941888619854721,0.8391041162227605,0.7110169491525423,0.9763922518159807,0.7085956416464889,1.0,0.6686440677966101,0.9299031476997577,0.5772397094430992,0.8199757869249392,0.4475786924939465,0.7140435835351087,0.30956416464891,0.6215496368038739,0.185956416464891,0.5359564164648909,0.09612590799031456,0.4728813559322033,0.04116222760290555,0.4307506053268764,0.012590799031476967,0.4060532687651331,0.0033898305084745484,0.3932203389830508,0.0,0.38631961259079906,0.0059322033898305095,0.3799031476997578,0.007021791767554479,0.3746973365617433,0.007021791767554479,0.3746973365617433,0.007021791767554479,0.3746973365617433,0.007021791767554479
Triangle,0.41579731743666165,0.06482861400894188,0.41579731743666165,0.06482861400894188,0.41579731743666165,0.06482861400894188,0.41579731743666165,0.06482861400894188,0.41579731743666165,0.06482861400894188,0.4154779646582925,0.06578667234404939,0.38141366829891427,0.10315094741324253,0.23536299765807964,0.25782414307004475,0.07600596125186299,0.4621034703001916,0.0,0.583883329784969,0.03353204172876281,0.6253991909729616,0.1943793911007025,0.6051735150095806,0.4115392803917393,0.5854800936768151,0.6311475409836061,0.5774962742175858,0.8163721524377264,0.5867575047902918,0.9343197785820736,0.5967638918458591,1.0,0.5960187353629978,0.992122631466894,0.5681285927187567,0.9371939535873963,0.507025761124122,0.8422397274856293,0.4220779220779221,0.744730679156909,0.32765595060677055,0.654566744730679,0.23589525228869487,0.5635512028954651,0.15690866510538648,0.49595486480732376,0.09644453906748988,0.4464551841601021,0.05471577602725151,0.4154779646582925,0.027570789865871873,0.39291036832020443,0.011496700021290255,0.37790078773685337,0.0038322333404300557,0.3683202043857781,0.0,0.36331701085799445,0.0
Triangle,0.48970886210941666,0.0,0.48661618854644345,0.0,0.48661618854644345,0.0,0.4805374853364616,0.002986029647008614,0.46422096619387865,0.020262344033272896,0.4210301802282179,0.07347765809960552,0.30969393196118156,0.21040844619814453,0.17414951477018234,0.3908499520102379,0.06505278873840242,0.5444171909992536,0.006825210621733957,0.6293057481070705,0.0,0.6547936440226085,0.052575450570545045,0.6382638370480965,0.1574064199637412,0.6043510717713555,0.29401727631438646,0.5727844726458355,0.4525967793537381,0.5512424016209876,0.6146955316199214,0.544310547083289,0.7743414738189187,0.5512424016209876,0.9042337634637944,0.5566812413351819,0.9779247093953293,0.5483630158899434,1.0,0.5086914791511143,0.9708862109416658,0.4465180761437559,0.9128719206569264,0.37325370587607976,0.8425935800362586,0.2947637837261383,0.7635704383064945,0.22448544310547083,0.6874266823077742,0.16199210835021854,0.6073371014183642,0.11282926309054069,0.549536098965554,0.07390423376346374,0.508051615655327,0.04521702036898795,0.47467206995840894,0.026767622907113084,0.4525967793537379,0.018556041377839397
Triangle,0.41626464507236394,0.026648288536641397,0.41626464507236394,0.026648288536641397,0.41626464507236394,0.026648288536641397,0.4215483574546291,0.023317252469561223,0.42292671720652425,0.023317252469561223,0.42292671720652425,0.023317252469561223,0.42235240064323454,0.02446588559614062,0.41523087525844254,0.048012864691017676,0.32655639788651514,0.1552951987135308,0.17574086836664385,0.3356305995864919,0.05547898001378367,0.49310820124052374,0.0,0.585688031242821,0.031472547668274765,0.6162416724098323,0.14564668045026422,0.6048702044566966,0.2932460372157131,0.5962554560073513,0.4886285320468642,0.6024580748908798,0.691362278888123,0.6268090971743625,0.8661842407535034,0.6527682058350562,0.9648518263266712,0.6611532276590857,1.0,0.6289915001148632,0.9595681139444062,0.5426142889960948,0.8774408453939812,0.4334941419710543,0.7844015621410522,0.32184700206753974,0.6941189983919137,0.22180105674247672,0.6062485642085917,0.13898460831610382,0.5429588789340685,0.07856650585802902,0.4932230645531816,0.041121065931541446,0.45497358143808875,0.02056053296577077,0.4282104295887894,0.0062026188835285915,0.41293360900528375,0.0
Triangle,0.46752594576498163,0.0,0.46752594576498163,0.0,0.4626715768329428,0.0,0.45396719116170087,0.01255440241044522,0.441078004686977,0.04670237696685637,0.3804820890525611,0.12403749581519918,0.2905925677937731,0.24372279879477732,0.19484432541011062,0.3749581519919652,0.10813525276196856,0.4969869434214933,0.03598928690994313,0.6009373953799799,0.0,0.6725811851355876,0.008536993639102926,0.7038834951456311,0.0843655841981923,0.6973552058921996,0.20806829594911294,0.6786072982926011,0.3634081017743557,0.6648811516571811,0.5180783394710414,0.6555071978573819,0.6866421158352864,0.6645463675929026,0.8473384666889859,0.6739203213927017,0.9569802477402077,0.6796116504854369,1.0,0.6565115500502176,0.9591563441580182,0.597254770672916,0.9077669902912622,0.5071978573819883,0.8443254101104787,0.4062604620020085,0.7698359558085033,0.30716437897556065,0.6871442919317041,0.22614663542015395,0.6024439236692335,0.16806160026782732,0.5411784399062605,0.12219618346166713,0.5092065617676599,0.09089387345162367,0.4814194844325409,0.07733511884834281,0.4626715768329428,0.07281553398058252
Triangle,0.46349384098544233,0.05195968645016798,0.46349384098544233,0.05195968645016798,0.46349384098544233,0.05195968645016798,0.46349384098544233,0.05195968645016798,0.46349384098544233,0.05195968645016798,0.46349384098544233,0.05285554311310193,0.4509518477043673,0.08040313549832033,0.331578947368421,0.19753639417693175,0.15901455767077258,0.3661814109742442,0.04512877939529663,0.4880179171332589,0.0,0.5518477043673014,0.04053751399776044,0.5708846584546473,0.15655095184770454,0.5559910414333706,0.3263157894736844,0.5438969764837626,0.5222844344904818,0.5428891377379621,0.7319148936170214,0.5652855543113102,0.9045912653975366,0.5861142217245241,1.0,0.5866741321388578,0.9916013437849942,0.5453527435610303,0.901231802911534,0.46013437849944006,0.789921612541993,0.357446808510638,0.6791713325867861,0.2518477043673012,0.5670772676371778,0.15946248600223945,0.4816349384098544,0.0834266517357223,0.4188129899216124,0.03840985442329219,0.37861142217245247,0.016013437849944006,0.354535274356103,0.004815229563269865,0.3422172452407614,0.0,0.33628219484882416,0.0,0.3335946248600224,0.0
Triangle,0.514450867052023,0.031186987498319666,0.514450867052023,0.031186987498319666,0.5093426535824708,0.031186987498319666,0.5066541201774432,0.031186987498319666,0.5066541201774432,0.031186987498319666,0.5016803333781421,0.03226240086033071,0.49159833310928874,0.0568624815163328,0.3747815566608414,0.19102029842720797,0.19263341847022442,0.4043554241161446,0.06869202849845409,0.5758838553569028,0.006452480172066054,0.6668907111170856,0.0,0.7103105256082807,0.04906573464175294,0.7100416722677778,0.1552628041403414,0.6897432450598198,0.3103911816104314,0.669175964511359,0.4878343863422502,0.6594972442532597,0.6781825514182014,0.6607070842855223,0.8521306627234841,0.6671595644575885,0.9561769054980506,0.6674284177980911,1.0,0.6444414571851054,0.9794327194515392,0.5873101223282698,0.9253931980104851,0.49751310660034936,0.8702782632074201,0.39360129049603426,0.803333781422234,0.2883452076892055,0.7194515391853744,0.1972039252587713,0.6492808173141551,0.12165613657749694,0.5995429493211454,0.061567414975131046,0.5699690818658422,0.028229600752789345,0.5494018013173813,0.009006586906842315,0.5339427342384728,0.0
Triangle,0.4098449823225455,0.0,0.4098449823225455,0.0,0.4098449823225455,0.0,0.4098449823225455,0.0,0.4098449823225455,0.0,0.4098449823225455,0.0,0.40766929562143045,0.008702746804460119,0.34348653793853673,0.09246668479738912,0.17963013326081043,0.2875985858036443,0.06051128637476206,0.46219744356812614,0.0,0.5617351101441391,5.603954130280909e-17,0.6074245308675551,0.06540658145227078,0.6234702202882786,0.19676366603209144,0.6304052216480825,0.38863203698667376,0.6397878705466412,0.6060647266793583,0.6542017949415283,0.8127549632852867,0.7057383736741908,0.9475115583355994,0.7472124014141963,1.0,0.7468044601577372,0.9771552896382918,0.6886048409029099,0.8965189012782162,0.578596682077781,0.7998368234974161,0.4505031275496329,0.7030187652977968,0.3217296709273864,0.6002175686701112,0.20614631493064978,0.5184933369594777,0.11408757138971998,0.4547185205330433,0.05615991297253194,0.40168615719336404,0.024068534131085104,0.3725863475659505,0.009926570573837381,0.35667663856404674,0.003943432145771008,0.34675006799020935,0.003943432145771008
Triangle,0.4171457135716072,0.10509872531867034,0.4135216195951013,0.10509872531867034,0.4135216195951013,0.10509872531867034,0.4135216195951013,0.10509872531867034,0.4135216195951013,0.10509872531867034,0.4135216195951013,0.10509872531867034,0.40564858785303687,0.11034741314671334,0.37928017995501134,0.14921269682579355,0.28555361159710085,0.27580604848787793,0.149962509372657,0.46025993501624574,0.061734566358410584,0.6013496625843537,0.011997000749812596,0.6949512621844539,0.0,0.7470632341914523,0.04523869032741803,0.7556860784803799,0.19520119970007505,0.7070732316920771,0.3957760559860035,0.6600849787553114,0.6450887278180455,0.6282179455136218,0.8609097725568606,0.6080979755061235,0.9845038740314921,0.5742314421394652,1.0,0.5127468132966759,0.9310172456885782,0.4187703074231446,0.8239190202449387,0.31304673831542107,0.6947013246688329,0.2144463884028993,0.5731067233191703,0.13859035241189707,0.47388152961759583,0.08635341164708829,0.405648587853037,0.04861284678830296,0.36028492876780815,0.027493126718320493,0.3336665833541616,0.012621844538865322,0.31792051987003256,0.005873531617095723,0.3156710822294427,0.0
Triangle,0.6722846441947565,0.015516318887105404,0.6659978598180845,0.015516318887105404,0.6635901551631889,0.015516318887105404,0.6573033707865168,0.015516318887105404,0.6548956661316212,0.015516318887105404,0.6411182450508294,0.026083467094703026,0.5445425361155699,0.1037988228999465,0.36195826645264845,0.26631888710540397,0.19836811128945966,0.42736757624398064,0.09577314071696102,0.538389513108614,0.03130016051364372,0.6154360620652755,0.0,0.6593097913322632,0.011235955056179739,0.6641252006420546,0.11062065275548395,0.617442482611022,0.338550026752274,0.5393258426966292,0.6076779026217227,0.46388443017656505,0.8346709470304975,0.40556447298020337,0.9604066345639377,0.36730872124130554,1.0,0.32370251471375083,0.9565275548421617,0.26096843231674693,0.8850989834135903,0.19181380417335495,0.8344034242910646,0.12292669876939534,0.7966827180310325,0.07142857142857147,0.7611021936864633,0.03838951310861425,0.7394328517924025,0.01672017121455329,0.726457998929909,0.005751738897806298,0.718298555377207,0.0,0.712011771000535,0.0,0.7096040663456393,0.0,0.7033172819689674,0.0
Triangle,0.3413198823034888,0.0,0.3413198823034888,0.0,0.3413198823034888,0.0,0.3413198823034888,0.0,0.3399187333613563,0.008266778758582068,0.318341039652515,0.04273504273504275,0.23006865629816436,0.17472327308392888,0.10424548129466152,0.3623371164354771,0.03166596609219564,0.48087431693989074,0.0,0.5460277427490541,0.014011489421325496,0.5677455513521087,0.08378870673952651,0.5729298024379991,0.2236233711643549,0.5730699173322124,0.44220260613703216,0.5769931343701835,0.6803979262995657,0.5753117556396246,0.8769791228807624,0.562421185372005,0.9865489701555274,0.5423847554995095,1.0,0.5087571808883283,0.8960347484937649,0.4507496146840408,0.7463920414740083,0.3757881462799494,0.6005324365980101,0.31371724814347757,0.484937648872075,0.2753257671290458,0.40647330811265214,0.2531876138433515,0.36401849516603607,0.23987669889309235,0.3407594227266357,0.2313296903460837,0.3278688524590164,0.22754658820232587,0.3200224183830741,0.22754658820232587,0.3135771332492643,0.22754658820232587,0.3128765587781981,0.22754658820232587,0.3128765587781981,0.22754658820232587
Triangle,0.47853107344632767,0.0,0.4812146892655369,0.0,0.48799435028248594,0.0,0.494774011299435,0.003954802259886973,0.49745762711864416,0.004096045197740113,0.5031073446327684,0.004096045197740113,0.5031073446327684,0.004096045197740113,0.5007062146892655,0.011299435028248594,0.4546610169491525,0.06680790960451971,0.26765536723163846,0.26002824858757057,0.09562146892655375,0.44477401129943506,0.0,0.5457627118644067,0.008192090395480342,0.5687853107344633,0.08855932203389841,0.5610169491525423,0.24505649717514127,0.5522598870056495,0.45861581920903943,0.548870056497175,0.6871468926553671,0.5588983050847457,0.873728813559322,0.5740112994350283,0.9795197740112994,0.5775423728813559,1.0,0.5505649717514123,0.9563559322033897,0.4774011299435026,0.8620056497175139,0.37937853107344616,0.7603107344632766,0.2735875706214688,0.6635593220338982,0.1812146892655367,0.5822033898305086,0.11553672316384175,0.518361581920904,0.07980225988700562,0.48220338983050837,0.06129943502824855,0.46751412429378536,0.05451977401129948,0.46624293785310733,0.05324858757062146,0.46624293785310733,0.05324858757062146
Triangle,0.5848730415991356,0.11280388978930309,0.5817396002160994,0.10967044840626688,0.5786061588330632,0.1065370070232307,0.5788222582387899,0.10632090761750405,0.5841166936790921,0.1034035656401945,0.5848730415991356,0.1034035656401945,0.5795786061588329,0.10913019989195027,0.5349540788762831,0.15645596974608317,0.37125877903835747,0.3122636412749865,0.1618584548892489,0.5209076175040521,0.03360345759049143,0.6781199351701784,0.0,0.7560237709346301,0.08406266882766052,0.7770934629929769,0.24289573203673676,0.7710426796326311,0.4404105888708805,0.7656401944894651,0.6372771474878446,0.7656401944894651,0.8038897893030795,0.7709346299297678,0.9233927606699082,0.7739600216099406,0.9887628309022152,0.766936790923825,1.0,0.7365748244192328,0.9611021069692057,0.6789843327930848,0.9113992436520798,0.5885467314964882,0.8373851971907076,0.4795245813074012,0.765964343598055,0.3577525661804427,0.7023230686115615,0.2425715829281471,0.6501350621285792,0.14457050243111844,0.6083198271204754,0.07152890329551599,0.585305240410589,0.029065370070232327,0.570394381415451,0.007455429497568885,0.5629389519178822,0.0
Triangle,0.8241465937638541,0.008571006354366782,0.8241465937638541,0.008571006354366782,0.8241465937638541,0.008571006354366782,0.8241465937638541,0.004285503177183391,0.8241465937638541,0.004285503177183391,0.8241465937638541,0.004285503177183391,0.8241465937638541,0.0,0.8013890941332941,0.0023644155460322658,0.7319343874685977,0.056450421161519194,0.5652430914733266,0.21678735037682867,0.3392936308556231,0.4046106103147628,0.16639574405201712,0.5572631890054678,0.054086005615486925,0.6649918723215605,0.0,0.7209989655681988,0.02334860351706832,0.7319343874685977,0.13861386138613885,0.7088813358947836,0.31816166691296,0.681099453228905,0.5348012413181618,0.668538495640609,0.7606029259642381,0.668538495640609,0.922269838924191,0.668538495640609,1.0,0.6611496970592583,0.9957144968228169,0.613270282252106,0.9439929067533621,0.5278557706516921,0.8811881188118814,0.42160484705186957,0.8318309442884589,0.3063395891827989,0.7821782178217823,0.19462095463277654,0.7300132998374467,0.10625092359982273,0.6806561253140241,0.05113048618294659,0.6457809960100488,0.018767548396630654,0.6398699571449684,0.0
Triangle,0.6873456790123458,0.00895061728395062,0.694598765432099,0.00895061728395062,0.7007716049382717,0.00895061728395062,0.6930555555555556,0.005092592592592607,0.68070987654321,0.00447530864197531,0.6734567901234567,0.00447530864197531,0.6662037037037039,0.00447530864197531,0.6558641975308642,0.022685185185185197,0.6038580246913582,0.10077160493827152,0.43117283950617313,0.29274691358024674,0.26064814814814846,0.47777777777777763,0.11944444444444441,0.6371913580246915,0.03379629629629623,0.7580246913580247,0.0,0.8288580246913582,0.062037037037037036,0.8413580246913582,0.1956790123456789,0.8296296296296296,0.3791666666666666,0.8192901234567903,0.6003086419753085,0.8145061728395063,0.8057098765432099,0.8145061728395063,0.9294753086419756,0.8145061728395063,0.9945987654320988,0.7962962962962966,1.0,0.7408950617283951,0.9621913580246914,0.6378086419753087,0.9044753086419755,0.5103395061728396,0.8432098765432101,0.37978395061728426,0.7898148148148149,0.2538580246913583,0.7475308641975311,0.14475308641975335,0.7185185185185186,0.06790123456790143,0.6973765432098766,0.024537037037037024,0.6873456790123458,0.0
Triangle,0.39858203168272954,0.04818876703223662,0.39858203168272954,0.04818876703223662,0.3942616594660464,0.04818876703223662,0.38650714523097374,0.04818876703223662,0.3825191093386507,0.04818876703223662,0.3825191093386507,0.04818876703223662,0.37277057715741657,0.06458402570067577,0.3415309626675529,0.1278387061039105,0.22609947933975838,0.2787193973634651,0.08529965658579818,0.4389055057051069,0.0,0.5418189874819984,0.00465270854104368,0.5936634540821978,0.09704220671319388,0.6005317381189762,0.26520438683948155,0.5923341087847567,0.45341752520217127,0.5879029577932867,0.6597983826298882,0.5879029577932867,0.8362689708651821,0.5955466932535725,0.9490417635980943,0.600642516893763,1.0,0.5936634540821978,0.9826077323584799,0.5532292012850335,0.9080536169269967,0.47767807688046954,0.8175473579262211,0.38484546360917243,0.7200620361138802,0.2829289908053613,0.6181455633100696,0.18887781101141002,0.5239836047413313,0.1132159078320593,0.461061260662457,0.06137144123185995,0.4204054503157195,0.029024038994128743,0.3949263321147667,0.011299435028248553,0.3844023485100255,0.0018832391713747587,0.3825191093386507,0.0
Triangle,0.8103932584269661,0.0,0.8103932584269661,0.0,0.6745084269662918,0.09094101123595486,0.46910112359550554,0.2398174157303368,0.28019662921348304,0.38342696629213474,0.13764044943820222,0.49438202247191,0.05442415730337098,0.5695224719101122,0.008778089887640705,0.60814606741573,0.0,0.6253511235955054,0.045294943820225156,0.6313202247191009,0.14992977528089932,0.6158707865168536,0.29880617977528096,0.600070224719101,0.4789325842696628,0.5842696629213481,0.6667837078651687,0.5702247191011233,0.8258426966292133,0.5702247191011233,0.9364466292134827,0.5702247191011233,0.9985955056179772,0.5617977528089884,1.0,0.5421348314606739,0.965238764044944,0.5010533707865165,0.9027387640449438,0.44873595505617975,0.8293539325842691,0.3851825842696626,0.7601825842696629,0.3121488764044943,0.692766853932584,0.2489466292134829,0.6365870786516852,0.19276685393258403,0.5891853932584269,0.14782303370786515,0.5498595505617975,0.12429775280898861,0.5217696629213481,0.10849719101123569,0.5059691011235952,0.10182584269662917,0.5049157303370786,0.10182584269662917,0.5049157303370786,0.10182584269662917
Triangle,0.5532005086901229,0.012293344637558289,0.5532005086901229,0.012293344637558289,0.5532005086901229,0.012293344637558289,0.5532005086901229,0.012293344637558289,0.5470538363713439,0.012293344637558289,0.5396354387452311,0.012293344637558289,0.5203476049173381,0.0239508266214498,0.4497668503603221,0.09961848240779986,0.30627384484951264,0.270665536244171,0.1369224247562527,0.47371767698177175,0.03030945315811793,0.605341246290801,0.0,0.6596015260703689,0.05701568461212382,0.6644764730818146,0.18228062738448483,0.6375582874099195,0.3668927511657478,0.6100042390843579,0.5835099618482408,0.5924120389995762,0.7871979652395077,0.5839338702840187,0.9319626960576515,0.5839338702840187,1.0,0.5756676557863503,0.9972445951674439,0.5423908435777872,0.9395930479016534,0.4735057227638831,0.851420093259856,0.3842729970326412,0.748834251801611,0.287833827893175,0.655786350148368,0.19754133107248856,0.5779991521831286,0.11212378126324749,0.5279779567613394,0.04853751589656655,0.49448919033488764,0.015048749470114559,0.4762611275964392,0.0,0.4732937685459941,0.0,0.4732937685459941,0.0
Triangle,0.6161483701760958,0.0,0.6161483701760958,0.0,0.6161483701760958,0.0,0.6107156238291493,0.0,0.6107156238291493,0.0,0.6095916073435743,0.0005620082427875342,0.5545147995503934,0.03203446983889084,0.40708130385912317,0.15286624203821655,0.21656050955414008,0.339640314724616,0.06912701386286996,0.4904458598726113,0.0,0.568377669539153,0.0003746721618583047,0.5867366054702136,0.07605844885724974,0.5843012364181341,0.21393780442113164,0.5809291869614086,0.42618958411390023,0.5721243911577371,0.6539902585237914,0.5704383664293743,0.8506931434994374,0.5704383664293743,0.9679655301611089,0.5620082427875608,1.0,0.5350318471337578,0.9434245035593857,0.4685275384038967,0.8394529786436867,0.37317347321094063,0.7397901835893591,0.2594604720869239,0.6436867740726864,0.16335706257025095,0.5666916448107906,0.09179467965530164,0.520044960659423,0.04514799550393413,0.48838516298239026,0.02716373173473211,0.48576245784938166,0.02716373173473211,0.4898838516298238,0.02716373173473211,0.49662795054327447,0.02716373173473211,0.49662795054327447,0.02716373173473211
Slash,1.0,0.019947874899759414,1.0,0.01704089815557337,1.0,0.01704089815557337,1.0,0.01704089815557337,1.0,0.01704089815557337,1.0,0.01704089815557337,1.0,0.01704089815557337,1.0,0.01704089815557337,1.0,0.01704089815557337,0.993083400160385,0.01363271852445866,0.9533881315156375,0.01002405773857254,0.8634723336006416,0.006415396952686502,0.7245388933440254,0.002806736166800298,0.565858059342422,0.0,0.4042702485966318,0.005813953488372093,0.2689454691259023,0.016639935846030456,0.1699077786688051,0.024959903769045683,0.1007417802726543,0.031876503608660844,0.057838813151563764,0.03448275862068965,0.030473135525260615,0.03448275862068965,0.013632718524458744,0.03448275862068965,0.0027064955894145907,0.03448275862068965,0.0,0.03358059342421816,0.0,0.0315757818765036,0.0,0.0315757818765036,0.0,0.0315757818765036,0.0,0.0315757818765036,0.0,0.0315757818765036,0.0,0.0315757818765036,0.0029069767441860465,0.0315757818765036
Slash,0.006514657980456026,0.08143322475570032,0.006514657980456026,0.08143322475570032,0.006514657980456026,0.08143322475570032,0.003257328990228013,0.08143322475570032,0.0,0.08143322475570032,0.0,0.08143322475570032,0.0,0.08143322475570032,0.0,0.08143322475570032,0.0,0.08143322475570032,0.003257328990228013,0.08143322475570032,0.013029315960912053,0.0749185667752443,0.035830618892508145,0.06840390879478828,0.07166123778501629,0.05863192182410423,0.12052117263843648,0.04560260586319218,0.19543973941368079,0.03257328990228013,0.28013029315960913,0.02280130293159609,0.39087947882736157,0.013029315960912053,0.511400651465798,0.006514657980456026,0.6254071661237784,0.003257328990228013,0.7328990228013029,0.0,0.8241042345276873,0.0,0.8925081433224755,0.0,0.9381107491856677,0.0,0.9706840390879479,0.0,0.990228013029316,0.0,1.0,0.0,1.0,0.0,1.0,0.0,1.0,0.0,1.0,0.0
Slash,1.0,0.0,1.0,0.0,1.0,0.0,1.0,0.0,1.0,0.0,1.0,0.0,0.9993749348890509,0.0,0.9969788519637462,0.0,0.9969788519637462,0.0,0.9969788519637462,0.0,0.9969788519637462,0.0,0.9958328992603397,0.0,0.9914574434836964,0.0,0.9770809459318679,0.0,0.9316595478695696,0.0014584852588811217,0.8504010834461923,0.006146473590999086,0.738306073549328,0.019064485883946287,0.6083967079904155,0.03604542139806225,0.47150744869257183,0.053547244504635966,0.3447234086884051,0.07031982498176895,0.24054589019689543,0.08594645275549541,0.16116262110636514,0.09719762475257834,0.10532347119491604,0.10428169601000105,0.067298676945515,0.10813626419418693,0.04042087717470562,0.10876132930513595,0.023231586623606585,0.10876132930513595,0.013022189811438647,0.10876132930513595,0.006459006146473557,0.10876132930513595,0.0031253255547452666,0.10876132930513595,0.0,0.10876132930513595
Slash,0.0,0.07006369426751592,0.0,0.06687898089171974,0.0,0.06687898089171974,0.0,0.06687898089171974,0.0,0.06687898089171974,0.0,0.06687898089171974,0.0,0.06687898089171974,0.0,0.06687898089171974,0.0,0.06687898089171974,0.0,0.06687898089171974,0.003294531078409865,0.06578080386558316,0.016802108499890202,0.06248627278717329,0.0444761695585329,0.05919174170876351,0.0940039534372941,0.05589721063035365,0.17351197012958505,0.04952778387876129,0.27564243356028995,0.0396441906435317,0.38633867779486064,0.03151768065012073,0.5035141664836372,0.024928618493301087,0.616187129365254,0.022292993630573247,0.7186470459037996,0.022292993630573247,0.8043048539424555,0.022292993630573247,0.8695365692949704,0.022292993630573247,0.9167581814188448,0.019877004173072692,0.9494838567977159,0.01658247309466283,0.9712277619152208,0.013287942016252963,0.9855040632549966,0.0099934109378431,0.9929716670327257,0.006698879859433325,0.9965956512189766,0.003404348781023551,0.9998901822973864,0.00010981770261368629,1.0,0.0
Slash,1.0,0.0,1.0,0.0,1.0,0.0,1.0,0.0,1.0,0.0,0.9980842911877396,0.0,0.9970760233918129,0.0,0.995563621697923,0.0,0.9928412986489212,0.0,0.9879007864488809,0.0,0.9751966122202057,0.0009074410163339784,0.9463601532567051,0.0043355515224843605,0.8908045977011495,0.010284331518451312,0.8033877797943132,0.019056261343012717,0.6914700544464611,0.03276870336761441,0.5716878402903813,0.04910264166162527,0.44928412986489213,0.06543657995563622,0.3412986489211534,0.0793506755394232,0.25065537406735244,0.08852591248235533,0.17765678564226658,0.09669288162936081,0.1223028836458964,0.10304496874369833,0.08298043960475894,0.10687638636821943,0.05454728775962898,0.10818713450292397,0.033676144383948385,0.10818713450292397,0.0203670094777173,0.10818713450292397,0.013006654567453122,0.10899374873966527,0.008166969147005432,0.1111111111111111,0.005444646098003621,0.1111111111111111,0.002722323049001852,0.1111111111111111,0.0,0.1111111111111111
Slash,0.0,0.011363636363636364,0.0,0.011363636363636364,0.0,0.011363636363636364,0.0,0.011363636363636364,0.0,0.011363636363636364,0.0,0.011363636363636364,0.0,0.011363636363636364,0.0,0.011363636363636364,0.0,0.011363636363636364,0.0003918495297805726,0.011363636363636364,0.002644984326018805,0.011363636363636364,0.011069749216300955,0.011363636363636364,0.02596003134796239,0.009894200626959237,0.04927507836990594,0.007641065830721045,0.08317006269592478,0.005387931034482773,0.1327390282131663,0.0031347962382445,0.20190047021943577,0.0008816614420063086,0.28085815047021945,0.0,0.3650078369905957,0.0,0.4518025078369908,0.00019592476489032668,0.5509404388714735,0.002449059561128599,0.6463557993730408,0.00470219435736671,0.7320728840125393,0.006955329153604983,0.8054467084639498,0.008522727272727272,0.8654976489028214,0.008522727272727272,0.908307210031348,0.008522727272727272,0.9423001567398118,0.008522727272727272,0.9679663009404389,0.007347178683385636,0.9864811912225705,0.005094043887147363,1.0,0.002840909090909091
Slash,1.0,0.09487179487179487,1.0,0.09239610963748897,1.0,0.09230769230769231,1.0,0.09230769230769231,1.0,0.09230769230769231,0.9978779840848806,0.09230769230769231,0.9954022988505749,0.09230769230769231,0.9929266136162687,0.09230769230769231,0.9904509283819629,0.09230769230769231,0.9844385499557913,0.09053934571175946,0.9669319186560567,0.08806366047745356,0.9303271441202476,0.08399646330680814,0.8662245800176835,0.07453580901856768,0.773916887709991,0.05932802829354554,0.6593280282935454,0.044650751547303295,0.5343059239610961,0.03351016799292665,0.4137931034482758,0.024756852343059257,0.3083996463306807,0.018390804597701104,0.22404951370468604,0.01441202475685234,0.16091954022988506,0.011936339522546364,0.11370468611847924,0.00946065428824046,0.07939876215738276,0.006984969053934556,0.05464190981432357,0.0045092838196286525,0.0383731211317418,0.002564102564102564,0.026436781609195402,0.002564102564102564,0.01688770999115828,0.002564102564102564,0.009725906277630404,0.002564102564102564,0.004951370468611844,0.002564102564102564,0.0024756852343059037,0.0024756852343059037,0.0,0.0
Slash,0.0,0.14596949891067537,0.0,0.14596949891067537,0.0011268875366238535,0.14596949891067537,0.003981669296070895,0.14536849222447598,0.009315603636090434,0.1434903463301029,0.022537750732476883,0.13687927278190973,0.04898204492524978,0.12666215911652018,0.10810607768011413,0.10900758770941328,0.21042746600555923,0.08286379685974009,0.34430170535647203,0.059725039441063804,0.46795883104199537,0.04297197806325594,0.5803470813612802,0.02959957929531964,0.6792126812410787,0.01870633310795587,0.7552400270453008,0.012095259559762627,0.8136879272781908,0.00818871609946661,0.8599654421155434,0.00488317932536999,0.8958755916159568,0.0018781458943730686,0.9223198858087296,0.00022537750732475831,0.9430546164826084,0.0,0.9592817970099919,0.0,0.9710014273908796,0.0,0.977612500939073,0.0,0.9827210577717678,0.0,0.9876793629329126,0.0,0.992186913079408,0.0,0.9954924498535046,0.0,0.9972203440763278,0.0,0.9988731124633762,0.0,1.0,0.0,1.0,0.0
Slash,1.0,0.0,0.9982316534040673,0.0,0.9964633068081344,0.0,0.9946949602122017,0.0,0.9929266136162688,0.0,0.9902060803917568,0.0,0.9859212405631503,0.0,0.9784397741957424,0.0,0.9630007481466366,0.0,0.9330748826770047,0.0002720533224512062,0.8835611779908862,0.0038087465143167754,0.8034414745290076,0.01244643950214239,0.6233421750663131,0.05719921104536489,0.46017819492620554,0.10072774263755693,0.3370740665170372,0.13378222131537784,0.24688839012446437,0.15765490036047067,0.18077943276882266,0.17506631299734748,0.132013874719445,0.18778480582194107,0.09651091613956338,0.19635448547915393,0.0703257838536353,0.20335985853227231,0.05264231789430732,0.2086648983200707,0.03822349180439366,0.21396993810786913,0.026933278922668828,0.21927497789566763,0.01877167924913284,0.22335577773243556,0.012718492824593626,0.22587227096510917,0.008229613004148807,0.22764061756104192,0.005305039787798409,0.2294089641569748,0.003536693191865597,0.23076923076923078,0.0017683465959327984,0.23076923076923078,0.0,0.23076923076923078
Slash,0.0,0.27524752475247527,0.0,0.27524752475247527,0.0,0.27524752475247527,0.0,0.2750426766814612,0.0,0.2732673267326733,0.0,0.2732673267326733,0.0,0.2732673267326733,0.0,0.2732673267326733,0.0,0.2732673267326733,0.0,0.27265278251963126,0.0,0.26992147490611124,0.0,0.2650734038921133,0.0016387845681119905,0.2548310003414134,0.01816319562990784,0.23311710481392967,0.10734038921133514,0.19105496756572202,0.27941276886309324,0.1367702287470126,0.46773642881529554,0.09320587231136898,0.6332536701946059,0.06329805394332536,0.7557528166609767,0.042403550699897534,0.8407647661317856,0.027859337657903754,0.898122226015705,0.018299761010583813,0.9372482075793788,0.011539774667121864,0.9630590645271425,0.006896551724137923,0.9793103448275863,0.004370092181631937,0.9887333560942301,0.00232161147149197,0.9952202116763401,0.0002731307613520031,0.9995903038579719,0.0,1.0,0.0,1.0,0.0,1.0,0.0
Slash,0.996219281663516,0.00945179584120983,0.996219281663516,0.00945179584120983,0.994328922495274,0.00945179584120983,0.9924385633270322,0.00945179584120983,0.9924385633270322,0.00945179584120983,0.9924385633270322,0.00945179584120983,0.9924385633270322,0.00945179584120983,0.9924385633270322,0.00945179584120983,0.9924385633270322,0.00945179584120983,0.9924385633270322,0.00945179584120983,0.996219281663516,0.007561436672967864,0.998109640831758,0.005671077504725898,1.0,0.003780718336483932,0.994328922495274,0.001890359168241966,0.9546313799621928,0.0,0.6635160680529301,0.0661625708884688,0.45935727788279773,0.11909262759924386,0.31758034026465026,0.15689981096408318,0.21928166351606806,0.1833648393194707,0.15122873345935728,0.20415879017013233,0.10396975425330812,0.21739130434782608,0.06994328922495274,0.22684310018903592,0.045368620037807186,0.23440453686200377,0.02835538752362949,0.24007561436672967,0.017013232514177693,0.24196597353497165,0.00945179584120983,0.24196597353497165,0.003780718336483932,0.24196597353497165,0.0,0.24007561436672967,0.0,0.23629489603024575,0.0,0.23440453686200377
Slash,0.0035659391331079007,0.14976944359053182,0.0014140793114048556,0.14976944359053182,0.0,0.14976944359053182,0.0,0.14976944359053182,0.0,0.14976944359053182,0.0,0.14976944359053182,0.0,0.14976944359053182,0.0,0.14976944359053182,0.0011681524746387946,0.1474331386412542,0.007931140485705507,0.13851829080848446,0.03221641561635411,0.12167230249000922,0.11497079618813388,0.09554257608361516,0.28410697817399316,0.06541653857977249,0.5115893021826009,0.04543498309252997,0.709990777743621,0.03141715339686443,0.8386105133722717,0.022625268982477742,0.920688595142945,0.016723024900092226,0.968644328312327,0.012419305256686122,0.9927451583154011,0.00811558561328002,1.0,0.00547187211804491,0.987334767906548,0.0033200122963418332,0.9691976636950508,0.0011681524746388072,0.956102059637258,0.0,0.9466953581309561,0.0,0.9398094067015064,0.0,0.9357516138948663,0.0,0.9335997540731633,0.0,0.9314478942514602,0.0,0.9307101137411621,0.0,0.9307101137411621,0.0
Slash,0.0,0.07330827067669173,0.0,0.07330827067669173,0.0,0.07330827067669173,0.0,0.07330827067669173,0.0,0.07330827067669173,0.0,0.07330827067669173,0.0,0.07330827067669173,0.0,0.07330827067669173,0.0,0.07330827067669173,0.0029167746953591093,0.07272491573761988,0.01652838994036818,0.07013222711952297,0.0478999222193415,0.06553020482240082,0.10973554576095428,0.059696655431682656,0.21247083225304653,0.05386310604096444,0.3554576095410944,0.048029556650246275,0.5110189266269122,0.04316826549131448,0.6521908218822922,0.0382421571169303,0.7637412496759141,0.032408607726212076,0.8434664246823957,0.02540834845735028,0.8979777028778843,0.018861809696655445,0.9342753435312419,0.014324604614985793,0.9585817993259009,0.01043557168784026,0.9742675654653877,0.007972517500648169,0.9834067928441795,0.0060280010370754285,0.9896292455276121,0.004083484573502689,0.9938423645320198,0.002138968109930003,0.9977313974591651,0.0001944516463573167,0.9998703655690951,0.0,1.0,0.0,1.0,0.0
Slash,0.0,0.15203426124197003,0.0,0.15203426124197003,0.0,0.15203426124197003,0.0,0.15203426124197003,0.0,0.15203426124197003,0.0,0.15203426124197003,0.0,0.15203426124197003,0.0,0.15203426124197003,0.0,0.15203426124197003,0.0,0.15203426124197003,0.004282655246252677,0.14989293361884368,0.01284796573875803,0.145610278372591,0.03640256959314775,0.139186295503212,0.08137044967880086,0.12633832976445397,0.16274089935760172,0.11134903640256959,0.2826552462526767,0.09207708779443255,0.42398286937901497,0.07708779443254818,0.5674518201284796,0.06209850107066381,0.6916488222698073,0.047109207708779445,0.7901498929336188,0.03640256959314775,0.8650963597430407,0.027837259100642397,0.9164882226980728,0.021413276231263382,0.9528907922912205,0.017130620985010708,0.9764453961456103,0.01284796573875803,0.9914346895074947,0.010706638115631691,0.9978586723768736,0.008565310492505354,1.0,0.006423982869379015,1.0,0.004282655246252677,1.0,0.0021413276231263384,1.0,0.0
Slash,0.002061855670103093,0.15670103092783505,0.0,0.15670103092783505,0.0,0.1562744400995379,0.0,0.15399928901528614,0.0,0.15172413793103454,0.0010664770707429871,0.15051546391752577,0.002061855670103093,0.15051546391752577,0.002061855670103093,0.15051546391752577,0.002061855670103093,0.15051546391752577,0.003981514397440467,0.15051546391752577,0.004123711340206186,0.15051546391752577,0.004692499111269105,0.15023107003199437,0.010238179879132597,0.14745822964806257,0.02289370778528262,0.14219694276573053,0.05538570920725198,0.13259864912904376,0.1384287237824388,0.11325986491290434,0.2679701386420192,0.08958407394241022,0.43021685033771745,0.06996089584073939,0.5960184856025595,0.053537148951297533,0.7359402772840382,0.03960184856025599,0.8353359402772841,0.0281549946676146,0.9023107003199432,0.017490223960184847,0.9461073586917881,0.011233558478492688,0.9740490579452544,0.006683256309989331,0.9905439033060789,0.00312833274084608,0.9982936366868114,0.0008531816565944014,1.0,0.0,0.9983647351581942,0.0,0.9979381443298969,0.0,0.9979381443298969,0.0
Slash,0.00404040404040404,0.06666666666666667,0.00202020202020202,0.06666666666666667,0.00202020202020202,0.06666666666666667,0.00202020202020202,0.06666666666666667,0.0,0.06666666666666667,0.0,0.06666666666666667,0.0,0.06666666666666667,0.0,0.06666666666666667,0.0,0.06666666666666667,0.0,0.06666666666666667,0.0,0.06666666666666667,0.0,0.06666666666666667,0.00404040404040404,0.06666666666666667,0.020202020202020204,0.06464646464646465,0.05656565656565657,0.06060606060606061,0.1191919191919192,0.05454545454545454,0.21212121212121213,0.04040404040404041,0.3474747474747475,0.03232323232323232,0.494949494949495,0.026262626262626262,0.6343434343434343,0.020202020202020204,0.7474747474747475,0.01616161616161616,0.8303030303030303,0.012121212121212121,0.8888888888888888,0.00808080808080808,0.9292929292929293,0.00404040404040404,0.9555555555555556,0.00202020202020202,0.9737373737373738,0.0,0.9858585858585859,0.0,0.9939393939393939,0.0,0.997979797979798,0.0,1.0,0.0
Slash,1.0,0.009433962264150943,1.0,0.009433962264150943,1.0,0.008913467794404674,1.0,0.0067664281067014035,1.0,0.005660377358490566,0.9986987638256343,0.005660377358490566,0.9981132075471698,0.005660377358490566,0.9981132075471698,0.005660377358490566,0.9962264150943396,0.005660377358490566,0.9962264150943396,0.005660377358490566,0.9955107351984386,0.005660377358490566,0.9914118412491867,0.005660377358490566,0.9837345478204294,0.004424202992843188,0.9706571242680546,0.0022771633051398643,0.9468445022771632,0.0001301236174365943,0.9029928432010408,0.0,0.8204294079375406,0.0,0.6921275211450878,0.0045543266102797825,0.5262849707221862,0.02322706571242683,0.36447625243981746,0.04684450227716334,0.24352635003253073,0.0661678594664932,0.15985686402081972,0.07996096291476903,0.1026024723487313,0.08887443070917371,0.06590761223162003,0.09499024072869225,0.04189980481457385,0.09928432010409884,0.025113858165256967,0.10273259596616784,0.014443721535458672,0.10487963565387116,0.007221860767729336,0.10702667534157448,0.0024072869225764317,0.10754716981132076,0.0,0.10754716981132076
Slash,0.004048582995951417,0.1680161943319838,0.003908976685746193,0.1659919028340081,0.00174507887756526,0.1659919028340081,0.0,0.1659919028340081,0.0,0.1659919028340081,0.0,0.1659919028340081,0.0,0.1659919028340081,0.0,0.1659919028340081,0.0,0.1659919028340081,0.0,0.1659919028340081,0.0,0.1659919028340081,0.0,0.16445623342175067,0.00670110288985062,0.15894178416864443,0.029875750383917356,0.14337568058076222,0.08125087253943873,0.12020103308669558,0.1721345804830375,0.09416445623342182,0.3012704174228673,0.06470752478012004,0.44443668853832197,0.04376657824933687,0.5864861091721343,0.027921262041044274,0.7109451347200894,0.017730001396063105,0.8069942761412814,0.010610079575596813,0.8758201870724556,0.006282283959234947,0.9237051514728465,0.0030015356694122496,0.9555353901996371,0.0008376378612313455,0.9761971241100097,0.0,0.9891107078039928,0.0,0.9951137791428173,0.0,0.9976964958816138,0.0,0.9998603936897947,0.0,1.0,0.0
Slash,0.998435054773083,0.03499786598378146,0.998435054773083,0.03499786598378146,0.998435054773083,0.03499786598378146,0.998435054773083,0.03499786598378146,0.998435054773083,0.03499786598378146,0.998435054773083,0.03499786598378146,0.997154645041969,0.03499786598378146,0.9948783610755444,0.03499786598378146,0.9926020771091195,0.03499786598378146,0.9922464077393656,0.03499786598378146,0.9964433063024614,0.03499786598378146,0.9987195902688862,0.03499786598378146,1.0,0.03449992886612604,0.9927443448570211,0.03008962868117796,0.9569640062597812,0.019135012092758585,0.8738796414852752,0.007753592260634519,0.7461943377436338,0.0,0.5793142694551149,0.004125764689144972,0.4106558543178261,0.022122634798691126,0.2763551002987624,0.0426091904965144,0.1813913785744771,0.06266894295063316,0.11630388390951772,0.07561530800967417,0.07248541755584016,0.08415137288376721,0.04374733247972683,0.09019775216958316,0.024967989756722143,0.09475032010243276,0.012519561815336496,0.0980936121781192,0.003983496941243418,0.100369896144544,0.0004268032437046613,0.10101010101010101,0.0,0.10101010101010101,0.0,0.09894721866552852
Slash,0.0021551724137931034,0.1206896551724138,0.0021551724137931034,0.11853448275862069,0.0018579072532699105,0.11853448275862069,0.0,0.11853448275862069,0.0,0.11853448275862069,0.0,0.11853448275862069,0.0,0.11853448275862069,0.0,0.11853448275862069,0.0,0.11853448275862069,0.0,0.11853448275862069,0.0,0.11853448275862069,0.001634958382877531,0.11689952437574316,0.01107312722948868,0.10924494649227108,0.04577883472057071,0.09036860879904872,0.11615636147443514,0.06339179548156958,0.23989298454221125,0.03596908442330562,0.3951397146254457,0.015903686087990553,0.5553656361474435,0.003567181926278255,0.6929994054696788,0.0,0.8027645659928656,0.0006688466111771996,0.8790130796670629,0.0029726516052318687,0.9302170035671818,0.004310344827586207,0.96269322235434,0.004310344827586207,0.981718192627824,0.004310344827586207,0.9927170035671817,0.004310344827586207,0.9988109393579072,0.004310344827586207,1.0,0.004310344827586207,1.0,0.004310344827586207,1.0,0.004310344827586207,1.0,0.004310344827586207
Slash,1.0,0.006185567010309278,0.9977248489157483,0.006185567010309278,0.9954496978314967,0.006185567010309278,0.9944543192321365,0.006185567010309278,0.9967294703163881,0.006185567010309278,0.9979381443298969,0.006185567010309278,0.9979381443298969,0.006185567010309278,0.9979381443298969,0.006185567010309278,0.9962317810167082,0.006185567010309278,0.9939566299324565,0.006185567010309278,0.9916103803768221,0.006114468538926397,0.9856381087806613,0.0038393174546747185,0.9642374688944189,0.00156416637042304,0.9126199786704586,0.0,0.8218272307145398,0.0018485602559545071,0.6455030216850336,0.032563099893352314,0.4430856736580163,0.08809100604337006,0.3015997156061146,0.13643796658371835,0.20490579452541766,0.1712762175613224,0.13807323142552438,0.1931745467472449,0.09491645929612509,0.20895840739424107,0.06448631354425881,0.2196231781016708,0.042872378243867776,0.22644863135442592,0.02623533594027727,0.23249200142196944,0.014575186633487383,0.23604692499111268,0.007891930323498051,0.23832207607536443,0.004763597582651972,0.23917525773195877,0.0024884464984002933,0.23917525773195877,0.00021329541414860035,0.23917525773195877,0.0,0.23917525773195877
Slash,0.0,0.12698412698412698,0.0,0.12698412698412698,0.0,0.12698412698412698,0.0,0.12698412698412698,0.0,0.12698412698412698,0.0,0.12698412698412698,0.0,0.12698412698412698,0.0,0.12698412698412698,0.0,0.12698412698412698,0.0,0.12513683634373293,0.00013683634373289836,0.12281061850027368,0.005883962780514489,0.11542145593869733,0.025998905309250128,0.10084838533114399,0.07348111658456488,0.08045977011494256,0.17111384783798564,0.058565955117679265,0.318897099069513,0.03995621237000548,0.48043240284619587,0.027230432402846186,0.6340996168582373,0.019293924466338246,0.75732074438971,0.01272577996715924,0.8427066228790366,0.008073344280240806,0.899288451012589,0.005815544608648026,0.9366447728516695,0.003968253968253968,0.9607279693486589,0.003968253968253968,0.9767378215654079,0.003968253968253968,0.9870005473453749,0.003968253968253968,0.9924055829228243,0.003968253968253968,0.9967843459222769,0.002599890530925041,0.9995894909688012,0.001984126984126984,1.0,0.001984126984126984,1.0,0.0
Slash,1.0,0.015621625512922028,1.0,0.015621625512922028,1.0,0.015621625512922028,0.9997840328270102,0.015621625512922028,0.9976243610971132,0.015621625512922028,0.9958246346555324,0.015261680224605828,0.9958246346555324,0.013533942840688207,0.9958246346555324,0.013533942840688207,0.9958246346555324,0.013533942840688207,0.9951767331365633,0.013533942840688207,0.9915772802534014,0.013533942840688207,0.9819307465265279,0.012742063206392618,0.9555827514217837,0.008854654092577924,0.8805701533366928,0.0033114966525088596,0.7579007990785398,0.0,0.6024044345259519,0.007558851054639693,0.4359657332085522,0.027139874739039668,0.3046576920308111,0.051184219998560224,0.21092793895327888,0.07580447771938674,0.14606579799870417,0.09545749046144984,0.10143258224749836,0.10841552084083216,0.07011734216399103,0.11619033906846161,0.04837664674969401,0.12108559498956159,0.03390684615938374,0.1237491901231013,0.022676553163919047,0.12590886185299838,0.015477647397595584,0.1262688071413145,0.008998632207904369,0.1262688071413145,0.004463321575120558,0.1262688071413145,0.0021596717298970423,0.1262688071413145,0.0,0.1262688071413145
Slash,0.0,0.18052566861358743,0.0,0.18052566861358743,0.0,0.18052566861358743,0.0,0.18052566861358743,0.0,0.18052566861358743,0.0,0.1786043652013526,0.0,0.178296956655395,0.0,0.178296956655395,0.0,0.178296956655395,0.0,0.178296956655395,0.0,0.178296956655395,0.0019981555487242654,0.17629880110667073,0.0047648324623424596,0.17337841992007377,0.012142637565324289,0.1639256071318783,0.035198278512142564,0.1454810943744236,0.13710421149707935,0.11151245004611135,0.3364586535505684,0.07554565016907477,0.5408853366123575,0.0524900092222564,0.7037350138333843,0.03696587765139875,0.8153243160159851,0.027128804180756246,0.8899477405471871,0.020288964033200175,0.9389794036274206,0.015063018751921306,0.9675683984014756,0.00983707347064244,0.9846295727021209,0.004611128189363699,0.9949277589916998,0.0019213034122348533,1.0,0.0,0.9984629572702121,0.0,0.9970027666769135,0.0,0.9962342453120195,0.0,0.9962342453120195,0.0
Slash,1.0,0.0,1.0,0.0,1.0,0.0,1.0,0.0,1.0,0.0,1.0,0.0,0.9976489028213166,0.0,0.9949843260188087,0.0,0.992319749216301,0.0,0.9871473354231974,0.0,0.9807993730407524,0.0,0.9693573667711599,0.0,0.9318181818181821,0.0,0.8446708463949846,0.001097178683385571,0.676175548589342,0.02429467084639489,0.4576802507836993,0.07625391849529771,0.30297805642633246,0.11731974921630094,0.19882445141065844,0.1482758620689655,0.13213166144200633,0.1718652037617555,0.08793103448275866,0.1872257053291536,0.05901253918495299,0.19851097178683383,0.037852664576802524,0.20509404388714733,0.02280564263322886,0.20862068965517244,0.013871473354231964,0.20909090909090908,0.00650470219435736,0.20909090909090908,0.003840125391849531,0.20909090909090908,0.0011755485893417017,0.20909090909090908,0.0,0.20909090909090908,0.0,0.20909090909090908,0.0,0.20909090909090908
Slash,0.0,0.14410480349344978,0.0,0.14410480349344978,0.0,0.14410480349344978,0.0,0.14410480349344978,0.0,0.14410480349344978,0.0,0.14410480349344978,0.0,0.14410480349344978,0.0,0.14410480349344978,0.0,0.14410480349344978,0.0,0.14410480349344978,0.0,0.14244842644180092,0.0011293479897605868,0.1352205993073332,0.005044421020930581,0.1238518295437434,0.015208552928775801,0.10969733473874416,0.04186116548712546,0.09072428851076642,0.1067610299653668,0.07084776389098024,0.22330974250865848,0.05232645685890677,0.39775636199367576,0.040656527631380814,0.5706971841590122,0.031772323445264296,0.7132209004667975,0.02567384430055715,0.8167444661948503,0.020704713145610593,0.8871404908899264,0.015735581990664098,0.9332178888721577,0.010766450835717478,0.9615268784821562,0.0061737690106912,0.9793705767203732,0.003689203433217859,0.9898358680921547,0.002183406113537118,0.9960096371028461,0.002183406113537118,0.9993976810721278,0.0006023189278723212,1.0,0.0,1.0,0.0
Slash,1.0,0.0,0.9980276134122288,0.0,0.9980276134122288,0.0,0.9974154934367137,0.0,0.9960552268244576,0.0,0.9960552268244576,0.0,0.9960552268244576,0.0,0.9960552268244576,0.0,0.9960552268244576,0.0,0.9978915867510032,0.001836359926545628,0.9980276134122288,0.0019723865877712033,0.9974835067673262,0.0019723865877712033,0.9902740937223696,0.0019723865877712033,0.9619805481874446,0.0019723865877712033,0.895599537509352,0.0037407331837040155,0.7878664218186763,0.008093586342923259,0.6258586682989866,0.022784465755288058,0.44984016867306015,0.04454873155138405,0.3102088009249812,0.06461266408216011,0.21009317826293966,0.0842005032986465,0.14085560769910896,0.0992994626946882,0.09317826293953614,0.10984152893967215,0.06107597089029454,0.11745902196830575,0.03937971842481125,0.121811875127525,0.02482486567367205,0.125212541658165,0.015098959396041637,0.12738896823777465,0.007753519689859209,0.1295653948173842,0.002788546555124808,0.13174182139699384,0.00020403999183840466,0.13214990138067062,0.0,0.13214990138067062
Slash,0.0017793594306049821,0.05338078291814947,0.0017793594306049821,0.05338078291814947,0.0009203583261749977,0.05338078291814947,0.0,0.05338078291814947,0.0,0.05338078291814947,0.0,0.05338078291814947,0.0,0.05338078291814947,0.0,0.05338078291814947,0.0,0.05338078291814947,0.0,0.05338078291814947,0.0022088599828199744,0.05264449625720946,0.012332801570744874,0.048104061848079534,0.03834826359062464,0.038286906368879624,0.1043072769664989,0.02570867591115472,0.22923058043931785,0.017548165419069818,0.41367038900478564,0.012026015462019883,0.603939133636029,0.009142226040004914,0.7526076819241626,0.0071174377224199285,0.8500429500552213,0.0071174377224199285,0.9147134617744509,0.006074364952754904,0.9544729414652104,0.0038655049699349805,0.9793839734936802,0.0035587188612099642,0.9915327033991902,0.0030065038655049457,0.99840471223463,0.0007976438826849711,1.0,0.0,1.0,0.0,1.0,0.0,1.0,0.0,0.9986501411216101,0.0,0.998220640569395,0.0
Slash,1.0,0.0,0.9676855284325383,0.0,0.910820451843044,0.0,0.8283555990767294,0.003147513464363177,0.7123172693572077,0.01636707001468843,0.5874659019374695,0.03084563195075888,0.47233685388543045,0.04343568580821147,0.37175631251311464,0.05357767363782614,0.2924389732111632,0.06239071133804295,0.2288592012310274,0.06910540672868437,0.17696020144086175,0.07449115198992795,0.13583269217318317,0.07889767084003638,0.10729523676295724,0.08190529481709449,0.08358396866475486,0.08484297405050008,0.06413932992935581,0.08778065328390573,0.04945093376232775,0.09071833251731132,0.038329719521577946,0.0936560117507169,0.029306847590403588,0.09596418829124995,0.022032594250542065,0.09743302790795273,0.01615723578373085,0.09890186752465553,0.011261103728054831,0.10037070714135832,0.007274253339861492,0.10141987829614604,0.004336574106455906,0.10141987829614604,0.0027278450024480665,0.10141987829614604,0.0012590053857452592,0.10141987829614604,0.0,0.10141987829614604,0.0,0.10141987829614604,0.0,0.10141987829614604,0.0,0.10141987829614604,0.0,0.10141987829614604
Slash,0.002008032128514056,0.19678714859437751,0.0,0.19678714859437751,0.0,0.19678714859437751,0.0,0.19678714859437751,0.0,0.19678714859437751,0.0,0.19678714859437751,0.0,0.19678714859437751,0.0,0.19678714859437751,0.0,0.19678714859437751,0.0006231823847112579,0.19616396620966622,0.004777731616119653,0.19270184185015923,0.016895166874394147,0.18418501592577205,0.046392466417393786,0.16922863869270185,0.1217975349674561,0.14513225315053319,0.24089461293449677,0.11397313391497017,0.38214928680238197,0.08385265198725939,0.5333748788256476,0.05809444675252732,0.6634815122559204,0.0387757928264783,0.7631906938097219,0.024650325439689747,0.8359645478465587,0.014817892258689935,0.8865115634953608,0.007893643539675914,0.9214097770391911,0.0031159119235563176,0.946475557402022,0.00048469741033097517,0.9645478465586483,0.0,0.976180584406592,0.0,0.9848358953053593,0.0,0.9895443844342888,0.0,0.9936989336656972,0.0,0.9959146932557817,0.0,1.0,0.0
Slash,0.996470249243625,0.0,0.9944532488114106,0.0,0.9943812130816887,0.0,0.9943812130816887,0.0,0.9943812130816887,0.0,0.9943812130816887,0.0,0.9960380348652935,0.0,0.9980550352975076,0.0,0.9985592854055613,0.0,1.0,0.0,0.9992796427027807,0.0,0.9972626422705663,0.0,0.9878979974067138,0.0,0.9622532776257026,0.0,0.870695865149114,0.003241607837487419,0.6992508284108916,0.017360610862988072,0.5125342169716179,0.04329347356288719,0.3638524708255293,0.0726840512894396,0.25709551937761127,0.09775248523267545,0.1817461460884599,0.1157614176631609,0.12843970609422278,0.1285837775536666,0.08954041204437396,0.1375162080391875,0.06130240599337271,0.1435672093358306,0.0404120443740095,0.1487537818758104,0.025356576862123625,0.15077078230802476,0.015847860538827273,0.15249963982135142,0.009796859242184095,0.15249963982135142,0.0040340008644287545,0.15249963982135142,0.002017000432214392,0.15249963982135142,0.0,0.15249963982135142
Slash,0.0,0.03557312252964427,0.0,0.03557312252964427,0.0,0.03557312252964427,0.0,0.03495979283085733,0.0008177729317159776,0.032779065012948055,0.001976284584980237,0.030598337195038836,0.0032029439825541754,0.02841760937712962,0.005383671800463393,0.026236881559220403,0.005928853754940711,0.025691699604743084,0.007768842851301619,0.025691699604743084,0.009949570669210865,0.025623551860433403,0.013220662396074662,0.022897642088046923,0.02746354095679434,0.015878424424151577,0.06658034619054112,0.007836990595611269,0.15810276679841886,0.0021807278179092737,0.3107537140520651,0.0,0.48309935941120347,0.0025896142837672346,0.6375221480169004,0.00695106991958567,0.7619599291263459,0.011312525555404105,0.8510971786833855,0.015673981191222538,0.909704238789696,0.01792285675344149,0.9490936350006813,0.019762845849802372,0.974717186861115,0.019762845849802372,0.9891645086547636,0.019762845849802372,0.9959792830857298,0.019762845849802372,0.9991822270682841,0.019762845849802372,1.0,0.019762845849802372,0.9984326018808778,0.018195447730680096,0.9980237154150198,0.017786561264822136,0.9960474308300395,0.015810276679841896
Slash,1.0,0.005780346820809248,1.0,0.005780346820809248,0.9980732177263969,0.005780346820809248,0.9961464354527938,0.005780346820809248,0.9961464354527938,0.005780346820809248,0.9961464354527938,0.005780346820809248,0.9942196531791907,0.005780346820809248,0.9922928709055877,0.005780346820809248,0.9922928709055877,0.005780346820809248,0.9903660886319846,0.005780346820809248,0.9807321772639692,0.0038535645472061657,0.9460500963391136,0.0019267822736030828,0.8670520231213873,0.0,0.7360308285163777,0.0019267822736030828,0.5606936416184971,0.019267822736030827,0.41040462427745666,0.03468208092485549,0.2947976878612717,0.046242774566473986,0.20809248554913296,0.05394990366088632,0.14836223506743737,0.05973025048169557,0.10404624277456648,0.06551059730250482,0.07321772639691715,0.06936416184971098,0.05009633911368015,0.07321772639691715,0.03275529865125241,0.07707129094412331,0.02119460500963391,0.0789980732177264,0.01348747591522158,0.08092485549132948,0.007707129094412331,0.08092485549132948,0.0038535645472061657,0.08092485549132948,0.0,0.08092485549132948,0.0,0.08092485549132948,0.0,0.0789980732177264
Slash,0.0,0.23593073593073594,0.0,0.23593073593073594,0.0,0.23593073593073594,0.0,0.23593073593073594,0.0,0.235333631885356,0.0,0.23376623376623376,0.0,0.23376623376623376,0.0,0.23376623376623376,0.0,0.23376623376623376,0.0,0.23376623376623376,0.0,0.23376623376623376,0.0,0.23376623376623376,0.0017913121361397297,0.23376623376623376,0.009926854754440958,0.22988505747126434,0.035900880728466915,0.21689804448425143,0.10583669204358824,0.1956262128675923,0.23510971786833837,0.15442603373637862,0.38468428123600534,0.11777877295118676,0.5404537990744884,0.08568443051201677,0.6834602179429764,0.06389013285565011,0.7960889685027613,0.04702194357366776,0.8746827884758919,0.03507986266606954,0.928198238543066,0.025824749962681026,0.9620092551127034,0.01783848335572473,0.9789520824003582,0.012315270935960562,0.9889535751604717,0.007687714584266334,0.996492013733393,0.004776832363039238,0.99970144797731,0.0024630541871921248,1.0,0.0001492760113450108,1.0,0.0
Slash,1.0,0.0,1.0,0.0,1.0,0.0,1.0,0.0,1.0,0.0,1.0,0.0,1.0,0.0,1.0,0.0,1.0,0.0,0.9991946701808332,0.0,0.9972179515337871,0.0,0.9931913024379531,0.0,0.9785489420894649,0.0,0.933084413207409,0.001537447836591246,0.8063547843912441,0.0164726553920492,0.6225199502159751,0.059960465627059076,0.45962369133904396,0.10535178270737236,0.33443151035946994,0.1455450618639725,0.24123288674134288,0.1786367962515557,0.17329233472435754,0.20294311443004617,0.12387436854821002,0.22073358225345924,0.08858628010835345,0.23303316494618934,0.06303536130024164,0.2418917929570247,0.04392708104546456,0.248920125924299,0.02957756790394611,0.25485028186543673,0.018888644849549757,0.26078043780657434,0.011421041071820764,0.26627132293725747,0.0057837323376528325,0.26993191302437947,0.0019767186470459005,0.2719086316714255,0.0,0.27388535031847133
Slash,0.0,0.19668737060041408,0.0,0.19668737060041408,0.0,0.19490254872563714,0.0,0.19461697722567287,0.0,0.19461697722567287,0.0,0.19461697722567287,0.0,0.19461697722567287,0.0,0.19461697722567287,0.0,0.19461697722567287,0.0,0.19461697722567287,0.000642535874919682,0.19397444135075317,0.003069893624616255,0.19054758335118158,0.00906689512386664,0.1806953666024131,0.027272078246591013,0.16077675447990292,0.0693224816163346,0.1357178553580353,0.15220960948097373,0.11065895623616767,0.2647961733419004,0.083743842364532,0.39908617120011425,0.06361105161704861,0.5343756693082029,0.047476261869065554,0.6564574855429428,0.03491111587063605,0.757335617905333,0.025915613621760557,0.8350110658956238,0.01934746912258161,0.8914828300135647,0.014564146498179498,0.9317484115085315,0.010708931248661346,0.95952023988006,0.006853715999143314,0.9765117441279358,0.0035696437495537823,0.986792318126651,0.0016420361247947068,0.9922895695009639,0.0,0.996144784750482,0.0,1.0,0.0
Slash,1.0,0.012195121951219513,1.0,0.012195121951219513,1.0,0.012195121951219513,0.9985982618446874,0.010793383795906894,0.9979674796747967,0.01016260162601626,0.996986262966078,0.01016260162601626,0.9943930473787496,0.01016260162601626,0.990187832912812,0.009601906363891213,0.9843706195682645,0.007779646761984839,0.9766610597140454,0.005957387160078466,0.963905242500701,0.00413512755817215,0.9441407345107934,0.0023128679562657755,0.907134847210541,0.0004906083543594016,0.8337538547799273,0.0,0.6853097841323239,0.012335295766750803,0.5158396411550321,0.03602467059153349,0.38141295206055503,0.060555088309503805,0.28223997757218955,0.07863751051303619,0.2090692458648725,0.09083263246425564,0.15503223997757218,0.09980375665825623,0.11676478833753862,0.10527053546397534,0.08690776562938043,0.10905522848331933,0.06363891225119145,0.11417157275021028,0.04555649004765912,0.11963835155592935,0.03125876086347071,0.12510513036164847,0.020185029436501245,0.13057190916736758,0.012335295766750774,0.1354079058031959,0.007289038407625452,0.13863190356041488,0.003644519203812719,0.14045416316232126,0.0,0.14227642276422764
Slash,0.0,0.17234468937875752,0.0,0.17040978508741622,0.0,0.17034068136272545,0.0,0.17034068136272545,0.0,0.17034068136272545,0.0,0.17034068136272545,0.0,0.17034068136272545,0.0,0.17034068136272545,0.0,0.17034068136272545,0.0,0.17034068136272545,0.0013129707691244554,0.16771473982447652,0.008223343238200558,0.15886946306405916,0.02259691797387879,0.1449105106765255,0.04885633335636794,0.1261142975606385,0.09522493262386844,0.10483035035588421,0.17358855642319138,0.08161149885978854,0.28304885633335647,0.05915278833529128,0.4082648054730152,0.042291479510745564,0.5394236749360791,0.031027572386151607,0.6646396240757377,0.0232879552207864,0.7656001658489392,0.016170271577638066,0.839679358717435,0.010918388501140188,0.8914380485108148,0.0075323059912929344,0.9276484002487735,0.00559740169995159,0.9530094672102827,0.0036624974086103025,0.9698707760348283,0.001727593117269015,0.9827931725520005,0.0,0.9903945822679844,0.0,0.9961301914173174,0.0,1.0,0.0
Slash,1.0,0.005607476635514018,1.0,0.005543022881082808,0.9998710924911376,0.003738317757009346,0.9981308411214953,0.003738317757009346,0.9981308411214953,0.003738317757009346,0.9981308411214953,0.0034160489848533474,0.9977441185949081,0.001869158878504673,0.9962616822429906,0.001869158878504673,0.995746052207541,0.001869158878504673,0.9932323557847245,0.001869158878504673,0.9900096680631647,0.001869158878504673,0.9845310989365129,0.0011601675797615193,0.9659684176603286,0.0,0.9227199484369965,0.0,0.8427972929423138,0.0,0.7093780212697389,0.015468901063486959,0.5389622945536576,0.05053174347405738,0.3857557202707055,0.08701256848211411,0.27167257492748925,0.11833709313567523,0.191427650660651,0.1424427972929423,0.13599742184982272,0.15984531098936514,0.09713180792781176,0.1726071543667419,0.06799871092491132,0.18137286496938448,0.046857879471479166,0.1905897518530454,0.030615533354817866,0.19871092491137612,0.018369320012890746,0.2048340315823397,0.01179503706090879,0.2089590718659362,0.005994199162101181,0.21282629713180798,0.0019980663873670535,0.21488881727360618,0.0,0.21682242990654205
Slash,0.001841620626151013,0.19337016574585636,0.001841620626151013,0.19337016574585636,0.001841620626151013,0.19337016574585636,0.001841620626151013,0.19337016574585636,0.001841620626151013,0.19337016574585636,0.00031752079761224384,0.19337016574585636,0.0,0.19337016574585636,0.0,0.19337016574585636,0.0,0.19203657839588495,0.0,0.19025846192925638,0.0024131580618530503,0.18727376643170135,0.007112465866514264,0.18028830888423186,0.018924239537689718,0.16815901441544423,0.04407188670857945,0.15088588302533812,0.09703435575030167,0.13132660189242393,0.1850511208484157,0.10998920429288117,0.3081221820029213,0.09017590652187717,0.45595986537118205,0.07493490823648946,0.6011938781990223,0.06210706801295484,0.7237569060773481,0.05207341080840796,0.816599987299168,0.04375436591096717,0.8816282466501557,0.03664190004445287,0.9278592747824984,0.029529434177938615,0.960373404457992,0.022416968311424364,0.9801231980694737,0.015622023242522378,0.9915539467835143,0.010541690480726477,0.9966977837048328,0.006985457547469378,1.0,0.003556232933257152,0.9999364958404775,0.001778116466628602,0.998158379373849,0.0
Slash,1.0,0.0037313432835820895,1.0,0.0037313432835820895,1.0,0.0018656716417910447,1.0,0.0018656716417910447,0.9981343283582089,0.0018656716417910447,0.9981343283582089,0.0018656716417910447,0.9981343283582089,0.0018656716417910447,0.9981343283582089,0.0018656716417910447,0.996268656716418,0.0018656716417910447,0.996268656716418,0.0018656716417910447,0.9925373134328358,0.0,0.9757462686567164,0.0,0.9253731343283582,0.0,0.8283582089552238,0.005597014925373134,0.6772388059701493,0.027985074626865673,0.5018656716417911,0.05223880597014925,0.35634328358208955,0.07835820895522388,0.251865671641791,0.09888059701492537,0.1791044776119403,0.11380597014925373,0.12313432835820895,0.125,0.08395522388059702,0.13432835820895522,0.055970149253731345,0.13992537313432835,0.03731343283582089,0.14738805970149255,0.022388059701492536,0.15298507462686567,0.013059701492537313,0.15671641791044777,0.007462686567164179,0.16044776119402984,0.0037313432835820895,0.1623134328358209,0.0018656716417910447,0.1623134328358209,0.0,0.1623134328358209,0.0,0.1623134328358209
Slash,0.0018214936247723133,0.15664845173041894,0.0001884303749764502,0.15664845173041894,0.0,0.15664845173041894,0.0,0.15664845173041894,0.0,0.15558067960555239,0.0,0.15482695810564662,0.0,0.15482695810564662,0.0,0.15482695810564662,0.0,0.1545129074806859,0.00012562024998430014,0.15287984423089,0.0017586834997801633,0.15124678098109418,0.006532252999183472,0.14647321148169082,0.015576910998052888,0.1388103762326487,0.031342252371082215,0.12825827523396768,0.06136549211732937,0.1138119464857735,0.11770617423528677,0.09748131398781484,0.20664531122416938,0.07926637774009171,0.32648702970918914,0.059795238992525625,0.469191633691351,0.045600150744299996,0.6053639846743296,0.03429432824571324,0.7164122856604482,0.026129011996733863,0.8003266126499591,0.020978581747377684,0.8621945857672257,0.01607939199799011,0.9080459770114943,0.012310784498461156,0.9403931913824509,0.009044657998869403,0.9627535958796558,0.006532252999183504,0.978456127127693,0.004899189749387576,0.9887569876264053,0.003266126499591752,0.9951008102506124,0.001633063249795876,1.0,0.0
Slash,1.0,0.0018832391713747645,1.0,0.0018832391713747645,0.9997402428729137,0.0018832391713747645,0.9981167608286252,0.0018832391713747645,0.9981167608286252,0.0018832391713747645,0.9981167608286252,0.0018832391713747645,0.9973374894473666,0.0018832391713747645,0.9962335216572504,0.0018832391713747645,0.9951944931489057,0.0018832391713747645,0.9943502824858758,0.0018832391713747645,0.991752711215014,0.0018832391713747645,0.9791544905513345,0.00045457497240080155,0.9427884927592699,0.0,0.8701214364569128,0.0,0.7443340476654329,0.0018182998896032062,0.5879602571595562,0.019481784531463014,0.42762517046561477,0.0400025975712708,0.29891551399441524,0.06351061757256964,0.20910448730437053,0.08227807000454572,0.14676277680368857,0.09520098707708295,0.10013637249172035,0.10455224365218521,0.06896551724137934,0.11176050392882658,0.04773037210208459,0.11779985713358013,0.03182024806805639,0.12383921033833366,0.020196116630950063,0.12864471718942785,0.011494252873563236,0.13267095265926357,0.00642898889538282,0.1352035846483538,0.004026235469835709,0.13721670238327163,0.0020131177349178545,0.1374764595103578,0.0,0.1374764595103578
Slash,0.0,0.18442622950819673,0.0,0.18442622950819673,0.0,0.18442622950819673,0.0,0.18442622950819673,0.0,0.18442622950819673,0.0,0.18442622950819673,0.0,0.18442622950819673,0.0,0.18386093838326736,0.0003533069530808296,0.18202374222724707,0.002331825890333513,0.18004522328999434,0.00600621820237422,0.1763708309779536,0.016746749576031648,0.16739683436970043,0.03398812888637648,0.15510175240248725,0.06981345392877329,0.13821368004522327,0.1471170152628605,0.11871113623516108,0.25091859807801026,0.09666478236291687,0.37203222159412097,0.0749010740531374,0.5110231769361221,0.05751837196156023,0.6390616167326172,0.0433860938383267,0.7425805539853025,0.03243357829282078,0.8160684002261164,0.023247597512719095,0.8692057659694743,0.015757490107405285,0.9058083663086489,0.009892594686263403,0.9312464669304692,0.00565291124929339,0.9501130582249858,0.003038439796495187,0.9657998869417752,0.0012012436404748264,0.9785895986433013,0.0,0.9873516110797059,0.0,0.9944884115319391,0.0,1.0,0.0
Slash,1.0,0.004106776180698152,0.9978049989379026,0.004106776180698152,0.9953267719323089,0.0038235502372017216,0.991361608723359,0.002053388090349076,0.9891666076612616,0.002053388090349076,0.9869716065991646,0.002053388090349076,0.9847766055370673,0.002053388090349076,0.9815903136727324,0.002053388090349076,0.9726686964525949,0.0009204843163633547,0.9493025561141402,0.0,0.9029951143524748,0.0,0.8200807193938967,0.0015577426892303375,0.6186362670820648,0.04113856829285564,0.4264674644197409,0.09346456135382002,0.291651915315443,0.13226651561283015,0.20123203285420962,0.15867733484387164,0.139488777171989,0.17560008496778307,0.09735891807689587,0.186221057848899,0.06641648374991153,0.19549670749840684,0.04418324718544219,0.20519719606315936,0.028180981377894248,0.21100332790483609,0.01777242795440064,0.2153933300290306,0.011187424768108778,0.21765913757700206,0.005806131841676705,0.21765913757700206,0.002761452949090137,0.21765913757700206,0.0005664518869928606,0.21765913757700206,0.0,0.21765913757700206,0.0,0.21765913757700206,0.0,0.21765913757700206,0.0,0.21765913757700206
Slash,0.0,0.21428571428571427,0.0,0.21428571428571427,0.0,0.21428571428571427,0.0,0.21346469622331696,0.0,0.2123015873015873,0.0,0.2123015873015873,0.0,0.2123015873015873,0.0,0.2123015873015873,0.0,0.2120963327859879,0.0004789272030651302,0.20935960591133004,0.004241926655719765,0.20333880678708263,0.013067870826491527,0.19225506294471806,0.029556650246305414,0.17610837438423646,0.06403940886699512,0.1548987411056377,0.13793103448275862,0.12862616310892178,0.2850301039956215,0.09359605911330046,0.46770662287903675,0.06773399014778325,0.6317733990147782,0.048782156540777215,0.7612889983579638,0.03489326765188838,0.8501642036124797,0.024835796387520533,0.9096195949644227,0.01580459770114941,0.9473180076628355,0.008552271483305993,0.9726327312534208,0.003899835796387505,0.9851532567049809,0.0016420361247947242,0.9919266557197591,0.0,0.9978106185002736,0.0,1.0,0.0,1.0,0.0,0.9982895457033388,0.0,0.996031746031746,0.0
Slash,1.0,0.0,1.0,0.0,0.9991623621387685,0.0,0.9979757085020243,0.0,0.9979757085020243,0.0,0.9979757085020243,0.0,0.9979757085020243,0.0,0.9979757085020243,0.0,0.9979757085020243,0.0,0.9927404718693285,0.0,0.9756386988691889,0.0,0.9283819628647215,0.0016752757224626335,0.8179533714923914,0.011936339522546429,0.6329750104704731,0.040555633114616796,0.4301270417422871,0.08146028200474656,0.2827027781655732,0.11768811950300154,0.18763088091581742,0.14267764902973615,0.12376099399692866,0.1601284378053888,0.08271673879659357,0.1718553678626274,0.054167248359625886,0.1797431243892224,0.032737679743124394,0.18679324305458608,0.019475080273628365,0.1916794639117688,0.010819489040904663,0.19656568476895162,0.005025827167387986,0.19991623621387686,0.0020940946530783205,0.2023593466424682,0.0,0.20242914979757085,0.0,0.20242914979757085,0.0,0.20242914979757085,0.0,0.20242914979757085,0.0,0.20242914979757085
Slash,0.0,0.20449897750511248,0.0,0.20449897750511248,0.0,0.20287708906283053,0.0,0.20245398773006135,0.0011987871095127248,0.20125520062054858,0.0030322262181792458,0.19843452506875398,0.007192722657076378,0.19244058952119036,0.01565474931246035,0.1827092588674988,0.02877089062830548,0.171003455327551,0.0526055990409703,0.15605387490303932,0.0984415767576334,0.13771948381637406,0.19187645441083143,0.1123334038502221,0.2965235173824131,0.0897679994358649,0.42563994076581335,0.06910655101896906,0.5541217121500601,0.05232353148579083,0.6677949368873846,0.03948945772512514,0.763133770538044,0.02919399196107469,0.8368944362174741,0.02052041463930607,0.8893590014808547,0.013468725759819458,0.9274381214300825,0.008038925322614734,0.9549397080600803,0.004372047105281779,0.9722868627036175,0.0023975742190254206,0.9828643960228475,0.000564135110358943,0.9894929835695648,0.0,0.9939355475636416,0.0,0.9967562231154361,0.0,0.9985896622241028,0.0,1.0,0.0,1.0,0.0,1.0,0.0
Slash,0.982816229116945,0.0,0.982816229116945,0.0,0.982816229116945,0.0,0.982816229116945,0.0,0.982816229116945,0.0,0.982816229116945,0.0006818956699624822,0.9836345039209,0.00279577224684625,0.9867030344357313,0.004909648823729961,0.9920218206614385,0.007023525400613729,0.9971360381861576,0.010364814183429931,1.0,0.017320150017047394,0.9976133651551312,0.02727582679849979,0.9557449710194339,0.036208660075008545,0.8532560518240709,0.04289123764064095,0.6686668939652233,0.058779406750767114,0.4677804295942725,0.073781111489942,0.32199113535629054,0.09239686327991815,0.22141152403682232,0.10685305148312309,0.15219911353562912,0.11953631094442548,0.10364814183429936,0.13160586430276164,0.06934878963518587,0.14142516195022162,0.04541425161950224,0.1489942038868053,0.02945789294237985,0.15431299011251273,0.017933856120013653,0.1585407432662802,0.009955676781452438,0.16147289464711906,0.0050460279577224775,0.1635867712240027,0.0023866348448687434,0.1641322877599727,0.0002727582679850041,0.1641322877599727,0.0,0.1641322877599727,0.0,0.1641322877599727
Slash,0.0,0.13480885311871227,0.0,0.13480885311871227,0.0,0.13480885311871227,0.0,0.13376812599736349,0.0,0.13279678068410464,0.0,0.13106223548185672,6.93818080899203e-05,0.12863387219870953,0.0036772358287656902,0.12349961840005551,0.015402761395961964,0.11565947408589466,0.04190661208631095,0.10400333032678828,0.11170471102476925,0.08693540553666833,0.2302088392423506,0.06625962672587245,0.40921390411434094,0.04946922916811216,0.5873863872892525,0.03580101297439813,0.7297578574897661,0.024838687296190983,0.8311940609172274,0.016582252133490596,0.8993269964615277,0.011031707486297141,0.9451883716089642,0.008187053354610454,0.9734961493096509,0.005828071879553191,0.9901477832512315,0.004024144869215292,0.9977797821411225,0.004024144869215292,1.0,0.004024144869215292,1.0,0.004024144869215292,1.0,0.004024144869215292,1.0,0.004024144869215292,1.0,0.003399708596406052,1.0,0.0010407271213487901,1.0,0.0,1.0,0.0,1.0,0.0
Slash,1.0,0.001968503937007874,1.0,0.0,1.0,0.0,1.0,0.0,1.0,0.0,1.0,0.0,0.9975563399402659,0.0,0.9864919902253598,0.0,0.9566250339397231,0.0,0.8974341569372793,0.0,0.7933070866141734,0.0,0.6473662774911758,0.013440130328536443,0.4737306543578605,0.04541134944338852,0.3284007602497965,0.09000814553353244,0.2275319033396688,0.12299755633994026,0.15985609557426025,0.14607656801520497,0.11288351887048606,0.15829486831387451,0.08091229975563398,0.16637252240021722,0.058240564756991624,0.1722101547651371,0.03903068150963889,0.17641868042356768,0.02579418951941354,0.18137387998913934,0.017037740972033682,0.18680423567743681,0.011743144175943536,0.18999456964431172,0.007534618517512904,0.19209883247352705,0.004615802335052947,0.19291338582677164,0.002511539505837637,0.19291338582677164,0.00040727667662232044,0.19291338582677164,0.0,0.19291338582677164,0.0,0.19291338582677164,0.0,0.19291338582677164
Slash,0.0018656716417910447,0.16977611940298507,0.0,0.16791044776119404,0.0,0.16791044776119404,0.0,0.1673314462171899,0.0,0.166044776119403,0.0,0.166044776119403,0.0,0.166044776119403,0.0,0.166044776119403,0.0,0.16450077200205865,0.0017370046320123492,0.16417910447761194,0.0019943386515697404,0.16218476582604216,0.006111682964487903,0.15781008749356668,0.0106793618116315,0.151183736489964,0.020715388574369536,0.1416623777663407,0.04844312918167778,0.12763767370046317,0.10917395779722087,0.10808028821410187,0.22735460627895002,0.08665723108594954,0.39269171384457,0.06890118373648998,0.5708955223880599,0.057256819351518246,0.7175759135357693,0.048764796706124554,0.821667524446732,0.0405301080802882,0.8905043746783324,0.032295419454451905,0.9368244981986619,0.024060730828615554,0.9641662377766342,0.0158260422027792,0.9811502830674215,0.008492022645393744,0.9902213072568192,0.0034096757591353904,0.9963973237261966,0.0005790015440041429,0.9996139989706638,0.0,1.0,0.0,1.0,0.0
Slash,1.0,0.007547169811320755,1.0,0.007547169811320755,0.9997397527651268,0.007547169811320755,0.9977228366948603,0.007547169811320755,0.9957059206245933,0.007547169811320755,0.9936890045543265,0.00689655172413789,0.9908913467794406,0.005660377358490566,0.986857514638907,0.005660377358490566,0.9828236824983734,0.005660377358490566,0.9776187378009109,0.005660377358490566,0.9689655172413794,0.005660377358490566,0.9502927781392323,0.004229017566688351,0.9078074170461939,0.0022121014964215672,0.8120364346128823,0.00019518542615483785,0.6944046844502278,0.0,0.5157449577098248,0.015614834092387725,0.36434612882238143,0.0313597918022121,0.2545868575146389,0.043461288223812636,0.17735849056603784,0.05510735198438515,0.12413793103448277,0.06402081977878982,0.0873780091086533,0.07007156798959012,0.06135328562134028,0.07527651268705265,0.042160052049447026,0.07931034482758623,0.027325959661678615,0.08334417696811967,0.017696811971372805,0.08737800910865325,0.010995445673389727,0.09004554326610278,0.006441119063109958,0.09206245933636957,0.0024072869225764586,0.09245283018867924,0.0001301236174365675,0.09245283018867924,0.0,0.09245283018867924
Slash,0.0019267822736030828,0.10597302504816955,0.0019267822736030828,0.10597302504816955,0.0019267822736030828,0.10597302504816955,0.001129493056939735,0.10597302504816955,0.0,0.10597302504816955,0.0,0.10597302504816955,0.0,0.10597302504816955,0.0,0.10597302504816955,0.0,0.10577370274400373,0.0004650853763869473,0.10404624277456648,0.0026576307222111505,0.1033153943259584,0.00883662215135208,0.09813301441764664,0.02989834562487542,0.0843133346621487,0.07521094943857555,0.06371669656501226,0.16012225101322175,0.041791243106770286,0.29074480100989986,0.02425088034017677,0.4476114543884129,0.01189289748189491,0.6038801408544282,0.0044515314597037,0.7315128562886187,0.0009966115208291883,0.8234004385090693,0.0,0.8862534050893629,0.0,0.9289748189489071,0.0,0.9562819746196265,0.0,0.9746860673709388,0.0,0.9844528602750647,0.0,0.9901667663278187,0.0,0.9934223639625275,0.0,0.9956149093083517,0.0,0.9978074546541758,0.0,1.0,0.0
Slash,1.0,0.0037593984962406013,1.0,0.0037593984962406013,1.0,0.0037593984962406013,1.0,0.0037593984962406013,0.9981851179673321,0.0037593984962406013,0.9981203007518797,0.0018796992481203006,0.9981203007518797,0.0018796992481203006,0.9981203007518797,0.0018796992481203006,0.9981203007518797,0.0018796992481203006,0.9977962146746178,0.0018796992481203006,0.9931293751620431,0.0011018926626911942,0.9764065335753176,0.0,0.9345346123930517,0.0,0.8408089188488462,0.005055742805289059,0.6752657505833548,0.023139745916515454,0.47109152190821896,0.05697433238268081,0.30768732175265745,0.08549390718174746,0.20054446460980024,0.10455016852476023,0.13170858179932587,0.11660617059891103,0.08575317604355712,0.12360642986777289,0.054640912626393576,0.12905107596577647,0.033056779880736305,0.1355976147264713,0.020222971221156343,0.1396810992999741,0.01192636764324604,0.14201451905626136,0.006416904329789982,0.14434793881254862,0.003694581280788176,0.14473684210526316,0.0013611615245009098,0.14473684210526316,0.0,0.14473684210526316,0.0,0.14473684210526316,0.0,0.14473684210526316
Slash,0.0,0.1640625,0.0,0.1640625,0.0,0.1640625,0.0,0.16305226293103448,0.0,0.162109375,0.0,0.162109375,0.0,0.162109375,0.0,0.162109375,0.0,0.16136853448275867,0.001077586206896547,0.15907866379310343,0.006196120689655166,0.15537446120689657,0.02007004310344826,0.14729256465517243,0.054418103448275745,0.13173491379310348,0.1285021551724136,0.11200161637931039,0.2579471982758619,0.08762122844827591,0.41938308189655144,0.06815732758620696,0.5861395474137929,0.053609913793103425,0.7246093749999998,0.04168911637931039,0.8246228448275862,0.030441810344827624,0.8907596982758621,0.021821120689655193,0.9341325431034483,0.014951508620689669,0.9601293103448276,0.009294181034482762,0.9760910560344827,0.006263469827586188,0.9860587284482758,0.00397359913793105,0.9927262931034484,0.0016837284482759118,0.9966998922413794,0.0,0.9989897629310345,0.0,1.0,0.0,1.0,0.0,1.0,0.0
Slash,1.0,0.0020833333333333333,1.0,0.0,1.0,0.0,1.0,0.0,0.999425287356322,0.0,0.9979166666666667,0.0,0.9979166666666667,0.0,0.9979166666666667,0.0,0.9967672413793103,0.0,0.9945402298850574,0.0,0.990876436781609,0.0,0.9801005747126437,0.0,0.9563936781609196,0.0,0.9091235632183907,0.0018678160919540332,0.8116379310344829,0.0040948275862068804,0.5770833333333338,0.04073275862068956,0.3889367816091956,0.07528735632183903,0.2595545977011494,0.09870689655172414,0.17183908045977023,0.11300287356321839,0.116882183908046,0.1152298850574713,0.07931034482758627,0.11666666666666667,0.053160919540229924,0.11853448275862064,0.034123563218390864,0.12298850574712646,0.020977011494252906,0.1274425287356322,0.012571839080459772,0.13053160919540233,0.007399425287356332,0.13125,0.002945402298850578,0.13125,0.0002873563218390866,0.13125,0.0,0.12931034482758624,0.0020833333333333333,0.12708333333333333
Slash,0.0038314176245210726,0.08620689655172414,0.0038314176245210726,0.08620689655172414,0.0038314176245210726,0.08620689655172414,0.0038314176245210726,0.08620689655172414,0.0038314176245210726,0.08620689655172414,0.0038314176245210726,0.08620689655172414,0.0019157088122605363,0.08620689655172414,0.0,0.08620689655172414,0.0,0.08620689655172414,0.0,0.08620689655172414,0.0019157088122605363,0.0842911877394636,0.009578544061302681,0.07854406130268199,0.034482758620689655,0.06704980842911877,0.08812260536398467,0.05363984674329502,0.18007662835249041,0.044061302681992334,0.3333333333333333,0.03639846743295019,0.5,0.03065134099616858,0.6417624521072797,0.02681992337164751,0.7509578544061303,0.0210727969348659,0.8295019157088123,0.01532567049808429,0.8850574712643678,0.011494252873563218,0.9233716475095786,0.007662835249042145,0.9482758620689655,0.0038314176245210726,0.9655172413793104,0.0019157088122605363,0.9770114942528736,0.0,0.9865900383141762,0.0,0.9923371647509579,0.0,0.9961685823754789,0.0,0.9980842911877394,0.0,1.0,0.0
Slash,1.0,0.0035842293906810036,0.9985168705969597,0.0035842293906810036,0.9982078853046595,0.0035842293906810036,0.9982078853046595,0.0035842293906810036,0.9976517117785192,0.0030280558645408235,0.9959213941416387,0.0015449264615004274,0.9929551353355579,6.179705845998042e-05,0.9899888765294772,0.0,0.9859102706711161,0.0,0.9814608824619949,0.0,0.975033988382153,0.0,0.9627981708070696,0.0,0.9375849709553826,0.0,0.8865406006674081,0.0,0.8047830923248054,0.0021010999876405565,0.6920652576937338,0.011741441107403308,0.5583364231862563,0.028921023359288103,0.42300086515881846,0.048201705598813455,0.3162155481399086,0.06748238783833886,0.2366827339018663,0.0828698553948832,0.1748856754418489,0.09572364355456682,0.12748733160301565,0.10622914349276975,0.09189222593004569,0.11475713756025215,0.06550488196761832,0.12211098751699415,0.046224199728092934,0.12804350512915583,0.030651340996168574,0.1327400815721172,0.019527870473365464,0.13718946978123844,0.011247064639723147,0.14102088740575947,0.004449388209121245,0.1436781609195402,0.0,0.14516129032258066
Slash,0.0,0.13240418118466898,0.0,0.13240418118466898,0.0,0.13240418118466898,0.0,0.13240418118466898,0.0,0.13240418118466898,0.0,0.13240418118466898,0.0,0.13240418118466898,0.0,0.13240418118466898,0.0,0.13240418118466898,0.0,0.13240418118466898,0.0,0.13240418118466898,0.0010813408626697088,0.13132284032199923,0.004805959389643161,0.12861948816532504,0.01273579238255438,0.12237174095878889,0.03093836357082783,0.11125795987023904,0.07214946533701798,0.09696023068605067,0.1512074972966479,0.07869758500540668,0.2792863150306383,0.058993151507869705,0.43644118707196944,0.044154751892346494,0.5823020545476391,0.032980896311426144,0.7043734230445752,0.02342905202451037,0.794965757539349,0.015499219031599142,0.8588850174216028,0.009191397332692499,0.9047819295926951,0.004505586927790445,0.9380031238736032,0.0014417878168929779,0.960591133004926,0.0,0.9768713204373424,0.0,0.9882854739877447,0.0,0.9949537426408748,0.0,1.0,0.0
Slash,1.0,0.06513409961685823,1.0,0.06513409961685823,0.9983485268859823,0.06513409961685823,0.9965649359228432,0.06513409961685823,0.9947813449597042,0.06513409961685823,0.9929977539965649,0.06513409961685823,0.991214163033426,0.06513409961685823,0.9904214559386973,0.06513409961685823,0.9904214559386973,0.06513409961685823,0.9896948077685294,0.06513409961685823,0.9885057471264368,0.06453956929581184,0.9871185097106621,0.06275597833267275,0.978464790593209,0.05998150350112303,0.9509182190513938,0.05205443255383799,0.8867089443783857,0.037917822697846444,0.7761263046637601,0.02721627691901174,0.5899722552516846,0.01994979521733388,0.43103448275862066,0.014400845554234385,0.30928788479323577,0.00905007266481706,0.22024045448540097,0.005020478266613818,0.15543664949134633,0.002642356982428328,0.10787422380763638,0.0008587660192891835,0.07332540626238605,0.0,0.048751486325802645,0.0,0.0317743427137006,0.0,0.02034614876469811,0.0,0.011824547496366753,0.0,0.005218655040295932,0.0,0.0017835909631391444,0.0,0.0,0.0
Slash,0.005401535858388645,0.03494728621632176,0.002277756084862692,0.03494728621632176,0.0016269686320447686,0.03494728621632176,0.0016269686320447686,0.03494728621632176,0.001041259924508651,0.03494728621632176,0.0,0.034686971235194645,0.0015618898867629898,0.033125081348431576,0.0031237797735259526,0.03306000260314982,0.004685669660288942,0.03306000260314982,0.00793960692437848,0.03221397891448656,0.0136665365091761,0.02961082910321492,0.023233112065599377,0.024534686971235196,0.045099570480281126,0.016725237537420275,0.08557855004555512,0.010347520499804757,0.1454509957048028,0.005206299622543281,0.22588832487309649,0.0013015749056357936,0.3232461278146557,0.0,0.4301054275673564,0.0037745672263438763,0.5441233893010542,0.014707796433684778,0.6485747754783286,0.02837433294286088,0.7360406091370559,0.04243134192372776,0.8063907327866718,0.05505661850839518,0.8618378237667579,0.0655993752440453,0.9049850318885853,0.07490563581934144,0.9346609397370819,0.08271508525315635,0.9578289730573993,0.08922295978133543,0.9748145255759467,0.09449433814916051,0.98691917219836,0.09787843290381361,0.9953143303397111,0.09911492906416766,1.0,0.09911492906416766
Slash,1.0,0.0035971223021582736,1.0,0.001984619201190763,0.9985735549491442,0.00037211610022325203,0.9969610518481767,0.0,0.9953485487472091,0.0,0.9937360456462416,0.0,0.9921235425452741,0.0,0.9905110394443065,0.0,0.988898536343339,0.0,0.9871619945422971,0.0001240387000744003,0.9839369883403623,0.001736541801041911,0.9760605308856362,0.004899528652939707,0.9529893326717935,0.006760109154056069,0.8953733564872239,0.008372612255023528,0.7932895063259735,0.010977424956586447,0.6368767055321258,0.02307119821384275,0.46520714462912427,0.04217315802530393,0.33459439345075664,0.057429918134457976,0.23908459439345078,0.0698337881419003,0.1689407095013644,0.07932274869759363,0.11895311337137195,0.08416025800049612,0.08236169684941703,0.08899776730339866,0.05600347308360204,0.0925328702555197,0.03739766807243862,0.09464152815678492,0.024993798064996273,0.09532374100719425,0.01606301165963779,0.09532374100719425,0.009116844455470108,0.09532374100719425,0.00465145125279088,0.09532374100719425,0.001612503100967498,0.09532374100719425,0.0,0.09532374100719425
Slash,0.0018867924528301887,0.11320754716981132,0.001821730644111905,0.11320754716981132,0.0,0.11320754716981132,0.0,0.11320754716981132,0.0,0.11320754716981132,0.0,0.11320754716981132,0.0,0.11359791802212099,0.0,0.11554977228366949,0.0,0.11802212101496423,0.0011711125569290942,0.12134027325959654,0.007677293428757322,0.12329212752114513,0.026545217957059237,0.12309694209499024,0.0757319453480808,0.1168510084580351,0.1797657774886143,0.10032530904359138,0.3312296681847758,0.07586206896551723,0.49713728041639565,0.05634352635003253,0.6493819128171765,0.04176968119713723,0.764736499674691,0.030318802862719558,0.8447625243981783,0.021730644111906318,0.9007156798959013,0.015159401431359807,0.9391021470396876,0.010605074821080024,0.9640858815875081,0.008067664281067024,0.9798308392973326,0.006115810019518539,0.9890045543266104,0.0041639557579700535,0.9936890045543266,0.0022121014964215672,0.9959661678594665,0.000260247234873135,0.9979180221210149,0.0,0.9998698763825634,0.0,1.0,0.0,1.0,0.0
Slash,1.0,0.001890359168241966,1.0,0.0,1.0,0.0,1.0,0.0,1.0,0.0,1.0,0.0,0.998109640831758,0.0,0.996219281663516,0.0,0.994328922495274,0.0,0.9886578449905482,0.0,0.9810964083175804,0.001890359168241966,0.9621928166351607,0.003780718336483932,0.9130434782608695,0.007561436672967864,0.8185255198487713,0.015122873345935728,0.6351606805293005,0.045368620037807186,0.45368620037807184,0.06805293005671077,0.31947069943289225,0.08695652173913043,0.22117202268431002,0.10207939508506617,0.15122873345935728,0.11531190926275993,0.10207939508506617,0.12476370510396975,0.06805293005671077,0.13043478260869565,0.043478260869565216,0.13610586011342155,0.026465028355387523,0.13799621928166353,0.015122873345935728,0.13988657844990549,0.007561436672967864,0.13988657844990549,0.001890359168241966,0.13988657844990549,0.0,0.13799621928166353,0.0,0.13610586011342155,0.0,0.13610586011342155,0.0,0.13610586011342155
Slash,0.0,0.11173184357541899,0.0,0.11173184357541899,0.0,0.11173184357541899,0.0,0.11006228729210807,0.0,0.10986964618249534,0.0,0.10986964618249534,0.0,0.10986964618249534,0.0,0.10986964618249534,0.0,0.10986964618249534,0.0012842740640852768,0.10986964618249534,0.005522378475566685,0.10864958582161427,0.017851409490785345,0.1045399088165414,0.04713285815192962,0.09587105888396583,0.12187760868169281,0.07891864123804014,0.23206832338020938,0.058306042509471544,0.3606241571951456,0.04212418930199699,0.5025364412765686,0.030373081615616797,0.6340461054389008,0.021126308354202775,0.7392281512874849,0.015347075065819043,0.8194952802928145,0.011751107686380298,0.8766454761446093,0.008733063635779904,0.9174853913825212,0.0069350799460604785,0.9458036344956013,0.005137096256341107,0.9658383098953317,0.003339112566621735,0.9792589738650227,0.0015411288769023638,0.9877351826879855,0.0,0.9929364926475308,0.0,0.9964040326205612,0.0,0.9982020163102806,0.0,1.0,0.0
Slash,1.0,0.003669724770642202,1.0,0.0019614046187914984,0.9984182220816198,0.001834862385321101,0.9967099019297692,0.001834862385321101,0.9950015817779185,0.001834862385321101,0.9944954128440368,0.001834862385321101,0.9944954128440368,0.0007592534008224886,0.9944954128440368,0.0,0.9936728883264789,0.0,0.9912685858905409,0.0,0.9855741853843721,0.0,0.9686807972160708,0.0,0.9245808288516292,0.00031635558367607166,0.8287250869977854,0.005061689338816833,0.6102499209111042,0.034039860803543154,0.4411262258778868,0.061372983233154044,0.3180639038279026,0.08212590952230307,0.22866181588105036,0.09655172413793109,0.16273331224296117,0.10743435621638724,0.11515343245808286,0.11515343245808289,0.08155646947168621,0.12084783296425176,0.05757671622904142,0.12496045555204054,0.03973426130971213,0.12837709585574184,0.02663714014552359,0.13103448275862065,0.017652641569123693,0.1327428029104714,0.011325529895602664,0.13394495412844037,0.006580196140461876,0.13394495412844037,0.0034166403037013612,0.13394495412844037,0.001708320151850684,0.13394495412844037,0.0,0.13394495412844037
Slash,0.0,0.21863117870722434,0.0,0.21863117870722434,0.0,0.21863117870722434,0.00091779205454307,0.21771338665268128,0.002491149862331191,0.21614002884489322,0.00432673397141733,0.21430444473580698,0.007473449586993573,0.21115772912023079,0.012127966435033435,0.20801101350465448,0.01920807657007997,0.20486429788907828,0.03048380752589485,0.20086534679428342,0.049364101219352315,0.19299855775534286,0.0816179362790088,0.17765831912940866,0.1414055329749574,0.15405795201258687,0.2473449586993576,0.11891962763865217,0.37085354661072506,0.0894191687426249,0.49908220794545693,0.06660548052969714,0.6196407499672217,0.04910187491805432,0.7211223285695555,0.0353349940999082,0.7966435033433853,0.025894847253179493,0.851514356889996,0.01920807657007997,0.8939950177002755,0.013963550544119616,0.9259866264586338,0.009964599449324764,0.9491936541235088,0.006817883833748563,0.9663039202832046,0.003736724793496773,0.9788907827455093,0.002163366985708672,0.9875442506883441,0.0005900091779205716,0.9934443424675493,0.0,0.9975088501376689,0.0,1.0,0.0,1.0,0.0
Slash,1.0,0.0,0.9995742869306089,0.0,0.9979423868312757,0.0,0.9979423868312757,0.0,0.9979423868312757,0.0,0.9958847736625515,0.0,0.9953881084149282,0.0,0.9938271604938271,0.0,0.9911309777210161,0.0,0.9826167163331915,0.0,0.9646658152405279,0.0001419043564637757,0.9133673903788848,0.004328082872144165,0.8055910316446715,0.01724137931034483,0.6264367816091954,0.0516531857528026,0.4375620831559532,0.09330211437491123,0.29558677451397763,0.1255853554704129,0.19767276855399463,0.14914147864339433,0.12884915566907904,0.16687952320136226,0.08464594863062291,0.17879948914431668,0.055058890307932484,0.18681708528451813,0.035334184759472136,0.191925642117213,0.02185327089541649,0.1968922945934441,0.013055200794664412,0.20072371221796512,0.00716617000141905,0.2032070384560806,0.004186178515680433,0.2037037037037037,0.0017028522775649282,0.2037037037037037,0.0,0.2037037037037037,0.0,0.2037037037037037,0.0,0.2037037037037037,0.0,0.2037037037037037
Slash,0.0,0.2053941908713693,0.0,0.2053941908713693,0.0,0.2053941908713693,0.0,0.2053941908713693,0.0,0.20417799399055656,0.0,0.2033195020746888,0.0,0.2033195020746888,0.0,0.2033195020746888,0.0,0.2033195020746888,0.0,0.2033195020746888,0.0,0.2033195020746888,0.012519673773071987,0.19437687795106592,0.04442695664615827,0.17878094147946783,0.15724710258978392,0.14301044498497642,0.30662469595078,0.10709686650450702,0.4563599942767208,0.07919587923880379,0.5921447989698096,0.05716125339819713,0.7045356989555015,0.040062956073830334,0.7898125625983689,0.027328659321791408,0.8523393904707398,0.016311346401488045,0.8969809700958649,0.008871083130633865,0.9296036628988411,0.0031478036915152463,0.9537129775361283,0.0005723279439118737,0.970882815853484,0.0,0.9825439977106882,0.0,0.9901273429675203,0.0,0.9950636714837603,0.0,0.9983545571612535,0.0,1.0,0.0,1.0,0.0
Slash,1.0,0.0,1.0,0.0,0.9981658107116655,0.0,0.9961848862802642,0.0,0.9957446808510638,0.0,0.9957446808510638,0.0,0.9957446808510638,0.0,0.994644167278063,0.0,0.9936170212765958,0.0,0.9936170212765958,0.0,0.9936170212765958,0.0006603081438004694,0.9925898752751284,0.0026412325752017568,0.9860601614086574,0.004988994864269978,0.9653705062362437,0.008950843727072612,0.9198092443140133,0.012912692589875248,0.8227439471753486,0.016874541452677885,0.6169479090242114,0.03418928833455616,0.45099046221570066,0.052017608217167985,0.32604548789435095,0.06984592809977994,0.23264856933235503,0.08620689655172414,0.16463683052090983,0.10073367571533381,0.11577402787967714,0.11225238444607484,0.08033749082905356,0.1221570066030814,0.054145267791636136,0.13030080704328686,0.03528980190755684,0.13550990462215698,0.022597212032281728,0.13888481291269253,0.013573000733675717,0.14086573734409388,0.00792369772560527,0.1425531914893617,0.003961848862802635,0.1425531914893617,0.0,0.1425531914893617
Slash,0.008968609865470852,0.1210762331838565,0.008968609865470852,0.1189887119220659,0.008968609865470852,0.11883408071748879,0.008968609865470852,0.11883408071748879,0.008968609865470852,0.11883408071748879,0.007499613421988542,0.11883408071748879,0.005412092160197948,0.12014844595639404,0.0033245708984072898,0.1210762331838565,0.0012370496366166637,0.1210762331838565,0.0,0.1210762331838565,0.0013916808411937507,0.1210762331838565,0.010437606308953162,0.11837018710375756,0.039585588371733434,0.10677284676047626,0.10035565177052733,0.08937683624555434,0.1979279418586669,0.06664604917272304,0.3357043451368485,0.04994587907839804,0.47951136539353634,0.03726612030307716,0.6142724601824648,0.030307716097108407,0.725761558682542,0.02574609556208442,0.8121230864388435,0.021571053038503103,0.8761404051337559,0.018787691356115667,0.9226070821091696,0.01670017009432501,0.9546930570589144,0.014612648832534414,0.9751043760630895,0.011597340343281299,0.9873975568269676,0.00819545384258545,0.9945105922375136,0.0061079325807947915,0.9982217411473636,0.004020411319004197,1.0,0.0019328900572136028,1.0,0.0,1.0,0.0
Slash,1.0,0.0,0.9984448951994592,0.0,0.9957403651115618,0.0,0.9911426639621366,0.0,0.9835699797160244,0.0,0.9711291413116971,0.0,0.952738336713996,0.0029749830966869584,0.924340770791075,0.00933062880324544,0.8822177146720757,0.020486815415821476,0.8221095334685599,0.03630831643002029,0.7350236646382691,0.05341446923597025,0.6237998647734955,0.06910074374577423,0.5082488167680864,0.08160919540229884,0.4007437457741718,0.09188640973630831,0.31108857336037865,0.10121703853955374,0.24577417173766045,0.11054766734279925,0.19668695064232586,0.11987829614604469,0.15665990534144694,0.128262339418526,0.12413793103448273,0.13549695740365117,0.0981068289384719,0.14171737660581474,0.07633536173089925,0.14793779580797833,0.05841784989858013,0.15415821501014204,0.04394861392832992,0.16037863421230564,0.03245436105476671,0.1661257606490872,0.023258958755916152,0.17072346179851253,0.017038539553752535,0.17383367139959438,0.012035158891142669,0.17694388100067612,0.007369844489519935,0.17924273157538873,0.0031102096010818085,0.18079783637592967,0.0,0.18235294117647058
Slash,0.0034662045060658577,0.18370883882149047,0.0034662045060658577,0.18370883882149047,0.0034662045060658577,0.18370883882149047,0.002091675132970778,0.18370883882149047,0.00047809717325046413,0.18370883882149047,0.0,0.18370883882149047,0.0,0.18370883882149047,0.0,0.18370883882149047,0.0,0.18370883882149047,0.0013147672264387708,0.18370883882149047,0.004541923145879399,0.18370883882149047,0.009442419171696645,0.182453833741708,0.022410804996115464,0.1764178569294209,0.053427359110739286,0.16476423833144088,0.11546046733998673,0.14988346381402018,0.23809239227873055,0.1256797944182155,0.3855853702264984,0.10302994083547479,0.5369031255602701,0.08617701547839597,0.6714874798302752,0.07267077033407042,0.7758919500388455,0.06095738958943402,0.8528058327855135,0.04966234387139187,0.9081455805892548,0.03932349249985057,0.9457359708360723,0.029642024741528706,0.9697603537919083,0.020677702743082553,0.9845216040160163,0.01380505587760711,0.9927687802545867,0.008964321998446153,0.9972509412538098,0.0044821609992230765,1.0,0.0014940536664076922,1.0,0.0,1.0,0.0
Slash,1.0,0.0,0.9982333311522608,0.0,0.9964666623045214,0.0,0.9946999934567822,0.0,0.9929333246090428,0.0,0.9911666557613034,0.0,0.9882876398612837,0.0,0.9847543021658052,0.0,0.9803703461362296,0.0,0.9743505856180069,0.0,0.9661061309952235,0.0,0.9527579663678598,0.0,0.9259962049335864,0.0,0.872210953346856,0.00039259307727538547,0.7963750572531573,0.003925930772754016,0.6780082444546229,0.007459268468232647,0.5103055682784794,0.02120002617287184,0.3721128050775372,0.03533337695478636,0.26951514754956507,0.046587711836681305,0.19374468363541184,0.055879081332199154,0.13780017012366688,0.06471242557089575,0.09670876136884116,0.07354576980959236,0.06687168749591048,0.08146306353464636,0.04527906824576332,0.0877445527710528,0.02957534515474709,0.09304455931427077,0.018255578093306288,0.09782110842112153,0.010207420009160507,0.10096185303932473,0.005169142184126156,0.10246679316888045,0.0017666688477393155,0.10246679316888045,0.0,0.10246679316888045
Slash,0.0,0.1340782122905028,0.0,0.13228022860078342,0.0,0.13221601489757914,0.0,0.13221601489757914,0.0,0.13221601489757914,0.0,0.13221601489757914,0.0,0.13221601489757914,0.0,0.13221601489757914,0.0,0.13221601489757914,0.0,0.13221601489757914,0.0,0.13221601489757914,0.0011558466576767465,0.13221601489757914,0.0062287292108135885,0.1300327489886342,0.018557760226032248,0.1254093623579272,0.04437166891414628,0.11712579464457716,0.10730109805432494,0.10184293328196234,0.2641109612791371,0.08373466897835996,0.4760161818532078,0.06909394464778783,0.6393116291016504,0.05650805881975212,0.7552815770885507,0.04456431002375904,0.8371540486739869,0.03435433121428111,0.892634688242471,0.025878122391318262,0.9303923457265781,0.01913568355487062,0.955435689976241,0.013741732485712506,0.9721312528093495,0.008668849932575572,0.9824054453220318,0.005329737365953889,0.9894047389712967,0.0035317536762344646,0.9946702626340461,0.0017337699865150932,0.9982020163102806,0.0,1.0,0.0
Slash,0.9842878519929261,0.0,0.9842878519929261,0.0,0.9868725343490683,0.0025846823561420486,0.9910896476669843,0.007754047068426034,0.9953747789416406,0.014895932526186881,0.9983675690382262,0.02278601550809416,1.0,0.029315739355189763,0.9844238879064073,0.03271663719221878,0.9276969119847639,0.0335328526731057,0.8185961093728744,0.029111685484968036,0.6716773228132226,0.02149367433002308,0.5174125969255883,0.015168004353149205,0.3802883961365801,0.010270711467827487,0.27758128145830496,0.011358998775676782,0.19881648755271394,0.01299142973745067,0.13923275744796626,0.014623860699224557,0.09454495986940549,0.015780165963814447,0.06121616106652158,0.015780165963814447,0.03836212760168688,0.015780165963814447,0.02264997959461297,0.015780165963814447,0.012311250170044889,0.014691878655965152,0.0056454904094680935,0.013059447694191265,0.00156441300503332,0.011427016732417378,0.0,0.009794585770643434,0.0,0.008162154808869547,0.0,0.007890082981907224,0.0,0.007890082981907224,0.0006801795674057816,0.007890082981907224,0.0023126105291796967,0.007890082981907224,0.003945041490953612,0.007890082981907224
Slash,0.0,0.057494866529774126,0.0013453232316080295,0.057494866529774126,0.0033279048360829832,0.05813212490264111,0.006018551299299013,0.05947744813424908,0.011258231253982856,0.06082277136585711,0.0189053317283863,0.061601642710472276,0.02966791758125045,0.061601642710472276,0.056078736812292036,0.061601642710472276,0.0982085959073851,0.05763647950152237,0.16412943425617776,0.046873893648658196,0.26063867450258427,0.038377115343765464,0.37053034057919704,0.031154853784606692,0.4969907243503505,0.025773560858174633,0.6064575515117187,0.023578559796077314,0.7032500177016214,0.022587268993839837,0.7772427954400624,0.022587268993839837,0.8353749203427033,0.022587268993839837,0.8835941372229695,0.022020817106846974,0.915881894781562,0.019330170643630976,0.9398852934928839,0.016639524180414915,0.9587906252212702,0.013948877717198915,0.9708985343057424,0.011258231253982856,0.9796077320682575,0.008567584790766799,0.9860511222828012,0.006018551299298984,0.9900870919776252,0.004673228067691012,0.9933441903278342,0.0033279048360829832,0.995964030305176,0.001982581604474954,0.9973093535367838,0.0006372583728669828,0.9986546767683921,0.0,1.0,0.0
Slash,1.0,0.0,1.0,0.0,1.0,0.0,1.0,0.0,1.0,0.0015964240102171081,1.0,0.004916985951468723,1.0,0.009961685823754738,0.9971902937420178,0.015325670498084303,0.9869093231162196,0.02068965517241376,0.9590676883780331,0.02733077905491699,0.8935504469987229,0.03690932311621964,0.7717113665389527,0.04648786717752234,0.5943167305236271,0.06628352490421457,0.4254789272030649,0.09003831417624526,0.30185185185185187,0.10862068965517242,0.21334610472541496,0.12203065134099618,0.15,0.13192848020434228,0.10427841634738182,0.13933588761174967,0.07164750957854403,0.1446998722860792,0.049169859514687095,0.14942528735632182,0.03301404853128992,0.15242656449553005,0.02151979565772669,0.1542145593869732,0.013473818646232424,0.15600255427841633,0.008492975734355054,0.1574074074074074,0.004916985951468723,0.1574074074074074,0.0015964240102171214,0.1574074074074074,0.0,0.1574074074074074,0.0,0.1574074074074074,0.0,0.1574074074074074,0.0,0.1574074074074074
Slash,0.0,0.16353383458646617,0.0,0.16353383458646617,0.0,0.16353383458646617,0.0,0.16353383458646617,0.00012963443090485108,0.16353383458646617,0.002981591910811495,0.16353383458646617,0.007907700285195756,0.16249675913922737,0.016528389940368152,0.15990407052113045,0.030269639616282075,0.1552372310085558,0.05308529945553539,0.1466813585688359,0.09132745657246563,0.13261602281565987,0.1548483277158414,0.11109670728545501,0.24656468758102132,0.0837438423645321,0.35921700803733453,0.0637801400051854,0.487036556909515,0.048483277158413295,0.6082447498055482,0.03778843660876328,0.7135079077002852,0.03117708063261606,0.7919367383977184,0.026899144412756,0.8506611355976148,0.02385273528649212,0.8953850142597876,0.020222971221156343,0.9281177080632617,0.015945035001296338,0.9509333679025148,0.011667098781436385,0.9659709618874772,0.008685506870624837,0.9768602540834844,0.005833549390718166,0.9846383199377754,0.0033704952035260747,0.9903422348975888,0.0019445164635727397,0.9946849883329013,0.0005185377236194043,0.9971480425200934,0.0,0.9985740212600468,0.0,1.0,0.0
