label,x0,y0,x1,y1,x2,y2,x3,y3,x4,y4,x5,y5,x6,y6,x7,y7,x8,y8,x9,y9,x10,y10,x11,y11,x12,y12,x13,y13,x14,y14,x15,y15,x16,y16,x17,y17,x18,y18,x19,y19,x20,y20,x21,y21,x22,y22,x23,y23,x24,y24,x25,y25,x26,y26,x27,y27,x28,y28,x29,y29,x30,y30,x31,y31,x32,y32,x33,y33,x34,y34,x35,y35,x36,y36,x37,y37,x38,y38,x39,y39,x40,y40,x41,y41,x42,y42,x43,y43,x44,y44,x45,y45,x46,y46,x47,y47,x48,y48,x49,y49,x50,y50,x51,y51,x52,y52,x53,y53,x54,y54,x55,y55,x56,y56,x57,y57,x58,y58,x59,y59,x60,y60,x61,y61,x62,y62,x63,y63,x64,y64,x65,y65,x66,y66,x67,y67,x68,y68,x69,y69,x70,y70,x71,y71,x72,y72,x73,y73,x74,y74,x75,y75,x76,y76,x77,y77,x78,y78,x79,y79,x80,y80,x81,y81,x82,y82,x83,y83,x84,y84,x85,y85,x86,y86,x87,y87,x88,y88,x89,y89,x90,y90,x91,y91,x92,y92,x93,y93,x94,y94,x95,y95,x96,y96,x97,y97,x98,y98,x99,y99
Circle,0.5143779954157116,0.010314648885184413,0.5116170035424044,0.010314648885184413,0.5088560116690979,0.010314648885184413,0.5060950197957906,0.010314648885184413,0.5040633465305272,0.010314648885184413,0.5040633465305272,0.010314648885184413,0.5040633465305272,0.010314648885184413,0.5040633465305272,0.010314648885184413,0.5040633465305272,0.010314648885184413,0.5040633465305272,0.010314648885184413,0.5040633465305272,0.010314648885184413,0.5040633465305272,0.010314648885184413,0.5040633465305272,0.010314648885184413,0.5040633465305272,0.010314648885184413,0.5040633465305272,0.010314648885184413,0.5040633465305272,0.010314648885184413,0.5040633465305272,0.010314648885184413,0.5040633465305272,0.010314648885184413,0.5040633465305272,0.010314648885184413,0.5040633465305272,0.010314648885184413,0.5040633465305272,0.010314648885184413,0.5040633465305272,0.010314648885184413,0.5040633465305272,0.010314648885184413,0.5040633465305272,0.008699729110231253,0.5040633465305272,0.0059387372369243815,0.5040633465305272,0.003177745363617364,0.5040633465305272,0.00041675349031049323,0.5087518232965199,0.0,0.5142738070431342,0.0,0.5306313815378205,0.0,0.547197332777662,0.0,0.5637632840175039,0.0,0.5830381329443632,0.001354448843509103,0.6106480516774329,0.006876432590122991,0.6403417378620543,0.016565951239841593,0.673473640341738,0.033131902479683256,0.7037924567618254,0.055324025838716435,0.7314023754948947,0.08293394457178588,0.7554698895603249,0.11762867264013334,0.7775578245467805,0.15628255886643055,0.7953740362575537,0.20347989164409258,0.8119399874973949,0.2531777453636173,0.8235048968535111,0.3128776828505938,0.8340279224838508,0.3738278808085018,0.8312669306105439,0.4400916857678685,0.8261617003542404,0.506824338403834,0.8095957491143988,0.5758491352365077,0.7880287559908314,0.6423734111273184,0.7548968535111483,0.7031152323400706,0.7157741196082519,0.7626588872681809,0.6688372577620336,0.8206397166076266,0.6172119191498225,0.8692435924150865,0.5619920816836842,0.9106584705146905,0.5009897895394875,0.9424359241508647,0.43748697645342766,0.970045842883934,0.37856845176078324,0.9861950406334653,0.3205876224213378,1.0,0.2705772035840801,0.9978641383621588,0.22166076265888726,0.9938007918316318,0.18024588455928334,0.97723484059179,0.14070639716607602,0.9575432381746195,0.10757449468639298,0.9271723275682436,0.07741196082517192,0.8938320483434051,0.05256303396540949,0.8551781621171077,0.03177745363617423,0.8151698270473016,0.015211502396332415,0.7737549489476973,0.005521983746613742,0.7289018545530317,0.0,0.6819649927068137,0.0007293186080433631,0.6329443634090438,0.003490310481350234,0.5832465096895189,0.0160450093769534,0.535997082725568,0.029797874557199386,0.4891123150656387,0.04084184205042716,0.44493644509272756,0.05271931652427592,0.40117732861012695,0.06928526776411774,0.3597624505105227,0.08819545738695563,0.31991039799958343,0.11304438424671777,0.28401750364659323,0.14133152740154176,0.2504167534903104,0.17446342988122537,0.2200458428839341,0.21061679516565948,0.19118566367993325,0.24927068139195657,0.1635757449468638,0.28417378620545947,0.14159199833298597,0.31730568868514253,0.12226505521983758,0.3526776411752449,0.10517816211710779,0.38857053552823484,0.08861221087726613,0.42185872056678475,0.07725567826630547,0.4547822463013128,0.06642008751823295,0.4851531569076893,0.05813711189831212,0.5143779954157116,0.050427172327568215,0.539226922275474,0.044905188580954394,0.5612627630756406,0.04032090018753905,0.5778287143154821,0.0375599083142321,0.5917899562408836,0.03479891644092516,0.6028339237341112,0.03203792456761829,0.6122108772660972,0.029276932694311267,0.6204938528860179,0.026515940821004398,0.626745155240675,0.025786622212961033,0.6322671389872889,0.025786622212961033,0.6353927901646174,0.025786622212961033,0.6381537820379245,0.025786622212961033
Circle,0.6040416276636746,0.005451241671714112,0.6015087274929795,0.005451241671714112,0.5989758273222839,0.005451241671714112,0.5964429271515884,0.005451241671714112,0.5939100269808926,0.005451241671714112,0.5931391443202465,0.005451241671714112,0.5931391443202465,0.005451241671714112,0.5931391443202465,0.005451241671714112,0.5931391443202465,0.005451241671714112,0.5931391443202465,0.005451241671714112,0.5931391443202465,0.005451241671714112,0.5943505313584052,0.005451241671714112,0.5994163316997959,0.005451241671714112,0.6049226364186993,0.005451241671714112,0.615054237101481,0.005451241671714112,0.6251858377842627,0.005451241671714112,0.6424205715544296,0.007818952700842454,0.660150872749298,0.010351852871537894,0.681845713341776,0.018831562138648745,0.704641814878035,0.028963162821430508,0.7322284015197398,0.04388524860965806,0.7626232035680851,0.06161554980452622,0.7966521667309066,0.08298001211387034,0.8346456692913384,0.10830901382082482,0.8701613347282638,0.1377677440669567,0.9005561367766088,0.17576124662738837,0.9291889213149054,0.21507626232035687,0.949452122680469,0.2606684653928748,0.9696051979516545,0.30642585760696,0.9848025989758272,0.35961676119156416,1.0,0.41280766477616865,0.9953747040361209,0.46599856836077297,0.9877760035240349,0.5191894719453775,0.9710919002257581,0.5687462144155058,0.9508286988601949,0.6168713176587192,0.9234073013600568,0.6621331424481031,0.8904795991410166,0.7051924453499255,0.8533671053356093,0.7451131545619732,0.8103078024337864,0.7805737569517098,0.7659269863994274,0.8133913330763725,0.7178018831562137,0.8387203347833269,0.6685755189692195,0.8632233907824459,0.6103188150432242,0.8809536919773141,0.552062111117229,0.8986839931721821,0.49622818126755114,0.9067231980617806,0.4405043775122513,0.9143218985738671,0.3868179065029455,0.9096966026099883,0.3336270029183412,0.9020979020979021,0.2870436649964208,0.8845878530917899,0.24398436209459795,0.861791751555531,0.20599085953416643,0.8364627498485766,0.17306315731512592,0.8086008479709267,0.14189747260613386,0.7789769285832278,0.11403557072848379,0.7460492263641869,0.08766037112493806,0.7121303892957437,0.06739716975937422,0.674136886735312,0.0474643466769449,0.636033258080502,0.034799845823467616,0.5955068553493751,0.022135344969990648,0.554980452618248,0.013986013986013762,0.5144540498871206,0.006387313473927518,0.47392764715599356,0.0025329001706952082,0.4334012444248665,0.0,0.3928748416937395,0.004900611199823627,0.3523484389626121,0.01503221188260539,0.3118220362314851,0.028467595396728978,0.27349815538791933,0.046197896591597294,0.23803755299818286,0.06535983701338016,0.20400858983536138,0.0881559385496392,0.1736137877870161,0.11161279665216664,0.14387974230493905,0.13947469852981642,0.11855074059798465,0.16733660040746648,0.09322173889103023,0.19519850228511626,0.07532624855459505,0.22306040416276604,0.05759594735972697,0.2509223060404158,0.04405043775122524,0.2787842079180662,0.03138593689774788,0.3049391553328561,0.022135344969990648,0.33026815703981066,0.014536644457904247,0.3542756456142281,0.00825945707835464,0.37707174715048714,0.003193656736963914,0.3989317768845322,0.0,0.419194978250096,0.0,0.4389075491437695,0.0,0.4566378503386375,0.0,0.47420296239193827,0.0,0.4894003634161111,0.0,0.5045977644402838,0.0,0.5151698695005779,0.0,0.5253014701833597,0.0,0.5335058642145254,0.001927206651616155,0.5411045647266116,0.0044601068223115185,0.5471614999174053,0.005451241671714112,0.5522273002587961,0.005451241671714112,0.5561367766092172,0.005451241671714112,0.5586696767799127,0.005451241671714112,0.5612025769506079,0.005451241671714112,0.5637354771213038,0.005451241671714112,0.566268377291999,0.005451241671714112,0.5688012774626945,0.005451241671714112,0.57133417763339,0.005451241671714112
Circle,0.5441245136186771,0.030817120622568094,0.5441245136186771,0.02832684824902724,0.5441245136186771,0.025836575875486385,0.5417898832684823,0.02568093385214008,0.5392996108949416,0.02568093385214008,0.538988326848249,0.02568093385214008,0.538988326848249,0.02568093385214008,0.538988326848249,0.02568093385214008,0.538988326848249,0.02568093385214008,0.538988326848249,0.02568093385214008,0.538988326848249,0.02568093385214008,0.538988326848249,0.02568093385214008,0.538988326848249,0.02568093385214008,0.5405447470817121,0.02568093385214008,0.543035019455253,0.02568093385214008,0.5469260700389104,0.02568093385214008,0.5519066147859921,0.02568093385214008,0.5606225680933854,0.02568093385214008,0.5730739299610894,0.02568093385214008,0.5887937743190664,0.026770428015564233,0.6087159533073929,0.029260700389105016,0.6305058365758754,0.03361867704280157,0.6554085603112841,0.041089494163424126,0.6818677042801556,0.05245136186770431,0.7117509727626459,0.07237354085603115,0.7441245136186774,0.09478599221789882,0.7839688715953307,0.12466926070038908,0.8214785992217899,0.15688715953307403,0.8488715953307395,0.1992217898832686,0.875330739299611,0.24280155642023352,0.8952529182879378,0.29509727626459165,0.9143968871595333,0.34801556420233476,0.9218677042801557,0.41027237354085605,0.9293385214007782,0.47252918287937745,0.9268482490272373,0.5347859922178989,0.9243579766536963,0.5970428015564202,0.9078599221789886,0.6546303501945525,0.8904280155642021,0.7119066147859925,0.8577431906614786,0.7670038910505839,0.8228793774319065,0.8217898832684827,0.7819455252918286,0.8624124513618676,0.739610894941634,0.8997665369649807,0.6860700389105058,0.9296498054474709,0.6287937743190662,0.9570428015564202,0.5698054474708169,0.9775875486381326,0.5100389105058364,0.9950194552529185,0.45027237354085586,1.0,0.39050583657587534,0.9975097276264591,0.334941634241245,0.9852140077821012,0.2826459143968873,0.9652918287937744,0.23657587548638134,0.9416342412451364,0.19673151750972767,0.9142412451361868,0.16015564202334634,0.8824902723735408,0.12778210116731517,0.8451361867704278,0.09914396887159538,0.8059143968871594,0.07673151750972762,0.7635797665369648,0.05665369649805463,0.7204669260700388,0.04171206225680936,0.6756420233463036,0.02801556420233455,0.6308171206225681,0.018054474708171137,0.5859922178988328,0.009027237354085569,0.5411673151750971,0.0040466926070038605,0.4963424124513617,0.0,0.45182879377431895,0.0024902723735407807,0.40949416342412437,0.0056031128404669395,0.36731517509727624,0.018054474708171137,0.32747081712062254,0.030505836575875477,0.2876264591439689,0.05042801556420231,0.25027237354085613,0.07035019455252914,0.21291828793774326,0.09727626459143969,0.18023346303501955,0.124669260700389,0.14785992217898844,0.15424124513618664,0.12202334630350206,0.18412451361867688,0.09712062256809352,0.21400778210116742,0.07828793774319055,0.24389105058365768,0.06085603112840451,0.2756420233463036,0.047159533073929845,0.3080155642023348,0.034708171206225644,0.34038910505836595,0.02396887159533069,0.3727626459143971,0.014007782101167276,0.4035797665369649,0.0071595330739299455,0.4334630350194555,0.002178988326848238,0.46334630350194544,0.0,0.49322957198443595,0.0,0.5206225680933853,0.0,0.5455252918287937,0.0,0.5693385214007781,0.0010894941634241556,0.5917509727626459,0.0035797665369649363,0.61136186770428,0.006070038910505863,0.6263035019455253,0.008560311284046718,0.6396887159533075,0.01105058365758757,0.6496498054474709,0.013540856031128425,0.6589883268482492,0.01603112840466928,0.6664591439688718,0.018521400778210132,0.673463035019455,0.02101167315175099,0.6784435797665371,0.02350194552529184,0.6831128404669261,0.02568093385214008,0.685603112840467,0.02568093385214008,0.6879377431906615,0.02568093385214008,0.6879377431906615,0.02568093385214008,0.6879377431906615,0.02568093385214008
Circle,0.6726133076181291,0.05737704918032791,0.6702025072324008,0.05737704918032791,0.6677917068466729,0.05737704918032791,0.6653809064609449,0.05737704918032791,0.6629701060752169,0.05737704918032791,0.660559305689489,0.05737704918032791,0.6581485053037607,0.05737704918032791,0.6557377049180326,0.05737704918032791,0.6533269045323047,0.05737704918032791,0.6509161041465764,0.05737704918032791,0.6485053037608485,0.05737704918032791,0.6460945033751204,0.05737704918032791,0.6485053037608485,0.05737704918032791,0.6509161041465764,0.05737704918032791,0.6552555448408872,0.05737704918032791,0.6600771456123432,0.05737704918032791,0.6677917068466732,0.05737704918032791,0.6774349083895851,0.05737704918032791,0.6890067502410798,0.05834136933461916,0.7034715525554482,0.06075216972034722,0.7193828351012534,0.06412729026036645,0.7410800385728059,0.07135969141755061,0.7627772420443586,0.07859209257473486,0.7892960462873673,0.0906460945033752,0.8158148505303757,0.1027000964320154,0.8404050144648022,0.12246865959498561,0.8645130183220828,0.14416586306653817,0.8871745419479266,0.17454194792671157,0.9088717454194789,0.21070395371263254,0.9286403085824495,0.25072324011571834,0.945515911282546,0.29652844744455165,0.9614271938283508,0.34329797492767583,0.9734811957569913,0.39392478302796524,0.9855351976856315,0.4445515911282546,0.9927675988428157,0.49999999999999994,1.0,0.5554484088717453,0.9879459980713595,0.6128254580520732,0.9710703953712634,0.6706846673095466,0.9426229508196718,0.7256509161041464,0.9064609450337513,0.7786885245901638,0.8645130183220828,0.8249758919961427,0.8138862102217935,0.8611378977820636,0.7618129218900674,0.895371263259402,0.7039537126325943,0.9218900675024106,0.6460945033751204,0.9484088717454193,0.5858244937319189,0.9652844744455158,0.5255544840887173,0.9821600771456123,0.46142719382835096,0.983606557377049,0.39633558341369374,0.981195756991321,0.3399228543876565,0.9686595949855351,0.2892960462873675,0.9493731918997106,0.24349083895853435,0.9262295081967215,0.20491803278688517,0.8972999035679845,0.1682738669238188,0.8674059787849566,0.13934426229508215,0.8336547733847637,0.11041465766634519,0.7999035679845707,0.09112825458052075,0.758919961427194,0.07184185149469631,0.7179363548698171,0.056412729026036584,0.6769527483124397,0.04194792671166841,0.6359691417550628,0.03037608486017338,0.5935390549662487,0.020732883317261468,0.5501446480231438,0.0120540019286405,0.5067502410800387,0.00482160077145626,0.4633558341369334,0.0,0.42092574734811966,0.004821600771455959,0.3823529411764708,0.00964320154291222,0.34378013500482163,0.024108003857280697,0.30761812921890075,0.03857280617164888,0.27145612343298,0.058823529411764566,0.2391513982642238,0.08052073288331728,0.20781099324975902,0.10655737704918018,0.17791706846673094,0.13548698167791715,0.1489874638379943,0.16538090646094475,0.12295081967213124,0.1967213114754097,0.10125361620057875,0.2285438765670201,0.08052073288331743,0.262295081967213,0.06364513018322082,0.2960462873674059,0.04676952748312444,0.33220829315332684,0.03471552555448417,0.3683702989392477,0.022661523625843893,0.4045323047251683,0.014464802314368478,0.4406943105110898,0.007232401157184164,0.4754098360655737,0.0028929604628736808,0.5091610414657666,0.00048216007714570137,0.5409836065573767,0.0,0.5699132111861137,0.002410800385728055,0.5978784956605587,0.005303760848601735,0.62198649951784,0.01012536162005792,0.6460945033751204,0.014946962391514029,0.6629701060752167,0.01976856316297014,0.679845708775313,0.024590163934426246,0.6928640308582446,0.029411764705882356,0.7049180327868854,0.034233365477338545,0.7140790742526517,0.03760848601735785,0.721311475409836,0.04001928640308583,0.727579556412729,0.04243008678881388,0.732401157184185,0.04484088717454194,0.7367405978784954,0.04676952748312444,0.7391513982642237,0.04676952748312444,0.7415621986499517,0.04676952748312444
Circle,0.8018897149938042,0.020446096654275093,0.8062267657992567,0.020446096654275093,0.8105638166047091,0.020446096654275093,0.8162949194547707,0.021840148698884797,0.8228004956629493,0.024008674101610936,0.8299256505576209,0.0274163568773234,0.8385997521685251,0.03392193308550181,0.84727385377943,0.04042750929368029,0.8599752168525403,0.050960346964064436,0.8729863692688973,0.061802973977695186,0.8897149938042132,0.076363073110285,0.9092317224287485,0.09371127633209415,0.927819083023544,0.11245353159851301,0.9429987608426271,0.13630731102850066,0.95817843866171,0.16016109045848828,0.969640644361834,0.18959107806691453,0.9804832713754648,0.21995043370508055,0.9891573729863693,0.25247831474597265,0.9956629491945476,0.28717472118959114,1.0,0.3224907063197026,0.9913258983890955,0.3615241635687732,0.9826517967781909,0.4005576208178441,0.965458488228005,0.4429987608426271,0.9459417596034694,0.48636926889715,0.9217781908302357,0.5297397769516728,0.8914188351920693,0.5731102850061959,0.8604399008674101,0.6161710037174722,0.8214064436183395,0.6552044609665428,0.782372986369269,0.6942379182156134,0.7355947955390336,0.7286245353159851,0.685718711276332,0.7611524163568775,0.6327447335811647,0.7905824039653038,0.5741945477075588,0.8144361833952911,0.5156443618339529,0.8382899628252789,0.4614312267657992,0.8534696406443617,0.40721809169764545,0.8686493184634448,0.35718711276332094,0.8754646840148699,0.3094795539033458,0.877633209417596,0.2636307311028503,0.8767038413878563,0.22242874845105323,0.8680297397769517,0.18122676579925673,0.8593556381660471,0.15009293680297403,0.8265179677819083,0.11973358116480771,0.7918215613382898,0.09557001239157369,0.7558859975216853,0.0760532837670384,0.7190210656753407,0.057465923172242916,0.6816914498141264,0.042286245353159745,0.6426579925650557,0.02710656753407673,0.603624535315985,0.01936183395291199,0.5645910780669146,0.012856257744733512,0.5255576208178439,0.007434944237918136,0.48652416356877326,0.003097893432465866,0.44749070631970256,0.0,0.40876703841387846,0.00433705080545227,0.3719021065675341,0.008674101610904686,0.33503717472118955,0.01982651796778189,0.30157992565055736,0.03283767038413885,0.26905204460966536,0.04956629491945473,0.23838289962825274,0.07125154894671623,0.2101920693928129,0.09324659231722433,0.18231102850061953,0.11926889714993824,0.15845724907063183,0.14529120198265186,0.13460346964064443,0.1744114002478315,0.11384758364312257,0.20477075588599755,0.09433085501858736,0.23590458488228022,0.076363073110285,0.2684324659231725,0.06118339529120191,0.30096034696406443,0.04600371747211896,0.3334882280049567,0.03516109045848821,0.36601610904584864,0.024318463444857462,0.39714993804213133,0.016263940520446052,0.4275092936802974,0.009758364312267573,0.4572490706319705,0.0044919454770756435,0.48543990086741035,0.002323420074349436,0.5136307311028502,0.00015489467162330058,0.5377942998760845,0.0,0.5616480793060719,0.0,0.5830235439900865,0.001239157372986332,0.6025402726146221,0.0034076827757124673,0.6206629491945478,0.005576208178438675,0.6336741016109048,0.007744733581164811,0.6466852540272614,0.009913258983890946,0.6559789343246591,0.013940520446096689,0.664653035935564,0.018277571251548885,0.6722428748451053,0.022614622057001158,0.6787484510532836,0.026951672862453573,0.684634448574969,0.030978934324659244,0.6868029739776953,0.03314745972738538,0.6889714993804211,0.03531598513011151,0.6911400247831474,0.037484510532837724,0.6933085501858736,0.03965303593556378,0.6954770755885995,0.040892193308550186,0.697645600991326,0.040892193308550186,0.6996592317224287,0.040892193308550186,0.6996592317224287,0.040892193308550186,0.6996592317224287,0.040892193308550186,0.701208178438662,0.03934324659231718,0.703376703841388,0.03717472118959112,0.7055452292441142,0.03578066914498142,0.7077137546468404,0.03578066914498142,0.7098822800495663,0.03578066914498142
Circle,0.5899247515652822,0.028433568843701528,0.5852145442012753,0.028433568843701528,0.5805043368372677,0.028433568843701528,0.5771727267505312,0.028433568843701528,0.5748176230685277,0.028433568843701528,0.5724625193865243,0.028433568843701528,0.5701074157045205,0.028433568843701528,0.567752312022517,0.028433568843701528,0.567177896490321,0.028433568843701528,0.567177896490321,0.028433568843701528,0.5687862599804698,0.028433568843701528,0.5734964673444767,0.028433568843701528,0.578206674708484,0.028433568843701528,0.5894652191395254,0.028433568843701528,0.6012407375495431,0.028433568843701528,0.6166350738123957,0.029639841461313144,0.6354759032684244,0.03199494514331669,0.6547762651502096,0.03480958125107705,0.6783273019702449,0.04187489229708777,0.7018783387902805,0.048940203343098405,0.7286461025906138,0.06083060485955542,0.7569073467746567,0.0749612269515768,0.7851685909586993,0.09288299155609171,0.8134298351427421,0.12114423574013444,0.8416910793267848,0.1494054799241771,0.8639209604227693,0.18570854155896369,0.8851168935608016,0.22339020047102076,0.9052788787408809,0.26520765121488876,0.9241197081969093,0.31230972485495984,0.9427307714400596,0.35946924004825087,0.9521511861680738,0.4089264173703255,0.961571600896088,0.45838359469240053,0.9681199379631225,0.5078407720144753,0.9728301453271296,0.5572979493365499,0.9729450284335686,0.6081337239358952,0.9541041989775402,0.6646562123039806,0.9352633695215115,0.7211787006720662,0.9035556321442929,0.770348670228043,0.8682290769142399,0.817450743868114,0.8260095352978343,0.8593830777184214,0.7718421506117522,0.8923545292664714,0.7176747659256706,0.925325980814521,0.6635073812395885,0.9493365500603135,0.6093399965535066,0.9728875868803492,0.555172611867425,0.9875926245045665,0.5010052271813429,0.9946579355505772,0.44683784249526093,1.0,0.39267045780917925,0.9929346889539893,0.33850307312309696,0.9858693779079786,0.28600149348038356,0.9688092366017577,0.23418921247630536,0.9476133034637255,0.1872020219426733,0.9229708771325176,0.15187546671262,0.8899994255844674,0.11654891148256671,0.857027974036418,0.08949393991613527,0.8178528347406513,0.06358779941409617,0.7778160721465907,0.043138606467918984,0.7355965305301857,0.029007984375897536,0.6908495605721179,0.015222011603193695,0.6461025906140501,0.008156700557182974,0.6013556206559822,0.0010913895111722513,0.556608650697915,0.0,0.5133551611235567,0.002355103682003466,0.47096329484749244,0.0052271813429835,0.42908840255040515,0.009937388706990756,0.3890516399563443,0.01464759607099769,0.3490148773622837,0.026940088459991914,0.3108736860244702,0.041070710552013355,0.2731920271124131,0.057039462347062024,0.23826756275489686,0.0758802918030904,0.20765121488885066,0.09472112125911877,0.1770348670228043,0.1181572749727152,0.15331150554310977,0.14170831179275084,0.12976046872307415,0.16790166006088778,0.10885174335114023,0.19616290424493069,0.09001091389511168,0.22476879774829117,0.07220403239703596,0.2553851456143375,0.06042851398701822,0.28600149348038356,0.0486529955770004,0.31661784134643023,0.03860072376357053,0.3472341892124763,0.029180309035556337,0.37710379688666795,0.021253374691251607,0.40536504107071053,0.01654316732724451,0.4336262852547531,0.011832959963237417,0.45763685450054586,0.009248090068355386,0.4811878913205812,0.00689298638635192,0.5012924349474411,0.004537882704348292,0.5177781607214657,0.002182779022344745,0.5339192371761733,0.0,0.5456947555861906,0.0,0.5574702739962086,0.0,0.5661439485323682,0.0,0.5732092595783789,0.0,0.5797001550921936,0.0,0.5844103624562008,0.0,0.5891205698202074,0.0,0.5918777643747486,0.0,0.5942328680567521,0.0,0.5956114653340225,0.0,0.5956114653340225,0.0,0.5956114653340225,0.0
Circle,0.5555555555555556,0.026455026455026454,0.553417775639998,0.024317246539468852,0.5512799957244403,0.022179466623911098,0.5502645502645502,0.021164021164021163,0.5502645502645502,0.021164021164021163,0.5502645502645502,0.021164021164021163,0.5502645502645502,0.021164021164021163,0.5502645502645502,0.021164021164021163,0.5514937737159958,0.021164021164021163,0.5536315536315536,0.021164021164021163,0.5557693335471113,0.021164021164021163,0.5579071134626691,0.021164021164021163,0.5600448933782268,0.021164021164021163,0.563518785741008,0.021164021164021163,0.5677943455721233,0.021164021164021163,0.5723905723905724,0.021164021164021163,0.5788039121372454,0.021164021164021163,0.5852172518839186,0.021164021164021163,0.5945165945165946,0.024050024050024058,0.6052054940943831,0.028325583881139416,0.6171770616215062,0.03302869969536632,0.6342793009459676,0.03944203944203944,0.651381540270429,0.04585537918871247,0.674683341350008,0.05691839025172355,0.7003367003367004,0.06974506974506978,0.7275933942600609,0.08577841911175241,0.7596600929934265,0.11143177809844478,0.7917267917267917,0.13708513708513706,0.8171663727219284,0.17267917267917263,0.840681951793063,0.211159211159211,0.8616321949655285,0.25284591951258617,0.8765966543744321,0.30201485757041296,0.8915611137833358,0.35118379562824,0.9029982363315695,0.4056437389770724,0.9136871359093579,0.4612260167815722,0.9206349206349206,0.5183047405269627,0.9206349206349206,0.5781625781625781,0.9206349206349206,0.6380204157981935,0.8963176740954519,0.6960076960076957,0.8685265351932018,0.7537277537277537,0.8356047244936132,0.804606915718027,0.7949869060980174,0.8452247341136229,0.7543690877024213,0.885842552509219,0.6979316979316981,0.9145956923734702,0.6402116402116402,0.94238683127572,0.5805675805675807,0.9653679653679653,0.5185719630164076,0.9824702046924267,0.45657634546523457,0.9995724440168885,0.3987493987493988,1.0,0.3410293410293406,1.0,0.28865373309817777,0.9914488803377692,0.2416225749559084,0.9743466410133076,0.19496552829886177,0.9570306236972903,0.16289882956549606,0.9313772647105979,0.13083213083213094,0.905723905723906,0.10346854791299229,0.8753674309229865,0.0799529688418576,0.8411629522740633,0.05691839025172355,0.8066378066378066,0.039816150927262116,0.7681577681577685,0.022713911602800688,0.7296777296777298,0.012025012025011916,0.6899150232483566,0.005611672278338954,0.6492972048527603,0.0,0.6089466089466091,0.0,0.5704665704665706,0.0,0.5319865319865321,0.0013895569451125402,0.49628560739671845,0.0035273368606702944,0.46208112874779533,0.007161562717118175,0.42787665009887244,0.017850462294906645,0.3936721714499493,0.028539361872695113,0.35946769280102614,0.0452140452140453,0.3267596600929934,0.06445406445406418,0.2946929613596283,0.08465608465608465,0.26406926406926423,0.10817166372721936,0.23841590508257177,0.13168724279835403,0.21276254609587947,0.15840949174282476,0.18871252204585548,0.18620063064507497,0.1651969429747208,0.2145796590241034,0.14285714285714285,0.24450857784191135,0.1236171236171236,0.2744374966597187,0.10437710437710448,0.3060766394099729,0.09026775693442361,0.33814333814333797,0.07744107744107738,0.36882047993159084,0.06600395489284386,0.39661161883384105,0.05745283523061299,0.42440275773609093,0.04890171556838227,0.4485596707818933,0.04216770883437542,0.47207524985302735,0.03575436908770238,0.4931858265191597,0.030142696809363507,0.5102880658436215,0.02586713697824807,0.5273903051680829,0.021591577147132716,0.5387205387205384,0.019240019240019262,0.5494094382983271,0.01710223932446158,0.5582812249478916,0.014964459408903903,0.5646945646945648,0.01282667949334615,0.5711079044412377,0.01068889957778847,0.5754903532681311,0.00855111966223079,0.5797659130992464,0.0064133397466730364,0.5830260274704718,0.004275559831115358,0.5851638073860296,0.002137779915557679,0.5873015873015873,0.0
Circle,0.60987012987013,0.06285714285714286,0.6046753246753247,0.06285714285714286,0.5994805194805196,0.06285714285714286,0.5963636363636364,0.06285714285714286,0.5937662337662339,0.06285714285714286,0.5911688311688315,0.06285714285714286,0.5885714285714285,0.06285714285714286,0.5870129870129871,0.06285714285714286,0.5870129870129871,0.06285714285714286,0.5880519480519482,0.062337662337662324,0.5932467532467536,0.059740259740259816,0.5984415584415586,0.05714285714285714,0.6062337662337665,0.05714285714285714,0.6140259740259743,0.05714285714285714,0.6280519480519482,0.05714285714285714,0.6436363636363636,0.05714285714285714,0.6607792207792207,0.058701298701298664,0.6789610389610389,0.061298701298701255,0.6992207792207793,0.0659740259740259,0.7225974025974028,0.07376623376623376,0.7464935064935064,0.0825974025974025,0.7724675324675325,0.09558441558441554,0.7984415584415585,0.10857142857142857,0.82961038961039,0.13454545454545455,0.8607792207792208,0.16051948051948045,0.8836363636363636,0.1927272727272727,0.9044155844155843,0.22649350649350652,0.9220779220779222,0.26493506493506486,0.9376623376623379,0.30649350649350643,0.9501298701298704,0.3501298701298702,0.9579220779220778,0.3968831168831168,0.9651948051948054,0.44415584415584414,0.9703896103896107,0.49350649350649356,0.9755844155844157,0.5428571428571428,0.954805194805195,0.5999999999999999,0.9340259740259743,0.657142857142857,0.8987012987012986,0.7122077922077922,0.85974025974026,0.7667532467532466,0.8145454545454547,0.815064935064935,0.7651948051948053,0.8592207792207793,0.7137662337662343,0.8981818181818182,0.6592207792207793,0.9293506493506495,0.6046753246753249,0.9584415584415584,0.5501298701298707,0.9792207792207791,0.4955844155844157,1.0,0.4410389610389614,1.0,0.38649350649350644,1.0,0.3381818181818182,0.9854545454545456,0.29142857142857176,0.9672727272727273,0.24623376623376642,0.9412987012987013,0.20207792207792213,0.9101298701298701,0.16311688311688352,0.874805194805195,0.13194805194805212,0.8332467532467532,0.10285714285714319,0.7906493506493507,0.08207792207792246,0.7438961038961043,0.061298701298701415,0.6971428571428572,0.045714285714285714,0.6529870129870132,0.030129870129870336,0.6088311688311691,0.018701298701298583,0.5667532467532468,0.008311688311688548,0.5251948051948053,0.0025974025974028338,0.4836363636363636,0.0,0.4420779220779221,0.0005194805194806966,0.4005194805194807,0.005714285714285714,0.3589610389610389,0.012987012987012868,0.3184415584415586,0.02857142857142857,0.28207792207792215,0.044155844155844275,0.24571428571428572,0.06753246753246783,0.21194805194805205,0.09090909090909073,0.17818181818181839,0.12051948051948069,0.1506493506493507,0.1516883116883118,0.12467532467532481,0.18597402597402637,0.1018181818181818,0.22233766233766247,0.08103896103896106,0.25974025974025966,0.06233766233766248,0.2987012987012986,0.046753246753246866,0.3376623376623375,0.03220779220779231,0.3766233766233771,0.02181818181818179,0.4155844155844157,0.011428571428571429,0.4493506493506493,0.0062337662337662485,0.4831168831168832,0.0010389610389610685,0.5106493506493507,0.0,0.5366233766233768,0.0,0.5579220779220782,0.0015584415584416027,0.5761038961038965,0.004155844155844112,0.5922077922077922,0.00779220779220777,0.6051948051948051,0.01298701298701295,0.6171428571428571,0.017662337662337678,0.624935064935065,0.020259740259740266,0.6327272727272728,0.022857142857142857,0.6379220779220779,0.02545454545454545,0.6431168831168832,0.028051948051948036,0.6462337662337664,0.02857142857142857,0.6488311688311689,0.02857142857142857,0.6514285714285715,0.02857142857142857,0.6540259740259743,0.02857142857142857,0.6566233766233771,0.02857142857142857,0.6592207792207793,0.02857142857142857,0.6612987012987014,0.02857142857142857,0.6612987012987014,0.02857142857142857,0.6612987012987014,0.02857142857142857
Circle,0.7108414497844483,0.07903560593964555,0.7082867635318536,0.07903560593964555,0.7057320772792589,0.07903560593964555,0.7031773910266645,0.07903560593964555,0.70062270477407,0.07903560593964555,0.6980680185214755,0.07903560593964555,0.6955133322688806,0.07903560593964555,0.6929586460162862,0.07903560593964555,0.6904039597636915,0.07903560593964555,0.6878492735110968,0.07903560593964555,0.6852945872585021,0.07903560593964555,0.6844962478045664,0.07903560593964555,0.6844962478045664,0.07903560593964555,0.6844962478045664,0.07743892703177395,0.6844962478045664,0.07488424077917928,0.6844962478045664,0.07376656554366919,0.6844962478045664,0.07376656554366919,0.6870509340571611,0.07248922241737184,0.6921603065623502,0.06993453616477724,0.6995050295385599,0.0684975251476928,0.7097237745489383,0.0684975251476928,0.7218585342487625,0.0684975251476928,0.7371866517643302,0.0684975251476928,0.7541114481877693,0.0684975251476928,0.7745489382085264,0.0684975251476928,0.7956250997924319,0.07041353983713874,0.818617276065783,0.07807759859492255,0.8420884560114962,0.08813667571451393,0.867635318537442,0.10857416573527068,0.8925435095002393,0.1306083346638991,0.9129809995209964,0.16381925594762906,0.9330991537601792,0.19766884879450755,0.9484272712757467,0.24109851508861577,0.9637553887913141,0.284528181382724,0.9765288200542872,0.33562190643461604,0.9893022513172602,0.38671563148650806,0.9948906274948106,0.4425993932620149,1.0,0.4988024908190966,0.9894619192080473,0.5594762893182184,0.9766884879450741,0.6207887593804887,0.9493852786204693,0.6821012294427593,0.9187290435893342,0.7434136995050299,0.8708286763531854,0.7932300814306243,0.817180265048699,0.8392144339773272,0.7582628133482356,0.8764170525307364,0.6969503432859646,0.9096279738144664,0.6356378732236941,0.9364521794667096,0.5743254031614243,0.959444355740061,0.5130129330991539,0.9709404438767365,0.4517004630368829,0.9734951301293311,0.39038799297461246,0.9658310713715474,0.3290755229123423,0.9479482676033852,0.2744691042631326,0.9233594124221622,0.22848475171642962,0.8901484911384321,0.18824844323806467,0.8540635478205333,0.15759220820692946,0.8131885677790197,0.12773431262972992,0.7715152482835702,0.09963276385118938,0.728085581989462,0.07344722976209454,0.6840172441322051,0.053009739741337734,0.6380328915855022,0.03353025706530393,0.5915695353664376,0.01820213954973617,0.5430304965671402,0.004470700942040384,0.49481079354941715,0.0019160146894457077,0.4488264410027143,0.0,0.40300175634679863,0.0076640587577837295,0.35957209005269053,0.015328117515567459,0.3161424237585822,0.03321092128372959,0.27782212996966327,0.05109372505189173,0.23950183618074417,0.07616158390547624,0.20597157911544,0.1017084464314224,0.17276065783171018,0.1339613603704293,0.14625578796104116,0.1671722816541589,0.12070892543509516,0.2003832029378894,0.09931342806961505,0.233594124221619,0.07887593804885823,0.2706370748842409,0.06227047740699336,0.30895736867316015,0.046942359891425756,0.34727766246207875,0.03512693597317575,0.385597956250998,0.024908190962797346,0.42232157113204527,0.016286124860290612,0.45808717866836984,0.008622066102506733,0.49097876417052544,0.0038320293788918647,0.5216349992016603,0.001277343126297338,0.5471818617276065,0.0,0.5676193517483633,0.0,0.5858214912980998,0.0011176752355101709,0.6011496088136675,0.0036723614881046976,0.6145617116397893,0.006227047740699374,0.6247804566501677,0.008781733993293975,0.6326041832987385,0.011336420245888577,0.6351588695513332,0.013891106498483179,0.6370748842407792,0.01644579275107778,0.6370748842407792,0.019000479003672383,0.6370748842407792,0.02155516525626698,0.6370748842407792,0.024109851508861583,0.6370748842407792,0.02634520197988185,0.6370748842407792,0.02634520197988185,0.6370748842407792,0.026504869870669016,0.6370748842407792,0.02905955612326362,0.6370748842407792,0.03161424237585822
Circle,0.5707070707070707,0.005050505050505051,0.568462401795735,0.005050505050505051,0.5662177328843995,0.005050505050505051,0.5656565656565656,0.005050505050505051,0.5656565656565656,0.005050505050505051,0.5656565656565656,0.005050505050505051,0.5656565656565656,0.005050505050505051,0.5656565656565656,0.005050505050505051,0.5656565656565656,0.005050505050505051,0.5656565656565656,0.005050505050505051,0.5656565656565656,0.0028058361391694805,0.5656565656565656,0.0005611672278339105,0.5656565656565656,0.0,0.5656565656565656,0.0,0.5656565656565656,0.0,0.5656565656565656,0.0,0.5656565656565656,0.0,0.5656565656565656,0.0,0.5656565656565656,0.0,0.5679012345679013,0.0,0.570145903479237,0.0,0.5774410774410776,0.0,0.5864197530864196,0.0,0.5987654320987653,0.0,0.6144781144781143,0.0,0.6318742985409651,0.0016835016835017313,0.6543209876543209,0.008417508417508442,0.6767676767676768,0.015151515151515152,0.7059483726150393,0.026374859708193,0.7351290684624018,0.03759820426487093,0.7693602693602692,0.05555555555555555,0.8052749719416387,0.07575757575757576,0.8411896745230077,0.10157126823793491,0.8771043771043769,0.1329966329966329,0.910213243546577,0.1672278338945005,0.9349046015712681,0.20987654320987648,0.9595959595959596,0.25252525252525254,0.9775533108866442,0.2996632996632996,0.9955106621773288,0.3468013468013469,1.0,0.3973063973063971,1.0,0.4489337822671157,0.9988776655443322,0.5005611672278337,0.9966329966329969,0.5521885521885519,0.9893378226711561,0.6026936026936026,0.9668911335578003,0.6498316498316496,0.9444444444444444,0.696969696969697,0.910774410774411,0.7373737373737372,0.8771043771043772,0.7777777777777778,0.8282828282828283,0.8148148148148148,0.7744107744107749,0.8507295173961839,0.7160493827160497,0.8821548821548819,0.6531986531986537,0.9090909090909091,0.5886644219977556,0.9337822671156005,0.5190796857463527,0.9517396184062852,0.4494949494949495,0.9696969696969697,0.3911335578002245,0.9719416386083053,0.33277216610549987,0.974186307519641,0.28114478114478125,0.9663299663299665,0.23176206509539857,0.9551066217732883,0.1891133557800225,0.9393939393939394,0.1531986531986534,0.9191919191919192,0.12008978675645339,0.8967452300785633,0.09539842873176219,0.8675645342312008,0.0707070707070707,0.8383838383838383,0.05274971941638615,0.8002244668911336,0.034792368125701585,0.762065095398429,0.023569023569023666,0.7222222222222222,0.014590347923681385,0.6818181818181821,0.00785634118967446,0.6414141414141414,0.0033670033670031756,0.6010101010101013,0.0,0.5606060606060606,0.0,0.5202020202020204,0.0,0.4797979797979798,0.004489337822670997,0.43939393939393956,0.00897867564534228,0.3989898989898993,0.020202020202019916,0.36026936026936074,0.03367003367003377,0.3221099887766554,0.050505050505050504,0.2850729517396185,0.0707070707070707,0.24915824915824936,0.09203142536475845,0.2149270482603818,0.11672278338944993,0.18574635241301898,0.1414141414141414,0.15656565656565657,0.1705948372615036,0.1318742985409653,0.19977553310886637,0.10718294051627403,0.23232323232323204,0.08754208754208774,0.2659932659932661,0.06958473625140289,0.29854096520763174,0.05499438832772165,0.32996632996632985,0.04377104377104387,0.3613916947250277,0.0336700336700337,0.3928170594837258,0.026936026936026983,0.42424242424242425,0.020202020202020204,0.45117845117845107,0.01571268237934906,0.47811447811447794,0.011223344556677922,0.5,0.010101010101010102,0.5202020202020202,0.010101010101010102,0.537037037037037,0.011223344556677922,0.5505050505050505,0.01346801346801342,0.5622895622895622,0.01627384960718283,0.5690235690235689,0.02076318742985404,0.5757575757575758,0.025252525252525252
Circle,0.7464253118344996,0.12503802859750532,0.7464253118344996,0.12503802859750532,0.7464253118344996,0.12503802859750532,0.7464253118344996,0.12503802859750532,0.7464253118344996,0.12503802859750532,0.7464253118344996,0.12442957103742013,0.7464253118344996,0.12229996957712198,0.7464253118344996,0.12017036811682386,0.7444478247642228,0.11804076665652573,0.7423182233039246,0.11591116519622759,0.7414055369637969,0.11499847885609979,0.7414055369637969,0.11499847885609979,0.7409491937937328,0.11499847885609979,0.7388195923334349,0.11499847885609979,0.7366899908731367,0.11499847885609979,0.736385762093094,0.11499847885609979,0.736385762093094,0.11499847885609979,0.736385762093094,0.11499847885609979,0.736385762093094,0.11499847885609979,0.736385762093094,0.11499847885609979,0.736385762093094,0.11499847885609979,0.736385762093094,0.11499847885609979,0.7414055369637969,0.11499847885609979,0.7477943413446911,0.11499847885609979,0.7569212047459691,0.1168238515363554,0.7696988135077578,0.12108305445695158,0.7827806510495894,0.12564648615759053,0.7998174627319744,0.13416489199878306,0.8168542744143598,0.14268329783997566,0.8369333738971706,0.15728627928202008,0.8582293885001521,0.1743230909644053,0.8810465470033465,0.19440219044721635,0.9066017645269242,0.21995740797079402,0.932156982050502,0.24551262549437178,0.9491937937328871,0.2795862488591421,0.9662306054152725,0.3136598722239125,0.9805293580772741,0.3532096136294494,0.9933069668390634,0.39580164283541225,1.0,0.44082750228171586,0.9914815941588074,0.49193793732887153,0.982963188317615,0.5430483723760268,0.9685123212655918,0.5941588074231824,0.9536051110435046,0.645269242470338,0.9289625798600549,0.6939458472771526,0.8970185579555826,0.7407970794037118,0.8637055065409188,0.7849102525098874,0.825372680255552,0.8189838758746578,0.7870398539701855,0.8530574992394283,0.7359294189230303,0.8780042592029207,0.6826893824155766,0.9014298752662003,0.6241253422573778,0.9216610891390326,0.5602372984484331,0.9386979008214179,0.49817462731974427,0.9523881959233345,0.44706419227258903,0.9459993915424401,0.39595375722543324,0.9396105871615454,0.35320961362944914,0.9231822330392455,0.3127471858837847,0.9040158198965623,0.27319744447824745,0.8821113477334956,0.23486461819288118,0.8565561302099179,0.1966839062975358,0.8303924551262549,0.16048068147246716,0.7963188317614845,0.12427745664739882,0.7622452083967144,0.09567995132339507,0.725129297231518,0.07012473379981747,0.6867964709461516,0.04685123212655908,0.6469425007605719,0.027684818983875807,0.6043504715546089,0.008518405841192534,0.5617584423486462,0.004259202920596125,0.517036811682385,0.0,0.4723151810161242,0.006693033160936931,0.427593550349863,0.019470641922725875,0.38287191968360185,0.03407362336477028,0.3399756616975966,0.053240036507453695,0.3016428354122299,0.07240644965013683,0.2633100091268635,0.09948281107392758,0.22893215698205047,0.12716763005780338,0.19485853361728006,0.15728627928202,0.16443565561302098,0.18923030118649223,0.1367508366291453,0.2225433526011563,0.11043504715546078,0.26087617888652254,0.08913903255247944,0.2992090051718891,0.0678430179494981,0.3375418314572562,0.052023121387283155,0.37587465774262246,0.03711591116519614,0.414207484027989,0.024338302403407345,0.45254031031335584,0.013690295101916532,0.4908731365987224,0.004259202920596267,0.5292059628840889,0.0021296014602981334,0.5675387891694561,0.0,0.6008518405841193,0.0012169151201704028,0.6327958624885915,0.0033465165804684653,0.6601764526924244,0.006388804380894401,0.6814724672954064,0.01064800730149074,0.7023121387283239,0.015059324612108307,0.7172193489504107,0.021448128993002708,0.7321265591724979,0.02783693337389725,0.7424703376939461,0.03422573775479158,0.7509887435351383,0.040614542135686056,0.7579860054761182,0.04700334651658052,0.7622452083967143,0.05339215089747493,0.7665044113173106,0.059780955278369324
Circle,0.6516983304548071,0.0,0.6493955094991364,0.0,0.6470926885434656,0.0,0.6447898675877948,0.0,0.6424870466321241,0.0,0.641335636154289,0.0,0.641335636154289,0.0,0.641335636154289,0.0,0.641335636154289,0.0,0.641335636154289,0.0,0.641335636154289,0.0,0.641335636154289,0.0,0.641335636154289,0.0,0.641335636154289,0.0,0.6424870466321241,0.0,0.6447898675877951,0.0,0.6476683937823834,0.0,0.6522740356937247,0.0,0.6568796776050662,0.0,0.6683937823834197,0.002302820955670762,0.6799078871617732,0.004605641911341451,0.6966033390903857,0.010362694300518135,0.7150259067357513,0.0172711571675302,0.7357512953367873,0.02878526194588364,0.7587795048934943,0.04490500863557854,0.7818077144502014,0.06332757628094411,0.8048359240069084,0.08865860679332184,0.8278641335636154,0.11398963730569948,0.8439838802533102,0.1508347725964305,0.8601036269430049,0.18767990788716166,0.8727691421991941,0.23488773747841096,0.8842832469775476,0.28554979850316625,0.886586067933218,0.3419689119170983,0.8796776050662061,0.4041450777202071,0.8698906160046055,0.4674726540011513,0.85146804835924,0.5342544617156015,0.8330454807138744,0.6010362694300518,0.7962003454231434,0.6678180771445018,0.7593552101324125,0.7345998848589523,0.7156016119746689,0.7892918825561311,0.6695451928612548,0.8399539435808867,0.6154289004029936,0.8825561312607944,0.5532527345998851,0.917098445595855,0.491076568796776,0.9493379389752447,0.4289004029936675,0.9746689694876222,0.3667242371905584,1.0,0.3114565342544619,1.0,0.2561888313183648,1.0,0.2112838226827864,0.9844559585492227,0.16983304548071385,0.9637305699481868,0.1341393206678182,0.9360967184801383,0.10420264824409918,0.901554404145078,0.07656879677605063,0.8652849740932642,0.05584340817501436,0.823834196891192,0.03511801957397809,0.7823834196891192,0.025906735751295335,0.7363270005757054,0.016695451928612583,0.6902705814622916,0.009211283822682754,0.6459412780656305,0.002302820955670762,0.6021876799078875,0.0,0.5584340817501439,0.0023028209556704674,0.5146804835924009,0.0057570523891766106,0.47150259067357514,0.012665515256188602,0.43005181347150273,0.01957397812320089,0.38860103626943004,0.0379965457685664,0.3494530800230283,0.0564191134139319,0.31030512377662667,0.08175014392630969,0.27461139896373055,0.10938399539435796,0.24006908462867033,0.14047207829591235,0.21013241220495116,0.1750143926309729,0.1848013816925735,0.210132412204951,0.16119746689694878,0.24697754749568201,0.14277489925158326,0.2838226827864133,0.12435233160621761,0.3229706390328151,0.11283822682786418,0.3621185952792166,0.10132412204951073,0.3995394358088654,0.09326424870466328,0.43638457109959705,0.08635578583765108,0.47092688543465727,0.08290155440414508,0.5031663788140468,0.08290155440414508,0.5331030512377661,0.0834772596430627,0.5561312607944734,0.08578008059873346,0.5791594703511802,0.08808290155440414,0.5952792170408749,0.09268854346574552,0.6113989637305697,0.0972941853770869,0.6240644789867585,0.10017271157167527,0.6355785837651121,0.10247553252734597,0.6447898675877948,0.10477835348301666,0.6516983304548071,0.10708117443868734,0.6580310880829016,0.10880829015544041,0.6626367299942428,0.10880829015544041,0.6672423719055843,0.10880829015544041,0.669545192861255,0.10650546919976972,0.6718480138169258,0.10420264824409904,0.6724237190558434,0.10189982728842835,0.6724237190558434,0.09959700633275766,0.6724237190558434,0.0972941853770869,0.6724237190558434,0.09499136442141629,0.6724237190558434,0.0926885434657456,0.6724237190558434,0.0903857225100749,0.6724237190558434,0.08808290155440414
Circle,0.6575241646631665,0.06736666503115646,0.6551199646729795,0.06736666503115646,0.6527157646827929,0.06736666503115646,0.6526666993768705,0.06736666503115646,0.6526666993768705,0.06736666503115646,0.6526666993768705,0.06736666503115646,0.6526666993768705,0.06736666503115646,0.65040969530445,0.06736666503115646,0.6480054953142632,0.06736666503115646,0.6478092340905744,0.06736666503115646,0.6478092340905744,0.06736666503115646,0.6478092340905744,0.06736666503115646,0.6478092340905744,0.06736666503115646,0.6478092340905744,0.06736666503115646,0.6478092340905744,0.06736666503115646,0.6498699769393061,0.06736666503115646,0.6522741769294931,0.06736666503115646,0.6607134095481084,0.06736666503115646,0.6703302095088561,0.06736666503115646,0.685834846180266,0.06932927726804373,0.7026642461115746,0.07173347725823068,0.7252342868357783,0.07987831804131298,0.7492762867376479,0.08949511800206074,0.777047249889603,0.1047053628379373,0.8058976497718461,0.12153476276924587,0.8347480496540896,0.1492566606152789,0.8635984495363328,0.18051126048770902,0.8871497963789805,0.21883126441293377,0.9087875962906629,0.25970266424611166,0.9269908247877924,0.3074432069083951,0.9438202247191011,0.3579314067023209,0.9539767430449927,0.4117560472989549,0.9611893430155536,0.46705264707325456,0.9619253226043865,0.5304450223247147,0.9595211226141993,0.5977626220499487,0.9461262940974435,0.6650802217751829,0.926892694175948,0.7323978215004174,0.8924488494185758,0.7921102988077133,0.8491732495952111,0.8474068985820128,0.7926500171728567,0.8923997841126541,0.7277366174378096,0.930866983955645,0.661400323831019,0.9622197144399196,0.5940827241057847,0.9886659143319759,0.5267651243805505,1.0,0.4594475246553162,1.0,0.39610421470977836,0.9894018939208086,0.33599921495510526,0.970168293999313,0.28099700701633873,0.9432805063539572,0.2305088072224131,0.9096217064913399,0.18492713802070557,0.8735096413326137,0.1440557381875277,0.8350424414896227,0.1090721750650116,0.7930425396202344,0.08022177518276806,0.7473627398066828,0.05475688140915535,0.6994259359207105,0.0331190814974727,0.6489377361267845,0.0157990285069425,0.5973700996025706,0.003778028556007878,0.544477699818458,0.0,0.4905549286099796,0.007212599970560746,0.43525832883567994,0.021294342770227365,0.3819243412982678,0.04533634267209661,0.33143614150434203,0.07590402826161616,0.2818801825229378,0.11677542809479431,0.233796182719199,0.16117952995436943,0.18924488494185748,0.21166772974829506,0.15077768509886647,0.2638241499435752,0.11564692605858368,0.31912074971787485,0.08679652617634041,0.3752023943869295,0.061086305873116926,0.432903194151416,0.04185270595162142,0.48913203473823696,0.02556302438545694,0.5420244345223495,0.01594622442470919,0.5928560914577305,0.007703253029782584,0.6385358912712824,0.0028948530494087073,0.680388597222904,0.0,0.7116431970953341,0.002404199990186938,0.7405426622834994,0.005397183651440082,0.7621804621951818,0.010205583631813958,0.7821991070114325,0.015553701977331857,0.7966243069525537,0.02276630194789267,0.80957754771601,0.029978901918453486,0.8167901476865705,0.0371915018890143,0.8231195721505324,0.04396251410627546,0.825523772140719,0.04877091408664934,0.8279279721309062,0.05318679161964574,0.830332172121093,0.055590991609832684,0.8323929149698248,0.05799519160001962,0.8323929149698248,0.060399391590206554,0.8323929149698248,0.0625091997448604,0.8323929149698248,0.0625091997448604,0.8323929149698248,0.0625091997448604,0.8323929149698248,0.0625091997448604,0.8323929149698248,0.0625091997448604,0.8323929149698248,0.0625091997448604,0.8323929149698248,0.0625091997448604,0.8323929149698248,0.0625091997448604,0.8323929149698248,0.0625091997448604,0.8323929149698248,0.0625091997448604,0.8323929149698248,0.0625091997448604,0.8323929149698248,0.0625091997448604,0.8323929149698248,0.0625091997448604
Circle,0.48764568764568766,0.08205128205128208,0.48764568764568766,0.08205128205128208,0.48764568764568766,0.08205128205128208,0.48764568764568766,0.08205128205128208,0.48764568764568766,0.08205128205128208,0.48764568764568766,0.08205128205128208,0.48764568764568766,0.08205128205128208,0.48764568764568766,0.08205128205128208,0.48764568764568766,0.08003108003107999,0.48764568764568766,0.0778554778554779,0.48764568764568766,0.07567987567987566,0.48764568764568766,0.0735042735042735,0.48811188811188827,0.0713286713286714,0.49028749028749025,0.06915306915306917,0.49246309246309244,0.06697746697746701,0.5002331002331002,0.061072261072261075,0.5089355089355091,0.054545454545454584,0.520901320901321,0.04910644910644913,0.5361305361305361,0.044755244755244804,0.5522921522921524,0.04071484071484072,0.5740481740481742,0.03853923853923855,0.595804195804196,0.03636363636363639,0.620979020979021,0.03589743589743591,0.6470862470862473,0.03589743589743591,0.6759906759906762,0.04055944055944056,0.7086247086247088,0.05143745143745146,0.7415695415695416,0.06309246309246315,0.7785547785547787,0.08484848484848495,0.8155400155400157,0.10660450660450668,0.8509712509712513,0.1392385392385393,0.8857808857808859,0.17622377622377633,0.9167055167055169,0.2186480186480188,0.940637140637141,0.27086247086247106,0.9645687645687647,0.32307692307692315,0.9819735819735821,0.39269619269619277,0.9993783993783993,0.4623154623154626,1.0,0.5375291375291378,0.9912975912975917,0.615850815850816,0.9732711732711736,0.6879564879564882,0.931934731934732,0.7445221445221449,0.890598290598291,0.8010878010878012,0.7926961926961926,0.8414918414918419,0.69044289044289,0.880652680652681,0.5981351981351982,0.9061383061383064,0.513286713286713,0.9213675213675218,0.4307692307692309,0.9310023310023313,0.35679875679875683,0.9201243201243202,0.2828282828282825,0.9092463092463092,0.22750582750582735,0.8778554778554781,0.1752913752913751,0.8430458430458432,0.1306915306915305,0.8027972027972031,0.09370629370629363,0.7571095571095573,0.05920745920745901,0.7098679098679098,0.03962703962703945,0.6533022533022536,0.020046620046619893,0.5967365967365968,0.00901320901320898,0.5435897435897434,0.0003108003108000282,0.4913752913752915,0.0,0.4391608391608391,0.010878010878010607,0.3869463869463871,0.022377622377622145,0.3351981351981352,0.041958041958041994,0.28951048951048924,0.061538461538461556,0.24382284382284383,0.08888888888888882,0.20435120435120424,0.11934731934731928,0.16736596736596737,0.15213675213675198,0.13426573426573427,0.18912198912198946,0.10815850815850805,0.22610722610722603,0.08205128205128208,0.2630924630924632,0.06247086247086244,0.3000777000776998,0.042890442890442956,0.337062937062937,0.02890442890442886,0.37404817404817414,0.01802641802641796,0.40979020979021,0.009013209013209053,0.44242424242424244,0.00466200466200465,0.47505827505827486,0.00031080031080031974,0.5016317016317018,0.0,0.5277389277389277,0.0,0.5501165501165499,0.0024864024864024122,0.5696969696969697,0.006837606837606888,0.5878787878787877,0.011188811188811218,0.6009324009324012,0.015540015540015549,0.6139860139860139,0.01989121989121988,0.6233100233100233,0.02424242424242421,0.632012432012432,0.028593628593628687,0.6396270396270396,0.0318570318570319,0.6461538461538461,0.03403263403263406,0.6523698523698525,0.036208236208236225,0.656721056721057,0.038383838383838395,0.6610722610722614,0.04055944055944056,0.6637140637140639,0.04102564102564104,0.6658896658896659,0.04102564102564104,0.6671328671328672,0.04102564102564104,0.6671328671328672,0.04102564102564104,0.6671328671328672,0.04102564102564104,0.6671328671328672,0.04102564102564104,0.6671328671328672,0.04102564102564104,0.6671328671328672,0.04102564102564104,0.6671328671328672,0.04102564102564104,0.6671328671328672,0.04102564102564104,0.6671328671328672,0.04102564102564104,0.6671328671328672,0.04102564102564104
Circle,0.7339371920569352,7.001814645921457e-17,0.7396108097347334,0.0,0.7452844274125315,7.001814645921457e-17,0.7531976310157765,7.001814645921457e-17,0.7645448663713733,7.001814645921457e-17,0.7758921017269695,7.001814645921457e-17,0.7902254516498284,0.0014930572836311577,0.8053550987906238,0.003384263176230624,0.8211815059971133,0.006320609167371761,0.8400935649231074,0.013885432737769416,0.8590056238491014,0.021450256308167142,0.876822774100433,0.034489623251878834,0.8938436271338279,0.05151047628527347,0.9108644801672222,0.06853132931866825,0.9260438958841389,0.09475936893445475,0.9411735430249341,0.12123625143084658,0.9549096700343405,0.15119693425571096,0.9662569053899367,0.18712984621509984,0.9776041407455335,0.2230627581744886,0.9860647986861092,0.2647688249639178,0.9936296222565071,0.30826656049370427,1.0,0.35266013039366945,1.0,0.4018314836012543,1.0,0.4510028368088389,0.991638879211666,0.5012193301149653,0.9765092320708709,0.5522818892151495,0.9613795849300751,0.6033444483153337,0.9283332503857067,0.6526153386751604,0.8942915443189171,0.7017866918827451,0.8557208978251135,0.7457821131737419,0.8084407505101279,0.7798238192405315,0.7611606031951429,0.8138655253073207,0.7013387746976559,0.8409396307171652,0.637037774349276,0.8655253073209573,0.5732344597621063,0.8878713979993033,0.512715871198925,0.8954362215697008,0.45219728263574405,0.9030010451400985,0.3946648086398251,0.9016075250087093,0.33981983775444197,0.8921514955457123,0.2849748668690589,0.8826954660827152,0.23883939680485763,0.8610461354700641,0.19345045538247183,0.8383516647588711,0.15224207435425272,0.8120738565669636,0.12009157418006262,0.778032150500174,0.08794107400587253,0.7439904444333848,0.06250933160802279,0.7072612352560597,0.03981486089682975,0.6694371174040715,0.018912058925994103,0.6312148509431149,0.013238441248195985,0.5896083213059278,0.007564823570397866,0.5480017916687406,0.003782411785198933,0.5073408649778532,0.0018912058925994665,0.4676255412332655,0.0,0.42791021748867786,0.006569452047976814,0.3898870253322055,0.0141342756183744,0.3520629074802171,0.023888916538097684,0.31533369830289165,0.039018563678893135,0.2812919922361022,0.054148210819688306,0.2472502861693128,0.07315980689792449,0.21709052903996454,0.09396307171651806,0.18872244065097324,0.11536355944856382,0.16080226944707143,0.14373164783755496,0.1381077987358784,0.1720997362265464,0.11541332802468535,0.20046782461553755,0.09630219479420708,0.228835913004529,0.08117254765341177,0.2572040013935202,0.06604290051261646,0.2888568158064996,0.05419797939580963,0.32100731598068966,0.04285074404021311,0.3531578161548798,0.032996565968247744,0.38530831632906987,0.027322948290449487,0.41745881650325994,0.021649330612651226,0.44587667346837173,0.01970835614393079,0.4723535559647637,0.01970835614393079,0.49863136415667125,0.019907430448414875,0.5213258348678642,0.02368984223361374,0.5440203055790573,0.027472254018812602,0.565022644702135,0.03125466580401146,0.5839347036281292,0.03503707758921026,0.6028467625541233,0.03881948937440905,0.6169810381724976,0.042601901159607915,0.6302194794206937,0.04638431294480678,0.6425620862987109,0.05016672473000557,0.6520181157617082,0.05394913651520436,0.661474145224705,0.057731548300403154,0.6685412830338925,0.060319514258697096,0.6742149007116907,0.062210720151296486,0.6798885183894887,0.06405215746777491,0.6855621360672871,0.06405215746777491,0.6912357537450855,0.06405215746777491,0.6953167769870104,0.06405215746777491,0.6972079828796096,0.06405215746777491,0.6990991887722093,0.06405215746777491,0.7009903946648085,0.06405215746777491,0.702881600557408,0.06405215746777491,0.7043746578410391,0.06405215746777491,0.7043746578410391,0.06405215746777491,0.7043746578410391,0.06405215746777491,0.7043746578410391,0.06405215746777491,0.7043746578410391,0.06405215746777491,0.7043746578410391,0.06405215746777491
Circle,0.7138157894736842,0.09375000000000001,0.7138157894736842,0.09375000000000001,0.7138157894736842,0.09375000000000001,0.7138157894736842,0.09375000000000001,0.7138157894736842,0.09375000000000001,0.7138157894736842,0.09375000000000001,0.7138157894736842,0.09375000000000001,0.7138157894736842,0.09375000000000001,0.7138157894736842,0.09375000000000001,0.7138157894736842,0.09375000000000001,0.7116228070175438,0.09375000000000001,0.7094298245614034,0.09375000000000001,0.7088815789473684,0.09375000000000001,0.7088815789473684,0.09375000000000001,0.7088815789473684,0.09375000000000001,0.7088815789473684,0.09375000000000001,0.7088815789473684,0.09375000000000001,0.7088815789473684,0.09375000000000001,0.7088815789473684,0.09375000000000001,0.7132675438596492,0.09375000000000001,0.71765350877193,0.09375000000000001,0.7269736842105261,0.09539473684210525,0.7379385964912278,0.09758771929824567,0.7521929824561403,0.10087719298245622,0.769736842105263,0.1052631578947369,0.7894736842105262,0.11129385964912276,0.8157894736842106,0.12225877192982455,0.8421052631578947,0.13322368421052633,0.8728070175438597,0.1529605263157895,0.9035087719298244,0.17269736842105265,0.9259868421052632,0.20230263157894726,0.9457236842105263,0.23519736842105263,0.9632675438596491,0.2724780701754385,0.9786184210526316,0.31414473684210525,0.9912280701754389,0.3569078947368421,0.9956140350877192,0.4029605263157895,1.0,0.44901315789473695,0.9890350877192985,0.49945175438596473,0.9780701754385964,0.5498903508771932,0.9523026315789476,0.5986842105263158,0.9216008771929823,0.6469298245614038,0.8777412280701754,0.6929824561403509,0.8207236842105267,0.7368421052631579,0.7587719298245612,0.7774122807017545,0.6820175438596495,0.8081140350877194,0.6052631578947367,0.8388157894736844,0.5328947368421053,0.8585526315789476,0.4605263157894734,0.8782894736842107,0.3930921052631578,0.8832236842105264,0.3273026315789476,0.8832236842105264,0.2680921052631576,0.8744517543859651,0.2154605263157896,0.8569078947368424,0.16721491228070162,0.8349780701754388,0.13212719298245612,0.7998903508771933,0.09703947368421036,0.7648026315789475,0.07072368421052623,0.7165570175438599,0.04440789473684211,0.6683114035087724,0.026315789473684122,0.6167763157894739,0.010964912280701507,0.5641447368421056,0.002192982456140133,0.5126096491228073,0.0,0.46217105263157926,0.0005482456140349631,0.41282894736842124,0.009320175438596057,0.36677631578947395,0.01809210526315771,0.3207236842105264,0.03782894736842087,0.2790570175438599,0.057565789473684036,0.23739035087719332,0.08223684210526298,0.20065789473684223,0.10855263157894711,0.16557017543859673,0.13815789473684184,0.13486842105263164,0.1710526315789472,0.10855263157894753,0.20504385964912278,0.08388157894736843,0.24232456140350842,0.06414473684210535,0.2796052631578946,0.04440789473684211,0.32127192982456104,0.031250000000000056,0.3629385964912275,0.018092105263157993,0.40460526315789425,0.009868421052631651,0.44627192982456154,0.0032894736842105504,0.4857456140350876,0.0,0.5230263157894732,0.0,0.5586622807017539,0.0010964912280702068,0.5893640350877195,0.005482456140350893,0.6200657894736842,0.00986842105263158,0.6441885964912282,0.01644736842105261,0.6683114035087718,0.02302631578947364,0.6874999999999998,0.031249999999999913,0.7050438596491228,0.040021929824561424,0.7192982456140349,0.04769736842105259,0.730263157894737,0.05427631578947369,0.7401315789473683,0.06030701754385969,0.7467105263157893,0.0646929824561403,0.7532894736842105,0.06907894736842106,0.7598684210526314,0.07346491228070175,0.7664473684210524,0.07785087719298243,0.769736842105263,0.07894736842105264,0.7719298245614037,0.07894736842105264,0.7741228070175439,0.07894736842105264,0.7763157894736843,0.07894736842105264,0.7785087719298247,0.07894736842105264,0.7807017543859648,0.07894736842105264,0.7828947368421052,0.07894736842105264
Circle,0.7419708029197076,0.09197080291970798,0.7419708029197076,0.09197080291970798,0.7419708029197076,0.09197080291970798,0.7419708029197076,0.09197080291970798,0.7419708029197076,0.09197080291970798,0.7423357664233574,0.09197080291970798,0.7444734098018767,0.09197080291970798,0.7466110531803959,0.09197080291970798,0.750364963503649,0.09197080291970798,0.754640250260688,0.09197080291970798,0.7589155370177265,0.09197080291970798,0.7631908237747649,0.09197080291970798,0.7674661105318036,0.09197080291970798,0.7737226277372258,0.09395203336809177,0.7801355578727837,0.09608967674661097,0.7887382690302395,0.09822732012513033,0.7994264859228358,0.10036496350364953,0.8105318039624605,0.10291970802919698,0.8254953076120952,0.10933263816475487,0.8404588112617306,0.11574556830031271,0.8568821689259641,0.1265380604796663,0.8739833159541187,0.13936392075078202,0.8922314911366004,0.1544838373305526,0.9136079249217933,0.17586027111574554,0.9349843587069859,0.19723670490093845,0.9508863399374343,0.2295620437956203,0.9658498435870696,0.26376433785192904,0.9789363920750777,0.30265901981230436,0.9896246089676746,0.3475495307612094,1.0,0.3927007299270072,0.9978623566214799,0.4482794577685086,0.995724713242961,0.5038581856100104,0.9766423357664227,0.5633472367049008,0.9467153284671527,0.6253388946819601,0.911783107403545,0.6835766423357662,0.8562043795620433,0.726329509906152,0.8006256517205419,0.7690823774765378,0.7233576642335762,0.801824817518248,0.6399895724713239,0.8317518248175181,0.5589676746611048,0.8538581856100103,0.4820125130344102,0.8624087591240874,0.4050573514077162,0.8709593326381645,0.34640250260688193,0.857142857142857,0.2886861313868608,0.8421793534932216,0.23785192909280495,0.8180396246089675,0.1929614181438996,0.785974973931178,0.14963503649635018,0.752346193952033,0.11757038581856065,0.7074556830031281,0.08550573514077141,0.6625651720542229,0.06100104275286723,0.6146506777893634,0.039624608967674606,0.5654848800834201,0.02137643378519263,0.5169447340980186,0.010688216892596315,0.4699165797705941,0.0,0.42288842544317,0.0005735140771635816,0.3777372262773722,0.0027111574556830794,0.332846715328467,0.008811261730969569,0.2909280500521378,0.019499478623565884,0.2524504692387905,0.03060479666319066,0.21428571428571416,0.04984358706986438,0.18222106360792478,0.06908237747653781,0.15015641293013554,0.09374348279457768,0.12351407716371215,0.12153284671532823,0.09999999999999988,0.15026068821689215,0.0783628779979145,0.18232533889468167,0.06339937434827941,0.2143899895724709,0.04843587069864432,0.24817518248175147,0.03691345151199167,0.2823774765380602,0.02622523461939521,0.3157455683003123,0.017205422314911338,0.3478102189781019,0.010792492179353503,0.3798748696558914,0.004379562043795597,0.416110531803962,0.002137643378519278,0.45245046923879023,0.0,0.48519290928050013,0.0002606882168926038,0.5151199165797702,0.0023983315954118818,0.5437956204379559,0.004848800834202284,0.5651720542231489,0.009124087591240839,0.5865484880083415,0.013399374348279468,0.6032325338894678,0.017674661105318023,0.6181960375391029,0.02194994786235658,0.6318039624608967,0.02622523461939521,0.642492179353493,0.030500521376433765,0.6531803962460893,0.03477580813347232,0.6600104275286753,0.037122002085505756,0.6664233576642333,0.03925964546402503,0.6707507820646503,0.04139728884254431,0.6728884254431698,0.04353493222106359,0.6750260688216888,0.0455161626694473,0.6771637122002082,0.0455161626694473,0.6793013555787275,0.0455161626694473,0.6814389989572467,0.0455161626694473,0.6835766423357662,0.0455161626694473,0.6851929092805001,0.0455161626694473,0.6851929092805001,0.0455161626694473,0.6851929092805001,0.0455161626694473,0.6851929092805001,0.0455161626694473,0.6851929092805001,0.0455161626694473,0.6851929092805001,0.0455161626694473,0.6851929092805001,0.0455161626694473,0.6851929092805001,0.0455161626694473
Circle,0.7099403122130397,0.1534090909090909,0.7099403122130397,0.1507690541781451,0.7099403122130397,0.14812901744719928,0.7099403122130397,0.14772727272727273,0.7099403122130397,0.14772727272727273,0.7099403122130397,0.14772727272727273,0.7099403122130397,0.14772727272727273,0.7085055096418732,0.14772727272727273,0.7058654729109276,0.14772727272727273,0.702192378328742,0.14772727272727273,0.6969123048668503,0.14772727272727273,0.6916322314049588,0.14772727272727273,0.6863521579430674,0.14772727272727273,0.6813016528925622,0.14772727272727273,0.6786616161616162,0.14772727272727273,0.6760215794306703,0.14772727272727273,0.6733815426997247,0.14772727272727273,0.6707415059687792,0.14772727272727273,0.6742998163452711,0.14772727272727273,0.679579889807163,0.14772727272727273,0.6915174471992654,0.14939164370982558,0.7073576675849402,0.1520316804407713,0.7269857667584941,0.15719696969696964,0.7507460973370063,0.16511707988980717,0.7762281910009186,0.1756198347107438,0.8052685950413224,0.1914600550964187,0.8333907254361802,0.20913682277318646,0.8571510560146923,0.23553719008264462,0.880739210284665,0.2622819100091828,0.8965794306703401,0.30452249770431583,0.9124196510560147,0.34676308539944906,0.9236685032139582,0.40048209366391174,0.9342286501377411,0.45592286501377416,0.937213039485767,0.5170454545454546,0.937213039485767,0.5804063360881542,0.9252754820936641,0.6467516069788797,0.9041551882460975,0.715392561983471,0.8754017447199267,0.7774908172635443,0.8358011937557392,0.8302915518824612,0.7906910009182737,0.8789600550964187,0.7299701561065199,0.9159205693296602,0.668101469237833,0.9514462809917356,0.5968204775022957,0.9752066115702479,0.5255394857667587,0.9989669421487603,0.4593089990817267,1.0,0.39330808080808083,1.0,0.32943067033976126,0.9830119375573921,0.26606978879706167,0.9618916437098256,0.2164830119375574,0.9321625344352615,0.17424242424242434,0.897842056932966,0.13728191000918308,0.8569214876033058,0.10560146923783297,0.8094008264462812,0.07759412304866845,0.7600436179981632,0.056473829201101916,0.7072428833792469,0.036386593204775414,0.6544421487603308,0.020546372819100354,0.6016414141414143,0.005280073461891794,0.5488406795224976,0.002640036730945897,0.49603994490358133,0.0,0.443239210284665,0.006772268135904692,0.39514462809917333,0.014692378328742383,0.3476239669421488,0.032369146005509594,0.30205463728191,0.05348943985307612,0.25717401285583125,0.07925849403122145,0.21539256198347106,0.10829889807162535,0.17579201101928374,0.14193067033976126,0.14078282828282832,0.18153122130394872,0.11174242424242418,0.22262396694214912,0.08494031221303948,0.26750459136822774,0.06382001836547295,0.312385215794307,0.043732782369145955,0.357265840220386,0.030532598714416877,0.4021464646464646,0.017332415059687797,0.4444444444444445,0.009297520661157048,0.48668503213957753,0.0013774104683195983,0.5245638200183652,0.0,0.5615243342516071,0.0,0.5931473829201104,0.001779155188246148,0.6221877869605147,0.004419191919191964,0.6457185491276405,0.00705922865013778,0.6641988062442611,0.009699265381083516,0.680727731864096,0.012339302112029412,0.6939279155188245,0.014979338842975148,0.7065541781450875,0.017619375573921046,0.7171143250688707,0.020259412304866862,0.7273301193755745,0.022899449035812678,0.7326101928374659,0.025539485766758494,0.7378902662993574,0.02817952249770431,0.7431703397612491,0.028409090909090908,0.748450413223141,0.028409090909090908,0.7517217630853998,0.03041781450872366,0.7543617998163454,0.033057851239669395,0.7553948576675851,0.03409090909090909,0.7553948576675851,0.03409090909090909,0.7553948576675851,0.03529614325068874,0.7553948576675851,0.037936179981634476,0.7561983471074378,0.03977272727272727,0.7588383838383841,0.03977272727272727,0.7614784205693297,0.040174471992653824,0.7641184573002756,0.04281450872359964,0.7667584940312214,0.045454545454545456
Circle,0.8181133746678476,0.0,0.815899025686448,0.0,0.8136846767050487,0.0,0.8114703277236492,0.0,0.8092559787422497,0.0,0.8070416297608501,0.0,0.8049601417183347,0.0,0.8049601417183347,0.0,0.8049601417183347,0.0,0.8049601417183347,0.0,0.8049601417183347,0.0,0.8049601417183347,0.0,0.8046944198405668,0.0,0.8024800708591673,0.0,0.8005757307351637,0.0,0.8005757307351637,0.0,0.8005757307351637,0.0,0.8005757307351637,0.0,0.8013728963684674,0.0,0.8058015943312664,0.0,0.8111160318866253,0.0,0.8199734278122229,0.0,0.830292294065545,0.0009743135518157939,0.8457927369353408,0.005403011514614732,0.8623560673162091,0.010894596988485383,0.8822852081488042,0.01975199291408326,0.9027900797165634,0.03091231178033659,0.924933569530558,0.04862710363153234,0.9452170062001772,0.06944198405668738,0.9607174490699735,0.09822852081488047,0.9748892825509299,0.13033658104517273,0.9859610274579274,0.17019486271036313,0.9949069973427812,0.21359610274579283,0.9993356953055803,0.2645261293179807,1.0,0.3169619131975201,0.9933569530558016,0.37232063773250673,0.9827280779450839,0.42847652790079727,0.9650132860938881,0.48604960141718356,0.94140832595217,0.5419397697077063,0.9081930912311778,0.5950841452612934,0.8696634189548269,0.642028343666962,0.8231620903454383,0.679672276350753,0.769220549158547,0.712666076173605,0.7050044286979625,0.7392382639503986,0.6368910540301147,0.7619131975199291,0.5638175376439324,0.7796279893711251,0.4917626217891935,0.7891939769707705,0.42090345438441046,0.7891939769707705,0.35429583702391504,0.7806908768821966,0.2922940655447297,0.7629760850310009,0.23693534100974314,0.7386182462356066,0.18821966341895469,0.7076173604960141,0.14526129317980502,0.670859167404783,0.10761736049601399,0.628786536758193,0.0759521700620018,0.5855181576616474,0.04937998228520793,0.5412311780336581,0.02900797165633299,0.49818423383525223,0.013507528786536768,0.4561116031886624,0.0044286979627988134,0.41403897254207245,0.0,0.3719663418954827,0.0035429583702392504,0.33122232063773244,0.012400354295836878,0.29136403897254187,0.026749335695305593,0.25425155004428684,0.04446412754650134,0.21882196634189535,0.06784765279007965,0.1862267493356951,0.09441984056687353,0.15522586359610266,0.12537643932683812,0.12860938883968104,0.1585916740478301,0.10425155004428682,0.1963241806908771,0.08441098317094765,0.23618246235606744,0.0666961913197519,0.2775907883082378,0.052081488042515424,0.3196634189548274,0.03879539415411861,0.3633303808680249,0.028697962798937056,0.40761736049601455,0.01984056687333918,0.45026572187776814,0.01589902568644814,0.492338352524358,0.013684676705048669,0.5310451727192208,0.013153232949512842,0.5686891054030117,0.013153232949512842,0.6011514614703278,0.014880425155004477,0.6321523472099205,0.017094774136403885,0.6560673162090347,0.019309123117803417,0.6782108060230293,0.021523472099202884,0.6949069973427814,0.023737821080602354,0.7104074402125776,0.02595217006200176,0.7221877767936227,0.028166519043401294,0.73325952170062,0.030380868024800698,0.7405225863596105,0.030690876882196634,0.7471656333038086,0.030690876882196634,0.7518600531443757,0.028742249778565047,0.7562887511071744,0.02652790079716564,0.758724534986714,0.024313551815766107,0.7609388839681133,0.022099202834366703,0.7611160318866252,0.02192205491585474,0.7611160318866252,0.02192205491585474,0.7611160318866252,0.02192205491585474,0.7611160318866252,0.02192205491585474,0.7611160318866252,0.02192205491585474,0.7611160318866252,0.02192205491585474,0.7611160318866252,0.02192205491585474,0.7611160318866252,0.02192205491585474
Circle,0.7823834196891192,0.05181347150259067,0.7823834196891192,0.04930130318731355,0.7823834196891192,0.04678913487203643,0.7823834196891192,0.046632124352331605,0.7823834196891192,0.046632124352331605,0.7823834196891192,0.046632124352331605,0.7823834196891192,0.046632124352331605,0.7803422829329566,0.046632124352331605,0.7778301146176794,0.046632124352331605,0.7753179463024022,0.046632124352331605,0.7728057779871254,0.046632124352331605,0.7685664939550949,0.046632124352331605,0.7635421573245408,0.046632124352331605,0.7600879258910349,0.046632124352331605,0.7575757575757575,0.046632124352331605,0.7550635892604806,0.046632124352331605,0.7525514209452033,0.046632124352331605,0.753807505102842,0.046632124352331605,0.758831841733396,0.046632124352331605,0.7682524729156855,0.04773119799026538,0.7833254828073482,0.0502433663055425,0.7993405558172396,0.053697597739048496,0.8169257340241795,0.05872193436960281,0.8360810174281678,0.06610142879572935,0.8586905322656619,0.07866227037211496,0.8819280891819751,0.09373528026377768,0.9070497723347462,0.1163447951012717,0.9307583608101745,0.14083843617522385,0.948343539017114,0.17349662427382642,0.9653006751452348,0.20772491756947717,0.9778615167216201,0.2529439472444655,0.9899513267388915,0.29847699795886334,0.9949756633694457,0.3487203642644058,1.0,0.39896373056994816,0.9949756633694457,0.4517192651907678,0.9899513267388915,0.5044747998115873,0.975506358926048,0.5595854922279792,0.9604333490343854,0.6148531951640761,0.9343696027633848,0.6657246035484378,0.9067357512953368,0.7159679698539803,0.8586905322656619,0.7539645156225467,0.8059349976448423,0.7891348720364265,0.7399905793688177,0.8167687235044747,0.6696498665410583,0.8418904066572459,0.5958549222797924,0.8618307426597585,0.5204898728214786,0.8794159208666982,0.4466949285602134,0.8844402574972523,0.3738420474171768,0.8819280891819754,0.3066415449835139,0.8681111634479511,0.2438373371015858,0.845501648610457,0.18982571832312758,0.8178677971424085,0.14460668864813955,0.785209609043806,0.10598210080075386,0.7470560527555347,0.07583608101742811,0.7018370230805462,0.0504003768252474,0.6556759302873291,0.032815198618307326,0.6079447322970638,0.017585178206939774,0.5602135343067984,0.007536504945831585,0.5124823363165332,0.0,0.4641230962474485,0.0,0.4138797299419061,0.0032972209138014655,0.36410739519547786,0.020882399120740948,0.3163761972052125,0.04035170356413891,0.26927304129376656,0.07300989166274156,0.2265661799340554,0.10645313235986789,0.18417333961375407,0.15167216203485623,0.14649081488459723,0.19689119170984457,0.10880829015544041,0.2496467263306639,0.0836866070026692,0.3024022609514838,0.05856492384989799,0.3598681111634476,0.04050871408384366,0.4176479824148216,0.022923535876903815,0.47542785366619533,0.011932799497566381,0.5332077249175693,0.0018841262364578963,0.588946459412781,0.0,0.6442141623488779,0.0,0.6957136128120589,0.005652378709373541,0.7459569791176011,0.013188883655204979,0.7892918825561315,0.024179620034542413,0.8294865756005654,0.03674046161092794,0.8634008478568064,0.04773119799026538,0.8935468676401321,0.05777987125137386,0.9180405087140838,0.06641544983513893,0.9381378552363009,0.07395195478097037,0.9532108651279637,0.08023237556916321,0.9632595383890719,0.0852567121997173,0.9711100643743128,0.08808290155440414,0.9761344010048675,0.08808290155440414,0.980216674517193,0.08808290155440414,0.9827288428324699,0.08808290155440414,0.9844559585492227,0.08729784895588003,0.9844559585492227,0.0847856806406029,0.9838279164704035,0.08290155440414508,0.9813157481551263,0.08290155440414508,0.9792746113989638,0.08290155440414508,0.9792746113989638,0.08290155440414508,0.9792746113989638,0.08290155440414508,0.9792746113989638,0.08290155440414508,0.9792746113989638,0.08290155440414508,0.9792746113989638,0.08290155440414508,0.9792746113989638,0.08290155440414508
Circle,0.9072668112798264,0.14011043186748173,0.9049497140603432,0.1377933346479984,0.9026326168408599,0.13547623742851508,0.9003155196213767,0.1352297377243147,0.8979984224018931,0.1352297377243147,0.8938572273713273,0.1352297377243147,0.8892230329323605,0.1352297377243147,0.886166436600276,0.1352297377243147,0.8838493393807928,0.1352297377243147,0.8815322421613095,0.1352297377243147,0.8792151449418262,0.1352297377243147,0.8768980477223427,0.1352297377243147,0.8745809505028594,0.1352297377243147,0.8722638532833759,0.1352297377243147,0.8699467560638926,0.1352297377243147,0.8682212581344902,0.1352297377243147,0.8682212581344902,0.1352297377243147,0.8685663577203706,0.1352297377243147,0.8708834549398539,0.1352297377243147,0.8734963518043778,0.13532833760599486,0.8827647406823111,0.1376454348254782,0.8920331295602445,0.13996253204496154,0.9056399132321039,0.14661802405837115,0.9195424965490041,0.1535693157168211,0.9353677775586668,0.16821139814632224,0.9515874580950503,0.18443107868270558,0.9644547426543087,0.209031749161901,0.9760402287517257,0.23683691579570101,0.9861960165647797,0.27322027213567335,0.9954644054427133,0.3149280220863735,1.0,0.36255176493788205,1.0,0.4158450009859989,0.9953165056201932,0.47101163478603825,0.983731019522777,0.5289390652731216,0.9659337408795112,0.5868664957602052,0.9334943798067444,0.6447939262472886,0.8970617235259316,0.6991717609938868,0.8437684874778149,0.7385624137251037,0.7894892526128967,0.776967067639519,0.7246105304673633,0.804772234273319,0.65973180832183,0.832577400907119,0.5857818970617236,0.8467757838690596,0.5116347860382564,0.8606783671859597,0.44153027016367535,0.8584105699073163,0.37201735357917554,0.8537763754683496,0.31137842634588814,0.8349437980674425,0.2534509958588049,0.811772825872609,0.2046933543679745,0.7794320646815224,0.1606685071977911,0.742358509169789,0.1230526523368171,0.7001577598106883,0.0906132912640503,0.6538158154210216,0.06335042397949095,0.607473871031355,0.04249654900414102,0.5611319266416879,0.024009071189114564,0.5147899822520212,0.010106487872214426,0.4684480378623545,0.0,0.42210609347268796,0.0023170972194829866,0.37576414908302114,0.0064089923092091345,0.3300138039834351,0.022628672845592262,0.28830605403273507,0.039045553145335955,0.24669690396371521,0.0645336225596527,0.20962334845198188,0.09002169197396943,0.17254979294024855,0.12186945375665537,0.14183592979688414,0.1543088148294222,0.11171366594360073,0.19236836915795696,0.08721159534608558,0.23175902188917355,0.06404062315125225,0.27277657266811267,0.04575034509958587,0.3144843226188131,0.029530664563202396,0.35619207256951296,0.017452179057385074,0.39789982252021283,0.008183790179451741,0.43733977519226963,0.002317097219483264,0.474413330704003,0.0,0.510599487280615,0.00034509958588043745,0.5453559455728648,0.004979294024847104,0.5781897061723528,0.010254387694734782,0.6059948728061525,0.01720567935318478,0.6330112403865116,0.024551370538355363,0.6561822125813448,0.033819759416288696,0.6790573851311378,0.04308814829422203,0.6975941628870045,0.05235653717215536,0.7161309406428712,0.0616249260500887,0.7280122263853281,0.06867481759021885,0.7395977124827451,0.07562610924866885,0.7492112009465588,0.08060540327351602,0.7584795898244922,0.08523959771248275,0.7642969828436207,0.08814829422204695,0.7689311772825874,0.09046539144153029,0.7735653717215539,0.09130349043581144,0.7781995661605206,0.09130349043581144,0.7816012620784853,0.09130349043581144,0.7839183592979689,0.09130349043581144,0.7852494577006507,0.09031749161901007,0.7852494577006507,0.08800039439952674,0.7852494577006507,0.08568329718004333,0.7852494577006507,0.08336619996056001,0.7852494577006507,0.0815421021494774,0.7852494577006507,0.0815421021494774,0.7852494577006507,0.0815421021494774,0.7852494577006507,0.0815421021494774,0.7852494577006507,0.0815421021494774
Circle,0.8618912193387841,0.15250622111624598,0.8594027728403838,0.15001777461784563,0.8569143263419834,0.14752932811944544,0.8544258798435834,0.14504088162104517,0.8519374333451827,0.1425524351226449,0.8494489868467827,0.14006398862424455,0.8469605403483823,0.13757554212584427,0.844472093849982,0.135087095627444,0.8419836473515819,0.13490934944898683,0.8394952008531813,0.13490934944898683,0.8370067543547812,0.13490934944898683,0.8345183078563809,0.13490934944898683,0.8330963384287235,0.13490934944898683,0.835584784927124,0.13490934944898683,0.8380732314255243,0.13490934944898683,0.8448275862068964,0.13490934944898683,0.8522929257020974,0.13490934944898683,0.8610024884464985,0.136153572698187,0.8709562744400996,0.13864201919658728,0.8816210451475293,0.14184145040881624,0.8965517241379307,0.14930678990401705,0.9114824031283326,0.15677212939921795,0.9264130821187344,0.17010309278350513,0.9413437611091362,0.18503377177390684,0.9541414859580519,0.20316388197653742,0.964095271951653,0.22555990046213995,0.9738713117667971,0.24848915748311415,0.9813366512619979,0.2783505154639176,0.9888019907571985,0.308211873444721,0.9944898684678279,0.3434056167792393,0.9994667614646287,0.3807323142552436,1.0,0.4207252044081053,0.9925346605047989,0.4655172413793104,0.9850693210095982,0.5103092783505154,0.967650195520796,0.5551013153217205,0.9502310700319943,0.5998933522929257,0.9296125133309634,0.6430856736580164,0.9072164948453608,0.6853892641308211,0.8784216139353003,0.7248489157483112,0.8336295769640949,0.7571987202275152,0.7888375399928902,0.7895485247067187,0.7348027017419124,0.81265552790615,0.6800568787771059,0.8350515463917526,0.621045147529328,0.853181656594383,0.5588339850693208,0.8681123355847848,0.49608958407394266,0.8793103448275861,0.43138997511553506,0.8768218983291859,0.3666903661571272,0.8743334518307856,0.31265552790615003,0.8611802346249554,0.2603981514397436,0.8462495556345536,0.2131176679701385,0.8226093138997511,0.1708140774973335,0.7902595094205476,0.13028794880910047,0.7564877355136862,0.1004265908282972,0.7141841450408816,0.07056523284749394,0.6718805545680766,0.04852470671880542,0.6276217561322428,0.02861713473160325,0.5828297191610381,0.014041948098115788,0.5369712051190898,0.006576608602915057,0.4896907216494846,0.0,0.4425879843583362,0.00497689299680071,0.3977959473871309,0.009953785993601087,0.35300391041592605,0.02204052612868819,0.30998933522929234,0.03697120511908999,0.2676857447564878,0.05545680767863481,0.22715961606825447,0.0803412726626377,0.18983291859225007,0.10522573764664057,0.15250622111624598,0.1375755421258442,0.12513330963384275,0.1699253466050478,0.09776039815143976,0.20707429790259513,0.07518663348737999,0.2468894418769998,0.05527906150017765,0.2881265552790615,0.03750444365446141,0.33291859225026654,0.025062211162459967,0.37771062922147125,0.01261997867045861,0.422502666192677,0.0071098471382864785,0.46729470316388205,0.0021329541414859352,0.5120867401350871,0.0,0.5568787771062919,0.0,0.6006043370067545,0.0005332385353715046,0.6404194809811589,0.0030216850337717763,0.6802346249555632,0.0055101315321720475,0.7115179523640242,0.010131532172058338,0.7413793103448277,0.015108425168858882,0.7662637753288303,0.02132954141485952,0.7861713473160328,0.0287948809100605,0.8053679345894064,0.035904728048346976,0.8202986135798082,0.04088162104514752,0.83522929257021,0.045858514041948066,0.844294347671525,0.04888019907571992,0.851759687166726,0.05136864557412011,0.8581585495911838,0.053857092072520464,0.8631354425879841,0.056345538570920735,0.8679345894063275,0.05865623889086384,0.8704230359047279,0.05865623889086384,0.8729114824031282,0.05865623889086384,0.8736224671169569,0.05865623889086384,0.8736224671169569,0.05865623889086384,0.8736224671169569,0.05865623889086384,0.8736224671169569,0.05865623889086384,0.8736224671169569,0.05865623889086384
Circle,0.8747810858143608,0.09140883440358044,0.8787701887526754,0.09140883440358044,0.8827592916909904,0.09140883440358044,0.8879159369527146,0.09257637672698969,0.8938995913601869,0.09457092819614704,0.9002237789453201,0.09690601284296556,0.9082019848219498,0.10089511578128038,0.9161801906985795,0.1048842187195952,0.9241583965752094,0.1118894726600506,0.932136602451839,0.11986767853668025,0.9401148083284686,0.12852695076863202,0.9480930142050981,0.13849970811441908,0.956071220081728,0.1484724654602063,0.9640494259583579,0.16214244016345591,0.9720276318349872,0.1761043004475578,0.9789842381786339,0.19210935979762594,0.9849678925861063,0.21006032302004277,0.9907569566063437,0.22859505740416425,0.9947460595446587,0.2525296750340533,0.9987351624829736,0.27646429266394223,1.0,0.3058474411364079,1.0,0.3377602646429266,0.9978595057404166,0.37181358240902895,0.9898812998637867,0.41170461179217743,0.981903093987157,0.45159564117532597,0.9620062268923917,0.4931893364467795,0.9400661607316598,0.5350749172990854,0.9128721541155869,0.5787118116365051,0.8789647791399103,0.6245864954271257,0.8446682233897644,0.6701206460400855,0.7948044366608289,0.7020334695466042,0.7449406499318935,0.7339462930531231,0.688995913601868,0.759778166958552,0.6291593695271455,0.7817182331192837,0.5693228254524227,0.8009340338587272,0.5094862813777002,0.8089122397353569,0.44964973730297747,0.8168904456119865,0.39292663942401246,0.8108581436077057,0.33707919828760463,0.8008853862619185,0.28415061295972,0.7865343452033466,0.2362813776999416,0.7645942790426151,0.18841214244016372,0.7426542128818835,0.15382370110916543,0.7093306090679119,0.11991632613348896,0.6754232340922356,0.09136018680677213,0.6404456119867679,0.06742556917688292,0.6045436855419342,0.04446390348316809,0.5683985211130568,0.0285074917299088,0.530502043199066,0.012551079976649508,0.4926055652850748,0.005059350068106778,0.45329830706363083,0.0010702471297920923,0.41340727768048263,0.0,0.3741000194590386,0.005983654407472576,0.33620354154504745,0.011967308814944878,0.2983070636310567,0.024956217162872173,0.2639132126872932,0.0389180774469744,0.23000583771161695,0.056577155088538715,0.19887137575403782,0.07851722124927031,0.17094765518583385,0.1007491729908545,0.14331582019848213,0.1286728935590584,0.1213757540377504,0.15659661412726228,0.09943568787701887,0.18705000972951957,0.08129013426736716,0.21896283323603843,0.06533372251410773,0.2517513134851139,0.05025296750340531,0.2876532399299478,0.038285658688460775,0.3235551663747813,0.026318349873516236,0.35945709281961485,0.019167153142634747,0.3953590192644484,0.013183498735162445,0.4304825841603427,0.007978205876629646,0.46438995913601866,0.003989102938314823,0.49829733411169486,0.0,0.5322047090873713,0.0018486086787312544,0.5661120840630475,0.0038431601478886657,0.5966627748589223,0.006956606343646614,0.6245864954271261,0.010945709281961506,0.6513426736719208,0.015226697801128643,0.6712881883634948,0.021210352208600878,0.6912337030550693,0.02719400661607318,0.7068009340338588,0.03317766102354541,0.7207627943179608,0.03916131543101772,0.7334598170850363,0.044512551079976675,0.7434325744308232,0.0485016540182915,0.7534053317766103,0.05249075695660632,0.7597781669585523,0.05647985989492121,0.7657618213660247,0.0604689628332361,0.7707725238373225,0.06348511383537654,0.7747616267756372,0.06547966530453396,0.7786047869235259,0.06732827398326521,0.7805993383926835,0.06732827398326521,0.7825938898618409,0.06732827398326521,0.7845884413309981,0.06732827398326521,0.7865829928001559,0.06732827398326521,0.7885775442693131,0.06732827398326521,0.7905720957384705,0.06732827398326521,0.7925666472076281,0.06732827398326521,0.7929071803852891,0.06732827398326521,0.7929071803852891,0.06732827398326521,0.7929071803852891,0.06732827398326521,0.7929071803852891,0.06732827398326521,0.7929071803852891,0.06732827398326521
Circle,0.6496277915632755,0.1191618417424869,0.6470912599944858,0.1191618417424869,0.644554728425696,0.1191618417424869,0.6420181968569068,0.1191618417424869,0.639481665288117,0.1191618417424869,0.6369451337193273,0.1191618417424869,0.6344086021505378,0.1191618417424869,0.6318720705817482,0.1191618417424869,0.6293355390129585,0.1191618417424869,0.6277915632754343,0.11816928591122136,0.6277915632754343,0.11563275434243181,0.6271850013785499,0.1137027846705266,0.6246484698097603,0.1137027846705266,0.6221119382409706,0.1137027846705266,0.6195754066721809,0.1137027846705266,0.6170388751033915,0.1137027846705266,0.6168734491315138,0.1137027846705266,0.6168734491315138,0.1137027846705266,0.6168734491315138,0.1137027846705266,0.6168734491315138,0.1137027846705266,0.6200716845878135,0.1137027846705266,0.6251447477253929,0.1137027846705266,0.6338571822442792,0.1137027846705266,0.6465398400882272,0.1137027846705266,0.6617038875103394,0.11535704438930248,0.6819961400606561,0.12043010752688174,0.7040529363110011,0.12682657843948164,0.7344913151364766,0.1395092362834298,0.7649848359525782,0.15241246208988146,0.7979597463468434,0.1752412462089881,0.8309346567411083,0.19807003032809484,0.8550868486352358,0.23413289219740827,0.8779156327543425,0.2721808657292528,0.8971050454921425,0.3229666390956714,0.9148607664736699,0.3787703336090432,0.9268817204301074,0.440308795147505,0.9344913151364765,0.5062586159360352,0.9358147229114973,0.5732561345464571,0.9282051282051281,0.6417424869037774,0.9146401985111664,0.7082437275985664,0.8842018196856909,0.7691204852495175,0.8523848910945686,0.8280672732285638,0.8092638544251449,0.8711883098979873,0.7661428177557211,0.9143093465674111,0.7084642955610702,0.9452991452991453,0.6501240694789081,0.9757375241246211,0.5795423214778055,0.9898538737248415,0.5059829059829062,1.0,0.4440033085194372,0.9952577888061759,0.3881996140060655,0.9825751309622278,0.3387372484146677,0.9635511441963055,0.2956162117452439,0.9381858285084094,0.2542597187758478,0.9084091535704439,0.21621174524400344,0.8703611800385994,0.1786600496277917,0.8308243727598569,0.14314860766473675,0.7851668045216437,0.1080783016266887,0.7393989523021781,0.08271298593879227,0.6912048524951753,0.05734767025089614,0.6430107526881722,0.03876481940998041,0.5925558312655087,0.021009098428453093,0.541825199889716,0.010752688172043163,0.4910945685139236,0.0031430934656740453,0.440363937138131,0.0,0.3926109732561346,0.0,0.3469534050179211,0.004411359250068743,0.3035015164047423,0.014557485525227256,0.262917011304108,0.027570995312930655,0.22376619795974628,0.04786324786324799,0.1882547559966915,0.06881720430107537,0.153735869864902,0.09418251998897181,0.1258340226082161,0.11954783567686793,0.09793217535153019,0.14987593052109174,0.07747449682933558,0.18031430934656728,0.05718224427901855,0.2170388751033909,0.04108078301626698,0.2550868486352359,0.025861593603528972,0.29313482216708053,0.0157706093189964,0.33118279569892456,0.008161014612627438,0.37055417700578996,0.0031982354562999087,0.411138682106424,0.000661703887510358,0.4489109456851392,0.0,0.48188585607940443,0.0025365315687895505,0.5137579266611527,0.006175902950096519,0.5416597739178388,0.013785497656465404,0.5690653432588918,0.021560518334711877,0.5893575958092088,0.03170664460987039,0.6096498483595258,0.0418527708850289,0.6253101736972704,0.04968293355390124,0.6405293631100083,0.05729252826027013,0.6518886131789361,0.06490212296663908,0.6620347394540945,0.07251171767300806,0.6706368899917289,0.07857733664185276,0.6782464846980977,0.08365039977943202,0.6846980976013233,0.08756548111386823,0.6897711607389027,0.09010201268265777,0.69407223600772,0.0918665563826854,0.6966087675765097,0.0918665563826854,0.6991452991452991,0.0918665563826854,0.7016818307140891,0.0918665563826854,0.7042183622828785,0.0918665563826854
Circle,0.7229094507669469,0.0054428500742206825,0.7204354280059373,0.0054428500742206825,0.717961405244928,0.0054428500742206825,0.7135081642751111,0.0054428500742206825,0.7085601187530924,0.0054428500742206825,0.702127659574468,0.0054428500742206825,0.6947055912914397,0.0054428500742206825,0.6882731321128153,0.004453240969816893,0.6833250865907966,0.0019792182088074995,0.6788718456209795,0.0,0.6763978228599701,0.0,0.6739238000989608,0.0,0.6714497773379512,0.0,0.6689757545769419,0.0,0.672439386442355,0.0,0.6773874319643739,0.0,0.6853043047996039,0.0,0.6952003958436415,0.0,0.7070757050964867,0.0019792182088074995,0.7219198416625434,0.006927263730826288,0.7377535873330034,0.012370113805047047,0.7575457694210787,0.01979218208807523,0.7773379515091537,0.02721425037110341,0.8020781791192475,0.04205838693715985,0.8268184067293416,0.056902523503216215,0.8535378525482433,0.07966353290450266,0.8807521029193467,0.10440376051459675,0.9049975259772388,0.1350816427511132,0.9272637308263233,0.16971796140524487,0.9465611083621966,0.20930232558139533,0.9614052449282532,0.25630875804057396,0.9752597723899059,0.30430479960415613,0.9851558634339435,0.35625927758535364,0.995051954477981,0.40821375556655115,0.9975259772389907,0.4651162790697673,1.0,0.5220188025729835,0.9846610588817417,0.5828797624938148,0.9648688767936666,0.6447303315190497,0.933201385452746,0.7050964868876793,0.8936170212765957,0.7644730331519048,0.8461157842652154,0.816922315685304,0.7867392380009897,0.858980702622464,0.7238990598713511,0.8985650667986143,0.6472043542800594,0.928253339930727,0.5705096486887679,0.9579416130628401,0.4987629886194955,0.9678377041068776,0.42701632855022253,0.9777337951509152,0.3631865413161799,0.9737753587333001,0.3013359722909451,0.9663532904502721,0.24690747154873796,0.9485403265710043,0.1974270163285504,0.9238000989609104,0.15388421573478495,0.8941118258287977,0.11924789708065327,0.8570014844136564,0.08659079663532918,0.8179119247897082,0.06185056902523508,0.7709054923305296,0.03711034141514099,0.7238990598713507,0.02226620484908478,0.6768926274121722,0.007422068283028569,0.6298861949529938,0.0024740227610093165,0.5809005442850075,0.0,0.5314200890648194,0.004948045522018633,0.48193963384463123,0.014844136566056518,0.4324591786244434,0.029688273132112728,0.38396833250865925,0.051954477981197504,0.3369619000494804,0.07521029193468545,0.2914398812469075,0.10242454230578918,0.2518555170707572,0.12963879267689257,0.2122711528946066,0.16180108857001463,0.1776348342404751,0.193963384463137,0.14299851558634358,0.2281048985650669,0.11627906976744183,0.26274121721919796,0.09153884215734796,0.2988619495299358,0.07125185551707076,0.33597229094507647,0.053933696190004925,0.37308263236021716,0.03859475507174667,0.41019297377535846,0.026224641266699777,0.44680851063829735,0.015338941118258335,0.48144482929242965,0.01039089559623947,0.516081147946561,0.0054428500742206825,0.548243443839683,0.0029688273132112883,0.5804057397328051,0.0004948045522018943,0.6066303809995051,0.0,0.6313706086095991,0.0,0.651657595249876,0.0,0.6689757545769419,0.0,0.6843146956952001,0.0009896091044037112,0.696684809500247,0.0034636318654131053,0.7080653142008905,0.0054428500742206825,0.7154873824839186,0.0054428500742206825,0.7229094507669469,0.0054428500742206825,0.7278574962889656,0.0054428500742206825,0.7328055418109842,0.0054428500742206825,0.7357743691241959,0.0054428500742206825,0.7382483918852052,0.0054428500742206825,0.7407224146462145,0.0054428500742206825,0.7431964374072242,0.0054428500742206825,0.7446808510638296,0.0054428500742206825,0.7446808510638296,0.0054428500742206825,0.7446808510638296,0.0054428500742206825,0.7446808510638296,0.0054428500742206825,0.7446808510638296,0.0054428500742206825
Circle,0.7592267135325134,0.08893859508973745,0.7592267135325134,0.08893859508973745,0.7592267135325134,0.08893859508973745,0.7579485540821218,0.08893859508973745,0.7557650316877033,0.08893859508973745,0.7539543057996486,0.08893859508973745,0.7539543057996486,0.08893859508973745,0.7539543057996486,0.08893859508973745,0.7539543057996486,0.08893859508973745,0.7539543057996486,0.08893859508973745,0.7539543057996486,0.08893859508973745,0.7539543057996486,0.08893859508973745,0.7539543057996486,0.08893859508973745,0.7539543057996486,0.08893859508973745,0.7539543057996486,0.08893859508973745,0.7573094743569261,0.08893859508973745,0.7638600415401823,0.08893859508973745,0.7706236352985036,0.08936464823986794,0.7793577248761787,0.09373169302870532,0.7880918144538532,0.0980987378175427,0.8012994621078984,0.1039569686318368,0.816584118868829,0.11050753581509296,0.8330404217926188,0.11881557224263722,0.852692123342387,0.13191670660914953,0.8723438248921553,0.14501784097566175,0.8957234915055656,0.16557490546945725,0.9197422378441713,0.1874101294136444,0.9399265058316025,0.21403845129679927,0.9552111625925338,0.24679128721307977,0.9703893060659321,0.27975714970442567,0.9813069180380255,0.321244075198381,0.9922245300101188,0.36273100069233655,0.9978164776055811,0.4095435905629228,1.0,0.4597646056345529,0.999627203493636,0.5112637801565746,0.988709591521542,0.5680353624114609,0.9777919795494492,0.6248069446663473,0.9532406667731801,0.6815785269212336,0.9248548756457369,0.7383501091761198,0.893273685892315,0.7887308941790491,0.8561538051871971,0.8280342972785857,0.8190339244820793,0.8673377003781223,0.7611439527081005,0.8941790488363426,0.7021888480587952,0.920381317569367,0.6385471587580553,0.9383820631623797,0.5708579645310753,0.9492996751344732,0.5052990360547476,0.9570218884805881,0.4550780209831176,0.9417372317196573,0.4048570059114874,0.9264525749587262,0.3577248761783031,0.9003568195132343,0.3118709058955107,0.8697875059913728,0.2653778558875222,0.8360227938435321,0.21734036321031056,0.7945358683495766,0.1693028705330995,0.7530489428556215,0.1346860520849977,0.7077275390104917,0.10193321616871696,0.6618735687276989,0.07322788517867619,0.6150077222133464,0.049209138840070506,0.5669702295361349,0.025829472226660266,0.5190392501464558,0.014911860254566584,0.4731852798636629,0.003994248282473203,0.4273313095808703,0.0,0.3842466847739256,0.0,0.3427597592799701,0.0028758587633805144,0.30223145337380847,0.015976993129892814,0.26511157266869045,0.02907812749640511,0.22799169196357238,0.04920913884007021,0.19614421899131923,0.07104436278425727,0.16557490546945733,0.0945837993289666,0.1375619108483783,0.12078606806199059,0.1135431645097727,0.1469883367950152,0.08952441817116687,0.17958140277999715,0.07189646908451826,0.2123342386962773,0.05442828992916857,0.24631197741918304,0.040634819193694376,0.2812483357298824,0.029717207221600848,0.3158651541779839,0.01943867497470305,0.34861799009426436,0.012888107791446977,0.3813708260105448,0.006337540608190903,0.41412366192682554,0.002982372050913287,0.44687649784310596,0.0007988496564946706,0.47685998828353854,0.0,0.5008787346221442,0.002183522394418691,0.5248974809607498,0.004367044788837382,0.5430047398412957,0.01049155882196304,0.5604729189966446,0.01704212600521919,0.575810832401342,0.023592693188475188,0.5889119667678544,0.03014326037173141,0.6018533312030676,0.036693827554987485,0.612770943175161,0.04324439473824356,0.623688555147255,0.049794961921499785,0.6331682377376577,0.05490759972306545,0.6419023273153325,0.059274644511902834,0.6506364168930076,0.0636416893007403,0.6593705064706824,0.06800873408957768,0.6681045960483571,0.07237577887841505,0.6750279597379776,0.074932097779198,0.6815785269212334,0.07711562017361662,0.6872237311604622,0.07929914256803532,0.6915907759493,0.08148266496245407,0.6959578207381372,0.08366618735687277
Circle,0.6267321163777675,0.06974484839188008,0.6267321163777675,0.06974484839188008,0.6267321163777675,0.06974484839188008,0.6267321163777675,0.06974484839188008,0.6267321163777675,0.06974484839188008,0.6267321163777675,0.06974484839188008,0.6267321163777675,0.06974484839188008,0.6267321163777675,0.06974484839188008,0.6267321163777675,0.06974484839188008,0.6258117298154116,0.06974484839188008,0.6234596308227232,0.06974484839188008,0.6211075318300353,0.06974484839188008,0.6187554328373472,0.06974484839188008,0.6164033338446591,0.06974484839188008,0.614051234851971,0.06974484839188008,0.6116991358592831,0.06974484839188008,0.6115457380988903,0.06754614715958468,0.6115457380988903,0.06519404816689672,0.6133865112236028,0.06468272229892105,0.6157386102162908,0.06468272229892105,0.6240220892774963,0.06468272229892105,0.6357825842409367,0.06468272229892105,0.6520427468425627,0.06468272229892105,0.6732116377767553,0.06468272229892105,0.6974484839188014,0.06698368870481151,0.728025770823746,0.07403998568287562,0.7594211791174516,0.08314158613284242,0.7947026640077717,0.1019583780743467,0.8299841488980927,0.12108196553663644,0.8652656337884131,0.15401135143426892,0.9005471186787339,0.18694073733190147,0.9276473896814438,0.23009664058904725,0.9535204786010121,0.2747865214501201,0.9743314414276214,0.3262259037684716,0.9931482333691256,0.3803241806002963,1.0,0.43708135194559483,0.9976479010073116,0.49588382676279574,0.9875236488213935,0.5556578207291503,0.9663547578872012,0.6168123945390396,0.942117911745155,0.6761261952242161,0.9091885258475224,0.7302244720560409,0.8744694994119747,0.7825331083499513,0.8250754205655263,0.8201666922329598,0.7756813417190774,0.8578002761159683,0.717287927596257,0.8841846909035125,0.6584854527790559,0.9100577798230809,0.590223449404305,0.9207956230505697,0.5196604796236642,0.9278519200286338,0.44909750984302277,0.925704351383136,0.37853454006238185,0.9186480544050719,0.31620391675614895,0.9045354604489437,0.26210563992432395,0.8833665695147515,0.21291609142506512,0.8581070716367537,0.17293040854936848,0.8251776857391211,0.13478549879838425,0.7908677199979545,0.10420821189344003,0.750882037122258,0.07403998568287576,0.7104872935521804,0.05287109474868338,0.6610932147057317,0.031702203814491,0.611699135859283,0.018919057115099697,0.5644014930715342,0.0071585621516594535,0.5173595132177734,0.002352098992688106,0.46857902541289553,0.0,0.4191849465664468,0.004550800224983653,0.371171447563532,0.013959196195735503,0.3241294677097713,0.028480850846244105,0.278110139591962,0.04964974178043677,0.23342025873088898,0.0741422508564709,0.1907245487549214,0.10707163675410351,0.15309096487191284,0.14061461369330694,0.11699135859283104,0.1782481975763155,0.09111826967326267,0.21588178145932405,0.06524518075369429,0.2581172981541134,0.04857595745768778,0.30045508002249816,0.03211126450887154,0.3408498235925753,0.01953264815667029,0.3808355064682726,0.007772153193229976,0.4208211893439689,0.002352098992687962,0.4608068722196659,0.0,0.4995653730122206,0.0013294472567366837,0.5371989568952291,0.0060336452421127515,0.5722247788515619,0.011607097203047468,0.6028020657565061,0.01866339418111157,0.6318453750575241,0.02623101702715142,0.6553663649844047,0.035639412997903554,0.6784271616301069,0.04489441120826299,0.6948918545789231,0.05195070818632709,0.7113565475277392,0.059007005164391196,0.72352610318556,0.06391573349695753,0.7352865981490002,0.0686199314823336,0.743467812036611,0.07153448892979496,0.7505241090146748,0.07388658792248291,0.7547169811320753,0.07623868691517102,0.7570690801247631,0.07859078590785898,0.7594211791174513,0.07986910057779817,0.7617732781101394,0.07986910057779817,0.7634095208876616,0.07986910057779817,0.7634095208876616,0.07986910057779817,0.7637674489952444,0.07986910057779817,0.7661195479879328,0.07986910057779817,0.7684716469806205,0.07986910057779817
Circle,0.6563122262046992,0.1051373954599761,0.6563122262046992,0.1051373954599761,0.6563122262046992,0.1051373954599761,0.6547192353643965,0.1051373954599761,0.6527279968140182,0.1051373954599761,0.65073675826364,0.1051373954599761,0.6487455197132614,0.1051373954599761,0.6467542811628831,0.1051373954599761,0.6447630426125049,0.1051373954599761,0.6427718040621264,0.1051373954599761,0.6407805655117483,0.1051373954599761,0.6387893269613698,0.1051373954599761,0.6387893269613698,0.1051373954599761,0.6387893269613698,0.1051373954599761,0.6387893269613698,0.1051373954599761,0.6387893269613698,0.1051373954599761,0.6387893269613698,0.1051373954599761,0.6387893269613698,0.1051373954599761,0.6387893269613698,0.10434090003982473,0.6387893269613698,0.10234966148944646,0.6387893269613698,0.10075667064914375,0.6387893269613698,0.10075667064914375,0.6387893269613698,0.10075667064914375,0.6427718040621266,0.10075667064914375,0.6467542811628831,0.10075667064914375,0.6555157307845481,0.10075667064914375,0.6654719235364397,0.10075667064914375,0.6814018319394664,0.10195141377937073,0.7013142174432495,0.10394265232974906,0.7244125846276384,0.10752688172043004,0.7522899243329348,0.11350059737156508,0.7801672640382316,0.1214655515730784,0.8080446037435283,0.1373954599761051,0.835921943448825,0.1533253683791318,0.8677817602548783,0.18319394663480673,0.8996415770609315,0.2130625248904818,0.9235364396654717,0.25248904818797285,0.9454400637196334,0.2943050577459177,0.9637594583831139,0.3409000398247709,0.9796893667861405,0.39068100358422925,0.9916367980884107,0.44364794902429283,0.9976105137395457,0.5013938669852648,1.0,0.5599362803663877,0.98805256869773,0.6216646754281159,0.9761051373954598,0.6833930704898445,0.946236559139785,0.7252090800477894,0.9163679808841098,0.7670250896057348,0.8116288331342095,0.7992831541218639,0.688172043010753,0.8291517323775386,0.5778574273197924,0.8530465949820788,0.4763042612504976,0.872958980485862,0.3851055356431701,0.8833134209478294,0.309438470728793,0.8793309438470728,0.23815213062524893,0.8713659896455596,0.1843886897650342,0.8474711270410196,0.13062524890481875,0.8235762644364794,0.09279171644763043,0.7877339705296695,0.05495818399044211,0.7518916766228595,0.036240541616885606,0.7096774193548386,0.022301871764237487,0.6658701712465154,0.011947431302269851,0.6196734368777378,0.003982477100756783,0.5718837116686579,0.0,0.5256869772998806,0.001991238550378267,0.4818797291915571,0.006371963361210604,0.4384707287933094,0.02031063321385897,0.39665471923536455,0.034249303066507336,0.3548387096774193,0.05814416567104729,0.3150139386698527,0.08203902827558725,0.2751891676622861,0.11230585424133804,0.24014336917562717,0.14416567104739156,0.20629231381919558,0.1784149741138989,0.1748307447232178,0.21425726802070896,0.14496216646754287,0.25009956192751875,0.11748307447232187,0.2859418558343286,0.09358821186778192,0.3213859020310628,0.07128634010354455,0.35523695738749483,0.05535643170051767,0.3890880127439266,0.03942652329749103,0.4189565909996014,0.027479091995221055,0.4488251692552764,0.015531660692951081,0.47391477499004353,0.008363201911589058,0.49780963759458396,0.0023894862604539454,0.5193150139386699,0.0,0.539227399442453,0.0,0.5575467941059334,0.0,0.5734767025089601,0.0,0.58821186778176,0.00039824771007567833,0.5981680605336519,0.002389486260454008,0.6081242532855435,0.004380724810832337,0.6160892074870568,0.006371963361210666,0.6240541616885701,0.008363201911588996,0.6304261250497807,0.008761449621664674,0.636399840700916,0.008761449621664674,0.6411788132218237,0.008761449621664674,0.6451612903225807,0.008761449621664674,0.6483472720031859,0.008761449621664674,0.6503385105535642,0.008761449621664674,0.6523297491039424,0.008761449621664674,0.6543209876543207,0.008761449621664674,0.6563122262046992,0.008761449621664674
Circle,0.7864532972345772,0.09572616515180815,0.7864532972345772,0.09572616515180815,0.7864532972345772,0.09572616515180815,0.7864532972345772,0.09572616515180815,0.7864532972345772,0.09572616515180815,0.7841810094759233,0.09572616515180815,0.7818120286211564,0.09572616515180815,0.7816669889769868,0.09572616515180815,0.7816669889769868,0.09572616515180815,0.7794913943144456,0.09572616515180815,0.7771224134596789,0.09572616515180815,0.7768806807193964,0.09572616515180815,0.7768806807193964,0.09572616515180815,0.7748017791529683,0.09572616515180815,0.7724327982982012,0.09572616515180815,0.772094372461806,0.0936956101334364,0.772094372461806,0.0913266292786695,0.772094372461806,0.09093985689421774,0.772094372461806,0.09093985689421774,0.772094372461806,0.089005994971959,0.772094372461806,0.08663701411719203,0.772094372461806,0.08615354863662733,0.772094372461806,0.08615354863662733,0.7757687101140978,0.08615354863662733,0.7805066718236315,0.08615354863662733,0.792399922645523,0.08615354863662733,0.8066138077741246,0.08615354863662733,0.8243086443627922,0.08789402436666026,0.8432604912009279,0.09026300522142716,0.8639044672210405,0.09770837362212342,0.8852252949139429,0.1071842970411913,0.9065461226068459,0.121591568362019,0.9278669502997482,0.13817443434538776,0.9459969058209243,0.16113904467221046,0.9625797718042929,0.18719783407464718,0.976068458712048,0.22099207116611888,0.9879133629858827,0.25889576484239035,0.9952620382904657,0.30129568748791347,1.0,0.3463063237284859,0.9989363759427574,0.3942177528524465,0.9941984142332236,0.44396635080255287,0.985254302842777,0.49511699864629677,0.9734093985689423,0.54723457745117,0.9561496809127829,0.5979984529104622,0.9348288532198799,0.6477470508605685,0.9069812415393539,0.6935795784181008,0.8738155095726162,0.7362212338039062,0.8280796751111968,0.7713208276929027,0.7712241345967896,0.7997485979501062,0.7083252755753237,0.8245503771030748,0.6396248307870817,0.8458712047959774,0.5686037516921291,0.8579094952620382,0.49516534519435323,0.8602784761168051,0.4217269386965769,0.8559756333397794,0.3482885321988005,0.8441307290659446,0.28229549410172083,0.8259040804486558,0.2254399535873133,0.799845291046219,0.1746760781280213,0.7697253916070389,0.132034422742216,0.7341906787855345,0.09519435312318657,0.6947882421195123,0.06676658286598322,0.64977760587894,0.04201315026107105,0.6029298008122218,0.023061303422935303,0.5531812028621154,0.008460645909881865,0.5034326049120089,0.0013537033455808917,0.4536840069619027,0.0,0.404757300328756,0.009475923419067875,0.3573776832334166,0.022819570682653362,0.3115451556758843,0.044140398375556285,0.26890350029007887,0.06836201895184686,0.22771224134596754,0.09915877006381767,0.18980854766969604,0.13198607619415995,0.15393540901179628,0.16988976987043145,0.1231386578998257,0.20905047379617114,0.09485592728679156,0.25169212918197675,0.07353509959388883,0.29433378456778203,0.05395474763101904,0.3369754399535873,0.03974086250241723,0.3801489073680142,0.026590601431057757,0.42515954360858643,0.017114678011989883,0.46968671436859416,0.008605685554051412,0.5123283697543994,0.003867723844517475,0.5532295494101719,0.0,0.5863952813769095,0.0,0.6187874685747438,0.0003867723844517611,0.6472152388319473,0.0027557532392187296,0.6746277315799649,0.00546315993038099,0.6959485592728679,0.010201121639914927,0.7163991491007541,0.014649004061110043,0.7306130342293558,0.017017984915877013,0.7445851866176755,0.01938696577064398,0.7564300908915103,0.02175594662541095,0.7678882227808933,0.02412492748017792,0.774995165345194,0.026493908334944888,0.7819570682653256,0.028862889189711857,0.7866950299748597,0.031231870044478825,0.7914329916843935,0.03360085089924579,0.7961709533939273,0.03596983175401276,0.8008605685554051,0.03833881260877973,0.8032295494101717,0.0407077934635467,0.8055985302649389,0.043076774318313665
Circle,0.7923733862959285,0.04718967229394241,0.7923733862959285,0.04718967229394241,0.7923733862959285,0.04718967229394241,0.7923733862959285,0.04718967229394241,0.7923733862959285,0.04718967229394241,0.7923733862959285,0.04718967229394241,0.7903475670307846,0.04718967229394241,0.7880436941410129,0.04718967229394241,0.7857398212512412,0.04718967229394241,0.7845084409136047,0.04718967229394241,0.7845084409136047,0.04718967229394241,0.7845084409136047,0.04544190665342597,0.7845084409136047,0.04325719960278054,0.7845084409136047,0.04325719960278054,0.7845084409136047,0.04246276067527307,0.7845084409136047,0.040158887785501515,0.7845084409136047,0.039324726911618674,0.7845084409136047,0.039324726911618674,0.7845084409136047,0.039324726911618674,0.7845084409136047,0.039324726911618674,0.7845084409136047,0.039324726911618674,0.7845084409136047,0.039324726911618674,0.7845084409136047,0.039324726911618674,0.7845084409136047,0.039324726911618674,0.7845084409136047,0.039324726911618674,0.7845084409136047,0.039324726911618674,0.7845084409136047,0.039324726911618674,0.7845084409136047,0.039324726911618674,0.7845084409136047,0.039324726911618674,0.7845084409136047,0.039324726911618674,0.7890367428003972,0.039324726911618674,0.7942800397219464,0.03996027805362465,0.8011916583912612,0.0422641509433962,0.8094141012909634,0.044568023833167866,0.8186295928500497,0.046871896722939475,0.8318172790466732,0.05116186693147965,0.8456405163853029,0.056484607745779535,0.8594637537239322,0.06570009930486596,0.8743197616683217,0.07904667328699108,0.8904468718967227,0.09747765640516384,0.909990069513406,0.12103277060575961,0.9306454816285998,0.1466931479642503,0.9490764647467722,0.1812512413108242,0.9659980139026811,0.21882820258192637,0.9798212512413107,0.2626017874875869,0.9907845084409138,0.3106653426017875,1.0,0.36135054617676254,0.9986891757696126,0.4183515392254221,0.9935253227408142,0.476901688182721,0.9773982125124132,0.5391062562065541,0.9520556107249252,0.6013108242303874,0.9174975173783513,0.6635153922542206,0.8646673286991063,0.7202383316782522,0.8054816285998013,0.7741410129096329,0.7294538232373386,0.81330685203575,0.6490566037735851,0.8481032770605759,0.5615094339622638,0.8757497517378354,0.4708639523336648,0.887904667328699,0.3787090367428005,0.8925124131082424,0.29767626613704046,0.8771002979145979,0.2229990069513407,0.8568023833167828,0.16540218470705068,0.8245481628599801,0.11670307845084384,0.784667328699106,0.07523336643495544,0.7385898709036746,0.04544190665342597,0.6866732869910626,0.0197020854021846,0.6330486593843097,0.005878848063555058,0.5754518371400201,0.0,0.5188480635551143,0.004607745779543105,0.46355511420059564,0.012552135054617587,0.4099304865938434,0.021926514399205517,0.3569811320754717,0.04035749751737838,0.3062959285004963,0.06307845084409115,0.25704071499503495,0.09533267130089378,0.21096325719960277,0.13314796425024847,0.16905660377358475,0.1746176762661369,0.12989076464746785,0.22228401191658376,0.09898709036742798,0.2711022840119166,0.0707845084409135,0.3217874875868914,0.0500496524329693,0.37247269116186693,0.03153922542204569,0.42315789473684196,0.015412115193644592,0.47205561072492536,0.006434955312810344,0.5201191658391262,0.0,0.5638927507447863,0.0,0.6051638530287984,0.0016683217477656321,0.6420258192651441,0.006276067527308849,0.6728500496524328,0.012393247269116149,0.7004965243296921,0.019304865938430976,0.7194041708043695,0.02840119165839129,0.7367229394240317,0.03706057596822244,0.7505461767626614,0.043972194637537265,0.7606752730883816,0.04965243296921551,0.7675868917576961,0.05426017874875867,0.7706852035749753,0.056961271102284015,0.7729890764647469,0.05898709036742801,0.7752929493545185,0.05898709036742801,0.7766434955312811,0.05898709036742801,0.7766434955312811,0.05898709036742801,0.7750148957298906,0.05898709036742801,0.7727110228401192,0.05898709036742801
Circle,0.7610785170390713,0.10298339782798652,0.7610785170390713,0.10298339782798652,0.7610785170390713,0.10298339782798652,0.7610785170390713,0.10298339782798652,0.7610785170390713,0.10298339782798652,0.7610785170390713,0.10298339782798652,0.7610785170390713,0.10298339782798652,0.7610785170390713,0.10298339782798652,0.7610785170390713,0.10298339782798652,0.7599550617900388,0.10298339782798652,0.7579994174676485,0.10298339782798652,0.7560437731452586,0.10298339782798652,0.7540881288228686,0.10298339782798652,0.7521324845004786,0.10298339782798652,0.7501768401780886,0.10298339782798652,0.7487205092997129,0.10298339782798652,0.7487205092997129,0.10298339782798652,0.7487205092997129,0.10298339782798652,0.7487205092997129,0.10298339782798652,0.7487205092997129,0.10298339782798652,0.7487205092997129,0.10298339782798652,0.7487205092997129,0.10298339782798652,0.7523821412224858,0.10298339782798652,0.7562934298672658,0.10298339782798652,0.7666957932842342,0.10298339782798652,0.7784296592185743,0.10298339782798652,0.7929929680023302,0.10581284067740188,0.8086381225814505,0.10972412932218197,0.8266966254733074,0.11846211459243544,0.846253068697208,0.1301959805267757,0.8688053925851953,0.14792160778928973,0.894228768776266,0.17138933965797037,0.9172804061082678,0.20118170848416758,0.9368368493321682,0.24029459493196847,0.9546456955020179,0.2840677401905713,0.9683352057587483,0.3388257812174925,0.9812757458494572,0.395830732742479,0.9910539674614076,0.462322639703741,1.0,0.5281487954063164,1.0,0.5868181250780178,1.0,0.6454874547497191,0.8736736986643366,0.686930470602921,0.7446011733865929,0.7279990013731121,0.6291765489119125,0.7588316065410061,0.5157491782132899,0.7881662713768568,0.421795031831232,0.7965297715640994,0.3337910373236801,0.7984854158864895,0.2638455457079845,0.7849623434444305,0.2032205717138931,0.76345025589814,0.1523322098780843,0.7343652477842966,0.10930803478550322,0.6991636499812759,0.07240044938209957,0.6604668580701537,0.04306578454624861,0.6174426829775724,0.021054383555943808,0.5744185078849914,0.013231806266383865,0.5313943327924104,0.006324636957516693,0.4883701576998294,0.0024133483127367224,0.4453459826072485,0.0,0.40257146423667445,0.007822577289560177,0.36150293346648354,0.015894811301127364,0.32047601214996047,0.035451254525027925,0.2813631257021596,0.05500769774892848,0.24225023925435868,0.08351017351142172,0.2067157658219946,0.11284483834727267,0.17151416801897382,0.14534182166188162,0.14263720717346984,0.1785877751425123,0.11525818666000921,0.21457995256522272,0.091998502059668,0.2517371946906338,0.07048641451337734,0.2900595015187452,0.05246952107518826,0.32917238796654585,0.0368243664960679,0.369242291848708,0.024050264220030773,0.41031082261889884,0.01427204260808061,0.4498814130570465,0.006740731494195498,0.48703865518245715,0.0028294428494154093,0.523114051512504,0.0,0.5563600049931346,0.0,0.5879415803270505,0.0009986268880289885,0.6114093121957309,0.006865559855199121,0.6345025589814005,0.0129821495443765,0.6521033578829111,0.02276037115632672,0.6697041567844214,0.03253859276827694,0.681687679440769,0.04231681438022716,0.6934215453751091,0.05209503599217738,0.7018266550160198,0.05854450131069776,0.7096492323055797,0.06441143427786795,0.7145591478383887,0.07027836724503808,0.7184704364831692,0.07614530021220828,0.7211334415179131,0.08076394956934217,0.7230890858403031,0.08467523821412226,0.7250447301626929,0.08650605417550868,0.727000374485083,0.08650605417550868,0.7281238297341156,0.08650605417550868,0.7281238297341156,0.08650605417550868,0.7281238297341156,0.08650605417550868,0.7281238297341156,0.08650605417550868,0.7281238297341156,0.08650605417550868,0.7281238297341156,0.08650605417550868,0.7281238297341156,0.08650605417550868,0.7281238297341156,0.08650605417550868,0.7281238297341156,0.08650605417550868
Circle,0.8206953426798037,0.047267676548461306,0.8206953426798037,0.04522765745041018,0.8206953426798037,0.04318763835235905,0.8206953426798037,0.042970615044055735,0.8206953426798037,0.042970615044055735,0.819089370198359,0.042970615044055735,0.817049351100308,0.042970615044055735,0.8150093320022569,0.042970615044055735,0.8129693129042058,0.042970615044055735,0.8109292938061547,0.042970615044055735,0.8088892747081035,0.042970615044055735,0.8068492556100524,0.042970615044055735,0.8048092365120013,0.042970615044055735,0.8035070966621815,0.042970615044055735,0.8035070966621815,0.042970615044055735,0.8040279526021094,0.042970615044055735,0.8060679717001604,0.042970615044055735,0.8084118234298361,0.04327444767568038,0.8124918616259387,0.04531446677373151,0.8168323277920048,0.04744129519510396,0.8270324232822603,0.051521333391206216,0.8372325187725159,0.05560137158730847,0.8493424193758408,0.06159121489647986,0.8615825339641476,0.06771127219063325,0.8738226485524545,0.07890967489908421,0.8860627631407612,0.09114978948739097,0.9012543947219931,0.10929293806154787,0.9175745475064019,0.12969312904205915,0.932635965102652,0.15512826077520728,0.9469160987890101,0.1836885281479232,0.9591128087156561,0.2174573549199185,0.969312904205912,0.25621771778289,0.9778636225530623,0.29745214636051914,0.9839836798472155,0.342332566517644,0.9901037371413692,0.38964364772776605,0.9962237944355223,0.4426841442770954,1.0,0.49611528278137057,0.9938799427058463,0.5511957984287514,0.9865445548851945,0.6062763140761319,0.9661443639046834,0.6613568297235124,0.9457441729241722,0.7164373453708929,0.9053778375797561,0.7675246321454924,0.8645774556187332,0.8185251095967708,0.8113199357611006,0.8570684491514391,0.7562394201137201,0.8937887929163593,0.6870957940882851,0.9211337297625766,0.6136551065584445,0.9456139589391901,0.5415599635400841,0.9620209210469205,0.47015929510829435,0.9742610356352274,0.39988714787968205,0.9740874169885847,0.33052649854594385,0.9638873214983289,0.26663483658144876,0.946395242849082,0.2095143018360169,0.9198749945744172,0.15794956378315028,0.8898823733668996,0.11714918182212748,0.8531620296019791,0.07921350753070873,0.8135769781674551,0.05065324015799282,0.7646165198142281,0.024176396544988765,0.7151352055210728,0.01193628195668212,0.6620947089717435,0.0,0.6090542124224142,0.0020400190980510665,0.5560137158730848,0.004080038196102133,0.5029732193237555,0.007986457745561856,0.4536655236772428,0.01206649594166399,0.40470506532401573,0.027692174139502392,0.3573939841138939,0.046052346021962724,0.31047354485871786,0.07014193324363016,0.26785016710794746,0.096662181518295,0.22704978514692464,0.12682842137245534,0.1898953947653977,0.1594687269412734,0.15521507009852853,0.1951039541646771,0.12452797430444029,0.2338643170276486,0.0980077260297757,0.273405963800512,0.07461261339467863,0.31420634576153433,0.056252441512218546,0.3550067277225576,0.039020790832935345,0.3958071096835802,0.024740657146577454,0.4366074916446027,0.011849472633360794,0.47740787360562525,0.005729415339207411,0.5180780415816657,0.0,0.5568384044446372,0.0,0.5955987673076086,0.0,0.6304527106211207,0.003906419549459601,0.6651330352879896,0.007986457745561856,0.6946048005555795,0.012066495941664111,0.7231650679282957,0.01614653413776637,0.7441295195103953,0.020226572333868684,0.7624896913928557,0.024306610529971,0.778245583575676,0.028386648726073195,0.7925257172620339,0.032466686922175386,0.8046356178653586,0.03546160857676112,0.8148357133556142,0.03750162767481224,0.8232996223794435,0.03867355353965016,0.829419679673597,0.03867355353965016,0.8342375971179302,0.03867355353965016,0.8362776162159813,0.03867355353965016,0.837883588697426,0.03867355353965016,0.837883588697426,0.03867355353965016,0.837883588697426,0.03867355353965016,0.837883588697426,0.03867355353965016,0.837883588697426,0.03867355353965016
Circle,0.8661087866108786,0.06694560669456066,0.8642069227843284,0.06694560669456066,0.8623050589577788,0.06694560669456066,0.8604031951312285,0.06694560669456066,0.8585013313046786,0.06694560669456066,0.8565994674781287,0.06694560669456066,0.8546976036515787,0.06694560669456066,0.8535564853556485,0.06694560669456066,0.8535564853556485,0.06694560669456066,0.8535564853556485,0.06694560669456066,0.8535564853556485,0.06694560669456066,0.8535564853556485,0.06694560669456066,0.8535564853556485,0.06694560669456066,0.8535564853556485,0.06694560669456066,0.8535564853556485,0.06694560669456066,0.8535564853556485,0.06694560669456066,0.8558387219475084,0.06922784328642063,0.8596424496006085,0.07303157093952078,0.8649676683149488,0.07759604412324078,0.8725751236211485,0.08330163560289082,0.8809433244579689,0.09014834537847084,0.8923545074172688,0.10155952833777099,0.9037656903765691,0.11297071129707113,0.9189806009889692,0.1300874857360213,0.9341955116013693,0.14720426017497143,0.9478889311525296,0.17192848992012172,0.9612019779383797,0.19855458349182203,0.9722327881323698,0.22974515024724218,0.9817421072651198,0.26397869912514255,0.9897299353366302,0.302015975656143,0.9954355268162803,0.34575884366679344,1.0,0.39102320273868385,1.0,0.44237352605553437,1.0,0.49372384937238495,0.9866869532141501,0.5507797641688853,0.9733739064282997,0.607835678965386,0.9463674400912893,0.6648915937618866,0.9159376188664893,0.7219475085583871,0.8775199695701786,0.7687333586915178,0.8337771015595284,0.808672499049068,0.7649296310384178,0.8440471662228983,0.6584252567516167,0.8725751236211488,0.5557246101179157,0.8965386078356791,0.468238874096615,0.902244199315329,0.3807531380753138,0.9079497907949791,0.3122860403195133,0.8946367440091292,0.24381894256371237,0.8813236972232787,0.1920882464815518,0.8558387219475087,0.14454165081780174,0.8273107645492583,0.10498288322556094,0.7942183339672879,0.07074933434766081,0.7580829212628376,0.04488398630658053,0.7196652719665273,0.03157093952073038,0.6778242677824268,0.01901863826550002,0.6352225180677065,0.00950931913275001,0.5895777862305062,0.0,0.5439330543933054,0.007607455306200055,0.5020920502092051,0.01521491061240011,0.46025104602510486,0.0273868391023201,0.41841004184100417,0.040699885888170494,0.37656903765690386,0.05971852415367051,0.3358691517687333,0.08254089007227092,0.295930011411183,0.10916698364397098,0.2575123621148728,0.1414986686953214,0.2213769494104222,0.1745910992772916,0.18676302776721193,0.21072651198174192,0.15823507036896173,0.24686192468619247,0.1297071129707113,0.28870292887029286,0.10688474705211114,0.3305439330543933,0.08406238113351097,0.3723849372384937,0.06580448839863068,0.4142259414225939,0.048687713959680565,0.4560669456066946,0.03499429440852033,0.497907949790795,0.02358311144922025,0.5389882084442751,0.01445416508178014,0.5789273488018256,0.008748573602130098,0.6177253708634459,0.0038037276531000274,0.6519589197413468,0.0019018638265500137,0.6861924686192469,0.0,0.7147204260174969,0.0,0.7432483834157472,0.0,0.7641688855077974,0.001521491061239999,0.7831875237732981,0.0034233548877900125,0.7987828071510079,0.00646633701027007,0.8120958539368582,0.010270064663370097,0.8238874096614681,0.013313046785850154,0.8333967287942181,0.01521491061240011,0.8421453023963483,0.017116774438950124,0.8478508938759984,0.019018638265500196,0.8535564853556485,0.02092050209205021,0.8573602130087484,0.022822365918600224,0.8611639406618485,0.024724229745150237,0.8634461772537086,0.02510460251046025,0.8653480410802586,0.02510460251046025,0.8672499049068089,0.02510460251046025,0.8691517687333588,0.02510460251046025,0.8702928870292888,0.02510460251046025,0.8702928870292888,0.02510460251046025,0.8702928870292888,0.02510460251046025,0.8702928870292888,0.02510460251046025,0.8702928870292888,0.02510460251046025
Circle,0.6016996223061543,0.08798044878915796,0.6016996223061543,0.08798044878915796,0.6016996223061543,0.08798044878915796,0.6030326594090203,0.0866474116862919,0.6053099311264164,0.08437013996889586,0.6079760053321485,0.08248167073983559,0.6125305487669409,0.08248167073983559,0.617085092201733,0.08248167073983559,0.6233614752277276,0.08248167073983559,0.6301932903799157,0.08248167073983559,0.6385803154854479,0.08248167073983559,0.6499666740724284,0.08248167073983559,0.6613530326594093,0.08248167073983559,0.6748500333259274,0.08459231281937346,0.6885136636303043,0.08686958453676957,0.7033437013996892,0.0903132637191735,0.7192846034214617,0.09486780715396576,0.7354476782937126,0.10008886914019102,0.7536658520328816,0.11147522772717179,0.7718840257720506,0.1228615863141524,0.7916574094645633,0.14046878471450797,0.8121528549211287,0.16096423017107314,0.831426349700067,0.18512552766051985,0.8473672517218396,0.21928460342146197,0.8633081537436122,0.25344367918240385,0.8753610308820258,0.297322817151744,0.886747389469007,0.3428682514996668,0.8961341924016883,0.3924127971561876,0.9029660075538768,0.4470673183736946,0.909520106642968,0.5019440124416796,0.9049655632081759,0.5657076205287713,0.9004110197733838,0.6294712286158632,0.8903021550766498,0.6904576760719842,0.8766385247722729,0.7496667407242834,0.8589757831592978,0.8053210397689402,0.8248167073983562,0.8463119306820707,0.7906576316374141,0.8873028215952011,0.742279493445901,0.9176294156854032,0.6899022439457899,0.9449566762941568,0.6350255498778047,0.9681181959564541,0.5758164852255054,0.9840590979782271,0.5166074205732061,1.0,0.4573983559209065,0.9942790491001999,0.3981892912686069,0.9874472339480115,0.34142412797156174,0.9720617640524328,0.28676960675405483,0.9492890468784714,0.2337813819151302,0.9248500333259274,0.19279049100199988,0.8884136858475895,0.15179960008886925,0.8519773383692513,0.11886247500555426,0.8107087313930237,0.08925794267940478,0.7674405687624973,0.06231948455898679,0.7228393690291046,0.04182403910242178,0.6750166629637858,0.02132859364585677,0.6271939568984672,0.01083092646078633,0.5793712508331482,0.0017218395912021603,0.5315485447678292,0.0,0.48372583870251074,0.00683181515218844,0.43590313263719177,0.013996889580093399,0.3883025994223505,0.02766051988447028,0.34503443679182383,0.041324150188846845,0.30176627416129753,0.06220839813374826,0.2613863585869806,0.08725838702510567,0.22267273939124624,0.1128082648300377,0.1859586758498112,0.14013552543879146,0.1563541435236614,0.16746278604754491,0.1267496111975116,0.19845589868918004,0.10447678293712509,0.23033770273272589,0.08398133748055991,0.2639968895800935,0.06526327482781594,0.3004332370584314,0.0493223728060431,0.33686958453676963,0.03338147078427017,0.3733059320151079,0.024105754276827353,0.40974227949344616,0.014996667407242793,0.44234614530104427,0.008442568318151527,0.4719506776271941,0.003888024883359286,0.5008886914019108,0.0,0.525938680293268,0.0,0.5509886691846256,0.0,0.569373472561653,0.0016662963785825846,0.5853143745834257,0.0039435680959786275,0.5998111530770943,0.006220839813374826,0.6111975116640749,0.008498111530770947,0.6225838702510553,0.010775383248167068,0.6298600311041992,0.010997556098644745,0.6366918462563876,0.010997556098644745,0.6424127971561877,0.010997556098644745,0.64696734059098,0.010997556098644745,0.6513552543879138,0.010997556098644745,0.6536325261053101,0.010997556098644745,0.6559097978227061,0.010997556098644745,0.6581870695401022,0.010997556098644745,0.6604643412574985,0.010997556098644745,0.6621861808487004,0.010997556098644745,0.6621861808487004,0.010997556098644745,0.6621861808487004,0.010997556098644745,0.6621861808487004,0.010997556098644745,0.6621861808487004,0.010997556098644745,0.6621861808487004,0.010997556098644745,0.6621861808487004,0.010997556098644745,0.6621861808487004,0.010997556098644745
Circle,0.5396825396825397,0.031746031746031744,0.5396825396825397,0.031746031746031744,0.5396825396825397,0.031746031746031744,0.5396825396825397,0.02886002886002889,0.5396825396825397,0.025252525252525238,0.5396825396825397,0.02164502164502164,0.5396825396825397,0.018037518037518043,0.5396825396825397,0.015873015873015872,0.5396825396825397,0.015873015873015872,0.5396825396825397,0.015873015873015872,0.5396825396825397,0.015873015873015872,0.5396825396825397,0.015873015873015872,0.5396825396825397,0.015873015873015872,0.5396825396825397,0.015873015873015872,0.5396825396825397,0.015873015873015872,0.5396825396825397,0.015873015873015872,0.5396825396825397,0.015873015873015872,0.5396825396825397,0.015873015873015872,0.5382395382395382,0.015873015873015872,0.5346320346320347,0.015873015873015872,0.5317460317460317,0.015873015873015872,0.5317460317460317,0.015873015873015872,0.5317460317460317,0.015873015873015872,0.5317460317460317,0.015873015873015872,0.5317460317460317,0.015873015873015872,0.5346320346320347,0.015873015873015872,0.5382395382395382,0.015873015873015872,0.5505050505050506,0.015873015873015872,0.5685425685425685,0.015873015873015872,0.5923520923520923,0.015873015873015872,0.6248196248196249,0.015873015873015872,0.6580086580086583,0.016594516594516617,0.6940836940836944,0.02020202020202021,0.7301587301587301,0.023809523809523808,0.7734487734487733,0.04184704184704179,0.8167388167388165,0.059884559884559894,0.8542568542568542,0.08946608946608942,0.89033189033189,0.1219336219336218,0.9199134199134197,0.16305916305916318,0.9451659451659454,0.20995670995670984,0.9675324675324677,0.26118326118326096,0.9855699855699857,0.31890331890331897,1.0,0.37734487734487715,1.0,0.43867243867243827,1.0,0.5,0.9747474747474751,0.5577200577200575,0.9494949494949494,0.6154401154401156,0.9155844155844156,0.6587301587301587,0.8795093795093799,0.6984126984126984,0.8326118326118324,0.7316017316017317,0.7784992784992787,0.7604617604617604,0.7171717171717172,0.7835497835497837,0.6450216450216448,0.7979797979797981,0.5757575757575759,0.8088023088023087,0.5180375180375183,0.805194805194805,0.4603174603174603,0.8015873015873016,0.3845598845598849,0.7835497835497837,0.30880230880230947,0.7655122655122656,0.24747474747474751,0.7388167388167388,0.18975468975468995,0.70995670995671,0.14285714285714285,0.6746031746031746,0.10317460317460317,0.6349206349206349,0.06782106782106795,0.593795093795094,0.03896103896103894,0.5505050505050506,0.014430014430014614,0.5064935064935066,0.007215007215007194,0.4595959595959598,0.0,0.4126984126984127,0.007215007215006969,0.3694083694083695,0.014430014430014388,0.32611832611832636,0.0360750360750362,0.2857142857142857,0.061327561327561494,0.24603174603174616,0.09090909090909101,0.21067821067821058,0.12337662337662304,0.17821067821067832,0.16017316017315977,0.1471861471861473,0.20346320346320337,0.11832611832611853,0.24603174603174557,0.09163059163059176,0.2857142857142857,0.07359307359307354,0.3253968253968254,0.05555555555555555,0.36147186147186117,0.04112554112554117,0.3975468975468973,0.02669552669552678,0.42496392496392466,0.0180375180375181,0.4502164502164504,0.010822510822510793,0.47113997113997125,0.005772005772005767,0.4891774891774891,0.0021645021645021697,0.5028860028860029,0.0,0.5101010101010099,0.0,0.5158730158730159,0.0,0.5158730158730159,0.0,0.5158730158730159,0.0,0.5158730158730159,0.0,0.5158730158730159,0.0,0.5158730158730159,0.0,0.5158730158730159,0.0,0.5180375180375179,0.0,0.5216450216450218,0.0,0.5238095238095238,0.0,0.5238095238095238,0.0,0.5238095238095238,0.0,0.5238095238095238,0.0,0.5238095238095238,0.0
Circle,0.6237373737373735,0.07638888888888885,0.6237373737373735,0.07638888888888885,0.6237373737373735,0.07638888888888885,0.6237373737373735,0.07386363636363626,0.6237373737373735,0.07070707070707072,0.6237373737373735,0.06944444444444442,0.6237373737373735,0.06944444444444442,0.6237373737373735,0.06944444444444442,0.6237373737373735,0.06944444444444442,0.6237373737373735,0.06944444444444442,0.6237373737373735,0.06944444444444442,0.6237373737373735,0.06944444444444442,0.6237373737373735,0.06944444444444442,0.6237373737373735,0.06944444444444442,0.6237373737373735,0.06944444444444442,0.6237373737373735,0.06944444444444442,0.6237373737373735,0.06944444444444442,0.6237373737373735,0.06944444444444442,0.6237373737373735,0.06944444444444442,0.6237373737373735,0.06944444444444442,0.6243686868686869,0.06944444444444442,0.6275252525252524,0.06944444444444442,0.6306818181818179,0.06944444444444442,0.6433080808080809,0.06944444444444442,0.6559343434343431,0.06944444444444442,0.6761363636363634,0.07196969696969692,0.6982323232323231,0.07512626262626255,0.7241161616161612,0.08017676767676755,0.7525252525252519,0.08648989898989895,0.7834595959595956,0.09659090909090903,0.8181818181818178,0.11237373737373736,0.8516414141414137,0.1306818181818181,0.8800505050505044,0.159090909090909,0.9084595959595956,0.18749999999999992,0.9273989898989896,0.22853535353535334,0.9463383838383833,0.2695707070707069,0.9627525252525252,0.3207070707070706,0.9785353535353534,0.3743686868686865,0.990530303030303,0.43181818181818177,1.0,0.49179292929292906,0.9993686868686866,0.5505050505050502,0.9835858585858586,0.6073232323232322,0.967171717171717,0.6628787878787875,0.948232323232323,0.7133838383838379,0.9292929292929288,0.7638888888888886,0.8787878787878786,0.8017676767676764,0.8282828282828282,0.8396464646464645,0.7651515151515149,0.8674242424242421,0.6988636363636365,0.8926767676767672,0.6306818181818179,0.9065656565656564,0.5612373737373735,0.9128787878787874,0.48421717171717205,0.9141414141414137,0.3958333333333332,0.9078282828282824,0.3124999999999999,0.8970959595959592,0.24936868686868696,0.8686868686868685,0.18623737373737362,0.8402777777777775,0.14204545454545459,0.7992424242424241,0.09785353535353553,0.7582070707070706,0.06628787878787887,0.7070707070707067,0.037878787878787956,0.6534090909090908,0.018939393939393877,0.5997474747474744,0.006313131313131293,0.5460858585858585,0.0,0.49368686868686873,0.0031565656565655477,0.44318181818181795,0.008838383838383888,0.3939393939393939,0.024621212121212023,0.34974747474747486,0.04040404040404035,0.3055555555555554,0.06565656565656552,0.2676767676767677,0.09090909090909069,0.22979797979797992,0.12373737373737365,0.19696969696969696,0.15845959595959566,0.1654040404040405,0.19696969696969696,0.13762626262626254,0.23800505050505028,0.11237373737373736,0.2803030303030299,0.0896464646464647,0.3244949494949491,0.07070707070707082,0.36868686868686795,0.053030303030303136,0.412878787878788,0.04040404040404035,0.45707070707070685,0.027777777777777766,0.4949494949494946,0.01830808080808083,0.5328282828282823,0.008838383838383888,0.565656565656565,0.004419191919191944,0.597222222222222,0.0012626262626262486,0.6231060606060606,0.0,0.6452020202020198,0.0,0.6647727272727267,0.0,0.6805555555555552,0.0,0.6950757575757571,0.0006313131313130997,0.7045454545454541,0.0037878787878787954,0.7140151515151512,0.0069444444444444415,0.7203282828282823,0.0069444444444444415,0.7266414141414138,0.0069444444444444415,0.7304292929292927,0.0069444444444444415,0.7335858585858587,0.0069444444444444415,0.7367424242424238,0.0069444444444444415,0.7398989898989897,0.0069444444444444415,0.7430555555555552,0.0069444444444444415,0.7462121212121208,0.0069444444444444415,0.7487373737373734,0.0069444444444444415,0.7487373737373734,0.0069444444444444415,0.7487373737373734,0.0069444444444444415
Circle,0.6787564766839378,0.010362694300518135,0.6787564766839378,0.010362694300518135,0.6787564766839378,0.010362694300518135,0.6764013188883656,0.010362694300518135,0.6738891505730884,0.010362694300518135,0.6713769822578115,0.010362694300518135,0.668864813942534,0.010362694300518135,0.6663526456272572,0.010362694300518135,0.6638404773119799,0.010362694300518135,0.6613283089967027,0.010362694300518135,0.6588161406814256,0.010362694300518135,0.6563039723661487,0.010362694300518135,0.6537918040508711,0.010362694300518135,0.6528497409326425,0.010362694300518135,0.6528497409326425,0.010362694300518135,0.6528497409326425,0.010362694300518135,0.6528497409326425,0.010362694300518135,0.6528497409326425,0.010362694300518135,0.6528497409326425,0.010362694300518135,0.6561469618464436,0.010362694300518135,0.663683466792275,0.010362694300518135,0.6740461610927934,0.010362694300518135,0.689119170984456,0.010362694300518135,0.705762286073167,0.010362694300518135,0.725859632595384,0.010362694300518135,0.7472130632752393,0.011618778458156733,0.7723347464280107,0.016643115088710976,0.798398492699011,0.02355157795572304,0.8285445124823362,0.03862458784738577,0.8590045533050713,0.055267702936096744,0.8916627414036742,0.08290155440414515,0.9236928874234576,0.11132045847071761,0.9463024022609514,0.15151515151515155,0.9689119170984456,0.19170984455958548,0.9839849269901082,0.24697754749568215,0.999057936881771,0.30224525043177886,1.0,0.36693358455016467,1.0,0.43224996074737043,0.9846129690689275,0.5019626314963104,0.9670277908619876,0.5723033443240698,0.9371957921180719,0.6365206468833413,0.9045376040194693,0.6993248547652693,0.8586905322656619,0.7527084314649081,0.8084471659601195,0.8029517977704507,0.7478411053540583,0.8428324697754752,0.6825247291568534,0.8780028261893548,0.6156382477625998,0.9068927618150416,0.5478097032501176,0.9320144449678129,0.48280734809232223,0.9472444653791804,0.4200031402103938,0.9547809703250116,0.3584550164861046,0.9522688020097346,0.2981629769194537,0.9397079604333491,0.24336630554247135,0.9216517506672947,0.1956351075522058,0.8965300675145234,0.15167216203485623,0.8666980687706075,0.11398963730569948,0.8290155440414507,0.08023237556916306,0.7889778615167216,0.05511069241639185,0.7437588318417335,0.03187313550007853,0.6972837180091066,0.014287957293138604,0.6470403517035641,0.0,0.596325953838907,0.0,0.5435704192180875,0.0006280420788192987,0.4911289056366775,0.005652378709373541,0.44088553933113506,0.010990736379337434,0.39095619406500226,0.02103940964044592,0.3457371643900141,0.031088082901554404,0.3005181347150259,0.05369759773904857,0.26032344167059196,0.07630711257654259,0.22012874862615803,0.10598210080075357,0.18464437117286867,0.13612812058407903,0.14947401475898897,0.1706704349191394,0.1208981001727117,0.20584079133301914,0.09326424870466336,0.243052284503062,0.07175380750510267,0.2807348092322189,0.051656460982885705,0.3165332077249177,0.03532736693358445,0.35170356413879755,0.02025435704192172,0.38341968911917096,0.010362694300518099,0.41356570890249644,0.0028261893546867338,0.4405715182917254,0.0,0.4656932014444968,0.0,0.48940178991992483,0.0014130946773433853,0.5120113047574187,0.003925262992620506,0.5321086512796357,0.007693515465536188,0.5496938294865757,0.01271785209609043,0.5661799340555816,0.017742188726644674,0.5812529439472442,0.022766525357198916,0.5944418276024491,0.026848798869524248,0.6044905008635579,0.029360967184801405,0.6137541215261425,0.03187313550007853,0.6212906264719738,0.03438530381535565,0.6281990893389857,0.03626943005181347,0.6332234259695402,0.03626943005181347,0.6377767310409799,0.03626943005181347,0.6402888993562571,0.03626943005181347,0.6424870466321243,0.03626943005181347,0.6424870466321243,0.03626943005181347,0.6424870466321243,0.03626943005181347,0.6424870466321243,0.03626943005181347,0.6424870466321243,0.03626943005181347
Circle,0.5807692307692309,0.0217948717948718,0.5807692307692309,0.0217948717948718,0.5807692307692309,0.0217948717948718,0.5807692307692309,0.0217948717948718,0.5807692307692309,0.0217948717948718,0.5807692307692309,0.0217948717948718,0.5807692307692309,0.0217948717948718,0.5807692307692309,0.0217948717948718,0.5807692307692309,0.0217948717948718,0.5807692307692309,0.0217948717948718,0.5807692307692309,0.0217948717948718,0.5807692307692309,0.0217948717948718,0.5807692307692309,0.0217948717948718,0.5807692307692309,0.0217948717948718,0.5807692307692309,0.02051282051282048,0.5807692307692309,0.017948717948717927,0.5826923076923077,0.015384615384615373,0.5903846153846153,0.012820512820512817,0.5980769230769233,0.010256410256410262,0.6134615384615384,0.007692307692307707,0.6288461538461539,0.005128205128205152,0.648076923076923,0.0025641025641025554,0.6685897435897438,0.0,0.6903846153846156,0.0012820512820512777,0.7134615384615387,0.006410256410256388,0.7378205128205131,0.013461538461538476,0.7660256410256411,0.026282051282051255,0.7942307692307694,0.03910256410256411,0.8224358974358977,0.06217948717948711,0.8506410256410258,0.08525641025641019,0.876923076923077,0.11794871794871792,0.9025641025641027,0.15384615384615377,0.9243589743589745,0.19487179487179482,0.9423076923076923,0.24102564102564106,0.9589743589743591,0.28910256410256413,0.9717948717948723,0.342948717948718,0.9846153846153848,0.39679487179487183,0.9923076923076924,0.4557692307692305,1.0,0.5147435897435898,0.9788461538461544,0.5737179487179486,0.948076923076923,0.6326923076923079,0.9070512820512822,0.6865384615384614,0.8557692307692314,0.7352564102564101,0.7993589743589747,0.7807692307692308,0.7275641025641032,0.8166666666666667,0.655769230769231,0.8525641025641026,0.5788461538461545,0.8756410256410257,0.5019230769230774,0.8987179487179487,0.4346153846153849,0.9102564102564104,0.37051282051282125,0.9179487179487179,0.3141025641025642,0.9153846153846156,0.2653846153846157,0.9025641025641027,0.21730769230769245,0.885897435897436,0.17115384615384643,0.8576923076923079,0.1250000000000001,0.8294871794871795,0.09423076923076946,0.7910256410256413,0.06346153846153879,0.7525641025641029,0.03846153846153874,0.7121794871794873,0.01538461538461566,0.6711538461538464,0.0025641025641028013,0.6275641025641028,0.0,0.5814102564102566,0.0006410256410258233,0.5346153846153848,0.010897435897436044,0.48589743589743617,0.021153846153846266,0.4371794871794872,0.044230769230769344,0.3910256410256412,0.06730769230769226,0.34487179487179526,0.09615384615384627,0.3006410256410258,0.12692307692307694,0.25705128205128236,0.1602564102564104,0.21730769230769248,0.19615384615384618,0.18141025641025663,0.23333333333333342,0.14807692307692308,0.27435897435897433,0.12243589743589753,0.31538461538461554,0.09679487179487181,0.3564102564102564,0.07884615384615393,0.3974358974358973,0.060897435897436035,0.43461538461538457,0.04679487179487194,0.47051282051282084,0.033974358974359,0.5025641025641028,0.025000000000000015,0.5307692307692309,0.019871794871794905,0.5570512820512821,0.01602564102564103,0.5775641025641028,0.01602564102564103,0.5980769230769233,0.01602564102564103,0.6108974358974358,0.01602564102564103,0.623717948717949,0.01602564102564103,0.6326923076923079,0.01602564102564103,0.6403846153846158,0.01602564102564103,0.646794871794872,0.01602564102564103,0.6519230769230773,0.01602564102564103,0.6564102564102564,0.01602564102564103,0.6589743589743591,0.01602564102564103,0.6615384615384617,0.01602564102564103,0.6641025641025644,0.01602564102564103,0.666666666666667,0.01602564102564103,0.6673076923076925,0.01602564102564103,0.6673076923076925,0.01602564102564103,0.6673076923076925,0.01602564102564103,0.6673076923076925,0.01602564102564103,0.6673076923076925,0.01602564102564103,0.6673076923076925,0.01602564102564103,0.6673076923076925,0.01602564102564103
Circle,0.6530759702725021,0.0051094137076796034,0.6530759702725021,0.0051094137076796034,0.6530759702725021,0.0051094137076796034,0.6510631709331132,0.0051094137076796034,0.6486890999174233,0.0051094137076796034,0.6463150289017341,0.0051094137076796034,0.6439409578860444,0.0051094137076796034,0.6415668868703549,0.0051094137076796034,0.6391928158546656,0.0051094137076796034,0.636818744838976,0.0051094137076796034,0.6344446738232864,0.0051094137076796034,0.6320706028075972,0.0051094137076796034,0.6296965317919075,0.0051094137076796034,0.627322460776218,0.0051094137076796034,0.6249483897605285,0.0051094137076796034,0.6225743187448388,0.0051094137076796034,0.6202002477291495,0.0051094137076796034,0.61782617671346,0.0051094137076796034,0.6173100743187449,0.0051094137076796034,0.6173100743187449,0.0051094137076796034,0.6188067712634185,0.0036127167630057378,0.6211808422791082,0.0012386457473163028,0.625825763831544,0.0,0.6329479768786127,0.0,0.6423926507018991,0.0,0.6566370767960363,0.0,0.6717072667217177,0.0004128819157721009,0.6906998348472337,0.002786952931461609,0.7097440132122211,0.005264244426094141,0.7311106523534269,0.012386457473162665,0.7524772914946325,0.019508670520231187,0.7759083402146986,0.036952931461601946,0.7996490503715938,0.05594549958711808,0.8250928984310488,0.08175061932287365,0.8512076796036333,0.11023947151114775,0.8786643270024772,0.14409578860445915,0.9071531791907516,0.1820809248554913,0.9327002477291496,0.22496903385631697,0.9540668868703549,0.274824525185797,0.9735755573905864,0.32653798513625104,0.9878199834847233,0.38351568951279924,1.0,0.44126754748142055,0.9952518579686211,0.5053674649050374,0.990503715937242,0.5694673823286539,0.9698596201486375,0.6312964492155242,0.9484929810074318,0.693022295623452,0.9137592898431048,0.7490194054500413,0.8757741535920724,0.8036230388108999,0.826950867052023,0.8473885218827417,0.7723472336911641,0.8853736581337738,0.7094343517753924,0.9174236168455822,0.638212221304707,0.9435383980181667,0.5686416184971097,0.9655243600330308,0.5021676300578033,0.9797687861271677,0.4347646573080098,0.9912262592898431,0.3635425268373247,0.9912262592898431,0.29324938067712625,0.990503715937242,0.24339388934764652,0.9738852188274155,0.19353839801816694,0.9572667217175889,0.15637902559867858,0.9321841453344343,0.12076796036333604,0.9060693641618497,0.09393063583815035,0.8729355904211397,0.07018992568125512,0.8373245251857969,0.05202312138728312,0.7975330305532616,0.03777869529314607,0.7547997522708505,0.025598678777869532,0.7120664739884394,0.016102394715111355,0.669333195706028,0.007947976878612652,0.6259289843104872,0.003199834847233637,0.5808216350123866,0.0,0.5357142857142856,0.00712221304706845,0.49060693641618497,0.014244426094137046,0.4454995871180843,0.030656482246077622,0.4027146985962016,0.047274979355904106,0.3599814203137905,0.07173823286540021,0.3211705202312142,0.09785301403798531,0.28318538398018145,0.1287675474814205,0.24999999999999986,0.16200454170107345,0.21913707679603633,0.19648018166804287,0.19075144508670525,0.23209124690338556,0.1646366639141206,0.2685796862097438,0.14115400495458308,0.30656482246077593,0.12216143682906702,0.34403385631709354,0.10420107349298093,0.37964492155243607,0.08995664739884388,0.41494632535094955,0.0760218827415359,0.4458092485549132,0.06652559867877787,0.4766721717588769,0.057029314616019844,0.4988645747316267,0.05186829066886873,0.5202312138728323,0.047120148637489714,0.5361787778695293,0.044178364987613496,0.5504232039636662,0.041804293971924054,0.5632225433526014,0.039430222956234474,0.5750928984310487,0.03705615194054504,0.5847956234516928,0.035765895953757225,0.5919178364987612,0.035765895953757225,0.5983175061932284,0.035765895953757225,0.603065648224608,0.035765895953757225,0.6074525185796864,0.035765895953757225,0.609826589595376,0.035765895953757225,0.6122006606110653,0.035765895953757225
Circle,0.5120067756078118,0.029593463531287365,0.5120067756078118,0.029593463531287365,0.5120067756078118,0.029593463531287365,0.5120067756078118,0.029593463531287365,0.5120067756078118,0.029593463531287365,0.5120067756078118,0.027750099641291298,0.5120067756078118,0.02540852929453961,0.5120067756078118,0.02306695894778792,0.5120067756078118,0.020725388601036298,0.5120067756078118,0.01972897568752491,0.5120067756078118,0.01972897568752491,0.5109107214029494,0.01972897568752491,0.5085691510561977,0.01972897568752491,0.5070745316859306,0.01972897568752491,0.5070745316859306,0.01972897568752491,0.5070745316859306,0.01972897568752491,0.5070745316859306,0.01972897568752491,0.5070745316859306,0.01972897568752491,0.5070745316859306,0.01972897568752491,0.5070745316859306,0.01972897568752491,0.5070745316859306,0.01972897568752491,0.5070745316859306,0.01972897568752491,0.5136508569151055,0.01753686727779993,0.5206755679553606,0.015195296931048239,0.5335292945396573,0.012853726584296548,0.5475787166201675,0.010512156237544857,0.5667098445595856,0.009864487843762456,0.5877839776803507,0.009864487843762456,0.611747708250299,0.011309286568353968,0.6375049820645676,0.013650856915105588,0.6644579513750497,0.0195795137504982,0.6925567955360702,0.028945795137504966,0.7225488242327621,0.043045037863690676,0.7553308090872857,0.06411917098445596,0.7922977281785573,0.08798326026305299,0.8391291351135911,0.11842367477082504,0.8832702271821442,0.15065763252291745,0.916052212036668,0.19046432841769645,0.9480370665603827,0.2310681546432843,0.9714527700278994,0.2802411319250697,0.9948684734954165,0.3294141092068553,0.9976584296532481,0.3900458349940214,1.0,0.45092666400956594,0.9921283379832603,0.5118074930251097,0.9827620565962536,0.5726883220406537,0.9590474292546831,0.6317756078118771,0.9309485850936629,0.6903148664806694,0.8904942208051013,0.7380430450378638,0.8436628138700678,0.7801913112793943,0.7890593862096451,0.8158628935831009,0.7281785571941011,0.8463033080908728,0.6620665603826229,0.8725587883618972,0.5894778796333199,0.8936329214826625,0.5192805898764448,0.9083300119569551,0.4537166201673971,0.9106715823037066,0.3892487046632126,0.9097249900358709,0.3283678756476685,0.8980171383021124,0.26957951375049805,0.8845157433240334,0.22508967716221584,0.8587584695097648,0.1807493025109605,0.8327520924671183,0.14328417696293344,0.7952869669190913,0.1058190514149064,0.7578218413710642,0.07692307692307673,0.7160721402949382,0.04882423276205659,0.6739238740534077,0.028298126743722563,0.6298824232762057,0.00956556396970918,0.5853925866879236,0.0023415703467517604,0.5392586687923477,0.0,0.4924272618573135,0.004633320047827812,0.4469908330011955,0.013999601434834573,0.4025009964129135,0.03024113192506977,0.35915703467516935,0.05365683539258653,0.31700876843363907,0.07707253886010344,0.27755081705858925,0.10048824232762034,0.24242726185731384,0.12584695097648488,0.2085990434436028,0.15628736548425692,0.17815862893583082,0.18752491032283794,0.14851534475886796,0.22264846552411335,0.12275807094459935,0.2577720207253888,0.09744918294141089,0.29289557592666393,0.07871662016739736,0.32801913112793935,0.05998405739338384,0.3631426863292145,0.04797728178557197,0.39826624153048995,0.036269430051813524,0.42940414507772007,0.026554404145077776,0.45984455958549225,0.017188122758070874,0.4867975288959746,0.011309286568353897,0.5125548027102432,0.006626145874850517,0.5338282184137106,0.0034376245516141465,0.5525607811877242,0.0010960542048625262,0.5675567955360702,0.0,0.5792646472698285,0.0,0.5889796731765642,0.0,0.5960043842168193,0.0,0.602281785571941,0.0,0.6069649262654445,0.0,0.6111498605021921,0.0,0.6134914308489438,0.0,0.6155838979673176,0.0,0.6155838979673176,0.0,0.6155838979673176,0.0
Circle,0.4921497584541062,0.010869565217391304,0.4921497584541062,0.010869565217391304,0.4921497584541062,0.010869565217391304,0.49033816425120774,0.010869565217391304,0.4879227053140096,0.010869565217391304,0.4855072463768115,0.010869565217391304,0.48309178743961334,0.010869565217391304,0.4812801932367149,0.010869565217391304,0.4812801932367149,0.010869565217391304,0.4812801932367149,0.010869565217391304,0.4812801932367149,0.010869565217391304,0.4812801932367149,0.010869565217391304,0.47946859903381644,0.010869565217391304,0.4770531400966183,0.010869565217391304,0.4746376811594202,0.010869565217391304,0.47222222222222204,0.010869565217391304,0.4704106280193236,0.010265700483091847,0.4704106280193236,0.007850241545893788,0.4704106280193236,0.005434782608695652,0.4704106280193236,0.005434782608695652,0.4704106280193236,0.005434782608695652,0.4704106280193236,0.003623188405797127,0.4704106280193236,0.0012077294685990682,0.47524154589371986,0.0,0.4849033816425121,0.0,0.49637681159420277,0.0,0.5132850241545894,0.0,0.5301932367149758,0.0,0.5591787439613525,0.0,0.5881642512077295,0.0,0.6225845410628018,0.005434782608695652,0.658816425120773,0.01268115942028983,0.6950483091787438,0.024758454106280126,0.7312801932367149,0.041666666666666616,0.7675120772946857,0.06219806763285023,0.8037439613526568,0.09359903381642516,0.839975845410628,0.125,0.8689613526570047,0.17089371980676313,0.8979468599033816,0.21678743961352662,0.9196859903381643,0.26992753623188387,0.9390096618357487,0.3254830917874397,0.9535024154589372,0.38345410628019316,0.9631642512077292,0.44384057971014457,0.9679951690821255,0.5060386473429952,0.9583333333333333,0.5736714975845408,0.948671497584541,0.6413043478260869,0.9196859903381643,0.7041062801932365,0.8907004830917873,0.7669082125603867,0.8472222222222223,0.8152173913043477,0.7989130434782612,0.8586956521739127,0.7421497584541062,0.8961352657004831,0.676932367149759,0.9275362318840578,0.6117149758454106,0.9565217391304348,0.546497584541063,0.9782608695652174,0.4812801932367149,1.0,0.40640096618357513,1.0,0.3315217391304354,1.0,0.27113526570048324,0.9855072463768118,0.21557971014492794,0.9661835748792273,0.16847826086956522,0.9408212560386474,0.12983091787439627,0.9094202898550726,0.09420289855072453,0.876207729468599,0.06763285024154596,0.8375603864734301,0.04106280193236708,0.7989130434782609,0.028985507246376708,0.7554347826086958,0.016908212560386337,0.7119565217391307,0.008454106280193168,0.6666666666666667,0.0012077294685990682,0.6207729468599037,0.0,0.5748792270531401,0.004830917874395963,0.528985507246377,0.010265700483091925,0.4830917874396137,0.017512077294686023,0.43719806763285046,0.024758454106280126,0.391304347826087,0.0440821256038646,0.3478260869565219,0.06340579710144907,0.3043478260869568,0.0881642512077292,0.26630434782608736,0.11473429951690807,0.2300724637681159,0.14371980676328477,0.19746376811594207,0.17512077294685963,0.16847826086956538,0.20652173913043417,0.1413043478260872,0.23792270531400964,0.11956521739130427,0.26932367149758446,0.09782608695652174,0.29589371980676304,0.08333333333333338,0.32246376811594163,0.06884057971014503,0.3454106280193233,0.05978260869565225,0.3671497584541062,0.05253623188405792,0.3852657004830916,0.04649758454106273,0.39975845410628014,0.04166666666666669,0.41304347826086957,0.03743961352657011,0.4227053140096615,0.035024154589372046,0.43236714975845403,0.03260869565217391,0.43961352657004843,0.03260869565217391,0.44685990338164255,0.03260869565217391,0.4522946859903382,0.03260869565217391,0.45712560386473416,0.03260869565217391,0.4607487922705314,0.031400966183574845,0.4631642512077292,0.028985507246376864,0.46557971014492733,0.026570048309178727,0.46799516908212546,0.024154589371980745,0.4704106280193236,0.021739130434782608
Circle,0.5256637168141591,0.026548672566371678,0.5256637168141591,0.026548672566371678,0.5256637168141591,0.026548672566371678,0.5238938053097345,0.024778761061946847,0.5215339233038347,0.022418879056047225,0.5203539823008848,0.02123893805309734,0.5203539823008848,0.02123893805309734,0.5203539823008848,0.02123893805309734,0.5203539823008848,0.02123893805309734,0.5203539823008848,0.02123893805309734,0.5203539823008848,0.01887905604719757,0.5203539823008848,0.016519174041297872,0.5203539823008848,0.014159292035398252,0.5203539823008848,0.011799410029498482,0.5215339233038344,0.009439528023598785,0.5238938053097345,0.0070796460176991635,0.5268436578171091,0.004719764011799393,0.5315634218289084,0.0023598820058997718,0.5362831858407079,0.0,0.5480825958702065,0.0,0.5598820058997049,0.0,0.5752212389380529,0.0,0.591740412979351,0.0,0.6106194690265485,0.0,0.6318584070796459,0.0,0.6542772861356931,0.0011799410029498104,0.6802359882005897,0.005899705014749278,0.7061946902654865,0.01061946902654867,0.7392330383480825,0.020058997050147454,0.772271386430678,0.02949852507374624,0.8070796460176987,0.04778761061946894,0.8424778761061943,0.06902654867256629,0.8719764011799406,0.09498525073746301,0.8955752212389376,0.12566371681415922,0.9179941002949852,0.15929203539823006,0.9368731563421828,0.20176991150442475,0.9557522123893804,0.2442477876106194,0.9699115044247784,0.2914454277286133,0.984070796460177,0.3386430678466076,0.9929203539823007,0.38938053097345116,1.0,0.44129793510324494,0.9952802359882005,0.4955752212389379,0.9787610619469027,0.5522123893805305,0.95929203539823,0.6076696165191738,0.9309734513274336,0.6595870206489671,0.902654867256637,0.711504424778761,0.8625368731563421,0.7587020648967548,0.8224188790560468,0.8058997050147491,0.7769911504424779,0.8424778761061945,0.7297935103244837,0.8755162241887903,0.6743362831858406,0.9038348082595867,0.6106194690265488,0.9274336283185837,0.5480825958702065,0.9480825958702064,0.48908554572271423,0.9598820058997047,0.43008849557522116,0.9716814159292033,0.3663716814159294,0.9646017699115041,0.3026548672566377,0.9575221238938052,0.2548672566371681,0.9380530973451326,0.2123893805309737,0.9144542772861356,0.17345132743362837,0.8861356932153391,0.13805309734513302,0.8530973451327435,0.10501474926253682,0.8182890855457225,0.07905604719764024,0.7781710914454278,0.053097345132743355,0.7380530973451326,0.03657817109144555,0.6955752212389381,0.020058997050147756,0.6530973451327435,0.01061946902654867,0.6070796460176991,0.0035398230088496572,0.5598820058997053,0.0,0.512684365781711,0.0,0.46548672566371696,0.0023598820058997718,0.41946902654867246,0.011799410029498254,0.3769911504424781,0.02123893805309734,0.33451327433628314,0.04247787610619468,0.29675516224188797,0.06371681415929202,0.25899705014749286,0.08849557522123871,0.22654867256637196,0.11445427728613561,0.19587020648967546,0.14159292035398208,0.16991150442477873,0.16991150442477873,0.14867256637168152,0.19882005899704988,0.12920353982300903,0.2294985250737466,0.11504424778761055,0.2601769911504424,0.10088495575221237,0.29085545722713857,0.09144542772861358,0.3215339233038347,0.0820058997050148,0.35044247787610583,0.07433628318584076,0.3787610619469028,0.06725663716814152,0.4047197640117994,0.06253687315634214,0.42831858407079615,0.06017699115044252,0.45014749262536863,0.058407079646017684,0.4666666666666661,0.058407079646017684,0.4831858407079645,0.058407079646017684,0.49498525073746275,0.058407079646017684,0.5067846607669616,0.058407079646017684,0.5150442477876105,0.058407079646017684,0.5221238938053099,0.058407079646017684,0.528023598820059,0.057227138643067804,0.5327433628318585,0.05486725663716818,0.5368731563421827,0.05250737463126841,0.5392330383480824,0.050147492625368786,0.5415929203539822,0.04778761061946902
Circle,0.5367965367965367,0.03333333333333333,0.5367965367965367,0.03333333333333333,0.5367965367965367,0.03333333333333333,0.535064935064935,0.03333333333333333,0.5329004329004329,0.03333333333333333,0.532034632034632,0.03333333333333333,0.532034632034632,0.03333333333333333,0.532034632034632,0.03333333333333333,0.532034632034632,0.03333333333333333,0.532034632034632,0.03333333333333333,0.532034632034632,0.03333333333333333,0.532034632034632,0.03333333333333333,0.532034632034632,0.03333333333333333,0.532034632034632,0.03333333333333333,0.5303030303030302,0.03333333333333333,0.5281385281385279,0.03333333333333333,0.525974025974026,0.03333333333333333,0.5238095238095237,0.03333333333333333,0.5216450216450216,0.03333333333333333,0.5194805194805195,0.03333333333333333,0.5173160173160172,0.03333333333333333,0.515151515151515,0.03333333333333333,0.512987012987013,0.03333333333333333,0.5108225108225106,0.03333333333333333,0.5086580086580088,0.03333333333333333,0.5134199134199136,0.03333333333333333,0.5199134199134198,0.03333333333333333,0.5316017316017314,0.03333333333333333,0.5467532467532465,0.03333333333333333,0.5653679653679653,0.03333333333333333,0.5891774891774891,0.03333333333333333,0.6138528138528139,0.03419913419913415,0.6419913419913421,0.03852813852813854,0.6701298701298701,0.04285714285714286,0.706926406926407,0.05800865800865797,0.7437229437229436,0.07316017316017308,0.7839826839826841,0.1021645021645021,0.8251082251082249,0.13463203463203446,0.8597402597402599,0.17748917748917753,0.8900432900432897,0.22727272727272718,0.916017316017316,0.28225108225108186,0.9354978354978353,0.34502164502164495,0.9536796536796535,0.40909090909090895,0.9666666666666666,0.47835497835497803,0.9796536796536797,0.5476190476190477,0.9623376623376624,0.6255411255411253,0.9450216450216448,0.7034632034632036,0.9017316017316016,0.7658008658008658,0.8519480519480519,0.8242424242424241,0.7930735930735927,0.8722943722943723,0.7281385281385284,0.9134199134199134,0.65974025974026,0.9493506493506492,0.5861471861471862,0.9774891774891774,0.512987012987013,1.0,0.4415584415584418,1.0,0.3701298701298701,1.0,0.31385281385281383,0.9826839826839827,0.25757575757575757,0.9653679653679654,0.21515151515151504,0.9376623376623378,0.17619047619047631,0.9073593073593075,0.14112554112554093,0.8705627705627705,0.10865800865800877,0.8294372294372294,0.07965367965367962,0.785714285714286,0.05584415584415581,0.7380952380952381,0.03463203463203467,0.6896103896103897,0.023809523809523808,0.6376623376623379,0.01298701298701295,0.5857142857142857,0.006493506493506407,0.535930735930736,0.0,0.48614718614718644,0.0038961038961038714,0.4380952380952381,0.010389610389610279,0.3904761904761906,0.023376623376623364,0.3454545454545454,0.040692640692640634,0.30216450216450225,0.05974025974025968,0.2614718614718616,0.08138528138528113,0.22467532467532497,0.10389610389610346,0.18917748917748947,0.1298701298701299,0.15887445887445878,0.1558441558441558,0.12857142857142856,0.18614718614718617,0.106926406926407,0.21645021645021625,0.0852813852813854,0.24675324675324634,0.06883116883116897,0.2770562770562772,0.053679653679653584,0.3047619047619046,0.04112554112554108,0.33073593073593077,0.030303030303030352,0.3567099567099567,0.021212121212121272,0.38268398268398235,0.014718614718614732,0.4069264069264067,0.009090909090909078,0.42424242424242425,0.00692640692640692,0.44155844155844154,0.004761904761904762,0.4545454545454546,0.004761904761904762,0.4675324675324674,0.004761904761904762,0.47532467532467515,0.004761904761904762,0.4818181818181817,0.004761904761904762,0.4857142857142856,0.004761904761904762,0.48787878787878797,0.004761904761904762,0.49004329004329006,0.0038961038961038714,0.4922077922077921,0.0017316017316017808,0.4939393939393939,0.0,0.4939393939393939,0.0,0.4939393939393939,0.0
Circle,0.5125835928327123,0.015161570269028535,0.5125835928327123,0.015161570269028535,0.5125835928327123,0.015161570269028535,0.5125835928327123,0.015161570269028535,0.5125835928327123,0.015161570269028535,0.5125835928327123,0.015161570269028535,0.5125835928327123,0.015161570269028535,0.5125835928327123,0.015161570269028535,0.5125835928327123,0.015161570269028535,0.5125835928327123,0.013783245699116882,0.5125835928327123,0.011383939966307656,0.5125835928327123,0.01010771351268569,0.5125835928327123,0.01010771351268569,0.5125835928327123,0.01010771351268569,0.5125835928327123,0.01010771351268569,0.5125835928327123,0.01010771351268569,0.5125835928327123,0.01010771351268569,0.5125835928327123,0.01010771351268569,0.5125835928327123,0.01010771351268569,0.5125835928327123,0.01010771351268569,0.5125835928327123,0.01010771351268569,0.5125835928327123,0.01010771351268569,0.5125835928327123,0.01010771351268569,0.5125835928327123,0.01010771351268569,0.5165654193680128,0.01010771351268569,0.521364030833631,0.01010771351268569,0.5331053142069528,0.008372045535759886,0.547501148603808,0.005972739802950661,0.5663382510592679,0.0035734340701413635,0.5879320026545511,0.0011741283373322095,0.611976109040788,0.0,0.6383684721016896,0.0,0.6667006993720965,0.0019398642095053177,0.6978916738986164,0.006738475675123841,0.7312267088672214,0.014395834396855427,0.769615600592169,0.02879166879371078,0.8075450507938129,0.04594415233038944,0.8435346367859513,0.07473582112410036,0.8789116340803512,0.10475266731328817,0.907703302874062,0.14794017050385422,0.9364949716677726,0.1911276736944203,0.955893613762826,0.24605646025830807,0.9750880596252998,0.3012404921129207,0.9880034713359537,0.3606105467354129,1.0,0.42059319005564344,0.9936188677318903,0.48792689774873643,0.981622339067844,0.557506764000204,0.9506355607739037,0.6239215886466896,0.9098473633161466,0.6887028434325387,0.8610955127877891,0.7428658941242534,0.8059114809331768,0.7884527030476285,0.7421512073102254,0.8286793608657917,0.6677727295931388,0.8622696411251213,0.5909438970850985,0.8893256419419061,0.509367502169585,0.9037214763387614,0.4311603450916332,0.913063453979274,0.3639797845729746,0.9058655367808464,0.29924957884527015,0.896829853489203,0.25126346418908563,0.87523610189392,0.20343049670733562,0.8533871050079125,0.16264229924957885,0.8197968247485833,0.12185410179182209,0.7862065444892542,0.09204145183521352,0.7438358262290059,0.0632497830415028,0.7006483230384398,0.040277706876308265,0.6535810914288631,0.018683955281025164,0.6055949767726786,0.007197917198427749,0.554239624278932,0.0,0.5014548981571287,0.0013783245699117241,0.45009954566338234,0.008576241768339474,0.39971412527438865,0.025167185665424467,0.35167696156005923,0.05155954872632588,0.3060901526366839,0.07703302874061947,0.263259992853132,0.10102608606871187,0.22487110112818437,0.12767369442033824,0.18847312267088645,0.16126397467966727,0.15728214814436653,0.19567103986931464,0.1277247434784827,0.23405993159426225,0.10613099188319967,0.27244882331920983,0.08499668181122054,0.31083771504415747,0.07060084741436519,0.3492266067691051,0.05620501301750984,0.385318290877533,0.04870080147021289,0.42130787686967175,0.04150288427178521,0.45729746286180994,0.03634692939915261,0.493287048853949,0.03154831793353416,0.5221297667058044,0.028536423502986314,0.548522129766706,0.026137117770177163,0.5687886058502221,0.025269283781714225,0.5855837459798867,0.025269283781714225,0.5998264332023071,0.025269283781714225,0.6118229618663535,0.025269283781714225,0.6217775282046047,0.02424830261881665,0.6289754454030322,0.021848996886007496,0.6354076267292866,0.0194496911531982,0.6402062381949055,0.017050385420388975,0.644494359079075,0.015161570269028535,0.6468936648118842,0.015161570269028535,0.6490377252539691,0.015161570269028535,0.6490377252539691,0.015161570269028535,0.6490377252539691,0.015161570269028535
Circle,0.5315390261805726,0.004844629312454123,0.5315390261805726,0.004844629312454123,0.5315390261805726,0.004844629312454123,0.5315390261805726,0.0027893320283826186,0.5315390261805726,0.0004893564962075011,0.5315390261805726,0.0,0.5315390261805726,0.0,0.5315390261805726,0.0,0.5315390261805726,0.0,0.5315390261805726,0.0,0.5315390261805726,0.0,0.5315390261805726,0.0,0.5315390261805726,0.0,0.5315390261805726,0.0,0.5315390261805726,0.0,0.5315390261805726,0.0,0.5315390261805726,0.0,0.5315390261805726,0.0,0.5315390261805726,0.0,0.5315390261805726,0.0,0.5315390261805726,0.0,0.5315390261805726,0.0,0.5315390261805726,0.0,0.5315390261805726,0.0,0.5372644971862002,0.0,0.5441644237827256,0.0,0.5560557866405677,0.0,0.569855639833619,0.0,0.587912894543675,0.0,0.6086126743332516,0.0,0.6328358208955225,0.0011744555908980027,0.6604355272816248,0.003474431123073189,0.6926841203816981,0.009493516026425246,0.7317837044286762,0.020993393687301177,0.7736236848544166,0.035233667726939116,0.8219231710300952,0.05593344751651579,0.8671397112796672,0.07927575238561284,0.8993393687301202,0.1137753853682409,0.9307560557866407,0.1496452165402497,0.9537558111083927,0.2002446782481038,0.9767555664301446,0.2508441399559579,0.9885001223391241,0.3104477611940297,1.0,0.37024712503058516,0.9974553462197213,0.43004648886713986,0.9928553951553708,0.48984585270369485,0.9724002936138978,0.5514068999265965,0.9471005627599707,0.6135062392953265,0.9066307805236112,0.6649865426963545,0.8583312943479321,0.7109860533398582,0.8049425006116956,0.7493516026425251,0.747443112307316,0.7815512600929778,0.6848054807927577,0.8086126743332518,0.6158062148275018,0.8293124541228286,0.546806948862246,0.8445314411548814,0.4778076828969903,0.8491313922192317,0.409346709077563,0.848886713971128,0.3426474186444826,0.8327868852459018,0.2782970393931978,0.8152189870320529,0.2299975532175189,0.7876192806459505,0.18199168093956455,0.7598727673109861,0.1474920479569367,0.7253731343283584,0.11299241497430884,0.6908735013457306,0.08690971372644944,0.6521654024957181,0.061609982872522596,0.6130658184487398,0.043748470760949225,0.5702471250305848,0.02764864203572285,0.5265475899192563,0.014778566185466259,0.4812331783704431,0.0032786885245901197,0.43523366772693894,0.0,0.3919745534621971,0.0022999755321751175,0.35057499388304386,0.01022755077073636,0.3103009542451676,0.024027403963787615,0.2712013701981894,0.04135062392953261,0.23386346953755824,0.0643503792512846,0.19936383655493045,0.09053095179838523,0.16677269390751143,0.1250305847810131,0.1391729875214092,0.15953021776364096,0.11274773672620494,0.19402985074626883,0.09204795693662828,0.22852948372889667,0.07178859799363835,0.2630291167115243,0.05798874480058723,0.2975287496941521,0.04418889160753611,0.3298262784438461,0.03259114264741868,0.3620259358942991,0.021091264986542745,0.3883533153902616,0.015463665280156622,0.41365304624418925,0.01086371421580618,0.43381453388793745,0.009689258624908246,0.4522143381453387,0.009689258624908246,0.4676780034254954,0.009689258624908246,0.4814778566185464,0.009689258624908246,0.49160753609004154,0.009689258624908246,0.4985074626865672,0.009689258624908246,0.5044286762906778,0.009689258624908246,0.5090286273550281,0.009689258624908246,0.5128945436750671,0.009689258624908246,0.5151945192072426,0.009689258624908246,0.5170051382432101,0.009199902128700746,0.5170051382432101,0.006899926596525559,0.5170051382432101,0.004844629312454123,0.5170051382432101,0.004844629312454123,0.5170051382432101,0.004844629312454123
Circle,0.6249929446294521,0.02793926737032229,0.6249929446294521,0.02793926737032229,0.6249929446294521,0.02793926737032229,0.6249929446294521,0.02793926737032229,0.6249929446294521,0.02793926737032229,0.6223401253033811,0.02793926737032229,0.6195744200485409,0.02793926737032229,0.6194050911553877,0.02793926737032229,0.6194050911553877,0.02793926737032229,0.6194050911553877,0.02793926737032229,0.6194050911553877,0.02793926737032229,0.6194050911553877,0.02793926737032229,0.6194050911553877,0.02793926737032229,0.6194050911553877,0.02793926737032229,0.6194050911553877,0.02793926737032229,0.6194050911553877,0.02793926737032229,0.6194050911553877,0.02793926737032229,0.6170909296156233,0.02793926737032229,0.6143252243607834,0.02793926737032229,0.6115595191059435,0.02793926737032229,0.6087938138511036,0.02793926737032229,0.6060281085962637,0.02793926737032229,0.6032624033414234,0.02793926737032229,0.6004966980865836,0.02793926737032229,0.5977309928317437,0.02793926737032229,0.5970536772591298,0.02793926737032229,0.5970536772591298,0.02793926737032229,0.6031495174126549,0.02793926737032229,0.6114466331771748,0.02793926737032229,0.625670260202066,0.02793926737032229,0.6422644917311057,0.02793926737032229,0.6646159056273638,0.029858328159394907,0.6895072529209236,0.03262403341423489,0.7181238358638601,0.04097759214313941,0.7485465936671001,0.05204041316249935,0.7843878760512507,0.06852175876277027,0.8231077496190103,0.08788169554665022,0.8565784274990125,0.11774002370604521,0.8870011853022524,0.153694192018965,0.9140373652424227,0.19642151605802355,0.9389287125359829,0.24343850539030318,0.9589095219280918,0.2970028785911838,0.9755037534571315,0.35508268894282335,0.98893717898064,0.41948411130552593,1.0,0.48862674267652545,0.9897273804820229,0.5562454140091438,0.9620703279336232,0.6226223401253035,0.925608172941243,0.6816616808714794,0.8813568888638033,0.734210080713439,0.8300502342383026,0.7782920358977254,0.7719704238866627,0.8142462042106451,0.7098267200993398,0.8447818479426539,0.6434497939831801,0.8696731952362138,0.578371056047864,0.8867754134447141,0.5147598351865437,0.8950725292092341,0.4523903595416831,0.8971609188914601,0.39154484393520333,0.8916295083817801,0.3330699328328722,0.8801715866117288,0.2777558277360725,0.8608116498278489,0.22921487836541177,0.8369362758932098,0.19049500479765213,0.80651351808997,0.15499238019980804,0.7728735113168143,0.12456962239656848,0.7341536377490543,0.09617881131117026,0.6954337641812948,0.07128746401761017,0.6567138906135348,0.04927470790765928,0.6170344866512385,0.03268047637861954,0.5755489078286389,0.017892419709883194,0.5331602415758872,0.006829598690523262,0.4889089574984474,0.0,0.4455043178867751,0.0027657052548402217,0.4040187390641754,0.008692216515211626,0.36253316024157556,0.022520742789411463,0.3210475814189757,0.03855054467460661,0.28029576113337445,0.06067618671332648,0.24157588756561466,0.08483377546988803,0.20488796071569657,0.11525653327312792,0.17446520291245676,0.14630016368459706,0.14528419032567574,0.17948862674267688,0.12039284303211589,0.2138059490884465,0.09719478467009078,0.25252582265620643,0.08060055314105087,0.29124569622396634,0.0645143082914714,0.3299655697917259,0.05068578201727148,0.36868544335948555,0.03776034317322342,0.40740531692724546,0.02946322740870347,0.4453349889936222,0.021561212394874955,0.478523452051702,0.01602980188519499,0.510357283964554,0.010837049161821969,0.5324829260032738,0.008071343906981986,0.5540441383981491,0.005587853474064458,0.570638369927189,0.005587853474064458,0.5865552858836147,0.005587853474064458,0.5948524016481348,0.005587853474064458,0.6028108596263475,0.005587853474064458,0.6055765648811878,0.005587853474064458,0.6083422701360277,0.005474967545295476,0.6111079753908676,0.002709262290455492,0.6138172376813231,0.0,0.6138172376813231,0.0,0.6138172376813231,0.0
Circle,0.5107273678702251,0.06907378335949764,0.5079365079365079,0.06907378335949764,0.5051456480027907,0.06907378335949764,0.5023547880690736,0.06907378335949764,0.4995639281353571,0.06907378335949764,0.49677306820163963,0.06907378335949764,0.4939822082679228,0.06907378335949764,0.4934589220303507,0.06907378335949764,0.4934589220303507,0.06907378335949764,0.4934589220303507,0.06907378335949764,0.4934589220303507,0.06907378335949764,0.4934589220303507,0.06907378335949764,0.4934589220303507,0.06907378335949764,0.4934589220303507,0.06907378335949764,0.4934589220303507,0.06907378335949764,0.4934589220303507,0.06907378335949764,0.4934589220303507,0.06907378335949764,0.4934589220303507,0.06907378335949764,0.4934589220303507,0.06907378335949764,0.4934589220303507,0.06907378335949764,0.4934589220303507,0.06907378335949764,0.4934589220303507,0.0680272108843537,0.4934589220303507,0.06523635095063662,0.4934589220303507,0.06331763474620616,0.4934589220303507,0.06331763474620616,0.4934589220303507,0.06261991976277688,0.4934589220303507,0.059829059829059804,0.4934589220303507,0.057561486132914695,0.4934589220303507,0.057561486132914695,0.493807779522065,0.05721262864120005,0.4965986394557825,0.05442176870748298,0.49973835688121426,0.051805337519623226,0.5081109366823654,0.051805337519623226,0.5164835164835165,0.051805337519623226,0.5332286760858191,0.051805337519623226,0.5499738356881217,0.051805337519623226,0.577184720041863,0.051805337519623226,0.6050933193790337,0.051805337519623226,0.6403279260422117,0.059131344845630596,0.6766091051805337,0.06750392464678173,0.7196930054072912,0.08267922553636844,0.7643467643467644,0.09942438513867088,0.8110936682365254,0.12454212454212447,0.8585382871097158,0.1524507238792952,0.8963893249607539,0.18995290423861866,0.9298796441653587,0.23181580324437484,0.958137100994244,0.2824001395429968,0.9832548403976977,0.3382173382173383,0.9958137100994243,0.3956043956043957,0.9986045700331414,0.45421245421245415,1.0,0.5128205128205127,1.0,0.5714285714285713,0.9841269841269842,0.6288156288156288,0.9478458049886618,0.6846328274899706,0.9021454735740451,0.7362637362637363,0.8407465550322692,0.7809174952032095,0.7758590615733469,0.8220826792255362,0.7032967032967032,0.8555729984301411,0.6293389150532009,0.886272457701029,0.5511948369091225,0.9085993371707656,0.47462061747775985,0.9267399267399267,0.40484911913483296,0.9267399267399267,0.3361241932670503,0.9242979242979241,0.27472527472527447,0.9047619047619047,0.21437292865864296,0.8841793127507411,0.16971916971916978,0.8478981336124193,0.1250654107796966,0.8116169544740972,0.09157509157509171,0.7669631955346241,0.05808477237048683,0.7223094365951509,0.03767660910518062,0.675039246467818,0.018140589569161186,0.6275946275946277,0.008372579801151466,0.5752660038374326,0.0,0.5222396650968082,0.0029652886795743143,0.469213326356183,0.008547008547008626,0.4161869876155587,0.022501308215594405,0.3652537938252221,0.03924646781789668,0.3150183150183146,0.06174777603349043,0.27053898482469885,0.08686551543694418,0.22867608581894272,0.11372754229897082,0.1920460491889062,0.14163614163614172,0.1585557299843013,0.1726844583987441,0.12820512820512817,0.20617477760334932,0.10029652886795741,0.24106052677481243,0.07657421943136233,0.2773417059131345,0.05703819989534273,0.3124018838304551,0.039944182801325646,0.3458922030350603,0.025989883132740355,0.3783359497645213,0.015175300889586624,0.4090354090354093,0.009593581022152395,0.43799058084772385,0.004884004884004859,0.4631083202511776,0.002093144950287785,0.48613291470434344,0.0,0.5028780743066458,0.0,0.5185766614338044,0.0,0.5297401011686727,0.0,0.5402058259201117,0.0,0.5457875457875461,0.0,0.5511948369091229,0.0,0.5539856968428397,0.0,0.5567765567765568,0.0
Circle,0.5997854077253219,0.0,0.5971030042918453,0.0,0.5944206008583692,0.0,0.5938841201716738,0.0,0.5938841201716738,0.0,0.5938841201716738,0.0,0.5938841201716738,0.0,0.5928111587982833,0.0,0.5901287553648069,0.0,0.5879828326180258,0.0,0.5879828326180258,0.0,0.5879828326180258,0.0,0.5879828326180258,0.0,0.5879828326180258,0.0,0.5879828326180258,0.0,0.5879828326180258,0.0,0.5879828326180258,0.0,0.5879828326180258,0.0,0.5879828326180258,0.0,0.5879828326180258,0.0,0.5879828326180258,0.0,0.5879828326180258,0.0,0.5879828326180258,0.0,0.5879828326180258,0.0,0.5879828326180258,0.0,0.5879828326180258,0.0,0.5879828326180258,0.0,0.5879828326180258,0.0,0.5879828326180258,0.0,0.5901287553648069,0.0,0.5954935622317595,0.0,0.6024678111587982,0.0,0.6158798283261804,0.0,0.6292918454935622,0.0,0.648068669527897,0.0,0.6668454935622314,0.0,0.6899141630901287,0.006437768240343363,0.714055793991416,0.014484978540772441,0.7414163090128756,0.025751072961373453,0.7709227467811159,0.03916309012875531,0.8057939914163088,0.059012875536480526,0.8487124463519313,0.08851931330472104,0.8889484978540773,0.12017167381974239,0.9184549356223176,0.1604077253218882,0.947961373390558,0.20064377682403436,0.9694206008583691,0.2542918454935621,0.9908798283261805,0.30793991416309024,0.9973175965665237,0.36158798283261795,1.0,0.4152360515021457,0.9914163090128753,0.4704935622317598,0.9753218884120172,0.5268240343347639,0.9527896995708158,0.581008583690987,0.9206008583690988,0.6319742489270387,0.8851931330472104,0.6807939914163091,0.8369098712446356,0.7210300429184547,0.7886266094420601,0.7612660944206009,0.7269313304721031,0.7880901287553648,0.6652360515021462,0.8149141630901287,0.5928111587982833,0.8353004291845495,0.5177038626609444,0.8540772532188843,0.44581545064377665,0.8615879828326181,0.3760729613733907,0.8615879828326181,0.3116952789699571,0.8562231759656653,0.2553648068669527,0.8428111587982833,0.2022532188841204,0.826716738197425,0.1620171673819745,0.7998927038626611,0.12178111587982828,0.7730686695278971,0.09227467811158793,0.7381974248927041,0.06276824034334759,0.703326180257511,0.041845493562231946,0.6641630901287555,0.02306866952789715,0.6239270386266096,0.01072961373390555,0.5836909871244634,0.0026824034334763038,0.5434549356223176,0.0,0.5032188841201718,0.0053648068669526075,0.46298283261802603,0.012875536480686726,0.4227467811158803,0.028969957081544883,0.3825107296137339,0.04506437768240338,0.342274678111588,0.06920600858369111,0.307403433476395,0.09334763948497853,0.27253218884120195,0.12178111587982828,0.24409871244635217,0.15128755364806895,0.2172746781115878,0.182403433476395,0.1936695278969957,0.21459227467811134,0.1722103004291846,0.24678111587982798,0.15289699570815452,0.278969957081545,0.13680257510729626,0.310085836909871,0.12178111587982844,0.3369098712446354,0.11105150214592273,0.3637339055793991,0.10032188841201718,0.3878755364806865,0.0949570815450644,0.4120171673819739,0.08959227467811162,0.4297210300429181,0.08637339055793994,0.445815450643777,0.08369098712446356,0.4603004291845494,0.08261802575107297,0.47371244635193127,0.08261802575107297,0.4849785407725323,0.08261802575107297,0.49302575107296115,0.08261802575107297,0.500536480686695,0.08261802575107297,0.5059012875536483,0.08261802575107297,0.5112660944206009,0.08261802575107297
Circle,0.5906614785992218,0.044941634241245136,0.5906614785992218,0.044941634241245136,0.5906614785992218,0.044941634241245136,0.5906614785992218,0.044941634241245136,0.5906614785992218,0.044941634241245136,0.5906614785992218,0.044941634241245136,0.5883268482490271,0.044941634241245136,0.5857976653696498,0.044941634241245136,0.5832684824902725,0.044941634241245136,0.5807392996108952,0.044941634241245136,0.5782101167315176,0.044941634241245136,0.5756809338521403,0.044941634241245136,0.5731517509727625,0.044941634241245136,0.5714007782101168,0.0441634241245136,0.5714007782101168,0.041634241245136185,0.5714007782101168,0.039105058365758776,0.5714007782101168,0.03852140077821012,0.5714007782101168,0.03852140077821012,0.5714007782101168,0.03852140077821012,0.5714007782101168,0.03852140077821012,0.5714007782101168,0.03852140077821012,0.5731517509727625,0.036770428015564245,0.5756809338521403,0.034241245136186836,0.5797665369649806,0.0321011673151751,0.5924124513618676,0.0321011673151751,0.6050583657587549,0.0321011673151751,0.6223735408560311,0.0321011673151751,0.6426070038910509,0.0321011673151751,0.6634241245136185,0.03229571984435799,0.6912451361867705,0.034824902723735396,0.7190661478599222,0.0373540856031129,0.7482490272373542,0.04260700389105061,0.7785992217898832,0.05019455252918285,0.8089494163424125,0.05778210116731518,0.8392996108949418,0.08054474708171198,0.8696498054474707,0.10330739299610887,0.8953307392996112,0.13190661478599214,0.9155642023346305,0.1673151750972762,0.9357976653696498,0.20272373540856023,0.9513618677042799,0.24747081712062258,0.9665369649805449,0.29299610894941647,0.9797665369649807,0.34143968871595337,0.98988326848249,0.3945525291828791,1.0,0.44766536964980524,0.988715953307393,0.5071984435797664,0.9735408560311284,0.5678988326848249,0.9529182879377429,0.6285992217898833,0.9200389105058366,0.6892996108949417,0.8871595330739304,0.7499999999999997,0.8387159533073937,0.7951361867704279,0.785603112840467,0.8356031128404668,0.7307392996108953,0.8737354085603112,0.6700389105058366,0.9040856031128405,0.6093385214007784,0.9344357976653697,0.546887159533074,0.9577821011673152,0.4836575875486384,0.9780155642023346,0.4215953307392998,0.995136186770428,0.36595330739299614,0.995136186770428,0.31031128404669284,0.995136186770428,0.2608949416342412,0.9826848249027238,0.21536964980544757,0.9624513618677045,0.17101167315175128,0.9408560311284048,0.14066147859922196,0.9029182879377435,0.11031128404669265,0.8649805447470819,0.08404669260700409,0.8229571984435798,0.061284046692607105,0.777431906614786,0.03852140077821012,0.7319066147859923,0.02334630350194546,0.6863813229571982,0.008171206225681167,0.6408560311284051,0.0,0.5941634241245137,0.0,0.5461089494163425,0.0,0.4980544747081713,0.009338521400778475,0.4523346303501945,0.01945525291828776,0.4068093385214009,0.03346303501945511,0.3632295719844361,0.053696498054474774,0.32276264591439713,0.07392996108949408,0.28229571984435814,0.1005836575875484,0.24610894941634248,0.1284046692607004,0.21070038910505842,0.15778210116731511,0.1776264591439689,0.1906614785992221,0.1498054474708171,0.2235408560311284,0.12198443579766556,0.2583657587548639,0.10194552529182878,0.2937743190661478,0.08424124513618679,0.3291828793774318,0.06770428015564213,0.36459143968871577,0.05505836575875488,0.3999999999999997,0.04241245136186782,0.4319066147859921,0.03326848249027241,0.4622568093385214,0.02568093385214008,0.49143968871595345,0.01848249027237352,0.51420233463035,0.013424124513618694,0.5369649805447471,0.008365758754863869,0.5550583657587548,0.00486381322957194,0.5702334630350191,0.002334630350194619,0.5850194552529183,0.0,0.595136186770428,0.0,0.6052529182879376,0.0,0.6140077821011672,0.0,0.6215953307392993,0.0,0.6291828793774319,0.0
Circle,0.6157951406769346,0.004634614484340621,0.6157951406769346,0.004634614484340621,0.6157951406769346,0.004634614484340621,0.6157951406769346,0.004634614484340621,0.6157951406769346,0.004634614484340621,0.6157951406769346,0.0031365572772810496,0.6157951406769346,0.000983100042132887,0.6157951406769346,0.0,0.6157951406769346,0.0,0.6157951406769346,0.0,0.6157951406769346,0.0,0.615280183512008,0.0,0.6131267262768597,0.0,0.611160526192594,0.0,0.611160526192594,0.0,0.611160526192594,0.0,0.6091475118206078,0.0,0.6069940545854595,0.0,0.6048405973503113,0.0,0.6026871401151633,0.0,0.6005336828800151,0.0,0.5983802256448668,0.0,0.5993165113992791,0.0,0.6036234258695756,0.0,0.6107391976031086,0.0,0.6236599410139977,0.0,0.6380787416319462,0.0003745143017649093,0.6596133139834277,0.002527971536913006,0.6812415149103507,0.004775057347502462,0.7070830017321286,0.01123542905294695,0.7329244885539066,0.017695800758391503,0.7700014044286315,0.033519030007958396,0.8087636346612986,0.050746687889143764,0.8459809933991855,0.07569870324423018,0.8825897663967044,0.1036936473011563,0.9131126819905434,0.14020879172323397,0.9389541688123216,0.18327793642619722,0.9612377697673332,0.22990496699592697,0.9784654276485185,0.2815879406394833,0.9923224568138196,0.33383268573568653,0.9966293712841158,0.3876691166143905,1.0,0.44150554749309506,0.9956930855297038,0.49534197837179905,0.9913861710594073,0.5491784092505032,0.9541219980337999,0.6009550114695004,0.9153597678011328,0.6526379851130566,0.8610083797575019,0.6939281868826366,0.8028650344085015,0.7326904171153035,0.7376995459014088,0.7630260755582605,0.6687889143766677,0.7888675623800384,0.59557136838163,0.8114788633490944,0.5180469079162965,0.8308599784654276,0.44426759046861086,0.8427508075464631,0.3775104161790179,0.8405973503113152,0.3137025420158232,0.8359159215392539,0.2620195683722673,0.8208417208932168,0.21099199475679972,0.8052993773699733,0.1743832217592809,0.7794578905481954,0.1377744487617623,0.7536164037264174,0.1088432189504236,0.7200973737184588,0.08084827489349743,0.6856420579560882,0.060811759749075565,0.648003370628716,0.04358410186789027,0.609241140396049,0.02888441552361784,0.5679509386264686,0.01596367211272873,0.5248817939235056,0.006788071719488717,0.4808763634661301,0.0024811572491923923,0.4356537615280182,0.0,0.39164833107064273,0.0021534572351482287,0.3507326436028276,0.0054304573755910536,0.3103787275876596,0.016197743551331932,0.2737699545901408,0.02696502972707255,0.2371611815926221,0.046158887692523624,0.20476569448995843,0.06554000280885715,0.17246383596273598,0.09025794672534038,0.1454988062356633,0.11609943354711859,0.11965731941388497,0.14484340620757458,0.09816956135012396,0.174991807499649,0.07878844623379049,0.20514020879172315,0.06277795983334107,0.23528861008379728,0.049857216422452236,0.2646411684846214,0.03932400168531442,0.2926361125415476,0.03286362997986987,0.3196947708440617,0.02733954402883759,0.34338280043069175,0.025186086793689427,0.36693038715415977,0.023173072421703106,0.38846495950564125,0.023173072421703106,0.40999953185712273,0.023173072421703106,0.42760170404007297,0.023173072421703106,0.44482936192125827,0.023173072421703106,0.4587800196620009,0.023173072421703106,0.47170076307288994,0.023173072421703106,0.4819999063714247,0.023173072421703106,0.49061373531201735,0.023173072421703106,0.49824446421047697,0.023173072421703106,0.5047048359159214,0.023173072421703106,0.5105098075932775,0.023173072421703106,0.514816722063574,0.023173072421703106,0.5187959365198257,0.023173072421703106,0.5209493937549742,0.023173072421703106,0.5231028509901222,0.023173072421703106
Circle,0.6638220054861322,0.025144772935080766,0.6638220054861322,0.025144772935080766,0.6638220054861322,0.025144772935080766,0.6638220054861322,0.025144772935080766,0.6638220054861322,0.025144772935080766,0.6632124352331605,0.025144772935080766,0.6610789393477596,0.025144772935080766,0.6589454434623588,0.025144772935080766,0.658793050899116,0.025144772935080766,0.658793050899116,0.025144772935080766,0.6575739103931727,0.025144772935080766,0.6554404145077718,0.025144772935080766,0.653306918622371,0.025144772935080766,0.6511734227369704,0.025144772935080766,0.6490399268515693,0.025144772935080766,0.6487351417250837,0.02331606217616582,0.6487351417250837,0.021182566290764968,0.6487351417250837,0.020115818348064612,0.6487351417250837,0.020115818348064612,0.6493447119780554,0.020115818348064612,0.6536117037488571,0.020115818348064612,0.6578786955196588,0.020115818348064612,0.6688509600731484,0.020115818348064612,0.6816519353855531,0.020115818348064612,0.6962816214568728,0.020115818348064612,0.7133495885400792,0.020115818348064612,0.7305699481865283,0.020572996037793365,0.7497714111551357,0.02697348369399578,0.7689728741237425,0.03337397135019812,0.7912221883572079,0.044346235903687865,0.8146906430966168,0.0571472112160927,0.8389210606522404,0.07223407497714115,0.8645230112770497,0.09143553794574827,0.8901249619018591,0.11063700091435537,0.911459920755867,0.1383724474245656,0.932794879609875,0.16610789393477604,0.9500152392563243,0.20070100579091743,0.9649497104541297,0.23910393172813166,0.9786650411459921,0.27933556842426077,0.989332520572996,0.3241389820176777,1.0,0.36894239561109404,0.9769887229503198,0.41968911917098445,0.9513867723255102,0.47089302042060366,0.918469978665041,0.5220969216702224,0.8800670527278268,0.5733008229198414,0.8398354160316975,0.6222188357208166,0.79289850655288,0.6627552575434319,0.7459615970740626,0.7032916793660471,0.6862237122828404,0.732855836635172,0.6243523316062174,0.7605912831453825,0.5603474550441938,0.784059737884791,0.4942090825967691,0.8032612008533984,0.4298994209082594,0.8197195976836329,0.37656202377323983,0.8197195976836329,0.32322462663821994,0.8197195976836329,0.2799451386772323,0.8096616885096005,0.23940871685461756,0.7968607131971958,0.1997866504114597,0.7794879609875037,0.1613837244742458,0.7560195062480949,0.12389515391648881,0.7319414812557146,0.09829320329167915,0.6999390429747024,0.07269125266686977,0.6679366046936909,0.05166107893934765,0.6313623895153914,0.03245961597074055,0.5929594635781774,0.01706796708320625,0.5530326120085338,0.008533983541603125,0.5103626943005178,0.0,0.46769277659250225,0.002133495885400853,0.427156354769887,0.004266991770801563,0.3866199329472721,0.014629686071319847,0.3460835111246571,0.029564157269125247,0.3055470893020417,0.0463273392258458,0.2668393782383419,0.06766229807985376,0.23270344407192917,0.08899725693386157,0.19856750990551666,0.1142944224321854,0.17037488570557746,0.13989637305699507,0.1426394391953671,0.16793660469369084,0.11856141420298683,0.19780554708930165,0.09722645534897907,0.2285888448643708,0.07726302956415716,0.2627247790307833,0.0623285583663517,0.2968607131971958,0.04739408716854623,0.3309966473636089,0.03611703748857044,0.36513258153002137,0.0254495580615666,0.3982017677537333,0.016915574519963474,0.4302042060347458,0.010515086863760988,0.4619018591892716,0.004724169460530317,0.4917708015848824,0.0025906735751295355,0.5216397439804938,0.00045717768972875416,0.5481560499847606,0.0,0.57375800060957,0.0,0.5957025297165494,0.0009143553794575083,0.6127704967997563,0.0030478512648582897,0.6295336787564764,0.005181347150259071,0.6423346540688811,0.007314843035659852,0.6551356293812863,0.009448338921060635,0.6648887534288328,0.010057909174032306,0.6734227369704356,0.010057909174032306,0.6804327948796102,0.010057909174032306,0.6846997866504115,0.010057909174032306,0.688966778421213,0.010057909174032306
Circle,0.47348277747402956,0.013531984691088027,0.47348277747402956,0.013531984691088027,0.47348277747402956,0.013531984691088027,0.47348277747402956,0.013531984691088027,0.47348277747402956,0.013531984691088027,0.47348277747402956,0.013531984691088027,0.47348277747402956,0.013531984691088027,0.47348277747402956,0.013531984691088027,0.47348277747402956,0.013531984691088027,0.47348277747402956,0.013531984691088027,0.47348277747402956,0.013531984691088027,0.47348277747402956,0.013531984691088027,0.47348277747402956,0.013531984691088027,0.47348277747402956,0.013531984691088027,0.47348277747402956,0.013531984691088027,0.47348277747402956,0.013531984691088027,0.47348277747402956,0.013531984691088027,0.47375615090213236,0.013531984691088027,0.4765582285401862,0.013531984691088027,0.47936030617823966,0.013531984691088027,0.48598961180973227,0.013531984691088027,0.4943958447238931,0.013531984691088027,0.5050574084199018,0.013531984691088027,0.521869874248223,0.013531984691088027,0.5386823400765445,0.013531984691088027,0.5578868234007653,0.015924002186987397,0.5775013668671404,0.01872607982504106,0.5995762711864406,0.025218698742482275,0.624794969928923,0.036427009294696534,0.6502186987424823,0.04784034991798799,0.6838436303991254,0.06745489338436304,0.7174685620557686,0.08706943685073819,0.7528020776380536,0.11522689994532533,0.78922908693275,0.1488518316019683,0.8234691088026246,0.18411700382722804,0.848687807545107,0.2261481683980317,0.8739065062875889,0.26817933296883556,0.8947512301804266,0.3189584472389284,0.9143657736468016,0.37219792236194643,0.9319300164024057,0.42646254784035015,0.9459404045926734,0.4825041006014218,0.9599507927829415,0.5385456533624932,0.9686303991252054,0.5972525970475671,0.9770366320393659,0.6560962274466924,0.9674002186987425,0.713436303991252,0.9421815199562601,0.7694778567523238,0.9159376708583925,0.8234691088026246,0.8823127392017497,0.8626981957353744,0.848687807545107,0.9019272826681246,0.8051530891197376,0.9312465828321489,0.7575177692728271,0.9564652815746308,0.707422088572991,0.9775833788955713,0.651380535811919,0.9887916894477857,0.5953389830508476,1.0,0.5368370694368508,0.9964461454346638,0.4779934390377253,0.9908419901585567,0.4204483324220886,0.9800437397484967,0.3644067796610169,0.963231273920175,0.30891197375615087,0.9457353745215965,0.26407873154729344,0.914912520503007,0.21924548933843638,0.8840896664844179,0.1779661016949153,0.8461591033351559,0.1387370147621652,0.804127938764352,0.10196828868234029,0.760866593767086,0.07394751230180406,0.7132312739201748,0.045926735921268225,0.665595954073264,0.031437944231820406,0.6179606342263535,0.02022963367960615,0.5703253143794424,0.01120831055221426,0.5237834882449425,0.0056041552761073215,0.47895024603608544,0.0,0.43411700382722807,0.008064516129032487,0.3920174958993986,0.01647074904319328,0.34998633132859464,0.029592673592126726,0.3095270639693821,0.046405139420448306,0.27029797703663194,0.06444778567523247,0.23188901038819013,0.08966648441771445,0.19826407873154736,0.11488518316019683,0.1646391470749043,0.14215418261344978,0.13716511755057403,0.17017495899398563,0.11194641880809196,0.19997266265719002,0.08939311098961167,0.2335975943138328,0.07258064516129027,0.2672225259704756,0.05576817933296888,0.30084745762711873,0.04401312192454884,0.3344723892837615,0.03280481137233458,0.36673045379989033,0.022963367960634303,0.3975533078184804,0.014557135046473416,0.4277610716238382,0.006560962274466916,0.45017769272826674,0.0037588846364133514,0.4725943138326956,0.0009568069983597867,0.4913203936577364,0.0,0.508132859486058,0.0,0.5235784581738656,0.0,0.5347867687260799,0.0,0.5459950792782942,0.0,0.5548797156916346,0.0,0.5632859486057954,0.0,0.5705303444505191,0.0,0.5761344997266268,0.0,0.5817386550027338,0.0
Circle,0.5032679738562094,0.0,0.501256913021619,0.0,0.4992458521870287,0.0,0.4972347913524384,0.0,0.4952237305178484,0.0,0.4932126696832581,0.0,0.492207139265963,0.0,0.492207139265963,0.0,0.492207139265963,0.0,0.492207139265963,0.0,0.492207139265963,0.0,0.492207139265963,0.0,0.4982403217697339,0.0,0.5042735042735045,0.0,0.5113122171945705,0.0,0.5213675213675214,0.0,0.5314228255404729,0.0,0.5444947209653096,0.0,0.5605832076420314,0.0,0.5766716943187535,0.0,0.5957767722473608,0.0,0.6158873805932632,0.0,0.6359979889391656,0.0,0.6661639014580195,0.006033182503770756,0.6963298139768729,0.012066365007541512,0.7285067873303172,0.019607843137254916,0.7667169431875316,0.03167420814479635,0.8049270990447461,0.043740573152337855,0.8381096028154852,0.06083459024635497,0.8662644544997489,0.08295625942684769,0.8944193061840124,0.10507792860734048,0.9165409753645052,0.13624937154348934,0.9366515837104076,0.1704374057315235,0.9567621920563101,0.20462543991955764,0.9708396178984415,0.2508798391151334,0.9849170437405737,0.2971342383107091,0.9959778783308197,0.345399698340875,0.9979889391654103,0.39969834087481165,1.0,0.4539969834087483,0.9949723479135245,0.5093011563599801,0.9829059829059831,0.5656108597285072,0.9708396178984415,0.6219205630970341,0.930115635997989,0.6646556058320767,0.879839115133233,0.7028657616892915,0.8295625942684769,0.741075917546506,0.7591754650578182,0.7692307692307695,0.6887883358471597,0.797385620915033,0.6173956762192061,0.822523881347411,0.542986425339367,0.838612368024133,0.46857717445952707,0.8547008547008551,0.4002011060834589,0.8607340372046257,0.337858220211161,0.8567119155354452,0.2755153343388635,0.8526897938662648,0.22674710910005036,0.8320764203117148,0.18250377073906493,0.8059326294620415,0.13826043237807947,0.7797888386123683,0.10809451985922555,0.7435897435897437,0.07792860734037224,0.7073906485671195,0.05027652086475635,0.6701860231272,0.03016591251885362,0.6299648064353948,0.010055304172951206,0.5897435897435898,0.0,0.5485168426344896,0.0,0.5062845651080945,0.0,0.4640522875816995,0.012066365007541512,0.42182001005530423,0.02815485168426363,0.3795877325289091,0.044243338360985436,0.33735545500251396,0.07239819004524907,0.29914529914529925,0.10055304172951238,0.2609351432880846,0.13021618903971827,0.2247360482654602,0.1644042232277528,0.1945701357466062,0.19859225741578704,0.16440422322775258,0.2357968828557064,0.13826043237807942,0.27601809954751155,0.11613876319758669,0.3162393162393164,0.09401709401709397,0.3549522373051786,0.07792860734037209,0.3931623931623935,0.06385118149824034,0.431372549019608,0.049773755656108615,0.46556058320764193,0.039718451483157405,0.4997486173956761,0.029663147310206202,0.5324283559577684,0.021116138763197564,0.5605832076420314,0.017094017094017113,0.5887380593262951,0.013071895424836584,0.6128707893413781,0.010055304172951285,0.6329813976872801,0.008044243338360981,0.6530920060331828,0.006033182503770756,0.668677727501257,0.0055304172951231795,0.6827551533433891,0.0055304172951231795,0.6968325791855206,0.0055304172951231795,0.7068878833584721,0.0055304172951231795,0.716943187531423,0.0055304172951231795,0.7259929612870794,0.0055304172951231795,0.73202614379085,0.0055304172951231795,0.7380593262946209,0.0055304172951231795,0.7420814479638012,0.0055304172951231795,0.7440925087983912,0.0055304172951231795,0.7461035696329817,0.0055304172951231795,0.7466063348416292,0.0055304172951231795,0.7466063348416292,0.0055304172951231795,0.7466063348416292,0.0055304172951231795
Circle,0.5875370919881305,0.06472866267665846,0.5875370919881305,0.06472866267665846,0.5875370919881305,0.06472866267665846,0.5875370919881305,0.0641251320223307,0.5875370919881305,0.062264245838153195,0.5875370919881305,0.06040335965397578,0.5875370919881305,0.05854247346979836,0.5875370919881305,0.056681587285620866,0.5875370919881305,0.05482070110144344,0.5929688678770808,0.05477040688024946,0.5985515264296134,0.05477040688024946,0.6057938942815472,0.05477040688024946,0.6169592113866116,0.05477040688024946,0.6281245284916762,0.05477040688024946,0.6439169139465876,0.05477040688024946,0.6625257757883617,0.05477040688024946,0.6811346376301363,0.05477040688024946,0.7032640949554897,0.05653070462203891,0.7255947291656187,0.05839159080621633,0.7494341900115676,0.061761303626213335,0.7773474827742293,0.0692048483629231,0.8052607755368909,0.07664839309963284,0.8331740682995525,0.0885178293014133,0.8610873610622143,0.10340491877483281,0.8890006538248756,0.11829200824825231,0.9100739325051551,0.14172911532464927,0.9305436805311071,0.16592063571895593,0.9492028365940753,0.19328069204848375,0.9622290398833171,0.23049841573203245,0.9752552431725593,0.26771613941558126,0.9851129105265807,0.31021475632449835,0.9925564552632906,0.3567369109289344,1.0,0.4032590655333704,0.9908464517426948,0.45310063873660916,0.9796811346376302,0.5033445657094001,0.9648946336065984,0.5527837851430872,0.9369813408439368,0.5993059397475231,0.9090680480812757,0.6458280943519591,0.8731076799275762,0.685309057989237,0.8303072976914952,0.718805009304431,0.7875069154554142,0.7523009606196248,0.7366594578282954,0.7761404214655736,0.6845546446713273,0.798471055675703,0.6317457124176429,0.8169290348538953,0.5759191268923199,0.8187899210380728,0.5200925413669966,0.8206508072222501,0.4633103656389877,0.8148669717849418,0.4056228939294873,0.8018407684956999,0.34793542221998663,0.7888145652064578,0.29648443393854024,0.767992757632148,0.24624050696574928,0.7456621234220188,0.1984107026102699,0.7218226625760699,0.1630538651108986,0.6901875974450535,0.12769702761152754,0.658552532314037,0.09686667001961467,0.6251068752200372,0.07081426344113065,0.5897500377206657,0.04476185686264634,0.5543932002212943,0.027762410099079555,0.5175275360861036,0.012875320625659912,0.4803098124025547,0.0,0.44309208871900607,0.0,0.4058743650354574,0.0,0.36865664135190856,0.005985012322084221,0.3331489211889552,0.019011215611326515,0.2996529698737614,0.03203741890056853,0.26615701855856755,0.05089775184831266,0.23557813207262476,0.07136749987426463,0.20580395312578575,0.09244077855454416,0.17663330483327458,0.11849318513302819,0.15244178443896791,0.1445455917115125,0.12825026404466125,0.17220741336820408,0.10727757380676954,0.2019815923150431,0.09052959814917262,0.2317557712618821,0.07378162249157569,0.2615299502087211,0.061258361414273474,0.2913041291555601,0.05009304430920881,0.3210783081023991,0.039078609867726176,0.3508524870492381,0.029774178946839005,0.38062666599607714,0.020469748025951834,0.4104008449429161,0.013428557058793972,0.44017502388975516,0.009706784690439061,0.46994920283659414,0.005985012322084221,0.4942916058944826,0.003621183925966868,0.516622240104612,0.0017602977417894477,0.5386511089875774,0.0,0.5553990846451741,0.0,0.5721470603027711,0.0,0.5867826786702209,0.0007041190967158074,0.5979479957752856,0.0025650052808932275,0.6091133128803502,0.004425891465070648,0.616355680732284,0.006286777649248139,0.621938339284816,0.008147663833425559,0.6274707036161542,0.01000855001760298,0.6311924759845094,0.01186943620178047,0.6349142483528643,0.01373032238595782,0.6379821958456975,0.015591208570135311,0.6398430820298748,0.01745209475431273,0.6417039682140522,0.01931298093849022,0.6435648543982295,0.019916511592817987,0.6454257405824072,0.019916511592817987,0.6472866267665845,0.019916511592817987
Circle,0.704418762746431,0.0,0.704418762746431,0.0,0.704418762746431,0.0,0.7056424201223659,0.0,0.7075458871515978,0.0,0.7105370496261048,0.0,0.7162474507138001,0.0,0.7219578518014954,0.0,0.731203263086336,0.0,0.740720598232495,0.0,0.7535010197144797,0.0,0.7687287559483347,0.0,0.7847722637661454,0.0008157715839565154,0.8038069340584635,0.004622705642420126,0.8228416043507817,0.008429639700883802,0.8418762746430999,0.01549966009517341,0.8609109449354181,0.02311352821210063,0.8799456152277363,0.03358259687287559,0.8989802855200545,0.0469068660774983,0.9177430319510538,0.06104690686607751,0.9348742352141401,0.08008157715839563,0.9520054384772266,0.09911624745071382,0.964649898028552,0.1226376614547927,0.9760707002039429,0.1473827328348063,0.9858599592114209,0.17620666213460234,0.9934738273283484,0.21046906866077497,1.0,0.2452753229095854,0.992386131883073,0.28715159755268527,0.9847722637661456,0.3290278721957852,0.9703602991162473,0.3763426240652617,0.9532290958531611,0.42583276682528903,0.9347382732834806,0.47532290958531626,0.9138001359619308,0.5248130523453435,0.8928619986403807,0.5743031951053705,0.8319510537049629,0.6085656016315432,0.7710401087695444,0.642828008157716,0.7064581917063224,0.6709721278042149,0.6398368456832085,0.6957171991842285,0.5715839564921824,0.7144799456152278,0.4992522093813729,0.7182868796736914,0.4269204622705641,0.722093813732155,0.36342624065261725,0.7064581917063223,0.3006118286879669,0.6893269884432358,0.2454112848402447,0.6656696125084977,0.19592114208021738,0.6371176070700203,0.14969408565601636,0.6073419442556086,0.11543167912984374,0.5730795377294358,0.0811692726036706,0.538817131203263,0.059959211420802225,0.4996600951733515,0.04092454112848404,0.4596872875594833,0.024745071380013535,0.4197144799456153,0.01142080217539096,0.37974167233174705,0.0,0.34031271244051653,0.0,0.3041468388851123,0.0,0.26798096532970767,0.008973487423521415,0.23630183548606373,0.020394289598912374,0.20584636301835485,0.03589394969408566,0.17702243371855866,0.056832087015635455,0.1503738953093134,0.07831407205982344,0.1242692046227056,0.10686607749830071,0.10523453433038736,0.13541808293677773,0.0861998640380693,0.16532970768184918,0.07124405166553358,0.1957851801495581,0.05791978246091094,0.22692046227056445,0.04663494221617952,0.25927940176750547,0.03902107409925217,0.29163834126444593,0.03140720598232495,0.32019034670292323,0.02950373895309308,0.3487423521414005,0.027600271923861337,0.37484704282800824,0.02814411964649895,0.39959211420802176,0.03004758667573082,0.4221617946974846,0.03303874915023792,0.4392929979605709,0.0387491502379334,0.45642420122365723,0.044459551325628816,0.4700203942895989,0.050169952413324295,0.4833446634942217,0.055880353501019775,0.4944935418082936,0.060503059143439834,0.5040108769544527,0.06430999320190345,0.5127124405166555,0.06811692726036712,0.5184228416043506,0.07192386131883073,0.5241332426920462,0.07573079537729434,0.5282121006118288,0.07790618626784505,0.5320190346702925,0.07980965329707679,0.535825968728756,0.08171312032630859,0.5396329027872198,0.08361658735554046,0.5431679129843644,0.08524813052345344,0.5450713800135962,0.08524813052345344,0.5469748470428278,0.08524813052345344,0.5488783140720598,0.08524813052345344,0.5507817811012916,0.08524813052345344,0.5518694765465669,0.08524813052345344,0.5518694765465669,0.08524813052345344,0.5518694765465669,0.08524813052345344,0.5518694765465669,0.08524813052345344,0.5518694765465669,0.08524813052345344,0.5518694765465669,0.08524813052345344,0.5518694765465669,0.08524813052345344,0.5518694765465669,0.08524813052345344,0.5518694765465669,0.08524813052345344,0.5518694765465669,0.08524813052345344
Circle,0.6054240893379421,0.04211645838872641,0.603243818133475,0.04211645838872641,0.6010635469290082,0.04211645838872641,0.6001595320393514,0.04211645838872641,0.6001595320393514,0.04211645838872641,0.5997872906141986,0.04211645838872641,0.5976070194097315,0.04211645838872641,0.5954267482052646,0.04211645838872641,0.5932464770007979,0.04211645838872641,0.5910662057963311,0.04211645838872641,0.5896304174421697,0.04211645838872641,0.5896304174421697,0.04211645838872641,0.5896304174421697,0.04211645838872641,0.5876096782770543,0.04211645838872641,0.5854294070725872,0.04211645838872641,0.5832491358681201,0.04211645838872641,0.5810688646636536,0.04211645838872641,0.5788885934591864,0.04211645838872641,0.5767083222547194,0.04211645838872641,0.5745280510502528,0.04211645838872641,0.5738367455463973,0.04211645838872641,0.5738367455463973,0.04211645838872641,0.57676149960117,0.04211645838872641,0.5876628556235046,0.04211645838872641,0.598564211645839,0.04211645838872641,0.6169103961712309,0.04211645838872641,0.636532837011433,0.04211645838872641,0.6666843924488168,0.04403084286094123,0.7102898165381548,0.04839138526987507,0.7538952406274928,0.05296463706461049,0.7975006647168308,0.06604626429141187,0.8411060888061688,0.07912789151821326,0.8767349109279448,0.10284498803509715,0.9072587077904816,0.1333687848976336,0.9360808295666049,0.16601967561818676,0.9578835416112735,0.2074448285030578,0.9796862536559429,0.24886998138792882,0.9912789151821327,0.2954001595320394,1.0,0.3433661260303112,0.9999468226535497,0.3929274129220953,0.9846849242222815,0.445253921829301,0.9694230257910132,0.49758043073650626,0.9334219622440839,0.551980856155278,0.8963573517681469,0.6064876362669507,0.8487636266950281,0.6551449082690773,0.7920765753788886,0.6987503323584155,0.7332624302047329,0.7407604360542411,0.6591332092528587,0.7712842329167775,0.5850039883009839,0.8018080297793142,0.5108747673491091,0.8246211114065409,0.4367455463972351,0.8442435522467431,0.3645307099175752,0.8581228396703006,0.2969423025791011,0.8581228396703006,0.2293538952406276,0.8581228396703006,0.18090933262430214,0.8408933794203671,0.13512363733049704,0.821270938580165,0.09540015953203938,0.795586280244616,0.06269609146503605,0.7628822121776124,0.030949215634139843,0.7296463706461048,0.017867588407338385,0.6860409465567666,0.004785961180536928,0.642435522467429,0.0,0.5974474873703802,0.0,0.5516617920765753,0.002871576708322337,0.5058760967827708,0.015953203935123495,0.4600904014889657,0.029034831161924953,0.41430470619516074,0.04913586812018071,0.37027386333421985,0.0709385801648497,0.32666843924488176,0.09529380483913885,0.284764690241957,0.12363733049720828,0.24551980856155306,0.151980856155278,0.20627492688114868,0.18670566338739708,0.17341132677479396,0.22159000265886752,0.14070725870779038,0.257697420898697,0.11411858548258454,0.2947620313746346,0.09231587343791547,0.33182664185057187,0.07147035362935385,0.3688912523265088,0.05620845519808565,0.4059558628024461,0.040946556766817306,0.4398298324913588,0.03047061951608612,0.4725339005583622,0.02174953469821858,0.5038553576176553,0.014411060888061648,0.5321988832757248,0.01005051847912788,0.5605424089337943,0.00568997607019411,0.5829832491358685,0.0032969954799254965,0.6047859611805372,0.0011167242754586866,0.6233980324381814,0.0,0.6386599308694499,0.0,0.6536027652220154,0.0,0.6645041212443498,0.0,0.6754054772666844,0.0,0.6834352565806967,0.0,0.6899760701940975,0.0,0.695985110342994,0.0,0.7003456527519276,0.0,0.7047061951608615,0.0,0.7072587077904814,0.0,0.7094389789949482,0.0,0.7116192501994153,0.0,0.7137995214038818,0.0,0.715979792608349,0.0
Circle,0.7626315789473684,0.005789473684210526,0.7601754385964908,0.005789473684210526,0.7577192982456139,0.005789473684210526,0.755263157894737,0.005789473684210526,0.75280701754386,0.005789473684210526,0.7503508771929824,0.005789473684210526,0.7478947368421055,0.005789473684210526,0.7454385964912282,0.005789473684210526,0.742982456140351,0.005789473684210526,0.7405263157894737,0.005789473684210526,0.7394736842105264,0.004385964912280662,0.7394736842105264,0.0019298245614034811,0.7394736842105264,0.0,0.7394736842105264,0.0,0.7394736842105264,0.0,0.7394736842105264,0.0,0.7394736842105264,0.0,0.7394736842105264,0.0,0.7394736842105264,0.0,0.7401754385964913,0.0,0.7450877192982458,0.0,0.75,0.0,0.7626315789473684,0.0,0.7773684210526314,0.0,0.7952631578947368,0.001052631578947316,0.8173684210526319,0.0035087719298245784,0.8396491228070176,0.006491228070175457,0.8642105263157895,0.016315789473684263,0.8887719298245615,0.026140350877193064,0.9098245614035085,0.04473684210526311,0.9294736842105263,0.0668421052631579,0.9473684210526314,0.09333333333333342,0.9621052631578947,0.12771929824561404,0.9768421052631578,0.16210526315789472,0.9866666666666666,0.2087719298245614,0.9964912280701753,0.2554385964912281,1.0,0.30842105263157893,1.0,0.36491228070175435,0.9964912280701753,0.42280701754385963,0.9842105263157893,0.4842105263157897,0.9719298245614034,0.5456140350877191,0.9436842105263157,0.609298245614035,0.9142105263157891,0.6731578947368423,0.8707017543859651,0.7257894736842103,0.8166666666666662,0.77,0.7589473684210527,0.8110526315789471,0.6877192982456141,0.8405263157894736,0.6164912280701751,0.8700000000000001,0.5473684210526316,0.8868421052631578,0.4785964912280699,0.901578947368421,0.41228070175438614,0.9064912280701756,0.3484210526315789,0.901578947368421,0.28666666666666657,0.8938596491228068,0.23754385964912295,0.869298245614035,0.18842105263157902,0.8447368421052629,0.1508771929824558,0.8066666666666663,0.11649122807017545,0.7649122807017543,0.08631578947368403,0.7199999999999996,0.06175438596491238,0.6708771929824561,0.03789473684210535,0.6217543859649121,0.023157894736842103,0.5726315789473682,0.008421052631578857,0.5235087719298244,0.0024561403508772625,0.47438596491228047,0.0,0.42526315789473684,0.0028070175438597287,0.3778947368421053,0.015087719298245712,0.33368421052631553,0.027368421052631695,0.28947368421052627,0.04701754385964914,0.25017543859649105,0.06666666666666658,0.2108771929824562,0.09105263157894748,0.1778947368421052,0.1180701754385967,0.14842105263157887,0.1464912280701758,0.12105263157894734,0.17842105263157923,0.09894736842105255,0.21035087719298265,0.07684210526315793,0.2468421052631578,0.06157894736842098,0.2836842105263161,0.046842105263157824,0.3205263157894737,0.03491228070175439,0.35736842105263167,0.025087719298245666,0.39315789473684254,0.016842105263157877,0.42508771929824596,0.014385964912280698,0.45701754385964904,0.011929824561403518,0.48263157894736874,0.011578947368421052,0.5071929824561404,0.011578947368421052,0.5280701754385966,0.012807017543859682,0.5452631578947371,0.015263157894736862,0.5617543859649123,0.017719298245614044,0.5740350877192983,0.020175438596491225,0.5863157894736847,0.022631578947368402,0.5966666666666669,0.023157894736842103,0.6064912280701756,0.023157894736842103,0.6142105263157895,0.023157894736842103,0.6191228070175437,0.023157894736842103,0.6240350877192979,0.023157894736842103,0.6289473684210525,0.023157894736842103,0.633859649122807,0.023157894736842103,0.6370175438596493,0.023157894736842103,0.6394736842105265,0.023157894736842103,0.6419298245614035,0.022280701754385936,0.644385964912281,0.01982456140350876,0.6468421052631579,0.017368421052631578
Circle,0.6641414141414139,0.03977272727272727,0.6616161616161613,0.03977272727272727,0.6590909090909087,0.03977272727272727,0.6584595959595958,0.03977272727272727,0.6584595959595958,0.03977272727272727,0.6584595959595958,0.038510101010100974,0.6584595959595958,0.035984848484848536,0.6578282828282828,0.03409090909090909,0.6553030303030302,0.03409090909090909,0.6527777777777776,0.03409090909090909,0.6527777777777776,0.03409090909090909,0.6527777777777776,0.03409090909090909,0.6527777777777776,0.03409090909090909,0.6527777777777776,0.03409090909090909,0.6515151515151513,0.03409090909090909,0.6489898989898987,0.03409090909090909,0.6470959595959594,0.03409090909090909,0.6470959595959594,0.03409090909090909,0.6470959595959594,0.03409090909090909,0.6470959595959594,0.03409090909090909,0.6470959595959594,0.03409090909090909,0.6470959595959594,0.03409090909090909,0.6470959595959594,0.03409090909090909,0.6470959595959594,0.03409090909090909,0.6470959595959594,0.03409090909090909,0.6496212121212117,0.03409090909090909,0.6597222222222218,0.03409090909090909,0.6698232323232322,0.03409090909090909,0.6874999999999997,0.03409090909090909,0.7051767676767672,0.03409090909090909,0.7361111111111107,0.04166666666666664,0.7714646464646461,0.05176767676767679,0.8080808080808078,0.0694444444444444,0.8459595959595958,0.09469696969696964,0.8813131313131312,0.1237373737373737,0.9090909090909087,0.16414141414141412,0.9368686868686867,0.20454545454545456,0.9545454545454543,0.2601010101010099,0.9722222222222221,0.3156565656565656,0.9861111111111107,0.37499999999999983,0.9987373737373737,0.4356060606060607,1.0,0.4949494949494948,0.9898989898989896,0.5530303030303028,0.9747474747474747,0.6098484848484848,0.9444444444444445,0.6628787878787876,0.9141414141414139,0.7159090909090909,0.8611111111111114,0.7613636363636362,0.8080808080808078,0.8068181818181818,0.7380050505050503,0.8428030303030302,0.662247474747475,0.875631313131313,0.587752525252525,0.9034090909090909,0.5145202020202023,0.9261363636363636,0.4431818181818182,0.9438131313131312,0.37752525252525293,0.9463383838383838,0.3118686868686867,0.9488636363636364,0.2563131313131315,0.9362373737373737,0.20075757575757597,0.923611111111111,0.15845959595959577,0.8977272727272727,0.12058080808080812,0.8674242424242425,0.087752525252525,0.8295454545454546,0.0599747474747474,0.7840909090909094,0.03535353535353507,0.7367424242424243,0.020202020202019808,0.6837121212121214,0.005050505050504871,0.6306818181818182,0.002525252525252274,0.5776515151515152,0.0,0.5246212121212125,0.005050505050504871,0.4734848484848487,0.01262626262626234,0.4229797979797984,0.0265151515151513,0.37373737373737387,0.04671717171717143,0.32575757575757597,0.06944444444444448,0.2796717171717172,0.09974747474747435,0.23926767676767693,0.13005050505050486,0.19886363636363635,0.16792929292929254,0.16351010101010113,0.2058080808080802,0.1281565656565659,0.24747474747474676,0.10037878787878815,0.29040404040403994,0.0751262626262625,0.3345959595959591,0.05366161616161615,0.38005050505050486,0.035984848484848536,0.4236111111111107,0.02083333333333344,0.461489898989899,0.01325757575757573,0.4993686868686867,0.005681818181818182,0.5347222222222218,0.0031565656565656656,0.5700757575757568,0.0006313131313131493,0.6016414141414136,0.0,0.6319444444444445,0.0,0.6584595959595958,0.0012626262626262985,0.6811868686868685,0.003787878787878815,0.7026515151515149,0.005681818181818182,0.7203282828282824,0.005681818181818182,0.7380050505050503,0.005681818181818182,0.750631313131313,0.005681818181818182,0.7632575757575757,0.005681818181818182,0.7739898989898987,0.005681818181818182,0.7840909090909087,0.005681818181818182,0.7916666666666665,0.005681818181818182,0.7967171717171714,0.005681818181818182,0.8011363636363633,0.005681818181818182,0.8036616161616159,0.005681818181818182,0.8061868686868685,0.005681818181818182
Circle,0.7304194778527427,0.135523613963039,0.7304194778527427,0.1335191160653173,0.7304194778527427,0.1315146181675956,0.7304194778527427,0.13068348489293047,0.7304194778527427,0.13068348489293047,0.7300772465043515,0.13068348489293047,0.7280727486066295,0.13068348489293047,0.7260682507089079,0.13068348489293047,0.7240637528111863,0.13068348489293047,0.7220592549134643,0.13068348489293047,0.7200547570157427,0.13068348489293047,0.718050259118021,0.13068348489293047,0.7160457612202994,0.13068348489293047,0.7140412633225776,0.13068348489293047,0.7120367654248558,0.13068348489293047,0.7110589615723086,0.13068348489293047,0.7110589615723086,0.13068348489293047,0.7110589615723086,0.13068348489293047,0.7110589615723086,0.13068348489293047,0.7110589615723086,0.13068348489293047,0.7137968123594408,0.13068348489293047,0.7178058081548842,0.13068348489293047,0.7234281803070304,0.13068348489293047,0.7334506697956389,0.13068348489293047,0.7434731592842478,0.13068348489293047,0.7586291189987288,0.13068348489293047,0.7746651021805027,0.13068348489293047,0.7933411557641538,0.13332355529480786,0.8153906326390926,0.13933704898797297,0.8375378898992861,0.14559499364427494,0.8635963625696685,0.16163097682604866,0.8896548352400512,0.17766696000782245,0.9108242886476973,0.20225872689938393,0.9288647697271928,0.2323261953652097,0.9461230077246505,0.2647403930771488,0.9601544930087023,0.3068348489293047,0.9741859782927546,0.34892930478146084,0.9850884912486555,0.39884619145399436,0.9951109807372642,0.4509631367947588,1.0,0.5067468465825757,0.9959910042045568,0.568886281411949,0.9919820084091132,0.6310257162413219,0.9746259900264007,0.6817248459958933,0.9565855089469054,0.7318372934389362,0.8890681529285228,0.7744206512173657,0.7788207685538282,0.8105016133763565,0.6705289918842277,0.8451158697565269,0.5763175906913074,0.8691698445291873,0.4821061894983867,0.893223819301848,0.40490857533978675,0.8974283758678008,0.334751148919527,0.8934193800723574,0.2704605456145497,0.883543561161631,0.22034809817150658,0.8594895863889702,0.1702356507284643,0.8354356116163097,0.1342035787621004,0.7990613083015548,0.10012711450083121,0.7609758482448419,0.07255304585900081,0.7191747335484502,0.052508066881783624,0.6730712819008506,0.03285420944558532,0.6268700498679963,0.020827222059254955,0.578762100322675,0.008800234672924586,0.5306541507773541,0.0031289723281510617,0.483817346240344,0.0011244744304294253,0.43771389459274446,0.0,0.3924904664124376,0.002004497897721911,0.35039601056028147,0.004008995795443547,0.3083015547081255,0.014080375476679502,0.271047227926078,0.02610736286300987,0.23496626576708718,0.04204556565952879,0.20123203285420938,0.06409504253446761,0.1711645643883838,0.08614451940940672,0.14109709592255795,0.11406081939962878,0.1168964505720152,0.14212378996773278,0.09284247579935453,0.17356018382712424,0.07328639874841109,0.20763664808839344,0.057250415566637305,0.24200645350542707,0.04180111469639185,0.2780874156644179,0.02977412731006162,0.31416837782340873,0.017747139923731323,0.348782634203579,0.010120269873863314,0.38285909846484795,0.00410677618069813,0.41439327270949494,0.0,0.440451745379877,0.0,0.4665102180502591,0.0,0.48895081646621713,0.0018089371272123325,0.5110002933411557,0.003813435024933969,0.5301163586584529,0.006795736775202812,0.5461523418402271,0.01080473257064636,0.5618949838662365,0.014667057788207689,0.5739219712525666,0.016671555685929394,0.585948958638897,0.018676053583651098,0.5966559108242888,0.020680551481372874,0.6066784003128972,0.022685049379094508,0.6157230859489587,0.02468954727681628,0.6217365796421237,0.026694045174537988,0.6277500733352889,0.02869854307225969,0.633763567028454,0.029040774420651214,0.6397770607216194,0.029040774420651214,0.6449594211401192,0.029040774420651214,0.6489684169355627,0.029040774420651214,0.6529774127310062,0.029040774420651214
Circle,0.6991333592032077,0.16220411331005047,0.6973224679860299,0.16039322209287282,0.6955115767688524,0.15858233087569523,0.6948648299055749,0.15793558401241756,0.6948648299055749,0.15793558401241756,0.6948648299055749,0.15793558401241756,0.6948648299055749,0.15793558401241756,0.6948648299055749,0.15793558401241756,0.6948648299055749,0.15793558401241756,0.6948648299055749,0.15793558401241756,0.6948648299055749,0.15793558401241756,0.6948648299055749,0.15793558401241756,0.6944767817876083,0.15793558401241756,0.6926658905704307,0.15793558401241756,0.690854999353253,0.15793558401241756,0.6890441081360754,0.15638339154055106,0.687233216918898,0.1545725003233734,0.6854223257017203,0.15366705471478465,0.6836114344845428,0.15366705471478465,0.6825766395032984,0.15366705471478465,0.6861984219376537,0.15366705471478465,0.6898202043720086,0.15366705471478465,0.6991333592032077,0.15366705471478465,0.7099987065062732,0.15366705471478465,0.727072823696805,0.15444315095071792,0.7524253007372914,0.1562540421678955,0.7780364765230888,0.15871168024835083,0.8070107359979303,0.16957702755141635,0.8359849954727722,0.18044237485448195,0.8636657612210579,0.20036217824343552,0.8908291294787221,0.22390376406674434,0.9154055102832751,0.25261932479627486,0.9353253136722288,0.2906480403570043,0.9552451170611822,0.3286767559177338,0.9679213555814254,0.3830034924330616,0.9805975941016686,0.4373302289483898,0.990945543914112,0.4998059759410169,1.0,0.5668089509765879,0.9769758116673135,0.628120553615315,0.8737550122881902,0.6752037252619327,0.7705342129090674,0.72228689690855,0.6790842064415985,0.7559177337989912,0.5885396455827182,0.7885137757081881,0.5083430345362822,0.8035183029362308,0.4359073858491782,0.8053291941534084,0.36774026645970787,0.8028715560729532,0.31522442116155724,0.7847626439011771,0.2627085758634067,0.766653731729401,0.21950588539645566,0.7423360496701593,0.17785538740137097,0.7169835726296727,0.1425430086664079,0.6871038675462425,0.11356874919156626,0.652696934419868,0.08562928469796899,0.6177726038028715,0.06389859009183793,0.5797438882421421,0.04216789548570688,0.5417151726814126,0.026128573276419383,0.5036864571206827,0.011641443538998682,0.4656577415599535,0.0025869874531106833,0.42840512223515714,0.0007760962359330353,0.3921872978916052,0.0,0.35609882292070877,0.012676238520243053,0.32169188979433433,0.025352477040486106,0.2872849566679602,0.039322209287284866,0.25546501099469654,0.05380933902470557,0.22467986030267764,0.07088345621523719,0.1951882033372138,0.0926141508213685,0.16802483507954974,0.11434484542749954,0.14086146682188594,0.14150821368516353,0.11731988099857711,0.16867158194282753,0.09377829517526846,0.19699909455439132,0.07489328676755913,0.22597335402923296,0.05859526581296072,0.25443021601345217,0.043849437330228926,0.2815935842711162,0.032984090027163335,0.30875695252877994,0.022118742724097813,0.330875695252878,0.014616479110076307,0.3526063898590093,0.007372914241365897,0.37123269952140725,0.0032337343163885666,0.38753072047600556,0.001422843099210979,0.40305264519467066,0.0,0.41572888371491395,0.0,0.428405122235157,0.0,0.4395291682835337,0.0015521924718665254,0.4503945155865994,0.0033630836890441132,0.46035441728107607,0.005173974906221731,0.46940887336696435,0.006984866123399319,0.478204630707541,0.008795757340576906,0.48544819557625135,0.010606648557754493,0.4926917604449617,0.012417539774932082,0.49851248221446115,0.01422843099210973,0.5039451558659939,0.016039322209287256,0.5086017332815935,0.017850213426464905,0.5122235157159488,0.019661104643642492,0.5158452981503039,0.021342646488164533,0.519467080584659,0.021342646488164533,0.5230888630190142,0.021342646488164533,0.5267106454533695,0.021342646488164533,0.5303324278877246,0.021342646488164533,0.533307463458802,0.021342646488164533,0.5351183546759797,0.021342646488164533,0.5369292458931573,0.021342646488164533
Circle,0.5588495575221238,0.09247787610619468,0.5566371681415927,0.09247787610619468,0.554424778761062,0.09247787610619468,0.5522123893805309,0.09247787610619468,0.5499999999999997,0.09247787610619468,0.5477876106194691,0.09247787610619468,0.5455752212389379,0.09247787610619468,0.543362831858407,0.09247787610619468,0.5411504424778761,0.09247787610619468,0.5389380530973452,0.09247787610619468,0.5367256637168143,0.09247787610619468,0.5345132743362832,0.09247787610619468,0.5345132743362832,0.09247787610619468,0.5345132743362832,0.09247787610619468,0.5345132743362832,0.09247787610619468,0.5345132743362832,0.09247787610619468,0.5358407079646016,0.09247787610619468,0.5380530973451325,0.09247787610619468,0.5438053097345134,0.09247787610619468,0.5548672566371678,0.09247787610619468,0.5672566371681417,0.09292035398230089,0.5849557522123894,0.09513274336283178,0.6026548672566371,0.09734513274336283,0.624778761061947,0.10398230088495573,0.6469026548672564,0.11061946902654862,0.6707964601769911,0.1278761061946903,0.6951327433628318,0.14778761061946907,0.720796460176991,0.17566371681415915,0.7473451327433629,0.2088495575221238,0.7703539823008848,0.2464601769911504,0.7880530973451325,0.2907079646017699,0.8048672566371678,0.336725663716814,0.8181415929203538,0.3898230088495574,0.8314159292035398,0.44292035398230084,0.8402654867256636,0.500442477876106,0.8491150442477875,0.5579646017699113,0.8544247787610619,0.6190265486725663,0.8588495575221238,0.6809734513274333,0.8446902654867257,0.7389380530973452,0.8181415929203538,0.7942477876106193,0.7818584070796462,0.8433628318584069,0.7309734513274336,0.8831858407079645,0.6783185840707965,0.9203539823008849,0.6185840707964606,0.9469026548672566,0.5588495575221238,0.9734513274336283,0.5035398230088495,0.986725663716814,0.44823008849557505,1.0,0.3964601769911503,0.9991150442477876,0.3455752212389383,0.9946902654867257,0.29734513274336266,0.9809734513274336,0.2508849557522124,0.9610619469026548,0.208849557522124,0.9349557522123895,0.17345132743362826,0.8995575221238937,0.13982300884955734,0.8623893805309736,0.113274336283186,0.818141592920354,0.08672566371681413,0.7738938053097345,0.06681415929203521,0.7296460176991151,0.04690265486725658,0.6853982300884958,0.03230088495575216,0.6376106194690265,0.019026548672566496,0.5889380530973454,0.009734513274336283,0.5402654867256637,0.0030973451327433125,0.4915929203539823,0.0,0.44380530973451343,0.002212389380530898,0.39734513274336275,0.006194690265486625,0.35132743362831864,0.01725663716814139,0.3070796460176993,0.028318584070796432,0.2628318584070796,0.04601769911504417,0.22522123893805318,0.06371681415929191,0.18761061946902674,0.0849557522123893,0.15530973451327432,0.1070796460176991,0.12433628318584078,0.1305309734513274,0.09867256637168138,0.1548672566371681,0.07654867256637171,0.17920353982300855,0.05707964601769918,0.2035398230088495,0.04159292035398241,0.22743362831858388,0.027433628318584157,0.24955752212389395,0.01858407079646015,0.2716814159292035,0.009734513274336283,0.28938053097345123,0.005309734513274348,0.307079646017699,0.0008849557522124145,0.3230088495575219,0.0,0.33849557522123896,0.0,0.3526548672566371,0.001327433628318587,0.365929203539823,0.003539823008849554,0.379203539823009,0.005752212389380521,0.3924778761061946,0.007964601769911489,0.40486725663716816,0.010176991150442455,0.413716814159292,0.012389380530973456,0.42256637168141586,0.014601769911504425,0.42920353982300885,0.014601769911504425,0.43584070796460184,0.014601769911504425,0.44070796460177,0.014601769911504425,0.44513274336283176,0.014601769911504425,0.44955752212389355,0.014601769911504425,0.4539823008849559,0.014601769911504425,0.45752212389380525,0.014601769911504425,0.4597345132743362,0.014601769911504425,0.4619469026548671,0.014601769911504425,0.46415929203539824,0.014601769911504425,0.46637168141592916,0.014601769911504425
Circle,0.48116544345211787,0.01750817932620037,0.48116544345211787,0.015607038641789733,0.48116544345211787,0.013705897957379094,0.48116544345211787,0.013131134494650278,0.48116544345211787,0.013131134494650278,0.4819170572110711,0.01237952073569721,0.48381819789548164,0.010478380051286573,0.48589618887611646,0.008577239366875935,0.48969847024493784,0.006676098682465296,0.4935007516137593,0.004774957998054658,0.4988062605004863,0.0028738173136440195,0.5045096825537183,0.0009726766292333504,0.5120700327173049,0.0,0.521575736139358,0.0,0.5321425413387569,0.0,0.547351666814042,0.0,0.5625607922893271,0.0,0.5828101512070034,0.0,0.6037226987355204,0.0,0.6268458749668406,0.0033159430542046165,0.6515607038641792,0.009019365107436563,0.6778671854275359,0.01684499071535943,0.7082854363781061,0.030152975506233956,0.7387036873286763,0.043460960297108484,0.7728357944999558,0.06605358563975601,0.8070563268193477,0.0888672738526838,0.8412768591387393,0.11937394995136626,0.8754973914581309,0.15359448227075792,0.9061809178530378,0.19205942169953144,0.9308957467503757,0.23768679812538696,0.9550800247590414,0.2841100008842516,0.9721902909187373,0.34114422141657097,0.989300557078433,0.39817844194889035,0.9961977186311786,0.4581306923689098,1.0,0.5189671942700504,0.9949597665576091,0.5806879476523124,0.9797506410823237,0.6434255902378636,0.9611371474047219,0.7030683526394909,0.9250154744009197,0.7467945883809355,0.8888938013971173,0.7905208241223806,0.8413210717127952,0.8227960031833053,0.7918914139181182,0.8532142541338757,0.7339729419046778,0.8793880979750639,0.6693341586347157,0.9022017861879918,0.6037226987355204,0.9206384295693694,0.535281634096737,0.9263418516226014,0.46684056945795405,0.9320452736758333,0.40383765142806616,0.923246971438677,0.3411000088425147,0.9137412680166238,0.2870280307719515,0.8955699000795827,0.2375983729772745,0.8727562118666548,0.19347422406932532,0.8466265805995226,0.15925369174993373,0.8143071889645412,0.12547528517110274,0.7818993721814483,0.10076045627376426,0.7476788398620564,0.07604562737642602,0.713458307542665,0.05699000795826333,0.6778229728534793,0.039879741798567646,0.6417012998496773,0.025289592360067423,0.6047395879388096,0.01388274825360347,0.5667167742505967,0.0038022813688214007,0.5292245114510565,0.0019011406844108246,0.49500397913166505,0.0,0.4607834468122733,0.009240427977717,0.42815456715889993,0.020647272084180955,0.3958351755239189,0.03612167300380244,0.36656645149880607,0.05513307984790894,0.3399504819170571,0.07547086391369733,0.31510301529755047,0.10018569281103556,0.2960916084534441,0.12490052170837404,0.2770802016093376,0.1531523565301973,0.2633743036519586,0.18166946679635718,0.250066318861084,0.208992837563003,0.23914581306923682,0.2356088071447523,0.22964010964718357,0.2603678486161467,0.22199133433548496,0.2812803961446638,0.2181890529666637,0.3020603059510126,0.21447519674595453,0.31726943142629765,0.21447519674595453,0.332478556901583,0.21447519674595453,0.3435759129896544,0.21447519674595453,0.35308161641170754,0.21447519674595453,0.3609956671677427,0.21527102307896367,0.36669908922097466,0.2171721637633743,0.37240251127420637,0.21885224157750463,0.37810593332743836,0.21885224157750463,0.38380935538067035,0.21885224157750463,0.3879653373419402,0.21885224157750463,0.3917676187107614,0.21885224157750463,0.39459722345034914,0.21885224157750463,0.39649836413476025,0.21885224157750463,0.3987974179856755,0.21885224157750463,0.40259969935449663,0.21885224157750463,0.4064019807233178,0.21885224157750463,0.41020426209213895,0.21885224157750463,0.41400654346096033,0.21885224157750463,0.41780882482978177,0.21885224157750463,0.4216111061986029,0.21885224157750463,0.42541338756742403,0.21885224157750463,0.42921566893624546,0.21885224157750463,0.43301795030506685,0.21885224157750463
Circle,0.7621231979030144,0.01441677588466579,0.7590650939274788,0.011358671909130535,0.7560069899519439,0.008300567933595486,0.7529488859764091,0.005242463958060334,0.7498907820008739,0.0021843599825251817,0.7477064220183487,0.0,0.7477064220183487,0.0,0.7477064220183487,0.0,0.7477064220183487,0.0,0.7477064220183487,0.0,0.7477064220183487,0.0,0.7477064220183487,0.0,0.7477064220183487,0.0,0.7477064220183487,0.0,0.7477064220183487,0.0,0.7503276539973789,0.0,0.7533857579729142,0.0,0.7595019659239842,0.0015290519877676273,0.7686762778505896,0.004587155963302677,0.7782874617737003,0.007645259938837932,0.790519877675841,0.010703363914373085,0.8027522935779816,0.013761467889908237,0.8197903014416776,0.019222367846221087,0.8381389252948883,0.02533857579729139,0.8564875491480994,0.03407601572739192,0.8748361730013106,0.04630843162953242,0.893403232852774,0.05919615552643079,0.9148099606815203,0.08060288335517696,0.9362166885102663,0.10200961118392313,0.9532546963739623,0.12778505897771944,0.9685452162516383,0.15530799475753612,0.9816513761467893,0.18501529051987778,0.9908256880733947,0.21865443425076456,1.0,0.25229357798165136,1.0,0.2951070336391437,1.0,0.3379204892966362,0.9901703800786369,0.38466579292267367,0.9748798602009611,0.4335954565312363,0.9569681083442549,0.4816513761467889,0.9325032765399737,0.5275229357798165,0.9080384447356925,0.5733944954128438,0.8722149410222804,0.6107470511140235,0.8355176933158586,0.6474442988204455,0.7935779816513763,0.678899082568807,0.7477064220183487,0.7064220183486237,0.6998689384010486,0.7319790301441675,0.6448230668414157,0.7503276539973787,0.5897771952817823,0.7686762778505898,0.5294888597640893,0.77653997378768,0.46832678025338587,0.7826561817387505,0.4086937527304503,0.7795980777632153,0.35058977719528167,0.7673656618610747,0.2942332896461336,0.7538226299694187,0.2483617300131064,0.7324159021406728,0.2024901703800784,0.7110091743119265,0.16382699868938413,0.6823940585408471,0.1271297509829619,0.6518130187854958,0.0956749672346001,0.6186107470511139,0.07121013543031889,0.581913499344692,0.0471821756225427,0.5449978156400173,0.02883355176933158,0.50524246395806,0.010484927916120873,0.4654871122761032,0.0030581039755352545,0.42573176059414564,0.0,0.38597640891218876,0.002402795980777905,0.3473132372214941,0.014635211882918513,0.31061598951507186,0.026867627785059123,0.27391874180865,0.05133245958934075,0.24027959807776303,0.07579729139362155,0.20664045434687647,0.10419397116644852,0.17693315858453462,0.13477501092180025,0.14941022280471794,0.16622979467016163,0.12450851900393188,0.1998689384010486,0.10615989515072077,0.2335080821319352,0.08781127129750986,0.2699868938401051,0.07230231542158147,0.30668414154652734,0.05701179554390551,0.3451288772389689,0.045216251638269936,0.384884228920926,0.03604193971166448,0.42398427260812616,0.02817824377457403,0.46068152031454795,0.025120139799038876,0.4973787680209698,0.022062035823503724,0.5262123197903018,0.021625163826998688,0.5537352555701183,0.021625163826998688,0.5782000873743994,0.02315421581476621,0.5996068152031458,0.026212319790301464,0.6201397990388817,0.029270423765836617,0.6354303189165572,0.03232852774137177,0.6507208387942335,0.03538663171690702,0.6612057667103539,0.038444735692442174,0.6703800786369593,0.04150283966797723,0.6782437745740499,0.04456094364351248,0.68435998252512,0.04761904761904763,0.6902577544779378,0.05067715159458278,0.6933158584534731,0.05373525557011794,0.6963739624290087,0.056793359545653094,0.6994320664045436,0.05766710353866316,0.7024901703800789,0.05766710353866316,0.7044560943643513,0.05766710353866316,0.7044560943643513,0.05766710353866316,0.7044560943643513,0.05766710353866316
Circle,0.4988764044943819,0.12134831460674154,0.4988764044943819,0.11835205992509361,0.4988764044943819,0.11535580524344569,0.4966292134831457,0.11460674157303367,0.49363295880149766,0.11460674157303367,0.49063670411985,0.11460674157303367,0.4876404494382024,0.11460674157303367,0.48464419475655435,0.11460674157303367,0.48164794007490636,0.11460674157303367,0.4786516853932583,0.11460674157303367,0.47565543071161026,0.11460674157303367,0.47265917602996227,0.11460674157303367,0.4674157303370788,0.11460674157303367,0.46142322097378274,0.11460674157303367,0.4569288389513111,0.11460674157303367,0.45393258426966265,0.11460674157303367,0.45093632958801466,0.11460674157303367,0.447940074906367,0.11460674157303367,0.444943820224719,0.11460674157303367,0.444943820224719,0.11460674157303367,0.444943820224719,0.11460674157303367,0.4516853932584268,0.11460674157303367,0.4606741573033705,0.11460674157303367,0.4771535580524347,0.11460674157303367,0.5011235955056181,0.11460674157303367,0.5273408239700373,0.11460674157303367,0.5602996254681645,0.11460674157303367,0.5932584269662919,0.11460674157303367,0.6382022471910108,0.12059925093632953,0.68314606741573,0.1265917602996254,0.7303370786516847,0.13483146067415727,0.7782771535580523,0.14382022471910105,0.8202247191011232,0.15730337078651668,0.8561797752808986,0.17528089887640444,0.889887640449438,0.19550561797752805,0.9168539325842694,0.2224719101123595,0.9438202247191009,0.24943820224719096,0.9617977528089883,0.2853932584269661,0.9797752808988764,0.3213483146067416,0.9910112359550559,0.3617977528089886,1.0,0.40374531835206,1.0,0.44868913857677883,0.9910112359550559,0.4966292134831457,0.9782771535580524,0.5445692883895129,0.9543071161048686,0.5925093632958798,0.9303370786516851,0.640449438202247,0.8853932584269664,0.6734082397003741,0.8404494382022472,0.7063670411985017,0.7775280898876405,0.7325842696629209,0.7086142322097383,0.7565543071161045,0.6397003745318353,0.7730337078651682,0.570786516853933,0.7820224719101122,0.5003745318352059,0.7865168539325842,0.4254681647940076,0.7775280898876403,0.3505617977528089,0.7685393258426965,0.28764044943820233,0.744569288389513,0.2247191011235957,0.7205992509363296,0.17528089887640444,0.687640449438202,0.13033707865168562,0.6516853932584271,0.09138576779026206,0.6142322097378276,0.058426966292134945,0.5752808988764047,0.029962546816479477,0.5348314606741572,0.014981273408239739,0.4898876404494382,0.0,0.444943820224719,0.0,0.40299625468164796,0.0,0.36104868913857696,0.008988764044943691,0.3213483146067416,0.020973782771535405,0.28239700374531845,0.03895131086142317,0.2449438202247191,0.06292134831460659,0.20898876404494396,0.08764044943820222,0.17528089887640444,0.11460674157303367,0.14831460674157318,0.14157303370786514,0.12134831460674154,0.17453183520599225,0.10037453183520605,0.20749063670411938,0.07940074906367055,0.24044943820224687,0.06292134831460688,0.27340823970037437,0.04794007490636695,0.3048689138576775,0.03595505617977524,0.334831460674157,0.026966292134831454,0.36404494382022423,0.018726591760299675,0.3910112359550561,0.01273408239700372,0.41797752808988753,0.006741573033707864,0.4389513108614229,0.0037453183520599347,0.45992509363295875,0.0007490636704120061,0.4786516853932583,0.0,0.4966292134831457,0.0,0.5116104868913854,0.0,0.5235955056179772,0.0,0.534831460674157,0.0,0.5438202247191007,0.0,0.5528089887640448,0.0,0.5588014981273408,0.0,0.5647940074906365,0.0,0.5685393258426964,0.0,0.5715355805243447,0.0,0.5730337078651684,0.0,0.5730337078651684,0.0,0.5730337078651684,0.0,0.5730337078651684,0.0,0.5730337078651684,0.0
Circle,0.7527849839768044,0.0075537921562643055,0.7492751411567223,0.0075537921562643055,0.7457652983366398,0.0075537921562643055,0.7422554555165572,0.0075537921562643055,0.7387456126964748,0.0075537921562643055,0.7352357698763923,0.0075537921562643055,0.7317259270563102,0.0075537921562643055,0.7301236075080114,0.0075537921562643055,0.7301236075080114,0.0075537921562643055,0.7301236075080114,0.006180375400579847,0.7301236075080114,0.0026705325804974502,0.7301236075080114,0.0,0.7301236075080114,0.0,0.7301236075080114,0.0,0.7301236075080114,0.0,0.7301236075080114,0.0,0.7301236075080114,0.0,0.7301236075080114,0.0,0.7328704410193804,0.0,0.7363802838394624,0.0,0.7443155806500837,0.0,0.7548451091103309,0.0,0.7687318785289178,0.0016786204791697861,0.7862810926293302,0.005188463299252183,0.8049748206928125,0.009842820082404962,0.8260338776133067,0.016862505722569865,0.8470929345338009,0.0251030062566764,0.8681519914542954,0.03914237753700599,0.8892110483747905,0.053334350679078296,0.9102701052952842,0.07439340759957268,0.9313291622157788,0.09545246452006717,0.949336181901419,0.12566763314512427,0.9668853960018311,0.15725621852586597,0.9793987486647335,0.19639859606287194,0.9899282771249807,0.23851670990386073,0.9964901571799175,0.2846024721501604,1.0,0.3337402716313137,0.9977109720738588,0.3857775064855789,0.9871814436136117,0.4419349916068977,0.9711582481306272,0.49809247672821605,0.9395696627498855,0.5542499618495343,0.9068365634060733,0.608881428353426,0.8647184495650845,0.6509995421944148,0.8226003357240957,0.6931176560354035,0.7670532580497482,0.7218068060430336,0.7108957729284294,0.7498855486036929,0.6490920189226306,0.7723180222798718,0.5859148481611473,0.7933770792003659,0.5181596215473823,0.805280024416298,0.44796276514573435,0.8122997100564625,0.38127575156416893,0.8105447886464214,0.318098580802686,0.8000152601861742,0.2585838547230274,0.7846024721501599,0.20593621242179158,0.7600335724095832,0.15603540363192422,0.7340912559133221,0.11742713261101796,0.7025026705325806,0.07942926903708214,0.670761483290096,0.05486036929650547,0.6356630550892721,0.030291469555928367,0.6005646268884481,0.015107584312528182,0.5623378605218982,0.0010682130321990231,0.5237295895009919,0.0,0.48252708683045925,0.0035098428200825045,0.4404089729894705,0.013200061040744856,0.4003509842820082,0.027239432321074016,0.36174271326110174,0.04738287807111231,0.3261864794750496,0.07546162063177192,0.2945978940943079,0.10453227529375854,0.2640012208148939,0.13612086067450022,0.23592247825423474,0.16816725164047006,0.20875934686403164,0.20326567984129423,0.18770028994353727,0.23836410804211758,0.16664123302304287,0.2734625362429422,0.15244925988097058,0.30856096444376596,0.138409888600641,0.3407599572714785,0.13016938806653444,0.3723485426522206,0.12314970242636944,0.40157179917594993,0.11849534564321677,0.4296505417366091,0.11498550282313448,0.4540668396154431,0.11330688234396459,0.4751258965359377,0.11330688234396459,0.4935907218068061,0.11460399816877768,0.5076300930871352,0.11811384098885998,0.5209064550587517,0.12162368380894248,0.5314359835189992,0.12513352662902488,0.5417366091866324,0.1286433694491073,0.548756294826797,0.13215321226918966,0.5557759804669615,0.13566305508927207,0.5595910270105295,0.13917289790935447,0.563100869830612,0.14268274072943687,0.5666107126506941,0.14352205096902182,0.5701205554707766,0.14352205096902182,0.571493972226461,0.14352205096902182,0.571493972226461,0.14352205096902182,0.571493972226461,0.14352205096902182,0.571493972226461,0.14352205096902182,0.571493972226461,0.14352205096902182,0.571493972226461,0.14352205096902182,0.571493972226461,0.14352205096902182,0.571493972226461,0.14352205096902182,0.571493972226461,0.14352205096902182
Circle,0.5904184533491054,0.06587313322490021,0.5904184533491054,0.06587313322490021,0.5904184533491054,0.06587313322490021,0.5904184533491054,0.06587313322490021,0.5904184533491054,0.06587313322490021,0.5904184533491054,0.06587313322490021,0.5904184533491054,0.06587313322490021,0.5904184533491054,0.06587313322490021,0.5904184533491054,0.06587313322490021,0.5904184533491054,0.06587313322490021,0.5904184533491054,0.06587313322490021,0.5904184533491054,0.06587313322490021,0.5904184533491054,0.06587313322490021,0.5891616146680468,0.06587313322490021,0.5856868253733548,0.06587313322490021,0.5822120360786632,0.06587313322490021,0.5787372467839715,0.06587313322490021,0.5757799792991275,0.06587313322490021,0.5757799792991275,0.06587313322490021,0.5757799792991275,0.06587313322490021,0.5757799792991275,0.06587313322490021,0.5757799792991275,0.06587313322490021,0.5757799792991275,0.06587313322490021,0.5757799792991275,0.06587313322490021,0.5844299866922963,0.06587313322490021,0.5948543545763715,0.06587313322490021,0.6128197545467987,0.06587313322490021,0.6336684903149487,0.06587313322490021,0.6609492828626348,0.06801715215141217,0.6922223865148603,0.07149194144610377,0.725269850657992,0.08028981221351474,0.7600177436049093,0.09418896939228175,0.7961703386071268,0.11230223273695115,0.8343930208487356,0.13662575779979297,0.8705456158509539,0.16508945734141647,0.9018187195031792,0.2033121395830253,0.9310956676031343,0.24419636256099359,0.9519444033712848,0.2963182019813694,0.9722016856424663,0.3490314948987138,0.9861008428212332,0.4081029129084726,1.0,0.46717433091823163,0.9968948691409141,0.5296466065355612,0.9934200798462222,0.5921928138400122,0.9747892946917047,0.6517078219724978,0.9539405589235548,0.7107792399822567,0.9171225787372467,0.7565429543102177,0.8754251072009467,0.7982404258465181,0.8222682241608752,0.8307703681798022,0.7631968061511161,0.8585686825373358,0.7002809404110599,0.8825225491645723,0.6342599438119179,0.9033712849327223,0.5682389472127755,0.9149046281236141,0.5022179506136326,0.9149046281236141,0.43737986100842785,0.9101730001478637,0.3748336537039775,0.8962738429690967,0.3139139435161909,0.8783084429986695,0.2583173148011237,0.8470353393464443,0.20449504657696252,0.8148750554487655,0.1627975750406621,0.7766523732071566,0.1213218985657248,0.7383557592784269,0.0900487949134996,0.6966582877421265,0.058775691261274396,0.6549608162058261,0.04021883779387795,0.6100842821233181,0.022844891320419548,0.5649120212923259,0.011089753068164917,0.5169303563507323,0.000665385184089712,0.4682833062250482,0.0,0.4220760017743608,0.0034747892946915965,0.3769037409433683,0.015229927546946643,0.33173148011237613,0.032603874020405044,0.2865592192813841,0.053378678101434145,0.2447878160579626,0.07770220316427573,0.2065651338163538,0.10601803933165685,0.17100399231110466,0.14076593227857406,0.13973088865887948,0.1764749371580658,0.1103800088718023,0.21469761939967463,0.0860564838089605,0.25292030164128343,0.06291586574005613,0.29114298388289184,0.04554191926659762,0.3291438710631375,0.02861156291586573,0.36389176401005474,0.01818719503179063,0.39863965695697157,0.0077628271477155255,0.43006062398343897,0.003992311104539416,0.4613337276356646,0.0005175218098477155,0.4837350288333575,0.0,0.5045837646015079,0.0,0.52284489132042,0.0,0.5402188377938784,0.0,0.5531568830400706,0.002217950613633067,0.5635812509241458,0.005692739908324663,0.574005618808221,0.009167529203016365,0.5844299866922963,0.012642318497708065,0.5933757208339494,0.014638474049977824,0.6003252994233326,0.014638474049977824,0.6061659027058994,0.014638474049977824,0.6096406920005915,0.014638474049977824,0.613115481295283,0.014638474049977824,0.6165902705899751,0.014638474049977824,0.6200650598846666,0.014638474049977824,0.6235398491793582,0.014638474049977824,0.6270146384740499,0.014638474049977824
Circle,0.632,0.016,0.632,0.016,0.632,0.016,0.632,0.016,0.632,0.016,0.6302222222222221,0.016,0.6266666666666665,0.016,0.624,0.016,0.624,0.016,0.624,0.016,0.624,0.012444444444444458,0.624,0.008888888888888915,0.624,0.005333333333333371,0.624,0.0017777777777778284,0.624,0.0,0.624,0.0,0.6266666666666669,0.0,0.6373333333333335,0.0,0.648,0.0,0.6622222222222226,0.0,0.6764444444444443,0.0,0.696,0.0026666666666667425,0.717333333333333,0.0062222222222221716,0.7404444444444443,0.013333333333333258,0.765333333333333,0.024,0.7911111111111113,0.03733333333333326,0.8195555555555557,0.05866666666666651,0.848,0.08,0.8764444444444444,0.10844444444444434,0.9048888888888886,0.13688888888888892,0.928,0.17333333333333326,0.949333333333333,0.21244444444444435,0.9671111111111114,0.25333333333333324,0.9813333333333331,0.296,0.9928888888888892,0.3404444444444443,0.9964444444444444,0.3902222222222222,1.0,0.44,0.9822222222222227,0.493333333333333,0.9644444444444443,0.5466666666666665,0.941333333333333,0.5999999999999998,0.9164444444444444,0.6533333333333332,0.8844444444444444,0.7031111111111109,0.845333333333333,0.7493333333333331,0.8035555555555557,0.792,0.7537777777777779,0.824,0.704,0.856,0.6435555555555557,0.8773333333333333,0.5831111111111114,0.8986666666666667,0.522666666666667,0.9066666666666665,0.46222222222222265,0.9102222222222222,0.40533333333333305,0.904888888888889,0.352,0.8906666666666667,0.2977777777777778,0.8746666666666665,0.24088888888888915,0.8533333333333335,0.184,0.832,0.14488888888888868,0.7964444444444446,0.10577777777777829,0.7608888888888892,0.07466666666666696,0.72,0.04622222222222263,0.6773333333333335,0.024888888888888686,0.6346666666666667,0.01066666666666697,0.5920000000000002,0.0,0.5493333333333332,0.0,0.5066666666666669,0.0,0.464,0.0,0.42488888888888915,0.0,0.38577777777777805,0.008,0.34666666666666673,0.018666666666666516,0.30755555555555564,0.03466666666666651,0.272,0.056,0.24000000000000024,0.07911111111111131,0.2088888888888889,0.10755555555555565,0.18044444444444457,0.136,0.152,0.17155555555555566,0.13066666666666674,0.2071111111111113,0.10933333333333349,0.24533333333333304,0.09066666666666696,0.28444444444444433,0.07288888888888868,0.32355555555555565,0.05866666666666651,0.3626666666666665,0.048,0.40088888888888824,0.03822222222222217,0.43644444444444436,0.031111111111111086,0.472,0.024,0.5004444444444444,0.020444444444444456,0.5288888888888887,0.016888888888888915,0.552,0.016,0.5733333333333335,0.016,0.5911111111111114,0.016,0.6053333333333331,0.016,0.6177777777777779,0.016,0.6248888888888887,0.016,0.632,0.016,0.6391111111111109,0.016,0.6462222222222217,0.016,0.6506666666666665,0.016,0.6542222222222221,0.016,0.656,0.016,0.656,0.016,0.656,0.016,0.656,0.016,0.656,0.016
Circle,0.6465284039675383,0.0,0.6465284039675383,0.0,0.6465284039675383,0.0,0.6465284039675383,0.0,0.6465284039675383,0.0,0.6465284039675383,0.0,0.6465284039675383,0.0,0.6465284039675383,0.0,0.6465284039675383,0.0,0.6465284039675383,0.0,0.6465284039675383,0.0,0.6465284039675383,0.0,0.6465284039675383,0.0,0.6465284039675383,0.0,0.6465284039675383,0.0,0.6465284039675383,0.0,0.6465284039675383,0.0,0.6465284039675383,0.0,0.6465284039675383,0.0,0.6465284039675383,0.0,0.6465284039675383,0.0,0.6519386834986476,0.0,0.6591523895401261,0.0,0.6699729486023446,0.0,0.6844003606853022,0.0,0.6997294860234444,0.0018034265103697544,0.7177637511271415,0.009017132551848541,0.7357980162308386,0.01623083859332733,0.7646528403967537,0.0306582506762849,0.7935076645626689,0.04508566275924248,0.825067628494139,0.07033363390441835,0.8575293056807936,0.09918845807033373,0.8863841298467087,0.13345356176735815,0.9116321009918849,0.17312894499549136,0.9350766456266907,0.21550946798917942,0.9531109107303878,0.2660054102795312,0.9711451758340849,0.31650135256988293,0.9855725879170424,0.3778178539224527,1.0,0.43913435527502276,0.9981965734896308,0.5058611361587015,0.9909828674481517,0.5743913435527507,0.9765554553651936,0.6411181244364295,0.9549143372407575,0.7060414788097386,0.9296663660955818,0.766456266907124,0.8935978358881878,0.813345356176736,0.8575293056807936,0.8602344454463484,0.7998196573489632,0.892696122633003,0.7421100090171325,0.9251577998196577,0.6789900811541929,0.9495040577096487,0.6140667267808836,0.9711451758340849,0.547339945897205,0.9837691614066729,0.47880973850315617,0.9873760144274126,0.41208295761947666,0.9864743011722276,0.35076645626690683,0.9720468890892702,0.28944995491433706,0.9576194770063123,0.2425608656447253,0.9323715058611367,0.1956717763751126,0.9071235347159609,0.15960324616771843,0.8710550045085667,0.12714156898106377,0.8313796212804335,0.10009017132551791,0.78990081154193,0.07844905320108178,0.7466185752930573,0.057709648331830295,0.7024346257889993,0.039675383228133215,0.6555455365193873,0.02164111812443613,0.6086564472497749,0.010820559062218064,0.5617673579801626,0.0,0.5148782687105505,0.0,0.4706943192064925,0.0036068530207390473,0.4274120829576198,0.010820559062217605,0.38593327321911663,0.02164111812443613,0.34625788999098317,0.03516681695220906,0.3074842200180344,0.05680793507664519,0.2714156898106404,0.07844905320108178,0.23534715960324626,0.10730387736699692,0.20649233543733111,0.13615870153291207,0.17763751127141597,0.1650135256988272,0.15419296663660986,0.19386834986474283,0.13255184851217303,0.22452660054102774,0.11451758340847618,0.2569882777276824,0.1000901713255186,0.2894499549143366,0.0865644724977459,0.3219116321009917,0.07574391343552737,0.3543733092876464,0.06492335437330932,0.379621280432822,0.05770964833183053,0.40486925157799764,0.05049594229035174,0.42741208295761934,0.04598737601442759,0.44905320108205593,0.04238052299368807,0.46708746618575303,0.04057709648331832,0.48151487826871014,0.04057709648331832,0.4950405770964835,0.04057709648331832,0.5058611361587011,0.04057709648331832,0.5166816952209197,0.04057709648331832,0.5238954012623986,0.04057709648331832,0.5311091073038777,0.04057709648331832,0.5356176735798018,0.04057709648331832,0.5392245266005409,0.04057709648331832,0.5428313796212799,0.04057709648331832,0.54643823264202,0.04057709648331832,0.550045085662759,0.04057709648331832,0.5536519386834985,0.04057709648331832,0.557258791704238,0.04057709648331832
Circle,0.6765957446808513,0.11489361702127662,0.6765957446808513,0.11489361702127662,0.6765957446808513,0.11489361702127662,0.6765957446808513,0.11489361702127662,0.6765957446808513,0.11489361702127662,0.6742101869761447,0.11489361702127662,0.6711798839458414,0.11489361702127662,0.6681495809155384,0.11489361702127662,0.6651192778852355,0.11489361702127662,0.6620889748549326,0.11489361702127662,0.6590586718246296,0.11489361702127662,0.6560283687943267,0.11489361702127662,0.6529980657640234,0.11489361702127662,0.6510638297872342,0.11489361702127662,0.6510638297872342,0.11489361702127662,0.6510638297872342,0.11489361702127662,0.6510638297872342,0.11489361702127662,0.6524177949709865,0.11489361702127662,0.6615087040618957,0.11489361702127662,0.6709864603481627,0.11489361702127662,0.6891682785299806,0.11489361702127662,0.7073500967117989,0.11489361702127662,0.7312056737588654,0.11773049645390082,0.7554480980012899,0.12076079948420375,0.787234042553192,0.13133462282398467,0.820567375886525,0.14345583494519676,0.8560928433268861,0.16872985170857524,0.8924564796905228,0.1990328820116055,0.9213410702772404,0.23868471953578332,0.945583494519665,0.284139264990329,0.9667311411992264,0.33423597678916844,0.9849129593810444,0.38878143133462306,0.9969696969696971,0.44455190199871075,1.0,0.5021276595744681,0.9958091553836236,0.5597034171502259,0.9745970341715026,0.6172791747259835,0.9499032882011608,0.6736943907156674,0.9105093488072211,0.7252095422308193,0.8687943262411348,0.7754352030947779,0.8021276595744681,0.8117988394584141,0.7354609929078013,0.8481624758220505,0.6598968407479048,0.8726627981947133,0.5841392649903285,0.8969052224371374,0.5057382333978079,0.9026434558349457,0.42695035460992936,0.9056737588652486,0.3620889748549325,0.8970986460348166,0.30148291424887197,0.8849774339136045,0.24487427466150882,0.8648613797549969,0.19032882011605418,0.8406189555125727,0.14416505480335245,0.809671179883946,0.10477111540941357,0.7733075435203097,0.07079303675048378,0.732882011605416,0.043520309477756265,0.6874274661508704,0.021405544809800198,0.6409413281753708,0.009284332688588092,0.5924564796905224,0.0,0.5439716312056739,0.0,0.4954867827208255,0.001547388781431379,0.4473887814313346,0.013668600902643485,0.40193423597678907,0.025983236621534515,0.3565441650548034,0.04719535783365561,0.31411992263056104,0.06840747904577689,0.2716956802063187,0.09239200515796253,0.23481624758220487,0.11663442940038711,0.19845261121856872,0.14822695035461,0.16698903932946493,0.18156028368794339,0.13668600902643466,0.2148936170212764,0.11063829787234052,0.24822695035461015,0.08639587362991612,0.2833655705996131,0.06756931012250174,0.3197292069632498,0.05241779497098651,0.3546099290780142,0.038749194068343026,0.3879432624113472,0.02662798194713092,0.42011605415860703,0.016827852998065794,0.4504190844616375,0.01076724693745974,0.47820760799484213,0.005544809800128926,0.4994197292069634,0.0025145067698259,0.5196002578981305,0.0,0.5347517730496455,0.0,0.5497098646034818,0.0,0.5618310767246939,0.0,0.573952288845906,0.0,0.5831721470019344,0.0029013539651837447,0.5922630560928432,0.005931656995486772,0.5987749838813672,0.006382978723404257,0.6048355899419731,0.006382978723404257,0.6086395873629916,0.008639587362991684,0.6116698903932946,0.01166989039329462,0.6147001934235975,0.012765957446808513,0.6177304964539008,0.012765957446808513,0.6207607994842042,0.012765957446808513,0.6237911025145071,0.012765957446808513,0.62682140554481,0.014055448098001239,0.629851708575113,0.017085751128304266,0.6319148936170215,0.01914893617021277,0.6319148936170215,0.01914893617021277,0.6319148936170215,0.01979368149580918,0.6319148936170215,0.022823984526112204,0.6322372662798195,0.025531914893617027,0.6352675693101227,0.025531914893617027,0.6382978723404257,0.025531914893617027
Circle,0.4323030745517967,0.05621805792163544,0.4323030745517967,0.052243043725156056,0.4323030745517967,0.0482680295286769,0.4323030745517967,0.048186906789973234,0.4323030745517967,0.048186906789973234,0.4323030745517967,0.048186906789973234,0.4323030745517967,0.048186906789973234,0.4323030745517967,0.048186906789973234,0.4323030745517967,0.048186906789973234,0.4323030745517967,0.048186906789973234,0.4323030745517967,0.048186906789973234,0.4323030745517967,0.048186906789973234,0.4323030745517967,0.048186906789973234,0.4323030745517967,0.044698629025715815,0.4323030745517967,0.04072361482923666,0.4323030745517967,0.03674860063275738,0.4323030745517967,0.03277358643627811,0.4323030745517967,0.03212460452664882,0.4323030745517967,0.03212460452664882,0.4420378031962355,0.03212460452664882,0.4539628457856734,0.03212460452664882,0.47221546199399694,0.03212460452664882,0.49209053297639316,0.03212460452664882,0.5212135961710068,0.03212460452664882,0.5530137097428409,0.03212460452664882,0.5908169059787456,0.04112922852275496,0.6305670479435381,0.053054271112192776,0.6761580270949946,0.06789973229496239,0.7238581974527459,0.08379978908087948,0.7687190719558693,0.10821773343068074,0.8124442281171413,0.13604283280603555,0.8534112111624885,0.1693842784132395,0.8931613531272815,0.20515940618155284,0.9248803439604117,0.24628863470430779,0.9527054433357668,0.29001379086557993,0.975338687434088,0.33893080230388584,0.9952137584164837,0.39060598685811654,1.0,0.44479597631216045,0.9960249858035204,0.5004461750628705,0.9847489251237117,0.5585300559746899,0.9688488683377952,0.6181552689218791,0.938833455017441,0.6777804818690683,0.8990833130526481,0.7374056948162573,0.852518861036748,0.7879451610286367,0.8008436764825181,0.8316703171899084,0.7469781779832881,0.8688245315161841,0.6913279792325789,0.9006246450880183,0.635677780481869,0.9282063762472621,0.5800275817311589,0.952056461426138,0.5284335199156324,0.9617100673318734,0.48073334955788066,0.957735053135394,0.4291392877423541,0.9479192017522515,0.37348908899164407,0.932019144966334,0.3215705362213029,0.9086557962196805,0.2738703658635511,0.8768556826478461,0.22795489575728042,0.8397014683215703,0.1842297395960083,0.7959763121602984,0.14391173846028996,0.7505475784862496,0.10813661069197662,0.7028474081284983,0.07722884724588248,0.6535247829966737,0.05337876206700708,0.6018495984424432,0.03261134095887033,0.5501744138882129,0.0167112841729537,0.49849922933398216,0.005191855277033844,0.44682404477975174,0.001216841080554686,0.3951488602255211,0.0,0.34485276222925243,0.003975014196478702,0.29715259187150117,0.011843919850734042,0.25204834915226704,0.02774397663665113,0.2122982071874743,0.04607771558367805,0.17376490630323652,0.06992780076255391,0.13798977853492295,0.09604932262513183,0.10562180579216336,0.127849436196966,0.08177172061328773,0.16070414537194755,0.060030826640707274,0.19647927314026134,0.04413076985479019,0.2322544009085747,0.02920418593331703,0.26802952867688845,0.01727914334387921,0.3038046564452014,0.007138801005921935,0.33957978421351515,0.003163786809442663,0.3737324572077553,0.0,0.40155755658311026,0.0,0.4286525513101326,0.0,0.452502636489008,0.0,0.47505475784862483,0.0,0.49095481463454194,0.0,0.5062870122495337,0.0,0.518212054838971,0.0,0.529650360996187,0.0,0.5376003893891453,0.0,0.545144804088586,0.0,0.5491198182850647,0.0,0.5530948324815443,0.0,0.5570698466780235,0.0,0.5610448608745027,0.0,0.5650198750709823,0.0,0.5688326437900542,0.0,0.5688326437900542,0.0,0.5689137665287576,0.0,0.5728887807252367,0.0,0.5768637949217164,0.0
Circle,0.7252396166134186,0.011714589989350375,0.7252396166134186,0.011714589989350375,0.7252396166134186,0.011714589989350375,0.7252396166134186,0.011714589989350375,0.7252396166134186,0.011714589989350375,0.7252396166134186,0.011714589989350375,0.7247071352502665,0.011714589989350375,0.72168974085907,0.011714589989350375,0.7186723464678737,0.011714589989350375,0.7156549520766775,0.011714589989350375,0.7135250266240682,0.0108271210507632,0.7135250266240682,0.0078097266595669726,0.7135250266240682,0.004792332268370578,0.7135250266240682,0.0017749378771743497,0.7135250266240682,0.0,0.7135250266240682,0.0,0.7135250266240682,0.0,0.7135250266240682,0.0,0.7167199148029818,0.0,0.7227547035853745,0.0,0.7323393681221161,0.0017749378771743497,0.744408945686901,0.004792332268370578,0.7584309549165779,0.009762158324458673,0.7735179268725596,0.015796947106851297,0.7928647497337595,0.02609158679446219,0.8139865104721334,0.038161164359247435,0.8397231096911607,0.057152999645012394,0.8668796592119274,0.07827476038338665,0.8940362087326945,0.10685126020589286,0.9211927582534616,0.13702520411785596,0.9403620873269435,0.1725239616613418,0.9584664536741219,0.20873269435569752,0.9708910188143417,0.2534611288604898,0.9829605963791269,0.29872204472843455,0.9920127795527159,0.3530351437699682,1.0,0.4075257365992192,0.9909478168264113,0.46485623003194904,0.9804756833510831,0.5218317358892438,0.9593539226127089,0.5761448349307774,0.9361022364217254,0.6288604898828541,0.9029108981185663,0.6741214057507987,0.8668796592119278,0.715832445864395,0.821618743343983,0.746006389776358,0.7710330138445155,0.7735179268725596,0.7076677316293934,0.7946396876109335,0.6432374866879663,0.812566560170394,0.5768548100816473,0.8246361377351795,0.5092296769613068,0.8317358892438766,0.4398296059637912,0.8317358892438766,0.3746893858714944,0.8274760383386586,0.3143414980475685,0.8184238551650695,0.25718849840255614,0.8045793397231099,0.20287539936102233,0.7864749733759319,0.15743698970536066,0.7630457933972314,0.11821086261980836,0.7358892438764644,0.08679446219382321,0.7028753993610227,0.05963791267305649,0.6666666666666667,0.036741214057507875,0.6261980830670928,0.015619453319133779,0.5839545615903444,0.006034788782392622,0.5394036208732695,0.0,0.49414270500532514,0.0039048633297832365,0.4488817891373806,0.009939652112176026,0.4036208732694358,0.02396166134185289,0.35835995740149107,0.03904863329783453,0.31309904153354645,0.06265530706425271,0.2735179268725595,0.08679446219382321,0.2342917997870075,0.11696840610578615,0.19808306709265178,0.1474973375931843,0.1622293219737309,0.18370607028754005,0.1320553780617678,0.22026979055733065,0.10294639687610929,0.2594959176428826,0.08182463613773502,0.2981895633652824,0.06176783812566554,0.33439829605963783,0.04668086616968423,0.37060702875399326,0.03301384451544207,0.4068157614483493,0.023961661341853138,0.44124955626553036,0.01668441604543847,0.4714235001774936,0.01366702165424216,0.4994675186368477,0.011714589989350375,0.5236066737664182,0.011714589989350375,0.5452609158679446,0.01295704650337242,0.5633652822151226,0.01597444089456873,0.5786297479588217,0.020411785587504522,0.5906993255236066,0.026446574369896978,0.6011714589989351,0.03088391906283277,0.6102236421725241,0.03390131345402908,0.6175008874689388,0.036918707845225475,0.6235356762513312,0.039936102236421786,0.6295704650337237,0.04100106496272631,0.6356052538161165,0.04100106496272631,0.6395101171459001,0.04100106496272631,0.6425275115370963,0.04100106496272631,0.6455449059282925,0.04100106496272631,0.6485623003194887,0.04100106496272631,0.6515796947106853,0.04100106496272631,0.6545970891018815,0.04100106496272631,0.6549520766773164,0.04100106496272631,0.6549520766773164,0.04100106496272631,0.6577919772807954,0.04100106496272631,0.6608093716719916,0.04100106496272631
Circle,0.6631637168141592,0.048672566371681415,0.6631637168141592,0.048672566371681415,0.6631637168141592,0.048672566371681415,0.6631637168141592,0.048672566371681415,0.6631637168141592,0.048672566371681415,0.6631637168141592,0.048672566371681415,0.6631637168141592,0.047750737463126816,0.6631637168141592,0.04455506391347105,0.6631637168141592,0.042588495575221236,0.6631637168141592,0.042588495575221236,0.6631637168141592,0.042588495575221236,0.6631637168141592,0.042588495575221236,0.6631637168141592,0.042588495575221236,0.6631637168141592,0.042588495575221236,0.6631637168141592,0.042588495575221236,0.6631637168141592,0.042588495575221236,0.6631637168141592,0.042588495575221236,0.6631637168141592,0.042588495575221236,0.6659292035398229,0.042588495575221236,0.6691248770894788,0.042588495575221236,0.6784660766961651,0.042588495575221236,0.6884218289085547,0.042588495575221236,0.7044001966568341,0.042588495575221236,0.7208702064896753,0.04357177974434614,0.7400442477876105,0.04996312684365785,0.7608161258603737,0.05795231071779753,0.7863815142576203,0.07073500491642094,0.8119469026548675,0.08683628318584075,0.8375122910521143,0.10920599803343183,0.8616642084562436,0.13722959685349076,0.8840339233038351,0.17238200589970523,0.9029621435594886,0.21269665683382497,0.9189405113077679,0.25743608652900707,0.930862831858407,0.3062315634218291,0.9404498525073745,0.3573623402163228,0.9453662733529987,0.41316371681415925,0.9485619469026546,0.47068584070796465,0.9438298918387416,0.5361356932153396,0.9374385447394297,0.6032448377581124,0.9192477876106196,0.6733038348082601,0.8997664700098329,0.743362831858407,0.8646140609636183,0.8008849557522124,0.8276179941002948,0.8565634218289087,0.7764872173058011,0.8981071779744348,0.7253564405113074,0.9369469026548672,0.6742256637168137,0.96570796460177,0.6181784660766959,0.9885693215339233,0.5510693215339229,0.9981563421828908,0.4839601769911502,1.0,0.4168510324483771,0.9904129793510322,0.354535398230088,0.9744346116027531,0.2970132743362828,0.9520648967551623,0.24711160275319524,0.925884955752212,0.20237217305801344,0.8971238938053095,0.16205752212389374,0.861725663716814,0.12370943952802348,0.8233775811209434,0.09292035398230075,0.7774705014749258,0.06415929203539797,0.7295353982300883,0.0438790560471975,0.6787733529990164,0.024705014749262545,0.6276425762045228,0.011799410029498515,0.5765117994100291,0.0,0.5253810226155358,0.0,0.4742502458210421,0.0016592920353982771,0.4231194690265484,0.011246312684365928,0.3719886922320547,0.023414454277286282,0.32257866273352964,0.04258849557522158,0.2778392330383477,0.06526548672566383,0.23543510324483735,0.09402654867256661,0.19708702064896708,0.1227876106194694,0.16168879056047156,0.15154867256637183,0.12973205506391336,0.18565634218289076,0.10312192723697129,0.22400442477876137,0.0807522123893804,0.2623525073746313,0.06256145526057018,0.30070058997050186,0.04658308751229099,0.3390486725663718,0.033001474926253584,0.3773967551622424,0.020218780727630167,0.41304080629301915,0.012844149459193552,0.44819321533923345,0.006452802359882016,0.47732300884955775,0.003072763028515155,0.5059611602753196,0.0,0.5315265486725664,0.0,0.5558013765978367,0.0,0.571779744346116,0.0,0.5870206489675517,0.0,0.5998033431661751,0.0,0.6104965585054081,0.0,0.6168879056047196,0.0,0.6232792527040315,0.0,0.6296705998033434,0.0,0.6344026548672564,0.0,0.6375983284169124,0.0,0.6407940019665683,0.0,0.643989675516224,0.0,0.6449115044247787,0.0,0.6449115044247787,0.0,0.6449115044247787,0.0,0.6449115044247787,0.0,0.6449115044247787,0.0,0.6449115044247787,0.0
Circle,0.6318261890780975,0.0,0.6318261890780975,0.0,0.6318261890780975,0.0,0.6318261890780975,0.0,0.6318261890780975,0.0,0.6318261890780975,0.0,0.6318261890780975,0.0,0.6318261890780975,0.0,0.6318261890780975,0.0,0.6318261890780975,0.0,0.6318261890780975,0.0,0.6318261890780975,0.0,0.6318261890780975,0.0,0.6357408494813076,0.0,0.6420043061264434,0.0,0.6517909571344688,0.0017615971814445598,0.6643178704247404,0.004893325504012482,0.679976512037581,0.009590917987864458,0.6987668819729889,0.01585437463300067,0.7202975141906439,0.024858093560383702,0.7453513407711884,0.03738500685065567,0.7715795654726951,0.0522607163828538,0.7997651203758074,0.07105108631826189,0.8279506752789196,0.09277745155607758,0.8561362301820319,0.12096300645918981,0.8835388530045021,0.15071442552358572,0.9085926795850462,0.18516343707183397,0.9324721080446272,0.22078684674104526,0.9512624779800355,0.2614993149344295,0.9692699158348014,0.30299471520845567,0.9817968291250734,0.349970640046976,0.9937365433548642,0.3969465648854963,0.9968682716774319,0.4439224897240166,1.0,0.4908984145625367,0.981209630064592,0.5378743394010569,0.9624192601291838,0.5848502642395772,0.9318849089841459,0.6318261890780975,0.9005676257584652,0.6788021139166179,0.852808768839303,0.720297514190644,0.8027011156782148,0.7610099823840282,0.7475044039929534,0.7915443335290665,0.6911332941867293,0.8197298884321788,0.6300645918966531,0.8432178508514386,0.5674300254452928,0.8651399491094148,0.5069485222156975,0.8806028577020946,0.447445684086905,0.8931297709923667,0.38598551575650775,0.8958700332746135,0.3233509493051478,0.8927383049520456,0.2677627715795654,0.880798590722255,0.21765511841847715,0.8620082207868467,0.17381092190252512,0.8385202583675866,0.13623018203170859,0.8103347034644746,0.1041299667253866,0.780779017420239,0.07907614014484211,0.7494617341945584,0.056371109806224076,0.7157956547269524,0.03758073987081618,0.678214914856136,0.02172636523781532,0.6396555098845174,0.012331180270111736,0.5989430416911334,0.004501859463691469,0.557447641417107,0.001370131141123363,0.5136034449011547,0.0,0.4697592483852024,0.0062634566451358455,0.42591505186925016,0.013701311411235099,0.38246232139361896,0.029359953024075264,0.3417498532002347,0.045605793697396764,0.3012331180270111,0.07065962027794088,0.2636523781561949,0.095713446858485,0.22607163828537874,0.12389900176159722,0.1947543550596986,0.15208455666470908,0.16343707183401845,0.1861421021726365,0.13799177921315334,0.22059111372088455,0.11293795263260921,0.2550401252691326,0.0933646506165591,0.2894891368173807,0.07457428068115102,0.3239381483656295,0.060872969269915735,0.3583871599138776,0.04834605597964367,0.39048737522019994,0.040516735173223774,0.4218046584458799,0.034253278528087565,0.45096887844979444,0.03229594832648268,0.4791544333529067,0.03229594832648268,0.5014679976512041,0.03229594832648268,0.5202583675866119,0.03229594832648268,0.5372871403405755,0.034057545507927056,0.5529457819534157,0.03718927383049516,0.5654726952436877,0.040321002153063265,0.5748678802113917,0.043452730475631376,0.5842630651790957,0.046584458798199294,0.5936582501468,0.04971618712076722,0.6018790369935405,0.05284791544333533,0.6081424936386771,0.055979643765903433,0.6134272851830102,0.05813270698766882,0.6165590135055783,0.05813270698766882,0.6196907418281464,0.05813270698766882,0.6228224701507146,0.05813270698766882,0.6253669994128009,0.05813270698766882,0.6253669994128009,0.05813270698766882,0.6253669994128009,0.05813270698766882,0.6253669994128009,0.05813270698766882,0.6253669994128009,0.05813270698766882,0.6253669994128009,0.05813270698766882,0.6253669994128009,0.05813270698766882
Circle,0.6045244385733157,0.0,0.6045244385733157,0.0,0.6045244385733157,0.0,0.6020475561426686,0.0,0.5994055482166447,0.0,0.5990752972258917,0.0,0.5990752972258917,0.0,0.5990752972258917,0.0,0.5990752972258917,0.0,0.5990752972258917,0.0,0.5990752972258917,0.0,0.5990752972258917,0.0,0.5990752972258917,0.0,0.5974240422721268,0.0,0.5947820343461032,0.0,0.5921400264200791,0.0,0.5894980184940556,0.0,0.5881770145310437,0.0,0.5881770145310437,0.0,0.5881770145310437,0.0,0.5881770145310437,0.0,0.5911492734478204,0.0,0.5990752972258917,0.0,0.6094782034346101,0.0,0.6253302509907533,0.0,0.6431638044914136,0.0,0.6669418758256275,0.0,0.6922060766182301,0.0014861294583884176,0.7239101717305154,0.009412153236459667,0.7559445178335533,0.018659180977543,0.7902906208718629,0.03715323645970935,0.824966974900925,0.056307793923381824,0.8645970937912816,0.08536988110964344,0.9042272126816381,0.11443196829590489,0.9332892998678995,0.15142007926023776,0.962351387054161,0.18840819022457062,0.9815059445178334,0.23530383091149262,1.0,0.2828599735799209,0.9953764861294586,0.33735138705416134,0.987450462351387,0.3928335535006607,0.9666446499339498,0.4483157199471599,0.9428665785997358,0.5037978863936592,0.9091809775429325,0.5592800528401585,0.8721928665786001,0.6147622192866579,0.8243064729194184,0.657529722589168,0.7714663143989429,0.6945178335535009,0.7120211360634078,0.7249009247027743,0.6486129458388378,0.7513210039630119,0.5807463672391017,0.7717965653896962,0.5094121532364595,0.787648612945839,0.4407199471598415,0.7942536327608983,0.3746697490092473,0.7916116248348745,0.3143989431968296,0.7843461030383092,0.26155878467635374,0.7711360634081902,0.21169088507265504,0.7539630118890358,0.1667767503302508,0.7301849405548217,0.12599075297225865,0.7031043593130778,0.09428665785997363,0.6687582562747688,0.06456406869220621,0.6330911492734479,0.040785997357992154,0.5934610303830912,0.0194848084544253,0.5528401585204754,0.008916776750330195,0.5079260237780713,0.0,0.463011889035667,0.0026420079260236983,0.41809775429326274,0.005944517833553515,0.3733487450462351,0.01915455746367232,0.3310766182298547,0.032364597093791275,0.28880449141347425,0.05614266842800533,0.2491743725231177,0.07992073976221939,0.209544253632761,0.11112945838837508,0.1773447820343462,0.1428335535006604,0.1456406869220609,0.17684940554821657,0.11856010568031716,0.21119550858652542,0.0921400264200794,0.24983487450462397,0.07215984147952417,0.28946499339498055,0.053665785997357815,0.3271136063408192,0.03913474240422709,0.3641017173051519,0.025924702774108285,0.3992734478203437,0.01634742404227213,0.43361955085865284,0.008421400264200723,0.4646631439894322,0.0037978863936591343,0.49372523117569334,0.001155878467635281,0.51832892998679,0.0,0.5394649933949802,0.0,0.5579590488771469,0.0,0.5738110964332894,0.0,0.5873513870541613,0.0,0.5979194187582562,0.0,0.6065059445178337,0.0,0.6117899603698811,0.0,0.6170739762219284,0.0,0.6223579920739761,0.0,0.6269815059445178,0.0,0.6296235138705417,0.0,0.6322655217965656,0.0,0.6349075297225895,0.0,0.63721928665786,0.0,0.63721928665786,0.0,0.63721928665786,0.0,0.63721928665786,0.0,0.63721928665786,0.0
Circle,0.7191352171439408,0.05632467286174853,0.7191352171439408,0.05632467286174853,0.7191352171439408,0.05632467286174853,0.7164801820595489,0.05632467286174853,0.7135090713698717,0.05632467286174853,0.7105379606801945,0.05632467286174853,0.7075668499905176,0.05632467286174853,0.7045957393008407,0.05632467286174853,0.7016246286111638,0.05632467286174853,0.7003603261900246,0.05632467286174853,0.7003603261900246,0.05632467286174853,0.7003603261900246,0.05632467286174853,0.7003603261900246,0.05632467286174853,0.7003603261900246,0.05632467286174853,0.7003603261900246,0.05632467286174853,0.7003603261900246,0.05632467286174853,0.7003603261900246,0.05632467286174853,0.7003603261900246,0.05632467286174853,0.7003603261900246,0.05632467286174853,0.7003603261900246,0.05632467286174853,0.7003603261900246,0.05632467286174853,0.7003603261900246,0.05632467286174853,0.705923256843037,0.05632467286174853,0.7118654782223911,0.05632467286174853,0.7252038687654089,0.05632467286174853,0.7400594222137936,0.05632467286174853,0.7592136038940516,0.06062330109362154,0.7800113787217904,0.06656552247297548,0.8044756305708325,0.07617422087363283,0.8312156267779252,0.08805866363234087,0.8594727858903851,0.10449459510714958,0.8891838927871546,0.12529236993488843,0.9152917377836779,0.15089449396295596,0.9360895126114165,0.1835767115494025,0.9551172640495604,0.21891396422024167,0.9699728174979455,0.260509513875719,0.9836904987673051,0.3043808078892469,0.9926038308363364,0.3578608003034328,1.0,0.41159365320184604,0.9910866679309693,0.46804475630570846,0.9821733358619383,0.5244958594095708,0.9616284215184273,0.5780390669448131,0.9408306466906882,0.6315190593589989,0.8992983121562675,0.6720399519565081,0.8547316518111133,0.7106643909223087,0.8033377583918075,0.7401858524559075,0.749857765977622,0.7669258486630002,0.6885390985523736,0.7897465073645616,0.6231746633794801,0.8105442821923006,0.5512358556166638,0.823124091282635,0.4739869776850624,0.8290663126619887,0.4033756874644416,0.8283709463303623,0.3409823629812247,0.8194576142613313,0.28061192237183114,0.8075099563815665,0.2241608192679687,0.7896832922435048,0.17188191415386553,0.7690751627789367,0.13325747518806505,0.739364055882167,0.09615019912763122,0.7085150768063719,0.06941020292053826,0.6698906378405715,0.04285985207661635,0.631139768632657,0.025033187938554725,0.5865731082875025,0.007206523800493105,0.542006447942348,0.0029711106896770554,0.49472153739174396,0.0,0.4471837663569125,0.006637587710980299,0.40204816992224546,0.015550919780011288,0.35748150957709085,0.030722548833681,0.3150009482268159,0.04854921297174298,0.27340539857133805,0.07168594727858912,0.2353498956950502,0.09842594348568173,0.1996965674189266,0.12807383526139443,0.16695113471142292,0.16075605284784114,0.13724002781465344,0.19457614261331313,0.1098046652759341,0.23022947088943674,0.08603577975851838,0.2658827991655607,0.06473228396232367,0.3015361274416843,0.049876730513938754,0.3371894557178079,0.03552689803400968,0.37284278399393145,0.023642455275301812,0.40849611227005506,0.0121373032429357,0.44414944054617866,0.006195081863581768,0.4798027688223023,0.00025286048422783447,0.5097667362032996,0.0,0.5394778431000697,0.0,0.5641317403122825,0.0,0.5879006258296987,0.0,0.6072444528731272,0.002212529236993552,0.6250711170111892,0.005183639926670429,0.6391048738858337,0.008154750616347396,0.6509893166445412,0.011125861306024361,0.6612933813768253,0.014096971995701417,0.6702067134458559,0.017068082685378384,0.6778557430937481,0.018774890953916178,0.6837979644731018,0.018774890953916178,0.689740185852456,0.018774890953916178,0.6956824072318101,0.018774890953916178,0.7009924774005942,0.018774890953916178,0.7039635880902715,0.018774890953916178,0.7069346987799484,0.018774890953916178,0.7099058094696252,0.018774890953916178,0.7128769201593022,0.018774890953916178
Circle,0.7414895811842375,0.006808335052609862,0.7414895811842375,0.006808335052609862,0.7414895811842375,0.006808335052609862,0.7414895811842375,0.006808335052609862,0.7414895811842375,0.006808335052609862,0.7414895811842375,0.003919950484835899,0.7414895811842375,0.0006189395502372777,0.7388075097998761,0.0,0.7355064988652773,0.0,0.7346812461316277,0.0,0.7346812461316277,0.0,0.7324118011140911,0.0,0.7291107901794923,0.0,0.7258097792448935,0.0,0.7225087683102951,0.0,0.7210645760264079,0.0,0.7210645760264079,0.0,0.7227150814937073,0.0,0.7260160924283061,0.0,0.7307612956467914,0.0,0.7373633175159894,0.0,0.7464410975861357,0.002475758200949111,0.7596451413245305,0.009077780070146547,0.7749123168970493,0.01671136785640592,0.7947183825046418,0.02661440066020217,0.815349700845884,0.03899319166494734,0.838456777388075,0.058799257272539644,0.8628017330307405,0.08046214153084379,0.8925108314421286,0.11017123994223235,0.920982050753043,0.14153084382092013,0.9407881163606351,0.18444398597070374,0.960387868784815,0.2281823808541367,0.9768929234578086,0.28429956674231477,0.9933979781308023,0.3404167526304931,0.9966989890654012,0.4064369713224675,1.0,0.4724571900144418,0.9940169176810398,0.5384774087064161,0.9874148958118422,0.604497627398391,0.9634825665360016,0.6647410769548178,0.9370744790592118,0.7241592737775947,0.8999381060449759,0.770167113678564,0.8603259748297913,0.8130802558283475,0.8108108108108106,0.8460903651743346,0.7579946358572311,0.875799463585723,0.6915617907984316,0.8941613369094285,0.6189395502372596,0.9073653806478237,0.5483804415102123,0.9123168970497215,0.4790592118836394,0.9123168970497215,0.40973798225706587,0.9030328037961626,0.3404167526304931,0.8865277491231688,0.280998555807716,0.8650711780482773,0.2314833917887353,0.8386630905714876,0.18630080462141538,0.8093666185269238,0.14668867340623037,0.7763565091809365,0.11202805859294399,0.7408706416340004,0.08561997111615424,0.7012585104188158,0.06127501547348837,0.6606148132865688,0.041468949865896255,0.6177016711367856,0.02331338972560316,0.5747885289870024,0.010109345987208676,0.5318753868372189,0.0,0.48834330513719804,0.0033010109345988146,0.442129152052816,0.008252527336496649,0.3963276253352588,0.024757582009490336,0.35341448318547536,0.04208788941613334,0.3107076542191045,0.0717969878275219,0.2710955230039199,0.10150608623891046,0.2314833917887353,0.13781720651949625,0.19847328244274812,0.17412832680008206,0.16546317309676095,0.21353414483185446,0.13864245925314636,0.25314627604703904,0.1122343717763566,0.2927584072622237,0.09449143800288837,0.3323705384774083,0.07798638332989487,0.3719826696925933,0.06416340004126253,0.4115948009077783,0.05095935630286765,0.45120693212296253,0.042706828966371006,0.4908190633381471,0.036104807097173376,0.5258923045182587,0.03177223024551262,0.5589024138642461,0.028471219310914002,0.5877862595419846,0.02723334021043945,0.6141943470187744,0.02723334021043945,0.6350319785434289,0.02723334021043945,0.6515370332164221,0.02723334021043945,0.6663915824221164,0.02723334021043945,0.6795956261605113,0.02723334021043945,0.6913554776150194,0.02723334021043945,0.7012585104188154,0.02723334021043945,0.7099236641221373,0.02723334021043945,0.7165256859913349,0.02723334021043945,0.7210645760264079,0.02723334021043945,0.7210645760264079,0.02723334021043945,0.7210645760264079,0.02723334021043945,0.7210645760264079,0.02723334021043945,0.7210645760264079,0.02661440066020217,0.7210645760264079,0.02331338972560355,0.7210645760264079,0.020425005157829586,0.7210645760264079,0.020425005157829586,0.7210645760264079,0.020425005157829586,0.7210645760264079,0.020425005157829586,0.7210645760264079,0.020425005157829586
Circle,0.5205479452054794,0.0,0.51757299017573,0.0,0.5145980351459806,0.0,0.5136986301369864,0.0,0.5136986301369864,0.0,0.512522485125225,0.0,0.5095475300954752,0.0,0.5068493150684932,0.0,0.5068493150684932,0.0,0.5068493150684932,0.0,0.5068493150684932,0.0,0.5068493150684932,0.0,0.5068493150684932,0.0,0.5068493150684932,0.0,0.507402795074028,0.0,0.5103777501037774,0.0,0.5133527051335273,0.0,0.518956690189567,0.0,0.5249066002490659,0.0,0.5360453853604539,0.0,0.5509201605092015,0.0,0.567455375674554,0.0016604400166044474,0.5882800608828008,0.007610350076103522,0.6091047460910476,0.013560260135602598,0.6386467413864675,0.025321710253217042,0.6683962916839631,0.03722153037221519,0.7041649370416495,0.053134080531340756,0.7428393524283934,0.07098381070983818,0.781513767815138,0.09104746091047466,0.820188183201882,0.11484710114847116,0.8580323785803237,0.13926940639269414,0.8848069738480697,0.17199391171993914,0.9115815691158159,0.20471841704718416,0.9337899543378998,0.2420091324200914,0.9546146395461467,0.28068354780683547,0.9726719247267195,0.32212536322125385,0.9875466998754671,0.366749688667497,1.0,0.41282689912826925,1.0,0.46637608966376093,1.0,0.519925280199253,0.9897606198976063,0.5760343157603431,0.9778607997786077,0.6325584613255849,0.9559983395599837,0.6874221668742218,0.9262487892624878,0.7409713574097138,0.8919330289193304,0.7907153729071538,0.8443337484433373,0.8293897882938981,0.7967344679673447,0.868064203680642,0.7349522623495223,0.8953922789539229,0.6724782067247818,0.9221668742216691,0.6080669710806696,0.9431299294312996,0.5426179604261793,0.9609796596097967,0.47613117476131167,0.9726027397260274,0.4077072090770714,0.9726027397260274,0.33997509339975085,0.9717725197177252,0.2864259028642586,0.9539227895392277,0.2328767123287671,0.9360730593607304,0.1881832018818319,0.9115815691158156,0.1465338314653382,0.8848069738480694,0.11014252110142522,0.8527743185277429,0.08039297080392965,0.814099903140999,0.05188875051888742,0.7745952677459526,0.031064065310640952,0.7299709422997094,0.010239380102393702,0.685346616853466,0.004358655043586479,0.640722291407223,0.0013837000138370394,0.5960979659609795,0.0,0.5530648955306487,0.0,0.511415525114155,0.0020755500207555594,0.46976615469766125,0.011000415110004269,0.42811678428116773,0.01992528019925298,0.3864674138646738,0.03715234537152315,0.35035284350352824,0.05500207555002057,0.3146533831465336,0.0784557907845578,0.2808219178082192,0.10523038605230393,0.24809741248097397,0.132973571329736,0.21731008717310063,0.16272312162723118,0.19053549190535488,0.1925418569254184,0.16389926663899265,0.22526636225266342,0.143074581430746,0.2579908675799088,0.12224989622249874,0.2885706378857066,0.1057146810571467,0.3183201881832018,0.0908399059083991,0.3468244084682444,0.0784557907845578,0.37359900373599053,0.0695309256953091,0.40002767400027683,0.06095198560951984,0.42382731423827313,0.05500207555002076,0.4476269544762698,0.04905216549052169,0.46658364466583646,0.045523730455237235,0.4844333748443339,0.0425487754254876,0.49923896499238984,0.0410958904109589,0.511138785111388,0.0410958904109589,0.5217932752179324,0.0410958904109589,0.5277431852774317,0.0410958904109589,0.533693095336931,0.0410958904109589,0.5369447903694478,0.0410958904109589,0.5399197453991972,0.0410958904109589,0.542894700428947,0.0410958904109589,0.5458696554586965,0.0410958904109589,0.5488446104884459,0.0410958904109589,0.5518195655181958,0.0410958904109589,0.5547945205479452,0.0410958904109589
Circle,0.5831822889694459,0.012817193164163646,0.580204557224236,0.012817193164163646,0.5772268254790263,0.012817193164163646,0.5742490937338168,0.012817193164163646,0.5712713619886066,0.012817193164163646,0.5703650958052823,0.012817193164163646,0.5703650958052823,0.012817193164163646,0.5703650958052823,0.012817193164163646,0.5703650958052823,0.012817193164163646,0.5703650958052823,0.012817193164163646,0.5703650958052823,0.012817193164163646,0.5703650958052823,0.012817193164163646,0.5703650958052823,0.012817193164163646,0.5703650958052823,0.01255825996892801,0.5703650958052823,0.00958052822371819,0.5703650958052823,0.006602796478508551,0.5703650958052823,0.006408596582081823,0.5703650958052823,0.006408596582081823,0.5750258933195237,0.006408596582081823,0.580981356809943,0.006408596582081823,0.5925686172967372,0.006408596582081823,0.6074572760227862,0.006408596582081823,0.6266183324702226,0.006408596582081823,0.6504401864319005,0.006408596582081823,0.677175038839979,0.008350595546349097,0.7099300880372863,0.014306059036768374,0.7432030036250649,0.021815121698601832,0.7789357845675816,0.03670378042465039,0.8146038322112893,0.05172190574831695,0.8473588814085966,0.07256602796478515,0.8801139306059036,0.09341015018125316,0.9076903158984981,0.12461160020714646,0.9344899016053861,0.15736664940445358,0.9548808907301916,0.1986664940445365,0.9727472812014498,0.24333247022268237,0.9872475401346454,0.29473070947695496,0.999158467115484,0.3513076126359399,1.0,0.4115743138270323,0.9851113412739513,0.4770844122216469,0.965561885033661,0.542594510616261,0.9328068358363542,0.608104609010875,0.8981097876747799,0.6713490419471778,0.8474883480062144,0.7160150181253238,0.796866908337649,0.7606809943034697,0.7320041429311241,0.7939539098912483,0.6664940445365092,0.8267089590885551,0.5985888140859659,0.8403029518384257,0.5301009839461422,0.8492361470740548,0.4635551527705847,0.8484593474883478,0.3980450543759708,0.8425038839979286,0.33551268772656645,0.829104091144485,0.2759580528223722,0.8082599689280165,0.22261781460383215,0.783272915587778,0.18092957017089578,0.7505178663904711,0.14098912480580011,0.7165976178146038,0.10823407560849317,0.6778871051268772,0.07586742620403933,0.6390471258415328,0.05204557224236149,0.5973588814085966,0.02822371828068366,0.5556706369756604,0.015018125323666557,0.5113283272915585,0.003107198342827639,0.4666623511134127,0.0,0.42199637493526687,0.0,0.3773303987571208,0.006991196271362187,0.33441222164681517,0.01890212325220074,0.29272397721387877,0.03599171413775239,0.2536250647332987,0.059813568099430586,0.2178922837907818,0.08531848783014007,0.18384256861729686,0.11509580528223717,0.1540652511651994,0.14564992232004156,0.12506473329880882,0.18138270326255831,0.10124287933713098,0.21711548420507507,0.07742102537545315,0.25576126359399254,0.06233816675297786,0.2944717762817191,0.04744950802692913,0.33072242361470716,0.035020714655618936,0.36645520455722463,0.023109787674779836,0.398174520973589,0.015212325220093284,0.4279518384256861,0.009256861729673643,0.45306835836354215,0.004854997410668004,0.4739124805800102,0.0018772656654583652,0.49255567063697564,0.0,0.5074443293630244,0.0,0.521685655100984,0.0,0.5335965820818229,0.0,0.545313309166235,0.0,0.5542465044018644,0.0,0.5631796996374935,0.0,0.5693940963231487,0.0,0.5753495598135681,0.0,0.5790393578456757,0.0,0.5820170895908855,0.0,0.5849948213360954,0.0,0.5879725530813048,0.0,0.5895908855515277,0.0,0.5895908855515277,0.0,0.5904971517348524,0.0,0.5934748834800623,0.0,0.5964526152252717,0.0,0.5994303469704815,0.0,0.6024080787156914,0.0
Circle,0.5736325385694251,0.08835904628330996,0.570827489481066,0.08835904628330996,0.5680224403927068,0.08835904628330996,0.5652173913043477,0.08835904628330996,0.5624123422159889,0.08835904628330996,0.5596072931276298,0.08835904628330996,0.5568022440392707,0.08835904628330996,0.5546984572230015,0.08835904628330996,0.5546984572230015,0.08835904628330996,0.5546984572230015,0.08835904628330996,0.5546984572230015,0.08835904628330996,0.5546984572230015,0.08835904628330996,0.5546984572230015,0.08835904628330996,0.5546984572230015,0.08835904628330996,0.5546984572230015,0.08835904628330996,0.5546984572230015,0.08835904628330996,0.5553997194950911,0.08835904628330996,0.5582047685834503,0.08835904628330996,0.5610098176718094,0.08835904628330996,0.5666199158485277,0.08835904628330996,0.5722300140252459,0.08835904628330996,0.5841514726507716,0.08835904628330996,0.5981767180925669,0.08835904628330996,0.6164095371669005,0.08835904628330996,0.6388499298737728,0.08835904628330996,0.6626928471248247,0.08906030855539973,0.6907433380084151,0.09186535764375868,0.7187938288920057,0.09467040673211781,0.7524544179523142,0.10028050490883587,0.7861150070126226,0.10589060308555395,0.8218793828892009,0.11991584852734923,0.8583450210378681,0.13674614305750343,0.8892005610098178,0.15638148667601678,0.9144460028050492,0.17882187938288907,0.9375876577840114,0.20336605890603088,0.9544179523141658,0.23422159887798036,0.9712482468443199,0.26507713884992984,0.9796633941093968,0.3043478260869564,0.9880785413744743,0.34361851332398324,0.9943899018232818,0.3892005610098174,1.0,0.4368863955119215,0.9943899018232821,0.4831697054698456,0.9775596072931277,0.5280504908835901,0.955820476858345,0.5701262272089762,0.9193548387096778,0.6037868162692844,0.88288920056101,0.6374474053295932,0.8295932678821879,0.6598877980364655,0.776297335203366,0.682328190743338,0.7124824684431978,0.7005610098176718,0.645161290322581,0.7173913043478258,0.5764375876577842,0.7244039270687236,0.5063113604488082,0.7215988779803647,0.4368863955119218,0.7152875175315568,0.36956521739130493,0.6984572230014026,0.3022440392706874,0.6816269284712482,0.25175315568022455,0.6563814866760168,0.20126227208976208,0.6311360448807856,0.16129032258064543,0.6016830294530154,0.12482468443197788,0.5708274894810661,0.0939691444600282,0.5385694249649371,0.06872370266479678,0.5049088359046283,0.044880785413744934,0.47124824684431965,0.025245441795231773,0.43758765778401126,0.005610098176718251,0.40392706872370265,0.0028050490883591256,0.3702664796633942,0.0,0.33660589060308577,0.005610098176718251,0.30294530154277716,0.014025245441795271,0.2692847124824687,0.028050490883590542,0.2370266479663395,0.0476858345021037,0.20617110799439,0.06872370266479678,0.1767180925666199,0.0939691444600282,0.15147265077138866,0.11921458625525962,0.12622720897615708,0.1472650771388498,0.10378681626928478,0.17531556802243997,0.08134642356241249,0.20336605890603052,0.06521739130434806,0.23141654978962178,0.051192145862552434,0.2566619915848532,0.038569424964936906,0.2791023842917251,0.02734922861150076,0.30084151472650744,0.017531556802243997,0.3204768583450213,0.011921458625525926,0.3401122019635345,0.006311360448807854,0.35694249649368853,0.0035063113604488177,0.3737727910238429,0.0007012622720897814,0.3884992987377278,0.0,0.40252454417952344,0.0,0.41654978962131833,0.0,0.4305750350631136,0.0,0.4431977559607297,0.0,0.45161290322580633,0.0,0.4600280504908837,0.0,0.4684431977559611,0.0028050490883590362,0.47685834502103774,0.0056100981767180725,0.4831697054698456,0.008415147265077109,0.48877980364656387,0.011220196353436145,0.49438990182328174,0.014025245441795271,0.5000000000000003,0.016830294530154218,0.5049088359046287,0.019635343618513164,0.5077138849929874,0.02244039270687229,0.5105189340813465,0.025245441795231416
Circle,0.5414364640883977,0.0,0.5389809699201964,0.0,0.5365254757519949,0.0,0.5359116022099447,0.0,0.5359116022099447,0.0,0.5359116022099447,0.0,0.5359116022099447,0.0,0.5352977286678946,0.0,0.5328422344996931,0.0,0.5303867403314917,0.0,0.5279312461632903,0.0,0.5254757519950892,0.0,0.5248618784530387,0.0,0.5248618784530387,0.0,0.5248618784530387,0.0,0.5248618784530387,0.0,0.5248618784530387,0.0,0.5248618784530387,0.0,0.5248618784530387,0.0,0.5297728667894415,0.0,0.534683855125844,0.0,0.5451197053406996,0.0,0.5573971761817064,0.0,0.574585635359116,0.00122774708410071,0.5966850828729282,0.0036832412523021304,0.6212400245549418,0.007366482504603947,0.6531614487415592,0.014732965009208052,0.6850828729281768,0.022099447513812154,0.7145488029465928,0.036832412523020205,0.7440147329650093,0.05156537753222826,0.7826887661141803,0.06998158379373844,0.8244321669736031,0.08962553713934933,0.8612645794966238,0.11418047882136274,0.8931860036832411,0.143646408839779,0.9226519337016574,0.17679558011049723,0.9447513812154696,0.22099447513812154,0.9668508287292817,0.26519337016574585,0.9815837937384897,0.3143032535297727,0.9963167587476979,0.3634131368938,1.0,0.41436464088397756,1.0,0.4659300184162063,0.9864947820748925,0.5187231430325351,0.9594843462246778,0.5727440147329648,0.9269490484960098,0.6224677716390423,0.8778391651319829,0.6593001841620625,0.8287292817679558,0.6961325966850829,0.7624309392265196,0.7231430325352975,0.6961325966850829,0.7501534683855126,0.6279926335174955,0.7697974217311233,0.5592387968078579,0.7869858809085329,0.4880294659300186,0.7943523634131369,0.4143646408839785,0.7918968692449357,0.3449969306322898,0.7845303867403315,0.28852056476365906,0.7624309392265194,0.23204419889502761,0.7403314917127072,0.18784530386740364,0.710865561694291,0.14364640883977964,0.681399631675875,0.11049723756906077,0.6464088397790057,0.08103130755064467,0.6095764272559855,0.055248618784530384,0.5702885205647636,0.03314917127071823,0.5285451197053408,0.014732965009208208,0.4874155923879681,0.007366482504604261,0.44812768569674666,0.0,0.4088397790055249,0.007366482504603947,0.3720073664825048,0.014732965009207894,0.3351749539594846,0.03130755064456701,0.30018416206261517,0.05095150399017775,0.26580724370779635,0.07427869858809093,0.23388581952117868,0.1012891344383056,0.20441988950276258,0.1289134438305711,0.1761817065684469,0.1583793738489869,0.15162676488643345,0.1878453038674033,0.1270718232044199,0.2173112338858194,0.10988336402701057,0.2467771639042355,0.0926949048496011,0.2744014732965007,0.07918968692449377,0.30141190914671573,0.06691221608348683,0.32719459791283,0.05586249232658074,0.35174953959484323,0.04604051565377537,0.37569060773480634,0.037446286065070715,0.39779005524861877,0.032535297728667874,0.4198895027624309,0.027624309392265192,0.4395334561080417,0.02516881522406377,0.45917740945365243,0.02271332105586251,0.47697974217311223,0.020257826887661246,0.49416820135052186,0.017802332719459826,0.5089011663597297,0.016574585635359115,0.5211786372007365,0.016574585635359115,0.5322283609576426,0.016574585635359115,0.5395948434622466,0.016574585635359115,0.5469613259668509,0.016574585635359115,0.5518723143032537,0.016574585635359115,0.5567833026396561,0.016574585635359115,0.561694290976059,0.016574585635359115,0.5666052793124615,0.016574585635359115,0.569060773480663,0.016574585635359115,0.569060773480663,0.016574585635359115,0.5684468999386125,0.016574585635359115,0.5659914057704114,0.016574585635359115,0.56353591160221,0.016574585635359115
Triangle,0.6193457705085612,0.0,0.6193457705085612,0.0,0.6193457705085612,0.0,0.6193457705085612,0.0,0.6193457705085612,0.0,0.6193457705085612,0.0,0.6193457705085612,0.0,0.6193457705085612,0.0,0.6193457705085612,0.0,0.6193457705085612,0.0,0.6193457705085612,0.0,0.6193457705085612,0.0,0.6193457705085612,0.0,0.6193457705085612,0.0,0.6193457705085612,0.0,0.6193457705085612,0.0,0.6193457705085612,0.0,0.6193457705085612,0.0,0.6193457705085612,0.0,0.6187920606525257,0.0,0.6163216628332908,0.0,0.6112956810631232,0.0,0.6038844876054178,0.0,0.5924695459579179,0.004003748189794696,0.57909532328137,0.009455660618451347,0.5568617429082544,0.019337251895391504,0.5307096004770426,0.03313740523042847,0.49859442882698707,0.052900587784308666,0.46307181190902097,0.07777493824005458,0.4260158446204957,0.10494931425163984,0.3816764630718119,0.15154612829031422,0.3324388789505069,0.20189113212369028,0.27067893346963107,0.261180679785331,0.21313570150779462,0.31625351392793244,0.15878694948462388,0.3681318681318683,0.1172161172161172,0.4114916091660279,0.07960644007155647,0.4515716841298236,0.05243206405997097,0.48121645796064405,0.028579947184598324,0.5064315529431809,0.008816764630718132,0.5261947354970612,0.0018740948973507649,0.540463412556436,0.0,0.5526450293892154,0.014822386915410114,0.5600562228469206,0.034500383337592665,0.566658148053497,0.06414515716841289,0.571598943691967,0.09992333248147199,0.5734730385893178,0.13944969758923237,0.5734730385893178,0.1902632251469461,0.5689581736093363,0.24214157935088176,0.5640173779708664,0.29401993355481715,0.5590765823323964,0.3533094812164581,0.5541357866939265,0.4200102223358039,0.5491949910554562,0.48671096345514936,0.5422949143879378,0.5534117045744954,0.535096686259477,0.6201124456938412,0.530155890621007,0.6830649970184853,0.5252150949825368,0.7398841468608914,0.5202742993440667,0.7933810375670838,0.5153335037055969,0.8452593917710197,0.5103927080671268,0.8875968992248064,0.5078371241161939,0.9263991822131356,0.5047278303092256,0.9560439560439562,0.4997870346707557,0.9802368174461199,0.4921202828179571,1.0,0.48223869154101723,0.9988925802879294,0.46818297981088697,0.9936110401226681,0.4526791038418945,0.9861998466649631,0.4329159212880144,0.971334866683704,0.4110230854416902,0.9466308884913537,0.38631910724933965,0.9183490927676976,0.35982622029133665,0.8885765397393306,0.3326092512139024,0.8515205724508048,0.3029644773830819,0.813697929977,0.2748530539228214,0.7741715648692393,0.2501490757304711,0.733154442456768,0.22693585484283146,0.6911576795297727,0.20470227446971642,0.649160916602777,0.18468353352074282,0.6081012011244566,0.1658573984155379,0.5710452338359316,0.15103501150012777,0.5399522957662491,0.13621262458471753,0.5152483175738989,0.12139023766930754,0.4962944032711477,0.10848453871709696,0.4793423630632933,0.09630292188431723,0.4669903739671183,0.08642133060737718,0.45642729363659607,0.07743419371326353,0.449016100178891,0.07002300025555848,0.4464605162279581,0.06261180679785341,0.4464605162279581,0.05520061334014824,0.4464605162279581,0.05013203850413152,0.44705681914984247,0.04578754578754578,0.44952721696907755,0.043317147968310675,0.4519976147883124,0.0408467501490757,0.4544680126075475,0.03837635232984072,0.4569384104267826,0.03590595451060562,0.45970695970696,0.03373370815231281,0.46464775534542974,0.03373370815231281,0.4685663174035268,0.03373370815231281,0.47103671522276186,0.03373370815231281,0.4735071130419967,0.03373370815231281,0.4759775108612318,0.03373370815231281
Triangle,0.493114406779661,0.011652542372881356,0.493114406779661,0.011652542372881356,0.493114406779661,0.011652542372881356,0.493114406779661,0.011652542372881356,0.493114406779661,0.011652542372881356,0.493114406779661,0.011652542372881356,0.493114406779661,0.011652542372881356,0.493114406779661,0.011652542372881356,0.493114406779661,0.011652542372881356,0.493114406779661,0.011652542372881356,0.493114406779661,0.011652542372881356,0.493114406779661,0.011652542372881356,0.493114406779661,0.011652542372881356,0.493114406779661,0.011652542372881356,0.493114406779661,0.011652542372881356,0.493114406779661,0.011652542372881356,0.493114406779661,0.011652542372881356,0.493114406779661,0.011652542372881356,0.493114406779661,0.011652542372881356,0.4918785310734461,0.01288841807909608,0.4890536723163842,0.015713276836158144,0.4830508474576273,0.02171610169491521,0.4717514124293784,0.03301553672316396,0.45780367231638414,0.0469632768361582,0.43802966101694923,0.06673728813559314,0.4154307909604517,0.08933615819209045,0.3843573446327682,0.12040960451977413,0.35116525423728806,0.1536016949152543,0.30879237288135597,0.1959745762711864,0.2650070621468924,0.23975988700564976,0.21133474576271175,0.29343220338983056,0.15872175141242942,0.34604519774011305,0.12199858757062114,0.3827683615819209,0.0852754237288135,0.41949152542372886,0.05985169491525412,0.4449152542372882,0.03442796610169473,0.4703389830508474,0.0169491525423727,0.48516949152542366,0.0,0.4992937853107346,0.005296610169491345,0.5035310734463277,0.013771186440678027,0.5063559322033898,0.0268361581920905,0.506885593220339,0.040960451977400975,0.506885593220339,0.0656779661016948,0.506885593220339,0.0939265536723164,0.506885593220339,0.1299435028248588,0.5088276836158193,0.169491525423729,0.5116525423728814,0.21610169491525444,0.5162429378531075,0.2669491525423729,0.5218926553672316,0.32574152542372864,0.5291313559322034,0.39071327683615825,0.5376059322033897,0.45709745762711856,0.5474929378531074,0.5248940677966101,0.558792372881356,0.5914548022598867,0.5688559322033898,0.6564265536723165,0.5773305084745761,0.7192796610169491,0.5847457627118645,0.7786016949152545,0.5903954802259886,0.8326271186440677,0.5960451977401131,0.8750000000000001,0.6016949152542374,0.9145480225988702,0.605225988700565,0.9456214689265534,0.6024011299435029,0.9735169491525423,0.5979872881355932,0.987641242937853,0.5866878531073446,1.0,0.5750353107344632,1.0,0.5609110169491525,0.9989406779661016,0.5466101694915254,0.9819915254237286,0.5296610169491526,0.965042372881356,0.5127118644067797,0.9424435028248588,0.4872881355932203,0.9198446327683616,0.46186440677966106,0.8893008474576272,0.433792372881356,0.8582274011299436,0.4055437853107346,0.8271539548022601,0.3748234463276839,0.7960805084745762,0.34375000000000017,0.7627118644067795,0.31267655367231617,0.7288135593220335,0.2816031073446327,0.6949152542372877,0.2526483050847457,0.6610169491525423,0.22439971751412408,0.6310028248587568,0.19809322033898288,0.6027542372881352,0.17266949152542369,0.5745056497175139,0.15077683615819207,0.5462570621468926,0.13100282485875697,0.5227754237288134,0.1128177966101694,0.5030014124293785,0.09586864406779669,0.4860522598870054,0.08033192090395494,0.47192796610169496,0.06620762711864413,0.4602754237288136,0.05331920903954805,0.4518008474576272,0.04201977401129947,0.4433262711864406,0.03177966101694923,0.4348516949152542,0.023305084745762712,0.4263771186440675,0.015713276836158144,0.41790254237288116,0.010063559322033854,0.41013418079096037,0.005120056497175122,0.4044844632768359,0.0022951977401128943,0.3988347457627121,0.0,0.39318502824858736,0.0,0.387888418079096,0.0,0.3850635593220338,0.0,0.3822387005649719,0.0,0.37941384180790966,0.0,0.3765889830508474,0.0
Triangle,0.5413625304136255,0.0,0.5413625304136255,0.0,0.5413625304136255,0.0,0.5413625304136255,0.0,0.5413625304136255,0.0,0.5413625304136255,0.0,0.5413625304136255,0.0,0.5413625304136255,0.0,0.5413625304136255,0.0,0.5413625304136255,0.0,0.5413625304136255,0.0,0.5413625304136255,0.0,0.5413625304136255,0.0,0.5413625304136255,0.0,0.5413625304136255,0.0,0.5395377128953774,0.0018248175182482278,0.5364963503649636,0.004866180048661785,0.53345498783455,0.010340632603406312,0.5304136253041364,0.01642335766423358,0.5152068126520684,0.03163017031630168,0.49939172749391764,0.04866180048661801,0.4811435523114357,0.07299270072992708,0.45194647201946464,0.10462287104622892,0.40632603406326034,0.14720194647201965,0.35705596107055965,0.19160583941605847,0.3053527980535282,0.2372262773722629,0.2512165450121655,0.2852798053527982,0.19647201946472026,0.3339416058394162,0.1478102189781021,0.3765206812652072,0.1021897810218978,0.4166666666666667,0.06873479318734774,0.4470802919708032,0.03892944038929443,0.47384428223844294,0.014598540145985354,0.4951338199513384,0.0030413625304135574,0.5109489051094893,0.0,0.5231143552311437,0.013990267639902769,0.5279805352798056,0.032238442822384424,0.5310218978102191,0.06873479318734804,0.5310218978102191,0.10827250608272507,0.5310218978102191,0.15997566909975677,0.5310218978102191,0.21411192214111932,0.5310218978102191,0.27189781021897846,0.5310218978102191,0.3369829683698302,0.5310218978102191,0.40693430656934326,0.5310218978102191,0.476885644768857,0.5310218978102191,0.54683698296837,0.5310218978102191,0.6167883211678837,0.5310218978102191,0.6855231143552313,0.5310218978102191,0.7493917274939176,0.5310218978102191,0.8083941605839422,0.5310218978102191,0.8600973236009736,0.5310218978102191,0.9026763990267643,0.5291970802919708,0.9391727493917276,0.5261557177615572,0.9659367396593677,0.5206812652068129,0.9902676399026767,0.5145985401459856,0.9963503649635042,0.5054744525547448,1.0,0.49452554744525556,0.9939172749391729,0.4762773722627739,0.9829683698296842,0.45681265206812677,0.9647201946472025,0.4355231143552314,0.9446472019464721,0.41058394160583955,0.9233576642335769,0.3832116788321166,0.8972019464720198,0.35340632603406347,0.8698296836982972,0.32299270072992714,0.8394160583941607,0.28953771289537705,0.8083941605839419,0.2566909975669099,0.7749391727493918,0.22627737226277356,0.7402676399026765,0.19708029197080315,0.7037712895377133,0.16970802919708036,0.6690997566909976,0.14416058394160577,0.6356447688564476,0.1198296836982967,0.6070559610705598,0.0979318734793189,0.5796836982968372,0.07664233576642339,0.5553527980535281,0.06143552311435529,0.5322384428223845,0.04744525547445252,0.5139902676399029,0.038321167883211694,0.4969586374695867,0.029197080291970864,0.48175182481751827,0.020072992700730038,0.47019464720194665,0.012773722627737284,0.46107055961070564,0.006690997566909857,0.45437956204379565,0.0030413625304135574,0.4482968369829685,0.0,0.4422141119221414,0.0,0.4367396593673969,0.0,0.433698296836983,0.0,0.43187347931873493,0.0,0.43187347931873493,0.0,0.43004866180048684,0.0,0.4270072992700733,0.0,0.4263990267639904,0.0,0.4263990267639904,0.0,0.4263990267639904,0.0,0.4263990267639904,0.0,0.4263990267639904,0.0,0.4263990267639904,0.0,0.4263990267639904,0.0,0.4263990267639904,0.0,0.4263990267639904,0.0,0.4263990267639904,0.0,0.4263990267639904,0.0
Triangle,0.5631170198762669,0.056469659075951036,0.5631170198762669,0.056469659075951036,0.5631170198762669,0.056338028169014086,0.5631170198762669,0.05410030275108589,0.5631170198762669,0.05212583914703173,0.5631170198762669,0.05212583914703173,0.5635119125970779,0.05212583914703173,0.565749638015006,0.05212583914703173,0.5679873634329341,0.05212583914703173,0.5702250888508621,0.05212583914703173,0.5718046597341055,0.05212583914703173,0.5718046597341055,0.05212583914703173,0.5718046597341055,0.05212583914703173,0.5718046597341055,0.05212583914703173,0.5718046597341055,0.05212583914703173,0.5718046597341055,0.05212583914703173,0.57075161247861,0.05212583914703173,0.5685138870606818,0.05212583914703173,0.5650914834803211,0.05449519547189687,0.560616032644465,0.05897064630775301,0.5508753455311307,0.06739502435171774,0.5374489930235619,0.07858365144135845,0.5153350006581545,0.09556403843622484,0.4884822956430172,0.11570356719757796,0.45215216532841906,0.14374095037514797,0.4118731078057128,0.17506910622614194,0.36303804133210477,0.20981966565749643,0.3115703567197578,0.24562327234434642,0.2582598394102935,0.2832697117283137,0.20455442938001847,0.32131104383309206,0.15677241016190616,0.35737791233381594,0.10978017638541535,0.393181519020666,0.07753060418586283,0.4184546531525602,0.04620244833486899,0.4430696327497697,0.023825194155587672,0.46097143609319474,0.0026326181387389277,0.4784783467158088,0.00039489272081073417,0.48966697380544966,0.0,0.49980255363959464,0.013426352507568667,0.5020402790575227,0.029616954060813334,0.503488219033829,0.058707384493879106,0.501250493615901,0.09095695669343162,0.4984862445702251,0.13347373963406606,0.49401079373436896,0.1792812952481242,0.49019349743319746,0.2329867052783991,0.4879557720152694,0.2890614716335394,0.4857180465973411,0.3494800579175989,0.48348032117941303,0.4098986442016585,0.4821640121100435,0.470317230485718,0.4821640121100435,0.5328419112807686,0.4821640121100435,0.5977359484006847,0.4821640121100435,0.6614453073581679,0.4821640121100435,0.7241016190601554,0.4821640121100435,0.781492694484665,0.480847703040674,0.8351981045149398,0.4786099776227459,0.8787679347110701,0.47492431222851145,0.9168092668158485,0.47044886139265507,0.9469527445044097,0.46439383967355524,0.9738054495195473,0.45768066341977104,0.9886797420034226,0.4492562853758063,0.9998683690930629,0.44030538370409383,1.0,0.4258259839410295,0.9977622745820719,0.41016190601553254,0.987626694747927,0.39054890088192723,0.9764380676582861,0.37040937212057395,0.958931157035672,0.3460576543372385,0.9410293536922469,0.32144267474002897,0.9208898249308939,0.29458996972489143,0.9007502961695407,0.26773726470975384,0.8806107674081873,0.24088455969461625,0.8599447150190864,0.21403185467947866,0.8353297354218769,0.1871791496643411,0.8115045412662891,0.16111623009082524,0.7913650125049365,0.13873897591154427,0.7722785309990787,0.11688824536001065,0.7566144530735818,0.09674871659865752,0.7416085296827697,0.07858365144135845,0.7281821771752007,0.06515729893378966,0.7155456101092535,0.052520731867842584,0.7043569830196129,0.04133210477820199,0.6950111886270897,0.031986310385678604,0.6882980123733052,0.025273134131894148,0.6815848361195208,0.019613005133605314,0.6748716598657366,0.015137554297749174,0.6693431617743846,0.010662103461892785,0.6648677109385285,0.006186652626036646,0.6617085691720418,0.0030275108595497853,0.6594708437541135,0.0007897854416217153,0.6572331183361855,0.0,0.6549953929182571,0.0,0.652757667500329,0.0,0.6505199420824009,0.0,0.6499934184546532,0.0,0.6499934184546532,0.0,0.6499934184546532,0.0,0.6499934184546532,0.0,0.6480189548505988,0.0,0.6457812294326707,0.0,0.6435435040147426,0.0,0.6413057785968146,0.0
Triangle,0.39844760672703755,0.16601983613626564,0.39629150495903387,0.16601983613626564,0.3941354031910308,0.16601983613626564,0.3919793014230271,0.16601983613626564,0.38982319965502377,0.16601983613626564,0.38896075894782234,0.16731349719706773,0.38896075894782234,0.16946959896507124,0.38896075894782234,0.17162570073307462,0.38896075894782234,0.173781802501078,0.38809831824062097,0.1759379042690815,0.38378611470461393,0.17809400603708503,0.3794739111686072,0.1802501078050884,0.3773178094006038,0.18240620957309178,0.37516170763260015,0.1845623113410953,0.37300560586459675,0.18844329452350148,0.3708495040965934,0.19275549805950837,0.36481241914618384,0.19836136265631735,0.35618801207417006,0.20482966796032775,0.34497628288055204,0.21388529538594223,0.3298835705045276,0.2268219059939629,0.3130659767141009,0.24191461836998707,0.28934885726606296,0.265631737818025,0.265631737818025,0.28934885726606296,0.2311341095299699,0.3281586890901251,0.19663648124191482,0.3669685209141871,0.16041397153945663,0.4057783527382492,0.12376024148339804,0.4445881845623115,0.09357481673134982,0.47692971108236293,0.0677015955153085,0.5049590340664079,0.04527813712807252,0.5295385942216472,0.028029322984044834,0.5489435101336784,0.012936610608020796,0.5674859853385079,0.006468305304010398,0.5825786977145321,0.0,0.5976714100905562,0.012936610608020663,0.601983613626563,0.025873221216041457,0.6062958171625701,0.04915912031047857,0.6088831392841743,0.07503234152652002,0.6110392410521777,0.10737386804657176,0.6119016817593791,0.1440275981026305,0.6119016817593791,0.18671841310909854,0.6119016817593791,0.23846485554118146,0.6119016817593791,0.2936610608020697,0.6123329021129797,0.36265631737817994,0.6144890038809833,0.43165157395429066,0.6166451056489867,0.5049590340664076,0.6188012074169901,0.5782664941785254,0.6209573091849936,0.6498490728762397,0.623113410952997,0.7210004312203534,0.6252695127210004,0.7805088400172492,0.6248382923673999,0.8322552824493318,0.6226821905993962,0.8771021992238033,0.6188012074169902,0.9115998275118589,0.6123329021129797,0.9439413540319104,0.6045709357481673,0.9676584734799483,0.5916343251401467,0.9913755929279863,0.5786977145321259,0.995687796463993,0.5614489003880984,1.0,0.5442000862440708,0.9922380336351876,0.5217766278568349,0.9814575247951702,0.4980595084087969,0.9629150495903407,0.47175506683915475,0.9391979301423028,0.44372574385511004,0.9120310478654594,0.4148339801638639,0.8796895213454075,0.3846485554118155,0.8464855541181546,0.35403191030616654,0.8098318240620959,0.321690383786115,0.7731780940060371,0.28934885726606296,0.7408365674859857,0.25700733074601123,0.708495040965934,0.22466580422595966,0.6778783958602848,0.19749892194911595,0.6476929711082366,0.17162570073307476,0.6213885295385942,0.1483398016386374,0.5976714100905562,0.12677878395860281,0.5765416127641225,0.10694264769297118,0.559292798620095,0.08969383354894364,0.5429064251832688,0.07330746011211736,0.529969814575248,0.06037084950409656,0.5170332039672273,0.0474342388960759,0.5084087968952135,0.03880983182406212,0.4997843898231997,0.030185424752048346,0.49288486416558874,0.02328589909443738,0.4864165588615781,0.016817593790426848,0.48253557567917216,0.012936610608020663,0.48037947391116853,0.010780508840017286,0.4782233721431651,0.008624407072013842,0.4760672703751618,0.006468305304010398,0.474342388960759,0.004312203536006887,0.474342388960759,0.0021561017680034435,0.474342388960759,0.0,0.474342388960759,0.0,0.474342388960759,0.0,0.474342388960759,0.0,0.474342388960759,0.0,0.474342388960759,0.0,0.474342388960759,0.0,0.474342388960759,0.0,0.474342388960759,0.0,0.474342388960759,0.0,0.474342388960759,0.0,0.474342388960759,0.0
Triangle,0.5461350974930362,0.0,0.5461350974930362,0.0,0.5461350974930362,0.0,0.5461350974930362,0.0,0.5461350974930362,0.0,0.5461350974930362,0.0,0.5461350974930362,0.0,0.5461350974930362,0.0,0.5461350974930362,0.0,0.5461350974930362,0.0,0.5461350974930362,0.0,0.5461350974930362,0.0,0.5461350974930362,0.0,0.5461350974930362,0.0,0.5461350974930362,0.0,0.5461350974930362,0.0,0.5461350974930362,0.0,0.5461350974930362,0.0,0.5456128133704734,0.0,0.5427112349117921,0.0,0.5392293407613742,0.001740947075208963,0.533426183844011,0.010445682451253453,0.5257079851439184,0.021065459610027964,0.5112000928505107,0.038474930362116945,0.4939066852367686,0.06006267409470743,0.46779247910863514,0.09488161559888571,0.4386606313834725,0.1334726090993499,0.4009401114206129,0.1827994428969359,0.3559076137418754,0.23700092850510698,0.2920728876508821,0.30373723305478195,0.230849582172702,0.36960306406685256,0.1757195914577528,0.43343779015784595,0.1261606313834726,0.49077298050139284,0.08844011142061271,0.5342966573816156,0.054665738161559806,0.5738741875580317,0.028551532033426016,0.6057915506035284,0.008704735376044489,0.6335306406685238,0.0,0.6538416898792945,0.0023212627669452843,0.667537140204271,0.022632311977716032,0.6704387186629528,0.0499071494893223,0.6710190343546889,0.08762766945218219,0.6681174558960074,0.1314415041782733,0.6627785515320334,0.18366991643454056,0.6540738161559888,0.23972841225626784,0.6453690807799441,0.30066155988857995,0.6366643454038997,0.3696030640668529,0.6292943361188486,0.44794568245125393,0.6234911792014856,0.5276810584958218,0.6176880222841227,0.6089252553389042,0.6118848653667595,0.6858170844939646,0.6075324976787372,0.7583565459610028,0.6046309192200557,0.8188254410399255,0.6017293407613742,0.8681522748375115,0.5988277623026927,0.9096448467966572,0.5943593314763231,0.9444637883008359,0.58855617455896,0.9711583101207056,0.5795032497678737,0.9914693593314763,0.5678969359331476,1.0,0.5529247910863508,1.0,0.5355153203342619,0.9878133704735376,0.5146239554317548,0.9675023212627667,0.4914113277623026,0.9435933147632309,0.4646007428040854,0.9174791086350974,0.43558495821727,0.8839368616527391,0.40656917363045475,0.8462163416898791,0.37755338904363966,0.8084958217270193,0.3466225626740946,0.7707753017641598,0.3147051996285978,0.7350278551532033,0.2827878365831011,0.700208913649025,0.2508704735376042,0.6674210770659237,0.22098421541318453,0.635503714020427,0.19196843082636944,0.6077646239554318,0.1650417827298048,0.5816504178272978,0.13892757660167118,0.5576833797585885,0.11925487465181055,0.5344707520891363,0.10184540389972124,0.5156685236768799,0.08664113277623012,0.4982590529247909,0.07213324048282259,0.4831128133704734,0.06215181058495819,0.4686049210770657,0.053447075208913536,0.45873955431754854,0.044742339832869044,0.45003481894150404,0.03603760445682439,0.44370937790157866,0.032091457753017576,0.43790622098421544,0.02918987929433613,0.4345403899721448,0.026288300835654525,0.43163881151346317,0.023386722376973083,0.4287372330547819,0.02048514391829164,0.42583565459609996,0.017583565459610036,0.4254874651810585,0.017235376044568245,0.4254874651810585,0.017235376044568245,0.4254874651810585,0.017235376044568245,0.4254874651810585,0.017235376044568245,0.4254874651810585,0.017235376044568245,0.4254874651810585,0.017235376044568245,0.4254874651810585,0.017235376044568245,0.4254874651810585,0.017235376044568245,0.4254874651810585,0.017235376044568245,0.4254874651810585,0.017235376044568245,0.4254874651810585,0.017235376044568245,0.4254874651810585,0.017235376044568245
Triangle,0.5649241146711637,0.09106239460370993,0.5649241146711637,0.09106239460370993,0.5649241146711637,0.09106239460370993,0.5649241146711637,0.09106239460370993,0.5649241146711637,0.09106239460370993,0.5649241146711637,0.09106239460370993,0.5649241146711637,0.09106239460370993,0.5649241146711637,0.09106239460370993,0.5649241146711637,0.09106239460370993,0.5649241146711637,0.09106239460370993,0.5649241146711637,0.09106239460370993,0.5649241146711637,0.09106239460370993,0.5649241146711637,0.09106239460370993,0.5649241146711637,0.09106239460370993,0.5649241146711637,0.09106239460370993,0.5649241146711637,0.09106239460370993,0.564362001124227,0.09106239460370993,0.5621135469364813,0.09106239460370993,0.5598650927487353,0.09106239460370993,0.5553681843732433,0.09555930297920177,0.5508712759977517,0.1000562113546936,0.539629005059022,0.10961214165261376,0.5261382799325466,0.12085441259134343,0.5047779651489603,0.13884204609331074,0.475548060708263,0.1635750421585159,0.44182124789207433,0.19168071950534005,0.39460370994941,0.22990444069702085,0.34738617200674543,0.2681281618887015,0.2979201798763351,0.30635188308038214,0.24845418774592481,0.3445756042720628,0.2023608768971335,0.37942664418212474,0.15739179314221488,0.4131534569983136,0.11916807195053422,0.4412591343451377,0.08768971332209125,0.4637436762225969,0.05845980888139411,0.4845418774592467,0.03597526700393495,0.5002810567734681,0.013490725126475643,0.5160202360876897,0.006745362563237965,0.5250140528386733,0.0,0.534007869589657,0.0033726812816189827,0.5396290050590218,0.010118043844856804,0.5441259134345137,0.024732996065205296,0.5463743676222597,0.04721753794266432,0.5463743676222597,0.07532321528948846,0.5452501405283868,0.12029229904440693,0.5407532321528948,0.16526138279932553,0.536256323777403,0.22372119168071938,0.5295109612141653,0.28218100056211365,0.5227655986509275,0.3423271500843171,0.5177065767284992,0.4030354131534565,0.5132096683530073,0.4671163575042157,0.5087127599775155,0.5345699831365933,0.5042158516020236,0.6008993816750986,0.49971894322653165,0.6638560989319843,0.49522203485104,0.7268128161888702,0.490725126475548,0.7785272625070262,0.4862282181000562,0.8302417088251822,0.48173130972456435,0.8701517706576728,0.4772344013490725,0.9061270376616074,0.4727374929735807,0.9364811691961774,0.4671163575042159,0.9612141652613827,0.46037099494097805,0.9820123664980324,0.4530635188308037,0.9910061832490163,0.44406970207982005,1.0,0.4350758853288364,0.995503091624508,0.41933670601461503,0.9910061832490163,0.40359752670039356,0.9747048903878587,0.38617200674536256,0.954468802698145,0.36818437324339526,0.930860033726813,0.3468240584598089,0.9038785834738617,0.3220910623946038,0.8752107925801014,0.2973580663293986,0.8414839797639128,0.27262507026419347,0.8077571669477235,0.24789207419898818,0.7717818999437888,0.22315907813378316,0.7358066329398542,0.198426082068578,0.7015177065767289,0.17706576728499185,0.6677908937605396,0.15682967959527824,0.6374367622259699,0.1377178189994379,0.6104553119730186,0.11973018549747057,0.5851602023608772,0.10286677908937623,0.5649241146711637,0.08937605396290045,0.5446880269814502,0.07588532883642495,0.5289488476672289,0.06464305789769537,0.5132096683530076,0.05340078695896579,0.5008431703204049,0.04384485666104562,0.489600899381675,0.03485103991006181,0.48060708263069163,0.02698145025295114,0.4738617200674537,0.02023608768971332,0.468240584598089,0.014052838673412067,0.465992130410343,0.009555930297920234,0.463743676222597,0.00505902192242833,0.46149522203485105,0.0028105677346824134,0.45924676784710505,0.0005621135469364971,0.4586846543001687,0.0,0.4586846543001687,0.0,0.4598088813940417,0.0,0.46205733558178735,0.0,0.46430578976953335,0.0,0.46655424395727935,0.0,0.46880269814502534,0.0
Triangle,0.2944423997055575,0.03643724696356275,0.28233754549544027,0.047028994397415515,0.2702326912853228,0.05762074183126817,0.2546926757453073,0.0721383879278617,0.23199607410133716,0.09483498957183172,0.20929947245736713,0.11753159121580173,0.18463992148202668,0.14415409152251263,0.15891710628552724,0.1729031202715414,0.13319429108902792,0.20165214902057002,0.11041589988958411,0.22745675377254324,0.08771929824561399,0.2531795689690427,0.06727190937717248,0.2766531713900135,0.05214084161452569,0.2948104527051895,0.037009773851879015,0.3129677340203656,0.024700445753077227,0.3273626957837485,0.014108698319224575,0.33946754999386575,0.0035169508853719225,0.3515724042039831,0.0015131067762645988,0.35938330675172775,0.0,0.36694884063305105,0.001349527665317177,0.37369647895963687,0.01042816832290523,0.3782357992884309,0.019506808980493166,0.38277511961722477,0.03758230074019551,0.3846153846153846,0.061792009160430234,0.3846153846153846,0.08600171758066497,0.3846153846153846,0.12272522798838591,0.3804441172862224,0.16055289739500272,0.37590479695742834,0.20206109679793888,0.3717335296282664,0.25501983396720257,0.3687073160757371,0.3079785711364659,0.3656811025232078,0.36609005030057673,0.3626548889706785,0.42812742812742804,0.359628675418149,0.4901648059542796,0.3566024618656196,0.5522021837811312,0.3535762483130903,0.6142395616079827,0.3505500347605611,0.6746411483253586,0.34785097942992677,0.7291129922708869,0.34633787265366206,0.7835848362164151,0.3448247658773974,0.8298777246145665,0.3433116591011327,0.8692185007974481,0.341798552324868,0.9085592769803296,0.3402854455486034,0.9374309900625688,0.33615507299717823,0.9646669120353331,0.3316157526683842,0.9878951457898825,0.3262176420071156,0.9939475728949414,0.31713900134952755,1.0,0.3080603606919395,0.9982824193350509,0.29742771848035,0.9892037786774628,0.2853228642702326,0.9801251380198748,0.27321801006011526,0.9596368543736962,0.25730994152046766,0.936940252729726,0.24066576698155637,0.9127714390872282,0.22353085510980236,0.8809961967856701,0.20386046701836166,0.8492209544841122,0.18419007892692082,0.8145012881854983,0.16451969083548013,0.7766736187788817,0.14484930274403954,0.7388459493722649,0.12517891465259884,0.7022451232977543,0.10918905655747747,0.6659305606674026,0.09405798879483081,0.6302294197031038,0.07954034269823738,0.5984541774015456,0.06894859526438461,0.5666789350999877,0.058356847830531966,0.5362941152414835,0.04915552283973337,0.5075450864924548,0.04158998895840992,0.47879605774342604,0.0340244550770867,0.4536048746575061,0.028830818304502525,0.42939516623727136,0.0242914979757085,0.40567619514987924,0.01991575675786201,0.3860058070584385,0.016889543205332695,0.36633541896699784,0.013863329652803385,0.34862798020692753,0.011491432544064104,0.33349691244428087,0.009978325767799504,0.318365844681634,0.00846521899153479,0.30666993824888555,0.006952112215270077,0.2960781908150329,0.005439005439005478,0.28573181204760156,0.004048582995951416,0.2781662781662781,0.004048582995951416,0.2706007442849546,0.004048582995951416,0.26426205373573797,0.004048582995951416,0.2597227334069439,0.004048582995951416,0.2551834130781499,0.004048582995951416,0.2517482517482516,0.004048582995951416,0.2487220381957222,0.004048582995951416,0.24577761419866676,0.004048582995951416,0.24426450742240216,0.004048582995951416,0.24275140064613734,0.004048582995951416,0.24181082075818913,0.0034760561076350384,0.24181082075818913,0.0019629493313704396,0.24181082075818913,0.00044984255510572576,0.24181082075818913,0.0,0.24181082075818913,0.0,0.24181082075818913,0.0,0.24181082075818913,0.0,0.24181082075818913,0.0,0.24181082075818913,0.0,0.24181082075818913,0.0,0.24181082075818913,0.0,0.24181082075818913,0.0,0.24181082075818913,0.0,0.24181082075818913,0.0
Triangle,0.5760744066709429,0.0,0.5760744066709429,0.0,0.5760744066709429,0.0,0.5760744066709429,0.0,0.5760744066709429,0.0,0.5760744066709429,0.0,0.5760744066709429,0.0,0.5758178319435535,0.0,0.5730596536241181,0.0,0.5703014753046823,0.0,0.5697241821680564,0.0,0.5697241821680564,0.0,0.5697241821680564,0.0,0.5697241821680564,0.0,0.5692110327132778,0.0,0.5664528543938423,0.0,0.5636946760744065,0.0,0.5560615779345736,0.00487491982039783,0.5477870429762669,0.010391276459268697,0.5298909557408594,0.022322001282873732,0.5050673508659397,0.03887107119948688,0.4756254008980116,0.05926876202694023,0.43425272610647864,0.08960872354073127,0.39288005131494547,0.11994868505452212,0.3461193072482358,0.1610647851186659,0.2992302758178316,0.202437459910199,0.2542014111610005,0.2419499679281593,0.2100705580500319,0.2805644644002566,0.16901860166773566,0.31712636305323927,0.1331622835150736,0.3502245028864657,0.09807568954457976,0.38255291853752416,0.07325208466965996,0.4046183450930083,0.04842847979474015,0.4266837716484927,0.029955099422706816,0.44451571520205263,0.01340602950609367,0.46106478511866594,0.0032713277742141525,0.4750481077613855,0.0005131494547787189,0.4860808210391278,0.0,0.4962155227710071,0.011032713277742096,0.5017318794098782,0.022065426555484373,0.5072482360487492,0.04971135343168677,0.5103912764592687,0.08005131494547799,0.5131494547787043,0.1211674150096214,0.5159076330981397,0.1708146247594612,0.5186658114175754,0.22469531751122507,0.5221295702373315,0.29089159717767815,0.5276459268762027,0.35708787684413074,0.5331622835150738,0.4232841565105839,0.5413085311096858,0.48948043617703696,0.5495830660679925,0.5592687620269406,0.5578576010262989,0.6309813983322647,0.5661321359846055,0.6998075689544581,0.5734445157152022,0.7632456703014756,0.5789608723540733,0.8257857601026299,0.5844772289929443,0.8699166132135987,0.5899935856318155,0.9140474663245671,0.5955099422706863,0.9479153303399614,0.5948685054522129,0.9782552918537527,0.5921103271327776,0.996407953816549,0.5832584990378448,0.9991661321359847,0.5667094291212317,1.0,0.5486209108402822,0.9889672867222579,0.521039127645927,0.9779345734445158,0.4934573444515715,0.9553559974342529,0.45432969852469546,0.930532392559333,0.4129570237331621,0.9027581783194353,0.371584348941629,0.8724182168056445,0.3302116741500962,0.8433611289288003,0.29012187299550973,0.8185375240538808,0.254265554842848,0.7937139191789607,0.21840923669018575,0.7714560615779348,0.19025016035920464,0.7493906350224502,0.16266837716484903,0.7290570878768443,0.14028223220012814,0.7097498396407952,0.12097498396407938,0.6904425914047465,0.10346375881975614,0.6711353431686977,0.08967286722257861,0.6518922386144961,0.07601026298909558,0.6353431686978831,0.06773572803078909,0.6187940987812698,0.05946119307248225,0.6042334830019243,0.05317511225144313,0.5904425914047466,0.047658755612572254,0.578960872354073,0.04329698524695315,0.5706863373957664,0.04053880692751771,0.56241180243746,0.037780628608082095,0.5541372674791534,0.035022450288646485,0.5458627325208467,0.03226427196921105,0.5398332264271968,0.029506093649775435,0.5343168697883259,0.026747915330339822,0.5302116741500964,0.025400898011545867,0.5274534958306606,0.025400898011545867,0.5252726106478511,0.025400898011545867,0.5252726106478511,0.025400898011545867,0.5252726106478511,0.025400898011545867,0.5252726106478511,0.025400898011545867,0.5252726106478511,0.025400898011545867,0.5252726106478511,0.025400898011545867,0.5252726106478511,0.025400898011545867,0.5252726106478511,0.025400898011545867,0.5252726106478511,0.025400898011545867,0.5252726106478511,0.025400898011545867
Triangle,0.4576440863803213,0.042475091767173574,0.4576440863803213,0.042475091767173574,0.4576440863803213,0.042475091767173574,0.4576440863803213,0.042475091767173574,0.4576440863803213,0.042475091767173574,0.4576440863803213,0.042475091767173574,0.4576440863803213,0.042475091767173574,0.4576440863803213,0.042475091767173574,0.4576440863803213,0.042475091767173574,0.4576440863803213,0.042475091767173574,0.45602326357439094,0.042475091767173574,0.45397339943747916,0.042475091767173574,0.4499213424226534,0.043476188206130556,0.4437717500119178,0.045526052343042335,0.4360966773132479,0.049101396767888564,0.4217476283548648,0.05935071745244786,0.4073985793964818,0.0696000381370073,0.3803689755446442,0.0925299137150213,0.3516708776278781,0.11712828335796346,0.31463030938647096,0.150069123325547,0.27158316251132186,0.1890165419268723,0.22853601563617287,0.22853601563617287,0.18548886876102388,0.26953329837441,0.14244172188587503,0.31053058111264714,0.11340992515612337,0.3435190923392288,0.08471182723935738,0.37631691852981847,0.061543595366353496,0.40220241216570546,0.041044953997234894,0.42475091767173573,0.023597273203985185,0.4450112027458646,0.011298088382514102,0.4614101158411593,0.0,0.47752300138246656,0.0020498641369119143,0.48982218620393764,0.004099728273823694,0.5021213710254089,0.0203079563331268,0.5081279496591504,0.04080659770224527,0.5122276779329742,0.07179291605091294,0.516327406206798,0.11484006292606193,0.5204271344806215,0.16055680030509634,0.5241931639414598,0.22000286027553997,0.5262430280783716,0.2794489202459839,0.5282928922152835,0.35124183629689654,0.5321065929351194,0.4250369452257237,0.5362063212089432,0.501120274586452,0.5391619392668161,0.5790151117891026,0.541211803403728,0.6542880297468657,0.5432616675406398,0.7219335462649569,0.5453115316775516,0.789579062783048,0.5473613958144634,0.8376793631119799,0.5494112599513753,0.8848262382609526,0.5514611240882873,0.922629546646327,0.5508413977213138,0.9554273728369166,0.548791533584402,0.9803594412928445,0.5431663250226438,0.990608761977404,0.5308671402011726,1.0,0.5177098727177385,0.9918005434523526,0.4869619106640605,0.9836010869047053,0.4562139486103828,0.9677742289173858,0.42088954569290166,0.949325451685179,0.38399199122848826,0.926347904848167,0.34528292892215257,0.897649806931401,0.3042856461839156,0.8686656814606473,0.26414644610764154,0.8379177194069695,0.22929875578014022,0.8071697573532914,0.19445106545263838,0.7781379606235399,0.16818420174476803,0.749439862706774,0.14358583210182574,0.7218382037469607,0.12337321828669484,0.6951899699671068,0.10697430519140007,0.669971873957191,0.09152881727606418,0.6494732325880728,0.0792296324545931,0.6289745912189542,0.06693044763312188,0.6122896505696717,0.05844496353148692,0.5958907374743766,0.050245506983839394,0.5833531963579157,0.0433331744291367,0.5731038756733563,0.03718358201840109,0.5635219526147685,0.0317013872336368,0.5553224960671211,0.02760165895981311,0.5472660532964674,0.023501930685989415,0.5452161891595556,0.019402202412165722,0.5431663250226438,0.015302474138342027,0.5425942699146684,0.012680554893454828,0.5425942699146684,0.010630690756542915,0.5425942699146684,0.008580826619631,0.5425942699146684,0.00653096248271922,0.5425942699146684,0.004481098345807306,0.5425942699146684,0.002431234208895392,0.5425942699146684,0.00038137007198361196,0.5425942699146684,0.0,0.5425942699146684,0.0,0.5425942699146684,0.0,0.5425942699146684,0.0,0.5425942699146684,0.0,0.5425942699146684,0.0,0.5425942699146684,0.0,0.5425942699146684,0.0,0.5425942699146684,0.0,0.5425942699146684,0.0,0.5425942699146684,0.0,0.5425942699146684,0.0,0.5425942699146684,0.0,0.5425942699146684,0.0
Triangle,0.4496557659208262,0.004733218588640276,0.4496557659208262,0.0027251864601261625,0.4496557659208262,0.0007171543316121834,0.4496557659208262,0.0,0.4496557659208262,0.0,0.4496557659208262,0.0,0.4496557659208262,0.0,0.4496557659208262,0.0,0.4496557659208262,0.0,0.4496557659208262,0.0,0.4496557659208262,0.0,0.4496557659208262,0.0,0.4496557659208262,0.0,0.4496557659208262,0.0,0.4496557659208262,0.0,0.4496557659208262,0.0,0.4496557659208262,0.0,0.4486517498565693,0.0010040160642570566,0.44664371772805517,0.003012048192771036,0.4434882386689618,0.005880665519219769,0.4334480780263913,0.013912794033275954,0.42340791738382094,0.02194492254733214,0.39916810097532984,0.04259896729776248,0.37105565117613304,0.06669535283993117,0.33433734939759047,0.1011187607573149,0.28614457831325313,0.14931153184165227,0.23809523809523803,0.1979345955249571,0.19191049913941477,0.25215146299483654,0.14572576018359149,0.306368330464716,0.10958118187033852,0.34911072862880094,0.07745266781411352,0.38726333907056815,0.04819277108433738,0.4218301778542743,0.02409638554216869,0.4499426276534711,0.0,0.47805507745266784,0.008032128514056184,0.47805507745266784,0.01606425702811237,0.47805507745266784,0.03700516351118772,0.47030981067125643,0.0651176133103845,0.4582616179001721,0.09839357429718887,0.44449225473321863,0.14457831325301213,0.426419965576592,0.19076305220883527,0.40834767641996567,0.25,0.3958691910499139,0.31024096385542194,0.38382099827882954,0.3716293746414228,0.3729202524383247,0.4338783706253587,0.3628800917957546,0.4982788296041308,0.3537005163511189,0.570567986230637,0.3476764199655766,0.6428571428571431,0.34165232358003433,0.7065404475043029,0.33734939759036153,0.7687894434882391,0.3333333333333333,0.8220022948938613,0.3293172690763052,0.8661790017211705,0.3253012048192771,0.9083476764199658,0.32099827882960413,0.9384681583476764,0.31497418244406206,0.9685886402753876,0.30895008605851987,0.9845094664371774,0.29977051061388404,0.9965576592082618,0.28973034997131386,1.0,0.27796901893287435,0.9919678714859438,0.26391279403327594,0.9827882960413081,0.24956970740103268,0.9586919104991393,0.23149741824440606,0.9345955249569707,0.21342512908777972,0.9004589787722319,0.1953528399311531,0.8623063683304646,0.17728055077452676,0.822002294893861,0.1606425702811245,0.7778255880665517,0.14658634538152598,0.7336488812392428,0.13253012048192772,0.6914802065404474,0.12248995983935743,0.6493115318416524,0.11244979919678713,0.6110154905335627,0.10370051635111877,0.5748709122203098,0.09566838783706244,0.5404475043029258,0.088209982788296,0.5103270223752152,0.08218588640275393,0.48020654044750455,0.07616179001721173,0.45567986230636826,0.07386689615605287,0.43158347676419945,0.07185886402753876,0.41092943201376936,0.06985083189902465,0.3928571428571429,0.06784279977051066,0.3760757314974182,0.06583476764199656,0.3640275387263338,0.06382673551348257,0.35197934595524966,0.06181870338496846,0.3433734939759036,0.05981067125645435,0.3353413654618474,0.05780263912794037,0.3293172690763052,0.05679862306368331,0.3253012048192772,0.05679862306368331,0.3215720022948939,0.05651176133103843,0.3195639701663798,0.054503729202524324,0.3175559380378658,0.05249569707401035,0.3171256454388985,0.052065404475043035,0.3171256454388985,0.052065404475043035,0.3171256454388985,0.052065404475043035,0.3171256454388985,0.052065404475043035,0.3171256454388985,0.052065404475043035,0.3171256454388985,0.052065404475043035,0.3171256454388985,0.052065404475043035,0.3171256454388985,0.052065404475043035,0.3171256454388985,0.052065404475043035,0.3171256454388985,0.052065404475043035,0.3171256454388985,0.052065404475043035,0.3171256454388985,0.052065404475043035
Triangle,0.43223965763195427,0.0,0.4298621017593914,0.0,0.42748454588682827,0.0,0.42700903471231566,0.0,0.42700903471231566,0.0,0.42700903471231566,0.0,0.42700903471231566,0.0,0.42700903471231566,0.0,0.42700903471231566,0.0,0.42700903471231566,0.0,0.42700903471231566,0.0,0.42700903471231566,0.0,0.42700903471231566,0.0,0.42700903471231566,0.0,0.42700903471231566,0.0,0.42700903471231566,0.0,0.42700903471231566,0.0,0.42700903471231566,0.0,0.42700903471231566,0.0,0.42700903471231566,0.0,0.42605801236329044,0.00047551117451261456,0.4213029006181646,0.0028530670470756875,0.41654778887303845,0.005230622919638612,0.40228245363766046,0.017118402282453676,0.3880171184022825,0.029006181645268594,0.36424155967665234,0.05230622919638611,0.33808844507845925,0.07845934379457917,0.2990965287684261,0.11602472658107453,0.2515454113171658,0.16119828815977172,0.20494531621493106,0.20637184973846875,0.15977175463623372,0.25154541131716596,0.11745126010461253,0.2938659058487873,0.08654303376129346,0.3247741321921064,0.05563480741797427,0.35568235853542557,0.03423680456490735,0.3770803613884925,0.012838801711840146,0.3984783642415595,0.004755111745125997,0.41226818830242506,0.0,0.42415596766524,0.0038040893961007677,0.4317641464574418,0.013314312886352762,0.43651925820256765,0.03043271516880629,0.4403233475986686,0.05896338563956242,0.44270090347123153,0.0922491678554444,0.444602948169282,0.14455539705183038,0.444602948169282,0.19686162624821676,0.444602948169282,0.2705658582976698,0.444602948169282,0.34427009034712314,0.444602948169282,0.42748454588682827,0.44840703756538275,0.5130765572990961,0.45316214931050874,0.6015216357584403,0.456490727532097,0.6918687589158344,0.45886828340465996,0.770803613884926,0.461245839277223,0.8326200665715644,0.46362339514978596,0.8906324298621013,0.4650499286733238,0.9334284355682354,0.46267237280076073,0.9762244412743699,0.4602948169281978,0.9881122206371847,0.44365192582025686,1.0,0.4270090347123158,0.9909652876842605,0.40085592011412274,0.9766999524488826,0.3723252496433668,0.9581550166428908,0.3423680456490728,0.9367570137898242,0.3114598193057538,0.9096528768426059,0.2796005706134095,0.8739895387541605,0.2463147883975272,0.8373751783166906,0.21398002853067044,0.7969567284831194,0.1854493580599146,0.7565382786495481,0.15691868758915833,0.7184973846885402,0.13552068473609144,0.6804564907275322,0.11412268188302437,0.648121730860675,0.09843081312410838,0.6172135045173561,0.0841654778887304,0.5891583452211127,0.0713266761768901,0.5630052306229195,0.05943889681407518,0.5397051830718022,0.04945316214931057,0.5206847360912982,0.042320494531621504,0.5026153114598194,0.03566333808844505,0.48834997622444115,0.030908226343319054,0.47408464098906317,0.026153114598193056,0.4645744174988112,0.02377555872563013,0.4550641940085592,0.02139800285306706,0.44745601521635764,0.019020446980503987,0.4403233475986686,0.016642891107941062,0.4346172135045174,0.01426533523537799,0.4298621017593912,0.011887779362815066,0.42605801236329044,0.009510223490251993,0.4236804564907275,0.00713266761768907,0.42177841179267705,0.005230622919638612,0.42177841179267705,0.005230622919638612,0.42177841179267705,0.005230622919638612,0.42177841179267705,0.005230622919638612,0.42177841179267705,0.005230622919638612,0.42177841179267705,0.005230622919638612,0.42177841179267705,0.005230622919638612,0.42177841179267705,0.005230622919638612,0.42177841179267705,0.005230622919638612,0.42082738944365183,0.005230622919638612,0.4184498335710889,0.005230622919638612,0.41654778887303845,0.005230622919638612,0.41654778887303845,0.005230622919638612,0.41654778887303845,0.005230622919638612
Triangle,0.41545169641640556,0.017986101648725984,0.4134986601262662,0.017986101648725984,0.4115456238361267,0.017986101648725984,0.410955171004224,0.017986101648725984,0.410955171004224,0.017986101648725984,0.410955171004224,0.017986101648725984,0.410955171004224,0.017986101648725984,0.410955171004224,0.017986101648725984,0.410955171004224,0.017986101648725984,0.410955171004224,0.017986101648725984,0.410955171004224,0.016441840396057547,0.410955171004224,0.014488804105918181,0.410955171004224,0.013489576236544489,0.410955171004224,0.013489576236544489,0.410955171004224,0.013489576236544489,0.410955171004224,0.013489576236544489,0.410955171004224,0.013489576236544489,0.40750329291002413,0.015215515283644504,0.40359722032974527,0.017168551573783872,0.39174274424308486,0.023663532724712753,0.37416541763183,0.03342871417540984,0.35222782395421737,0.04864422945905434,0.31902620702184686,0.07793977381114585,0.28582459008947636,0.10723531816323748,0.24499250579097961,0.14606894672298695,0.2039787436980514,0.18512967252577567,0.1669164736340101,0.2215560703093066,0.1317618204115001,0.25671072353181645,0.10024072307762175,0.2882318208656947,0.0748512513058091,0.3136212926375075,0.0500068129172912,0.33846573102602534,0.03242948630603627,0.3560430576372803,0.014852159694781344,0.3736203842485352,0.006267883907889408,0.3852023436435481,0.0004087750374710567,0.3949675250942453,0.0,0.40291592860062686,0.005859108870418351,0.40877503747104504,0.0145796430031341,0.4143162102012082,0.03801607848480725,0.418222282781487,0.06145251396648053,0.42212835536176585,0.1033746650315665,0.4226733887450606,0.1482944997047737,0.4226733887450606,0.20302493527728574,0.4194031884452923,0.26552209656174797,0.41354407957487394,0.3340146250624516,0.40818458463914253,0.41994822182858726,0.40427851205886345,0.5058818185947221,0.4003724394785847,0.589953217967934,0.3964663668983057,0.6739337784439303,0.39256029431802686,0.7413816596266523,0.388654221737748,0.7999727483308358,0.3847481491574693,0.8524322114729528,0.380160784848072,0.8934459735658812,0.3743016759776536,0.9339147022755144,0.3681700504155879,0.9632102466276061,0.3564518326747512,0.9925057909796977,0.34473361493391474,1.0,0.32574828541581496,1.0,0.30426488622428133,0.9913703047645002,0.2801925784620974,0.9718399418631057,0.25285007040014534,0.9501294454285324,0.22523504564654573,0.9149747922060227,0.19593950129445423,0.8798201389835126,0.1666439569423626,0.8397601853113503,0.14225371303992365,0.7987464232184219,0.11881727755825024,0.7598219557614568,0.09955943134850331,0.7227142662488076,0.08393514102738787,0.686514965708316,0.06921923967843022,0.6533133487759456,0.05750102193759365,0.6201117318435754,0.04578280419675695,0.5941772266884678,0.03951492028886766,0.5687877549166551,0.03365581141844931,0.547077258482082,0.02902302766044413,0.5275468955806876,0.025116955080165274,0.5099241495208248,0.021846754780396948,0.4962528954898488,0.019893718490257582,0.4826724803560885,0.017940682200118088,0.4729072989053914,0.015987645909978594,0.46314211745469397,0.01403460961983923,0.4547849389108415,0.012081573329699736,0.44697279375028404,0.010128537039560372,0.4416132988145524,0.008175500749420878,0.4396602625244129,0.0062224644592815135,0.43770722623427355,0.00426942816914202,0.43575418994413406,0.0023163918790025267,0.4338011536539947,0.0003633555888630337,0.4334377980651315,0.0,0.4334377980651315,0.0,0.4334377980651315,0.0,0.4334377980651315,0.0,0.4334377980651315,0.0,0.4334377980651315,0.0,0.4334377980651315,0.0,0.4334377980651315,0.0,0.4334377980651315,0.0,0.4334377980651315,0.0,0.4334377980651315,0.0,0.4334377980651315,0.0,0.4334377980651315,0.0,0.4334377980651315,0.0
Triangle,0.8768979210464843,0.053959355290819896,0.8768979210464843,0.053959355290819896,0.8768979210464843,0.053959355290819896,0.8768979210464843,0.053959355290819896,0.8768979210464843,0.053959355290819896,0.8768979210464843,0.053959355290819896,0.8768979210464843,0.053959355290819896,0.8749513353577824,0.053959355290819896,0.8713696176905708,0.053959355290819896,0.8663863583274934,0.053959355290819896,0.85922292299307,0.053959355290819896,0.8520594876586466,0.053959355290819896,0.8448960523242232,0.053959355290819896,0.8374211632796075,0.05427080900101223,0.8266760102779724,0.05785252666822404,0.8159308572763373,0.06143424433543563,0.7951413221209997,0.0750603441563497,0.7736510161177296,0.0893872148251965,0.7409483765475356,0.1177295024526978,0.7051311998754184,0.14996496145760344,0.6512497080121468,0.19800669625476902,0.5867787900023357,0.2553141789301565,0.5205948765864673,0.3194736432297748,0.4525422409094448,0.3911079965740091,0.3868255080588646,0.46040644709180106,0.3259363077162658,0.5248773651016115,0.2675387370552052,0.5868566534298839,0.22097640738145316,0.6370007007708478,0.17472553141789302,0.6868332944016194,0.1424900724129878,0.7226504710737365,0.11025461340808217,0.7584676477458535,0.08736276570894645,0.7880557502141243,0.06587245970567625,0.8167094915518179,0.04952113992057928,0.8376547535622516,0.03519426925173247,0.8555633418983104,0.022891847699135815,0.8714474811181189,0.012146694697500708,0.8857743517869653,0.00436035194269264,0.8986218173323988,0.0007786342754809382,0.9093669703340341,0.0,0.9201121233356692,0.007163435334423514,0.9308572763373042,0.016662773495289405,0.941213112201199,0.045316514832983025,0.9483765475356226,0.07397025617067664,0.9555399828700458,0.11975395156894805,0.9627034182044694,0.1663162812427003,0.9698668535388926,0.22440239819356858,0.9741493420540369,0.2852915985361674,0.9777310597212487,0.3485167017052094,0.9813127773884601,0.4129876197150198,0.9848944950556724,0.47745853772483066,0.9884762127228838,0.5419294557346414,0.9920579303900956,0.6039087440629137,0.9956396480573073,0.6612162267383009,0.9992213657245191,0.7171221677178227,1.0,0.7672662150587868,0.989254846998365,0.81663162812427,0.9774196060110564,0.8488670871291755,0.9416024293389391,0.8811025461340807,0.9057852526668223,0.9069532040800435,0.8540060733473483,0.9320252277505253,0.800280308339173,0.9491551818111034,0.7386124737210931,0.9634820524799499,0.6741415557112826,0.9693996729736042,0.6096706377014716,0.9693996729736042,0.5451997196916607,0.9678424044226426,0.48384333878377334,0.964260686755431,0.4265358561083857,0.9606789690882191,0.3722650471073737,0.9570972514210075,0.32570271743362145,0.9539827143190842,0.280074748890446,0.9539827143190842,0.24067585455111734,0.9539827143190842,0.2012769602117885,0.9539827143190842,0.17238962859145066,0.9539827143190842,0.14373588725375702,0.9539827143190842,0.12099976640971749,0.9539827143190842,0.09950946040644705,0.9539827143190842,0.08284668691115776,0.9539827143190842,0.06851981624231095,0.9539827143190842,0.056061667834618134,0.9539827143190842,0.045316514832982914,0.9539827143190842,0.035895040099665106,0.9539827143190842,0.02873160476524192,0.9539827143190842,0.022346803706299125,0.9539827143190842,0.018765086039087314,0.9539827143190842,0.01518336837187572,0.9539827143190842,0.011601650704664129,0.9539827143190842,0.008019933037452315,0.9539827143190842,0.004438215370240505,0.9539827143190842,0.0008564977030289116,0.9539827143190842,0.0,0.9539827143190842,0.0,0.9539827143190842,0.0,0.9539827143190842,0.0,0.9539827143190842,0.0,0.9539827143190842,0.0,0.9539827143190842,0.0,0.9539827143190842,0.0,0.9539827143190842,0.0,0.9539827143190842,0.0,0.9539827143190842,0.0
Triangle,0.5070974576271187,0.09962923728813558,0.5044491525423729,0.09962923728813558,0.5018538135593221,0.09962923728813558,0.5018538135593221,0.09962923728813558,0.5018538135593221,0.09962923728813558,0.5018538135593221,0.09962923728813558,0.5018538135593221,0.09962923728813558,0.5018538135593221,0.09962923728813558,0.5018538135593221,0.09962923728813558,0.5018538135593221,0.09962923728813558,0.5018538135593221,0.09962923728813558,0.5018538135593221,0.09962923728813558,0.5018538135593221,0.09962923728813558,0.5018538135593221,0.09962923728813558,0.5018538135593221,0.09962923728813558,0.5018538135593221,0.09962923728813558,0.5018538135593221,0.09962923728813558,0.5018538135593221,0.09962923728813558,0.5018538135593221,0.09962923728813558,0.5018538135593221,0.09962923728813558,0.501324152542373,0.09962923728813558,0.4986758474576272,0.09962923728813558,0.49486228813559324,0.10021186440677966,0.48691737288135584,0.10286016949152535,0.4757944915254239,0.10868644067796619,0.4546080508474578,0.12457627118644063,0.42860169491525413,0.1445974576271187,0.38887711864406777,0.17637711864406772,0.34766949152542376,0.2111228813559322,0.30264830508474566,0.2534957627118644,0.2576271186440678,0.29745762711864415,0.21260593220338989,0.34512711864406787,0.17097457627118637,0.39025423728813563,0.13654661016949152,0.429978813559322,0.10572033898305086,0.46700211864406777,0.08188559322033907,0.4987817796610169,0.05995762711864413,0.5277012711864407,0.04141949152542371,0.5515360169491526,0.024894067796610277,0.5723516949152544,0.011652542372881387,0.5882415254237289,0.0026483050847458376,0.603072033898305,0.0,0.6163135593220338,0.0018008474576273186,0.6273305084745762,0.009745762711864534,0.6352754237288134,0.023516949152542592,0.6420550847457627,0.0447033898305087,0.6473516949152541,0.07441737288135625,0.6514300847457627,0.11414194915254278,0.6540783898305085,0.16149364406779657,0.6541843220338982,0.21710805084745766,0.6515360169491525,0.2766949152542374,0.6488877118644069,0.3402542372881357,0.646239406779661,0.4093220338983052,0.6449682203389829,0.48347457627118656,0.6449682203389829,0.5576271186440679,0.6435381355932203,0.6317796610169495,0.6408898305084746,0.6985169491525425,0.6382415254237287,0.7594279661016953,0.635593220338983,0.8141949152542374,0.6329449152542374,0.8645127118644068,0.6302966101694913,0.9052966101694915,0.6260593220338981,0.9397245762711866,0.6207627118644068,0.9675847457627121,0.6121822033898304,0.9914194915254237,0.6015889830508474,1.0,0.5859110169491525,1.0,0.567372881355932,0.9912605932203389,0.5470868644067794,0.97801906779661,0.5259004237288134,0.9575741525423728,0.5011122881355929,0.933739406779661,0.4746292372881355,0.9099046610169489,0.44629237288135576,0.8860699152542372,0.4171610169491523,0.8584216101694916,0.386122881355932,0.829290254237288,0.3543432203389828,0.7981991525423728,0.3225635593220336,0.7664194915254233,0.2907838983050845,0.7386652542372879,0.2590042372881353,0.7121822033898304,0.22722457627118617,0.6856991525423727,0.19957627118644036,0.6592161016949152,0.17309322033898272,0.6327330508474573,0.14872881355932177,0.6062499999999998,0.12489406779660983,0.5841101694915253,0.10540254237288106,0.5629237288135591,0.0868644067796608,0.5461864406779661,0.07055084745762703,0.5302966101694914,0.054661016949152305,0.5189618644067796,0.043326271186440564,0.5083686440677966,0.032733050847457514,0.5001059322033897,0.024470338983050795,0.4921610169491526,0.01652542372881343,0.4865995762711865,0.010963983050847321,0.481302966101695,0.0056673728813559435,0.4784427966101695,0.002807203389830439,0.4757944915254238,0.00015889830508475025,0.4731461864406781,0.0,0.4704978813559321,0.0,0.47039194915254245,0.0,0.47039194915254245,0.0,0.47039194915254245,0.0,0.47039194915254245,0.0
Triangle,0.5797676395579484,0.014026636440918108,0.5773117974874846,0.014026636440918108,0.5748559554170208,0.014026636440918108,0.5724001133465572,0.014026636440918108,0.5704165485973364,0.014026636440918108,0.5704165485973364,0.014026636440918108,0.5704165485973364,0.014026636440918108,0.5704165485973364,0.014026636440918108,0.5704165485973364,0.014026636440918108,0.5704165485973364,0.014026636440918108,0.5704165485973364,0.014026636440918108,0.5704165485973364,0.014026636440918108,0.5704165485973364,0.014026636440918108,0.5704165485973364,0.014026636440918108,0.5720695192216869,0.014026636440918108,0.5745253612921507,0.014026636440918108,0.5769812033626146,0.014026636440918108,0.5794370454330783,0.014026636440918108,0.5797676395579484,0.014026636440918108,0.5797676395579484,0.014026636440918108,0.5750448663455181,0.02347218286577879,0.5691413998299801,0.03414565032587139,0.5470388211958062,0.05870407103050919,0.5211580239916879,0.0870407103050911,0.47449702465287613,0.13615755171436683,0.4247662227259846,0.189572116746954,0.36582601303485396,0.2558798526494759,0.3068858033437233,0.32473788608671034,0.24794559365259256,0.3984131482006237,0.19443657315575688,0.4677434589591009,0.14777557381694512,0.5315953527911592,0.10904883347501644,0.5861906111268539,0.07712288655898737,0.6328516104656656,0.05143100028336633,0.6701615188438653,0.029328421649192308,0.7020874657598946,0.014404458297912546,0.7268347973930291,0.0021252479455935802,0.7489373760272032,0.0,0.7629167847359971,0.0,0.7751959950883162,0.01133465570983287,0.7806744120147352,0.02380277699064892,0.7855388684235385,0.04590535562482294,0.787994710494002,0.06999149900821776,0.7904505525644658,0.10928497213563823,0.7929063946349297,0.15117597052989545,0.795881741758761,0.20274865400963477,0.8007934258996885,0.25885519977330707,0.805705110040616,0.32516293567582905,0.8106167941815433,0.3934542363275718,0.815528478322471,0.46467365637102154,0.8204401624633985,0.5383489184849349,0.8253518466043261,0.6144800226693116,0.8302635307452536,0.6862189477661285,0.8337111551903277,0.7549825257391145,0.8361669972607916,0.8101445168603009,0.8369226409747804,0.8592613582695762,0.8369226409747804,0.8967601775762734,0.8330499669405876,0.9311419665627658,0.82813828279966,0.9568338528383868,0.8167091716255785,0.9813922735430245,0.8044299612732595,0.9914990082176257,0.7849249079059224,1.0,0.7649003494852177,0.9926324737886087,0.74034192878058,0.9839897988098611,0.7145083593085857,0.9692547463870783,0.6825824123925568,0.9525361292150749,0.649334088977047,0.9304335505809012,0.6124964579200904,0.9074336450363651,0.5729668461320483,0.8828752243317275,0.5287616888637003,0.8583168036270895,0.48568999716633554,0.8337583829224521,0.4439406819684519,0.8105695664494191,0.40082176253896284,0.788466987815245,0.35661660527061484,0.7695758949655237,0.31562293378671935,0.7523850004722773,0.2763294606592989,0.7370359875318787,0.2388778690847263,0.7223009351090959,0.20204023802776955,0.7075658826863134,0.171436667611221,0.6928308302635305,0.14196656276565564,0.6804099367148387,0.11712477566827202,0.6682251818267687,0.09275526589213184,0.6584018135449136,0.0731085293284216,0.6489090393879285,0.054453575139321767,0.6415415131765372,0.042174364787002934,0.6341739869651459,0.030461887220175624,0.6268064607537546,0.020638518938320503,0.6202418059884764,0.012420893548691747,0.6153301218475489,0.007509209407764187,0.6104184377066213,0.0036365353735713316,0.6055067535656937,0.0011806933031074855,0.6018702181921224,0.0,0.5994143761216587,0.0,0.5969585340511948,0.0,0.5945026919807311,0.0,0.5920468499102672,0.0,0.5895910078398036,0.0,0.5871351657693397,0.0,0.5846793236988759,0.0,0.5844431850382544,0.0,0.5844431850382544,0.0
Triangle,0.48829972616380385,0.06982823002240478,0.4863081901916853,0.06982823002240478,0.4843166542195669,0.06982823002240478,0.48419218322130947,0.06982823002240478,0.48419218322130947,0.06982823002240478,0.4824495892457057,0.06982823002240478,0.48045805327358715,0.06982823002240478,0.4784665173014687,0.06982823002240478,0.4764749813293502,0.06982823002240478,0.47448344535723186,0.06982823002240478,0.4724919093851132,0.06982823002240478,0.4705003734129949,0.06982823002240478,0.4685088374408763,0.06982823002240478,0.46651730146875775,0.07107294000497882,0.4645257654966392,0.07306447597709731,0.4625342295245208,0.07505601194921586,0.46054269355240235,0.07704754792133431,0.4565596216081653,0.0810306198655713,0.4505850136918098,0.08700522778192683,0.44199651481204877,0.09559372666168786,0.4300472989793378,0.10754294249439883,0.4121234752302713,0.12696041822255413,0.38424197162061224,0.15882499377645018,0.35200398307194425,0.19691311924321633,0.3101817276574558,0.24869305451829732,0.26786158824993767,0.3024645257654966,0.22404779686333093,0.36221060492905155,0.18135424446104048,0.4208364451082898,0.14351506099078915,0.47460791635548927,0.10692058750311179,0.5268857356235997,0.07903908389345274,0.5687079910380883,0.05177993527508086,0.6097834204630324,0.033856111526014414,0.6396564600448097,0.015932287776947957,0.669529499626587,0.007966143888473979,0.6894448593477719,0.0,0.7093602190689567,0.003236245954692532,0.7180731889469754,0.007219317898929521,0.7260393328354494,0.021657953696788683,0.7270351008215087,0.03759024147373664,0.7270351008215087,0.0632312671147623,0.7237988548668162,0.09111277072442124,0.7198157829225791,0.12944983818770223,0.7143390589992531,0.17127209360219067,0.7083644510828977,0.21994025392083663,0.7023898431665423,0.2717201891959176,0.6964152352501868,0.32723425441872067,0.6916853373164052,0.3849887976101569,0.6877022653721684,0.4461040577545433,0.6848394324122481,0.5098332088623351,0.6828478964401296,0.5745581279561862,0.680856360468011,0.6402788150360966,0.6788648244958924,0.7033856111526012,0.6777445855115758,0.7631316903161567,0.6777445855115758,0.8169031615633557,0.6769977595220313,0.8607169529499628,0.675006223549913,0.9001742593975604,0.6711476226039332,0.9300472989793379,0.6631814787154593,0.9579288025889969,0.6537216828478967,0.9798356982823001,0.639780931043067,0.9980084640278817,0.6250933532486929,1.0,0.6071695294996267,0.9995021160069704,0.5882499377645009,0.9815782922579038,0.5623599701269605,0.9634055265123225,0.5362210604929052,0.9414986308190192,0.5063480209111276,0.9195917351257158,0.4764749813293503,0.8956933034602939,0.44660194174757295,0.8717948717948719,0.41672890216579545,0.8441623101817276,0.3849887976101569,0.8162808065720688,0.35312422205626104,0.78839930296241,0.3230022404779688,0.760517799352751,0.2931292008961914,0.734254418720438,0.26487428429175985,0.7083644510828975,0.23699278068210095,0.6839681354244461,0.2106049290515308,0.6600697037590242,0.18471496141399044,0.6402788150360966,0.16156335573811295,0.6223549912870301,0.13965646004480944,0.6069205875031117,0.12023898431665414,0.5929798356982824,0.10231516056758763,0.5801593228777695,0.0866318147871545,0.5682101070450585,0.07269106298232508,0.558252427184466,0.06074184714961412,0.550286283295992,0.050784167289021645,0.54319143639532,0.04169778441623104,0.5372168284789645,0.03373164052775706,0.5319890465521533,0.02725914861837188,0.5280059746079163,0.02327607667413489,0.5246452576549664,0.019293004729897898,0.522653721682848,0.01530993278566091,0.521160069703759,0.011824744834453558,0.521160069703759,0.009833208862335064,0.521160069703759,0.00784167289021657,0.521160069703759,0.005850136918098075,0.521160069703759,0.00385860094597958,0.521160069703759,0.0018670649738610852,0.521160069703759,0.0,0.521160069703759,0.0,0.521160069703759,0.0
Triangle,0.5891445003594535,0.09094176851186196,0.5891445003594535,0.09094176851186196,0.5891445003594535,0.09094176851186196,0.5891445003594535,0.09094176851186196,0.5891445003594535,0.09094176851186196,0.5891445003594535,0.09094176851186196,0.5891445003594535,0.09094176851186196,0.5891445003594535,0.09094176851186196,0.5891445003594535,0.09094176851186196,0.5891445003594535,0.09094176851186196,0.5891445003594535,0.09094176851186196,0.5891445003594535,0.09094176851186196,0.5891445003594535,0.09094176851186196,0.5891445003594535,0.09094176851186196,0.5891445003594535,0.09094176851186196,0.5891445003594535,0.09094176851186196,0.5891445003594535,0.09094176851186196,0.5891445003594535,0.09094176851186196,0.5891445003594535,0.09202012940330699,0.5891445003594535,0.09405703330936972,0.5867481428229091,0.09968847352024923,0.5826743350107836,0.10783608914450038,0.5654205607476636,0.12652767792954703,0.5409777138749101,0.15097052480230044,0.5035945363048167,0.19410496046010065,0.4608195542774982,0.24502755811167024,0.4055835130601485,0.31152647975077885,0.3465132997843279,0.3828181164629761,0.28912053678408817,0.4574646537263359,0.23208722741433016,0.532830098250659,0.18404025880661398,0.5992092020129401,0.13719146896716997,0.6643901270069492,0.1037622813323748,0.7104001917086027,0.07117181883537023,0.7552120776419841,0.0467289719626168,0.7878025401389886,0.02300503235082672,0.8197939132518572,0.010783608914450004,0.8421998562185478,0.0,0.8636472561706204,0.0,0.8779055835130599,0.002516175413371634,0.8914450035945364,0.016774502755811136,0.90162952312485,0.03534627366403066,0.9108554996405464,0.06793673616103524,0.9169662113587347,0.106518092499401,0.9236760124610591,0.159477594057033,0.9318236280853103,0.21675053918044546,0.9392523364485981,0.2819314641744546,0.9453630481667863,0.35549964054636923,0.9506350347471842,0.4410496046010064,0.9547088425593099,0.5381020848310567,0.9587826503714354,0.648094895758447,0.9628564581835608,0.7408339324227174,0.9658519051042413,0.8182362808531034,0.9678888090103043,0.8824586628324943,0.9639348190750058,0.9374550682961896,0.9557872034507549,0.9726815240833931,0.9410496046010064,0.9971243709561466,0.9227174694464414,1.0,0.895758447160316,0.9938892882818113,0.8652048885693745,0.9862209441648694,0.8268631679846632,0.9780733285406182,0.7861250898634078,0.9581835609872994,0.7386772106398276,0.9357776180206087,0.6897915168943207,0.9115744069015097,0.6391085549964056,0.8871315600287563,0.5881859573448359,0.8684399712437094,0.5391804457225018,0.8501078360891444,0.4902947519769949,0.8317757009345794,0.44140905823148807,0.8135633836568414,0.39264318236280843,0.7972681524083391,0.3457943925233644,0.7807332854061825,0.29990414569853807,0.7624011502516173,0.2612029714833451,0.744428468727534,0.22358015815959723,0.7281332374790319,0.1909896956625931,0.7132758207524561,0.15983704768751522,0.7030913012221425,0.13335729690869896,0.6935058710759644,0.10927390366642709,0.6853582554517135,0.09094176851186202,0.6779295470884255,0.0740474478792236,0.671818835370237,0.0597891205367841,0.6665468487898393,0.0472082434699257,0.6624730409777139,0.03702372393961177,0.659357776180206,0.0287562904385334,0.6573208722741433,0.022645578720345044,0.6563623292595254,0.01761322789360172,0.6563623292595254,0.013539420081476147,0.6563623292595254,0.009465612269350575,0.6563623292595254,0.005391804457225002,0.6563623292595254,0.002635993290198916,0.6563623292595254,0.00059908938413613,0.6563623292595254,0.0,0.6563623292595254,0.0,0.6563623292595254,0.0,0.6563623292595254,0.0,0.6563623292595254,0.0,0.6563623292595254,0.0,0.6563623292595254,0.0,0.6563623292595254,0.0,0.6563623292595254,0.0,0.6563623292595254,0.0
Triangle,0.4837355718782791,0.03174186778593914,0.4837355718782791,0.03174186778593914,0.4837355718782791,0.03174186778593914,0.4837355718782791,0.03174186778593914,0.4832109129066106,0.03174186778593914,0.48163693599160534,0.03174186778593914,0.48084994753410276,0.03174186778593914,0.48084994753410276,0.03174186778593914,0.4798006295907659,0.03174186778593914,0.47822665267576064,0.03174186778593914,0.4766526757607555,0.03174186778593914,0.4750786988457502,0.03174186778593914,0.4750786988457502,0.03174186778593914,0.4750786988457502,0.03174186778593914,0.4750786988457502,0.03174186778593914,0.4745540398740818,0.03174186778593914,0.47298006295907646,0.03174186778593914,0.47140608604407136,0.03174186778593914,0.4698321091290661,0.03174186778593914,0.4651101783840504,0.03174186778593914,0.45881427072402936,0.03174186778593914,0.45251836306400833,0.03567681007345224,0.44622245540398736,0.040398740818468,0.43363064008394536,0.052990556138509955,0.4176285414480588,0.06899265477439655,0.38457502623294865,0.10204616998950672,0.34627492130115445,0.14139559286463782,0.29748163693599167,0.19333683105981103,0.2471143756558238,0.247639034627492,0.19517313746065074,0.3043022035676808,0.15057712486883532,0.35676810073452253,0.10965372507869904,0.4071353620146902,0.07922350472193082,0.44700944386148994,0.050891920251836316,0.48478488982161594,0.030430220356768185,0.5115424973767051,0.012067156348373612,0.5369884575026233,0.004197271773347402,0.5558761804826862,0.0,0.5716159496327387,0.0031479538300105006,0.5810598111227702,0.01259181532004188,0.5865687303252884,0.02833158447009442,0.5881427072402937,0.052465897166841524,0.5876180482686253,0.08079748163693587,0.5860440713536202,0.11831059811122757,0.5818467995802727,0.15766002098635887,0.577124868835257,0.2158971668415527,0.5739769150052466,0.27570828961175226,0.5710912906610703,0.3433892969569775,0.5695173137460651,0.4136935991605453,0.5679433368310598,0.4892444910807973,0.5663693599160545,0.562434417628541,0.565582371458552,0.6332633788037773,0.565582371458552,0.6998950682056658,0.565582371458552,0.7644281217208811,0.565582371458552,0.818467995802728,0.565582371458552,0.8704092339979009,0.565582371458552,0.9066107030430218,0.5608604407135362,0.9409758656873032,0.5558761804826862,0.966159496327387,0.5495802728226654,0.9866211962224553,0.5417103882476391,0.9976390346274921,0.5306925498426022,1.0,0.5181007345225602,0.993704092339979,0.5039349422875132,0.9779643231899265,0.48662119622245553,0.9575026232948582,0.4677334732423925,0.931794333683106,0.44491080797481647,0.9050367261280167,0.42130115424973763,0.8735571878279123,0.3945435466946487,0.8410283315844703,0.36752360965372527,0.8032528856243444,0.33919202518363084,0.7654774396642183,0.31086044071353636,0.7277019937040923,0.28252885624344176,0.6915005246589719,0.2549842602308503,0.6568730325288565,0.228226652675761,0.6232948583420778,0.20251836306400856,0.5902413431269675,0.17733473242392456,0.5624344176285415,0.15346274921301156,0.5356768100734522,0.12985309548793283,0.5104931794333685,0.11096537250787009,0.48583420776495295,0.09260230849947543,0.4637985309548794,0.07686253934942301,0.4438614900314797,0.062172088142707284,0.4281217208814271,0.04958027282266528,0.4131689401888774,0.038562434417628653,0.3990031479538301,0.02911857292759715,0.3879853095487934,0.021773347324239287,0.3785414480587618,0.015477439664218287,0.3704092339979014,0.010493179433368322,0.36253934942287513,0.005771248688352571,0.35781741867785943,0.002623294858342111,0.35335781741867783,0.0,0.3502098635886674,0.0,0.3470619097586569,0.0,0.3439139559286463,0.0,0.3415529905561386,0.0,0.33997901364113325,0.0,0.33945435466946483,0.0,0.33945435466946483,0.0,0.33945435466946483,0.0,0.33945435466946483,0.0
Triangle,0.44525710635579685,0.05375279463430214,0.44525710635579685,0.05237943149153625,0.44525710635579685,0.05100606834877037,0.44525710635579685,0.05059086553816672,0.44525710635579685,0.05059086553816672,0.44525710635579685,0.05059086553816672,0.44525710635579685,0.05059086553816672,0.44525710635579685,0.05059086553816672,0.44525710635579685,0.05059086553816672,0.44525710635579685,0.05059086553816672,0.44091344618332806,0.051676780581283964,0.4354199936122644,0.0530501437240498,0.4285851165761737,0.05643564356435642,0.42034493771957837,0.06192909613542,0.4103161929096135,0.07023315234749283,0.392462472053657,0.09083359948898118,0.3746087511977004,0.11143404663046952,0.3397636537847333,0.1538805493452571,0.30268284893005437,0.19920153305653146,0.26160970935803257,0.2525071862024912,0.2176620887895241,0.3115618013414244,0.17639731715106993,0.3687000958160332,0.14206323858192269,0.4208878952411369,0.10772916001277548,0.4730756946662408,0.0827850526988182,0.5091664005110189,0.05806451612903216,0.5448738422229321,0.038901309485787225,0.573171510699457,0.02242095177259658,0.5978920472692432,0.010028744809964837,0.61954647077611,0.004535292238901259,0.6360268284893005,0.0,0.6517406579367614,0.008240178856595346,0.657234110507825,0.01648035771319069,0.6627275630788885,0.03736825295432772,0.6618971574576814,0.06208878952411371,0.6591504311721493,0.09383583519642288,0.655126157777068,0.13366336633663367,0.6496327052060044,0.17639731715107018,0.6436921111465985,0.2340785691472373,0.6354519322900033,0.2917598211434049,0.6272117534334078,0.3541679974449057,0.6201533056531461,0.41734270201213686,0.6132864899393164,0.4851165761737463,0.6071862024912169,0.5565314595975729,0.6016927499201534,0.626189715745768,0.5961992973490897,0.6907377834557651,0.5907058447780261,0.7552858511657616,0.5852123922069626,0.801501117853721,0.579718939635899,0.8468221015649955,0.5742254870648354,0.8832002555094219,0.5669434685404025,0.9147876077930375,0.558703289683807,0.943021398914085,0.5490258703289683,0.9649952091983393,0.5366656020440752,0.9862663685723411,0.5241137016927498,0.9931331842861705,0.5076333439795591,1.0,0.4911529862663685,0.9925582880868733,0.4716065154902586,0.9801980198019804,0.45100606834877033,0.9629830725007984,0.4285851165761736,0.9396358990737782,0.4038645800063877,0.914947301181731,0.37914404343660163,0.8819865857553497,0.35442350686681573,0.8490258703289684,0.3297029702970296,0.8126157777068029,0.3049824337272437,0.7755349728521237,0.28026189715745764,0.7369849888214625,0.25554136058767146,0.6971574576812518,0.23082082401788565,0.6586074736505906,0.20673906100287434,0.6242733950814434,0.18476525071862018,0.5899393165122961,0.16279144043436589,0.5607154263813477,0.14465027147876075,0.5318748003832638,0.12679655062280412,0.5064835515809645,0.1106675183647397,0.4831363781539442,0.09556052379431484,0.46113062919195125,0.08134781220057478,0.4419035451932289,0.06898754391568183,0.42280421590546147,0.05669115298626636,0.40907058447780265,0.047077610986905175,0.3953369530501436,0.037464068987543814,0.38358351964228676,0.030820824017885638,0.3725966145001597,0.0253273714468221,0.36333439795592454,0.020408815075055844,0.3564675822420951,0.016288725646758193,0.3497604599169594,0.012328329607154255,0.3442670073458959,0.009581603321622487,0.33877355477483223,0.006834877036090675,0.3343979559246247,0.005206004471414852,0.330277866496327,0.003832641328649013,0.327563078888534,0.00316192909613542,0.3261897157457681,0.00316192909613542,0.3248163526030022,0.00316192909613542,0.32344298946023625,0.00316192909613542,0.32206962631747044,0.00316192909613542,0.32194187160651544,0.00316192909613542,0.32194187160651544,0.00316192909613542,0.32194187160651544,0.00316192909613542,0.32194187160651544,0.00316192909613542,0.32235707441711914,0.002746726285531767,0.32373043755988506,0.0013733631427658836,0.3251038007026509,0.0
Triangle,0.3827703515343116,0.010205834851036048,0.38108656059929213,0.010205834851036048,0.3794027696642728,0.010205834851036048,0.37936840658396626,0.010205834851036048,0.37936840658396626,0.010205834851036048,0.37936840658396626,0.010205834851036048,0.37936840658396626,0.010205834851036048,0.37778770488986635,0.010205834851036048,0.376103913954847,0.010205834851036048,0.37442012301982763,0.010205834851036048,0.37273633208480805,0.010205834851036048,0.3710525411497887,0.010205834851036048,0.36936875021476934,0.010205834851036048,0.36768495927975,0.010205834851036048,0.3660011683447304,0.010205834851036048,0.36431737740971104,0.011649084223909825,0.3626335864746917,0.013332875158929289,0.3581320229545377,0.019243324971650475,0.3530806501494794,0.025978488711728087,0.3370330916463352,0.043709838149891794,0.3185113913611217,0.06391532937012483,0.2825676093605031,0.10556338270162544,0.24215662692003714,0.15270952888216902,0.1991340503762758,0.20899625442424666,0.15535548606577101,0.2679289371499262,0.12174839352599576,0.3230473179615821,0.09144015669564624,0.3769286278822034,0.06731727432047008,0.4184392288924781,0.04542799216521768,0.4554826294629052,0.028349541252877943,0.4841070753582352,0.013195422837703162,0.5093639393835264,0.005051372805058293,0.5287790797567095,0.0,0.5456169891069036,0.002886498745747651,0.555651008556407,0.00962166248582531,0.5623861722964848,0.02405415621456318,0.5636232431875193,0.04257585649977679,0.5619394522525,0.06855434521150493,0.5581251503384764,0.0988625820418544,0.5530737775334181,0.13844885055496392,0.5469915123191643,0.1839112058004881,0.5402563485790867,0.23535273701934656,0.5345177141678981,0.2909178378749874,0.5294663413628398,0.3551424349678708,0.525377134806364,0.4258616542386861,0.5220095529363253,0.4993642830143296,0.5186419710662865,0.5751348750902032,0.5152743891962476,0.649118586990138,0.5128002474141782,0.721521597195973,0.5111164564791588,0.784474760317515,0.5094326655441394,0.8383560702381363,0.50774887460912,0.8839902408851931,0.5044156558193877,0.9210336414556204,0.49936428301432945,0.9533349369437477,0.4919418576681215,0.9802755919040587,0.4818391120580049,0.9966324181299613,0.4687124153809148,1.0,0.45187450603072055,0.9947080856327961,0.43287172262121576,0.9778701762826021,0.4109824404659633,0.9541596508711041,0.38840589670458053,0.9204838321707156,0.36483282361430874,0.8835435208412082,0.34125975052403695,0.8414487474657228,0.31768667743376505,0.7974983677536854,0.293495068897976,0.7503522215731419,0.2682382048726847,0.7067111095838629,0.24298134084739334,0.6696677090134356,0.21772447682210216,0.6326243084430087,0.19356723136661952,0.5955809078725813,0.17167794921136711,0.5600838459159477,0.15030411326071252,0.5280918181505789,0.13009862204047956,0.4980241228823751,0.11085529706882913,0.47276725885708387,0.09401738771863498,0.44929727500773164,0.07807291845641035,0.43077557472251815,0.06460259097625502,0.41266623140098274,0.051956977423456174,0.3958283220507886,0.041854231813339686,0.3793684065839662,0.03250747396996663,0.3642142881687914,0.02577231022988897,0.3500910621628123,0.019380777292876506,0.3399883165526958,0.014329404487818262,0.330194838665338,0.009587299405518694,0.3217758839902409,0.006219717535479864,0.31390673860004814,0.003127040307893192,0.3088553657949899,0.0014432493728737772,0.3040445345520773,0.0,0.3006769526820385,0.0,0.2977217277756779,0.0,0.2977217277756779,0.0,0.2977217277756779,0.0,0.2977217277756779,0.0,0.2977217277756779,0.0,0.2977217277756779,0.0,0.2977217277756779,0.0,0.2977217277756779,0.0,0.29765300161506486,0.0,0.2959692106800455,0.0,0.29428541974502603,0.0,0.29260162881000656,0.0,0.2909178378749872,0.0
Triangle,0.3247924420269109,0.0035427998854852556,0.3247924420269109,0.0035427998854852556,0.3247924420269109,0.0035427998854852556,0.3247924420269109,0.0035427998854852556,0.3247924420269109,0.0035427998854852556,0.3247924420269109,0.0035427998854852556,0.3247924420269109,0.0035427998854852556,0.3247924420269109,0.0035427998854852556,0.3247924420269109,0.0035427998854852556,0.3247924420269109,0.0035427998854852556,0.3247924420269109,0.0035427998854852556,0.3247924420269109,0.001968222158602875,0.3247924420269109,0.00021471514457487007,0.3247924420269109,0.0,0.3247924420269109,0.0,0.3247924420269109,0.0,0.3247924420269109,0.0,0.3247924420269109,0.0,0.3247924420269109,0.0,0.3247924420269109,0.0028628685943315507,0.3247924420269109,0.006369882622387661,0.3164185513884911,0.01964643572860006,0.3058975093043229,0.03542799885485255,0.27905811623246485,0.07160750071571716,0.24749498997995975,0.11369166905239048,0.2106355568279415,0.16769252791296874,0.17205840251932428,0.22555825937589455,0.13734612081305453,0.28471228170626983,0.10402948754652147,0.3443315201832237,0.0769753793300886,0.3964357286000574,0.05242628113369588,0.4455339249928429,0.03396077870025756,0.48489836816490123,0.01817921557400506,0.5199685084454623,0.00830231892356134,0.547953048955053,0.0012882908674491198,0.5725021471514457,0.0,0.5890352132837102,0.001753507014028005,0.6013097623819066,0.012381906670483871,0.6058187804179787,0.02816346979673632,0.6058187804179787,0.054680790151732064,0.6015244775264814,0.08799742341826516,0.5945104494703691,0.13272974520469516,0.5843830518179214,0.18533495562553687,0.572108502719725,0.24996421414257095,0.5588319496135126,0.32361150873174915,0.5448038935012881,0.4011236759232751,0.5327082736902374,0.4817849985685656,0.5221872316060692,0.5624463212138562,0.5135270541082163,0.6431076438591468,0.5065130260521041,0.7175064414543372,0.5003936444317205,0.7858932150014312,0.4951331233896363,0.8448325221872313,0.49073146292585157,0.893930718580017,0.48722444889779554,0.9356212424849696,0.48371743486973945,0.9689378757515029,0.4802104208416833,0.9912324649298596,0.47355425135986234,1.0,0.46303320927569414,0.9997494989979957,0.4502576581734896,0.9874749498997992,0.4344760950472372,0.9694746636129398,0.41583166332665317,0.9431720584025189,0.3930360721442884,0.9121099341540219,0.3688806183796162,0.8735327798454048,0.34257801316919545,0.8330231892356136,0.31627540795877457,0.7891855138849123,0.2899728027483537,0.7459561981105061,0.26306183796163723,0.7038720297738328,0.23500572573718834,0.6635055825937585,0.2080947609504721,0.6266819352991693,0.18354566275407933,0.5914686515888916,0.1606069281419981,0.5599055253363865,0.14131835098768947,0.5298454050959057,0.12303177784139692,0.5035427998854849,0.10725021471514443,0.47910105926137964,0.0923990838820497,0.45981248210707104,0.08012453478385331,0.44181219582021164,0.0687088462639564,0.4277841397079872,0.059941311193816134,0.4145433724592039,0.051567420555396454,0.4040223303750356,0.04455339249928423,0.39421700543945015,0.03825508159175491,0.3872029773833379,0.034748067563698797,0.38051102204408804,0.031241053535642688,0.3752505010020039,0.02773403950758658,0.3702762668193529,0.024799599198396787,0.36676925279129674,0.024799599198396787,0.36326223876324065,0.024799599198396787,0.3597552247351845,0.024799599198396787,0.3564629258517033,0.024799599198396787,0.35470941883767526,0.024799599198396787,0.35295591182364716,0.024799599198396787,0.35120240480961906,0.024799599198396787,0.3495920412253076,0.024799599198396787,0.3495920412253076,0.024799599198396787,0.3495920412253076,0.024799599198396787,0.3495920412253076,0.024799599198396787,0.3495920412253076,0.024799599198396787,0.3495920412253076,0.024799599198396787,0.3495920412253076,0.024799599198396787,0.3495920412253076,0.024799599198396787,0.3495920412253076,0.024799599198396787
Triangle,0.34120549876630246,0.0,0.34120549876630246,0.0,0.34120549876630246,0.0,0.34120549876630246,0.0,0.34120549876630246,0.0,0.34120549876630246,0.0,0.34120549876630246,0.0,0.34120549876630246,0.0,0.34120549876630246,0.0,0.34120549876630246,0.0,0.34120549876630246,0.0,0.34120549876630246,0.0,0.34120549876630246,0.0,0.34120549876630246,0.0,0.34120549876630246,0.0,0.34120549876630246,0.0,0.3401480437081424,0.0010574550581600585,0.3383856186112091,0.002819880155093379,0.33591822347550226,0.006697215368346816,0.33239337328163565,0.013746915756080374,0.32534367289390215,0.023968981318293885,0.3041945717307015,0.04688050757842788,0.2830454705675009,0.06979203383856188,0.24955939372576671,0.11737751145576318,0.21607331688403253,0.1649629890729643,0.1783574198096581,0.22241804723299266,0.13958406767712375,0.28234050052872767,0.10821290095170967,0.3369756785336622,0.08177652449770886,0.3880860063447303,0.05816002819880156,0.4335565738456116,0.038773352132534314,0.47056750088121263,0.021149101163200616,0.5051110327811068,0.010574550581600308,0.5297849841381741,0.0,0.5544589354952415,0.003524850193866751,0.5650334860768418,0.007049700387733502,0.5756080366584422,0.020444131124427244,0.5791328868523089,0.03630595699682757,0.5808953119492422,0.06168487839266842,0.5794853718716956,0.09340853013746907,0.5759605216778287,0.1328868523087766,0.5710257314064153,0.18399718011984498,0.5639760310186818,0.23933732816355294,0.5569263306309483,0.31159675713782126,0.5498766302432148,0.38385618611209027,0.5428269298554812,0.4596404652802255,0.537539654564681,0.5354247444483612,0.5322523792738809,0.6097990835389496,0.5269651039830807,0.6838209376101515,0.5216778286922806,0.7483256961579133,0.5174480084596406,0.806485724356715,0.5139231582657737,0.8583010222065561,0.5111032781106803,0.9005992245329574,0.509340853013747,0.9400775467042651,0.5068734578780402,0.9682763482551991,0.5015861825872402,0.9964751498061334,0.49629890729643994,0.9982375749030669,0.48219950652097293,1.0,0.468100105745506,0.9848431441663731,0.448360944659852,0.9654564681001059,0.4272118434966515,0.9376101515685584,0.4028903771589707,0.9041240747268242,0.3764540007049701,0.8671131476912236,0.34931265421219615,0.8248149453648221,0.3211138526612619,0.7825167430384209,0.29326753612971457,0.74021854071202,0.2668311596757139,0.6979203383856187,0.2403947832217131,0.6609094113500179,0.21748325696157927,0.6238984843144171,0.19457173070144534,0.5897074374339093,0.17589002467395143,0.556221360592175,0.15826577370461767,0.5290800140994008,0.14169897779344376,0.5061684878392669,0.12583715192104342,0.48466690165667975,0.11138526612618974,0.4652802255904126,0.09904829044765605,0.44624603454353207,0.0870637997885091,0.4286217835741981,0.07648924920690868,0.4109975326048643,0.06591469862530844,0.3986605569263307,0.05886499823757493,0.3863235812477971,0.05181529784984143,0.3768064857243569,0.046175537539654615,0.36799436023968984,0.04088826224885443,0.3602396898131831,0.03665844201621436,0.3531899894254494,0.033133591822347506,0.3468452590764892,0.030313711667254124,0.34155798378568925,0.028551286570320807,0.3366231935142758,0.026788861473387375,0.3330983433204089,0.025026436376454,0.32957349312654216,0.023264011279520623,0.32957349312654216,0.023264011279520623,0.32957349312654216,0.023264011279520623,0.32957349312654216,0.023264011279520623,0.32957349312654216,0.023264011279520623,0.3306309481847021,0.023264011279520623,0.33239337328163565,0.023264011279520623,0.3334508283397956,0.023264011279520623,0.3334508283397956,0.023264011279520623,0.3338033133591823,0.023264011279520623,0.3355657384561157,0.023264011279520623,0.337328163553049,0.023264011279520623
Triangle,0.28947368421052627,0.0,0.28771929824561393,0.0,0.28596491228070176,0.0,0.28561403508771926,0.0,0.28561403508771926,0.0,0.28561403508771926,0.0,0.28561403508771926,0.0,0.28561403508771926,0.0,0.28561403508771926,0.0,0.28561403508771926,0.0,0.28561403508771926,0.0,0.28561403508771926,0.0,0.28561403508771926,0.0,0.28561403508771926,0.0,0.28561403508771926,0.0,0.28561403508771926,0.0,0.28561403508771926,0.0,0.28561403508771926,0.0,0.28561403508771926,0.0,0.28561403508771926,0.0,0.28561403508771926,0.0007017543859649322,0.28561403508771926,0.004210526315789483,0.28561403508771926,0.007719298245614034,0.2803508771929824,0.02350877192982457,0.2750877192982456,0.03929824561403505,0.25157894736842107,0.07754385964912275,0.22350877192982452,0.12140350877192986,0.18912280701754394,0.17684210526315763,0.15052631578947367,0.23999999999999988,0.11684210526315791,0.3017543859649123,0.09052631578947361,0.36140350877192984,0.06561403508771929,0.4171929824561402,0.046315789473684206,0.4575438596491227,0.02701754385964912,0.4978947368421052,0.01473684210526319,0.5277192982456138,0.0024561403508772625,0.5575438596491227,0.0,0.5789473684210525,0.0,0.5982456140350877,0.007368421052631568,0.6091228070175437,0.01964912280701755,0.6143859649122807,0.0382456140350876,0.615438596491228,0.06631578947368422,0.6101754385964911,0.09789473684210519,0.6045614035087719,0.14350877192982434,0.5975438596491228,0.18912280701754383,0.5905263157894736,0.25228070175438577,0.5852631578947367,0.31543859649122813,0.5799999999999998,0.3842105263157894,0.5761403508771928,0.4543859649122804,0.5726315789473684,0.5298245614035088,0.5712280701754385,0.6087719298245612,0.5712280701754385,0.6835087719298242,0.5712280701754385,0.7519298245614034,0.5712280701754385,0.8161403508771926,0.5712280701754385,0.8635087719298241,0.5712280701754385,0.9108771929824561,0.5712280701754385,0.9442105263157893,0.5624561403508771,0.9775438596491226,0.5536842105263158,0.9912280701754387,0.5378947368421052,1.0,0.5203508771929825,0.9929824561403506,0.49859649122807015,0.975438596491228,0.47403508771929814,0.9494736842105265,0.44736842105263164,0.9108771929824561,0.4175438596491228,0.8694736842105264,0.3873684210526316,0.8168421052631581,0.3557894736842106,0.7642105263157893,0.32421052631578945,0.7150877192982457,0.29263157894736846,0.665964912280702,0.26105263157894754,0.6224561403508773,0.23228070175438595,0.5803508771929824,0.20421052631578954,0.5435087719298245,0.1803508771929824,0.5101754385964912,0.1592982456140351,0.4803508771929826,0.14035087719298248,0.4557894736842107,0.12456140350877205,0.4326315789473686,0.10912280701754398,0.4150877192982455,0.09508771929824557,0.39754385964912275,0.08105263157894736,0.38526315789473675,0.07228070175438599,0.3729824561403509,0.0635087719298246,0.36350877192982456,0.05614035087719304,0.35473684210526313,0.049122807017543825,0.34701754385964906,0.04421052631578952,0.33999999999999997,0.04070175438596486,0.3336842105263158,0.037192982456140306,0.3284210526315789,0.03368421052631581,0.3235087719298245,0.030526315789473724,0.31999999999999995,0.028771929824561396,0.3164912280701754,0.02701754385964912,0.31298245614035086,0.02701754385964912,0.3094736842105263,0.02701754385964912,0.3073684210526315,0.02701754385964912,0.3056140350877193,0.02701754385964912,0.30385964912280694,0.02701754385964912,0.3021052631578947,0.02701754385964912,0.3003508771929824,0.02701754385964912,0.2985964912280702,0.02701754385964912,0.29684210526315785,0.02701754385964912,0.2950877192982455,0.02701754385964912,0.2933333333333333,0.02701754385964912
Triangle,0.6287026406429391,0.0037887485648679677,0.6287026406429391,0.0037887485648679677,0.6287026406429391,0.0037887485648679677,0.6287026406429391,0.0037887485648679677,0.6287026406429391,0.0037887485648679677,0.6287026406429391,0.0037887485648679677,0.6287026406429391,0.0037887485648679677,0.6287026406429391,0.0037887485648679677,0.6287026406429391,0.0037887485648679677,0.6287026406429391,0.0037887485648679677,0.6287026406429391,0.0037887485648679677,0.6287026406429391,0.0037887485648679677,0.6287026406429391,0.0037887485648679677,0.6287026406429391,0.0037887485648679677,0.6287026406429391,0.0037887485648679677,0.6287026406429391,0.0037887485648679677,0.6287026406429391,0.0037887485648679677,0.6287026406429391,0.0037887485648679677,0.6287026406429391,0.0037887485648679677,0.6287026406429391,0.0037887485648679677,0.6287026406429391,0.0037887485648679677,0.6287026406429391,0.0037887485648679677,0.6287026406429391,0.0037887485648679677,0.6275545350172216,0.004477611940298527,0.6200918484500575,0.008955223880597,0.6126291618828932,0.013432835820895528,0.5941446613088404,0.026176808266360495,0.5687715269804822,0.04408725602755455,0.5415614236509761,0.06383467278989655,0.4923076923076923,0.10562571756601606,0.44305396096440874,0.14741676234213552,0.38495981630310017,0.19885189437428227,0.31928817451205527,0.2585533869115958,0.2536165327210103,0.3182548794489093,0.2073478760045925,0.36303099885189416,0.16107921928817467,0.4078071182548794,0.121699196326062,0.44638346727898964,0.09035591274397253,0.47772675086107913,0.059012629161882955,0.5090700344431687,0.03731343283582088,0.5321469575200919,0.01641791044776112,0.5545350172215844,0.0029850746268657567,0.571756601607348,0.0014925373134327706,0.580711825487945,0.0,0.5896670493685419,0.012399540757749634,0.591044776119403,0.027324913892077987,0.591044776119403,0.049138920780711824,0.5887485648679678,0.0864523536165327,0.5812858783008037,0.12376578645235337,0.5738231917336395,0.1771526980482202,0.5640642939150403,0.23536165327210085,0.5536165327210103,0.29563719862227317,0.5435132032146958,0.36280137772675064,0.5345579793340988,0.4299655568312285,0.5256027554535017,0.5002296211251436,0.5187141216991962,0.5718714121699192,0.5127439724454651,0.6416762342135475,0.5070034443168773,0.7013777267508609,0.5025258323765787,0.7610792192881745,0.4980482204362801,0.8097588978185992,0.4926521239954076,0.851549942594719,0.4866819747416763,0.892307692307692,0.4803673938002297,0.920665901262916,0.4699196326061999,0.9490241102181399,0.45947187141216994,0.9701492537313433,0.44500574052812863,0.9850746268656715,0.42709529276693464,1.0,0.40918484500574054,0.9925373134328357,0.3867967853042479,0.9850746268656716,0.36440872560275567,0.9707233065442022,0.3399540757749714,0.9483352468427095,0.31308840413318034,0.9259471871412172,0.28622273249138924,0.896670493685419,0.2607347876004592,0.8668197474167623,0.23536165327210104,0.8363949483352471,0.21113662456946058,0.8050516647531576,0.18874856486796796,0.7737083811710679,0.1663605051664754,0.7436280137772676,0.1477611940298508,0.7137772675086109,0.12985074626865675,0.6848450057405283,0.11331802525832375,0.657979334098737,0.09988518943742823,0.631113662456946,0.0864523536165328,0.6076923076923076,0.07531572904707232,0.5853042479908153,0.06486796785304255,0.5642939150401839,0.055109070034443285,0.5478760045924224,0.047646383467279,0.5314580941446615,0.040183696900114876,0.5191733639494834,0.03478760045924227,0.5087256027554536,0.03030998851894374,0.49873708381171067,0.025832376578645216,0.4912743972445466,0.021354764638346742,0.48381171067738227,0.016877152698048268,0.47818599311136617,0.013318025258323768,0.47370838117106784,0.010332950631458119,0.46946039035591286,0.0074626865671641755,0.46796785304247984,0.005970149253731351,0.4664753157290471,0.004477611940298527,0.4649827784156143,0.0029850746268656487,0.46349024110218134,0.0014925373134328783,0.46199770378874855,0.0
Triangle,0.5290425175761634,0.0,0.5290425175761634,0.0,0.5290425175761634,0.0,0.5280381653833277,0.0,0.5263223970539003,0.0,0.5246066287244728,0.0,0.5228908603950452,0.0,0.5211750920656177,0.0,0.5207566119852695,0.0,0.5207566119852695,0.0,0.5207566119852695,0.0,0.5207566119852695,0.0,0.5207566119852695,0.0,0.5207566119852695,0.0,0.5207566119852695,0.0,0.5207566119852695,0.0,0.5207566119852695,0.0,0.5207566119852695,0.0,0.5207566119852695,0.0,0.5207566119852695,0.0,0.5207566119852695,0.0,0.5207566119852695,0.0,0.5179946434549715,0.002301640441914913,0.5077000334784065,0.010880482089052576,0.49740542350184136,0.019459323736190123,0.4709993304318713,0.04414964847673247,0.4418312688316035,0.07160194174757285,0.40287077335118854,0.10809340475393373,0.351397723468363,0.1561349179779041,0.29988282557750245,0.20426012721794448,0.2466940073652495,0.25573317710077,0.1935051891529962,0.3072062269835956,0.15077837294944754,0.3492634750585873,0.11474723803146968,0.385294609976565,0.08072480749916298,0.4193170405088718,0.05498828255775017,0.4450535654502846,0.02925175761633747,0.47079009039169745,0.015567458988952098,0.4898309340475394,0.005272849012386925,0.5069886173418144,0.0,0.5216354201540007,0.0034315366588550185,0.5319300301305658,0.006863073317710037,0.5422246401071309,0.029879477736859752,0.5492551054569802,0.05390023434884512,0.5561181787746904,0.08804820890525603,0.5620605959156344,0.13094241714094418,0.5672079009039172,0.17697522597924362,0.5721459658520255,0.24560595915634398,0.5755775025108805,0.3142366923334449,0.5790090391697356,0.39378975560763346,0.5836541680616003,0.4778624037495811,0.5888014730498828,0.5594241714094408,0.5939487780381655,0.634917977904252,0.599096083026448,0.7104117843990624,0.6042433880147305,0.7663207231335788,0.6078841647137597,0.8195095413458319,0.6113157013726147,0.8655423501841311,0.6131570137261467,0.9032892534315367,0.6131570137261467,0.940366588550385,0.6128222296618682,0.9643873451623703,0.605959156344158,0.9884081017743556,0.599096083026448,0.9982842316705726,0.584616672246401,1.0,0.5657432206226983,0.9975728155339807,0.5442333444928023,0.9804151322397053,0.5133495145631068,0.9632574489454303,0.48246568463341144,0.9350518915299635,0.4474389019082693,0.904168061600268,0.4114077669902913,0.8706059591563442,0.3760462002008703,0.8328590559089389,0.34173083361232015,0.7951121526615333,0.3074154670237697,0.7573652494141278,0.2764479410780046,0.7196183461667223,0.24556411114830914,0.6847589554737196,0.21756779377301635,0.6521593572145966,0.19183126883160354,0.6203130231001003,0.1670990960830264,0.5928607298292602,0.1482256444593237,0.5654084365584198,0.12935219283562105,0.5417224640107129,0.11298962169400735,0.5194174757281553,0.09754770672915976,0.49928858386340785,0.08373786407766981,0.4838466688985603,0.07344325410110476,0.4684047539337128,0.0631486441245397,0.4560595915634414,0.05440241044526271,0.444049213257449,0.04582356879812522,0.43454971543354526,0.03808168731168399,0.42768664211583524,0.031218613993973833,0.4209491128222295,0.024481084700368253,0.41580180783394716,0.019333779712085726,0.41065450284566435,0.014186474723803081,0.40663709407432197,0.010169065952460659,0.4032055574154671,0.00673752929360564,0.4001925008369601,0.0037244727150987497,0.3984767325075327,0.00200870438567124,0.396760964178105,0.0002929360562437311,0.3950451958486778,0.0,0.3933294275192501,0.0,0.39161365918982244,0.0,0.38989789086039495,0.0,0.3881821225309675,0.0
Triangle,0.5051634195677632,0.003513254551261578,0.5051634195677632,0.0020227829234535934,0.5051634195677632,0.0005323112956457087,0.504205259235601,0.0,0.5027147876077931,0.0,0.5016501650165016,0.0,0.5016501650165016,0.0,0.5016501650165016,0.0,0.5016501650165016,0.0,0.5016501650165016,0.0,0.5016501650165016,0.0,0.5016501650165016,0.0,0.5016501650165016,0.0,0.5016501650165016,0.0,0.5016501650165016,0.0,0.5016501650165016,0.0,0.5016501650165016,0.0,0.5016501650165016,0.0,0.5016501650165016,0.0,0.5016501650165016,0.0,0.5016501650165016,0.0,0.5016501650165016,0.0,0.500479080166081,0.0023421697008410686,0.4989886085382732,0.005323112956456938,0.4936654955818163,0.01149792398594701,0.4832321941871606,0.0219312253806026,0.4710954966464387,0.034174385180453605,0.43681464920685614,0.06994570424784419,0.4025338017672735,0.10571702331523476,0.3544128606409028,0.1606515490258703,0.3007558820398167,0.22325135739380406,0.24922814862131365,0.2842542318748005,0.20153305653145953,0.3423826253593102,0.15383796444160544,0.4005110188438199,0.12104758862983077,0.44224422442244227,0.08825721281805592,0.4839774300010648,0.06217395933141689,0.517087192590227,0.039816884914297815,0.5454061535185777,0.020866602789311184,0.570318322154796,0.010433301394655542,0.5867135100606835,0.0,0.6031086979665707,0.0006387735547748006,0.6111998296603853,0.002129245182582735,0.6186521877994252,0.010433301394655592,0.6235494517193656,0.023847546044927052,0.6265303949749813,0.040136271691685245,0.6285531778984349,0.06696476099222827,0.6270627062706271,0.09379325029277129,0.6255722346428192,0.1372298520174597,0.6240817630150112,0.18343447247950614,0.6225912913872031,0.24230810177791953,0.6218460555732993,0.313850739912701,0.6218460555732993,0.38667092515703216,0.621633131055041,0.4671563930586605,0.620142659427233,0.5476418609602899,0.618652187799425,0.6246140743106573,0.6183328010220377,0.7006281273288619,0.6183328010220377,0.7664218034706699,0.6183328010220377,0.8185883104439475,0.6183328010220377,0.8696901948259342,0.6180134142446502,0.9069519855211331,0.6135419993612264,0.9442137762163313,0.6090705844778027,0.9687000958160333,0.6003406792292133,0.9880762269775365,0.5899073778345577,1.0,0.5762802086660278,0.9985095283721922,0.5569040775045245,0.9970190567443841,0.5375279463430214,0.976152453955073,0.5136804002980943,0.9552858511657617,0.4898328542531673,0.9277121260513147,0.46311082721175345,0.8964122218673479,0.43479186628340233,0.8642606196103481,0.40604705631853516,0.8299797721707655,0.3762376237623762,0.795698924731183,0.3464281912062175,0.7600340679229212,0.31800276801873734,0.7242627488555305,0.28968380709038644,0.6901948259342062,0.2630682423081018,0.6574044501224318,0.23773022463536694,0.6258916214202066,0.21303098051740646,0.5990631321196634,0.1906739061002874,0.5722346428191207,0.1683168316831684,0.5492387948472265,0.14979239859469806,0.5268817204301075,0.13190673906100284,0.5075055892686043,0.1162567869690196,0.4911104013627169,0.10284254231874788,0.47556691152986263,0.08985414670499305,0.4651336101352071,0.0794208453103375,0.45470030874055134,0.0689875439156818,0.44660917704673686,0.06206749707228784,0.43915681890769726,0.056105610561056105,0.43234323432343236,0.050782497604599214,0.42638134781220055,0.04631108272117531,0.4206323858192271,0.041946130096880654,0.4176514425636111,0.03896518684126478,0.4146704993079952,0.03598424358564886,0.41275417864367075,0.034067922921324365,0.4112637070158629,0.03257745129351643,0.4103055466837006,0.031086979665708492,0.4103055466837006,0.029596508037900558,0.4103055466837006,0.028106036410092624
Triangle,0.403360433604336,0.0035772357723577236,0.403360433604336,0.0035772357723577236,0.403360433604336,0.0035772357723577236,0.403360433604336,0.0035772357723577236,0.403360433604336,0.0035772357723577236,0.403360433604336,0.0035772357723577236,0.40205962059620587,0.0035772357723577236,0.400650406504065,0.0035772357723577236,0.3997831978319783,0.0035772357723577236,0.3997831978319783,0.0035772357723577236,0.3997831978319783,0.0035772357723577236,0.3997831978319783,0.004769647696476947,0.3997831978319783,0.006178861788617858,0.3997831978319783,0.007154471544715447,0.3997831978319783,0.007154471544715447,0.3997831978319783,0.007154471544715447,0.3997831978319783,0.007154471544715447,0.3997831978319783,0.007154471544715447,0.3997831978319783,0.007154471544715447,0.3997831978319783,0.007154471544715447,0.3997831978319783,0.007154471544715447,0.3997831978319783,0.007154471544715447,0.3997831978319783,0.007154471544715447,0.3997831978319783,0.007154471544715447,0.3997831978319783,0.007154471544715447,0.3997831978319783,0.007154471544715447,0.3980487804878048,0.012357723577235767,0.39523035230352305,0.02081300813008128,0.3905691056910569,0.03111111111111108,0.36379403794037934,0.06352303523035227,0.3370189701897018,0.09593495934959347,0.30189701897018983,0.1389701897018969,0.2596205962059621,0.19111111111111104,0.21734417344173437,0.24325203252032518,0.1807046070460706,0.2953929539295391,0.1440650406504065,0.3475338753387533,0.11262872628726281,0.3931707317073169,0.08726287262872642,0.4312195121951218,0.06189701897018973,0.46926829268292675,0.04303523035230352,0.49691056910569104,0.024715447154471534,0.5236856368563686,0.011273712737127285,0.5472086720867209,0.005636856368563642,0.5655284552845528,0.0,0.5838482384823848,0.007479674796747875,0.593821138211382,0.0173441734417344,0.6022764227642277,0.032411924119241195,0.609430894308943,0.05918699186991875,0.6136585365853656,0.085962059620596,0.6178861788617886,0.13550135501354982,0.621029810298103,0.19186991869918674,0.6238482384823847,0.25344173441734397,0.626341463414634,0.33235772357723564,0.627750677506775,0.4112737127371274,0.6291598915989159,0.4970189701897021,0.6305691056910568,0.5857994579945793,0.6319783197831976,0.6704607046070457,0.6333875338753387,0.7324661246612464,0.6347967479674798,0.794471544715447,0.6362059620596207,0.8443360433604334,0.633279132791328,0.8866124661246613,0.6276422764227644,0.927913279132791,0.621029810298103,0.9575067750677505,0.602710027100271,0.9871002710027098,0.584390243902439,1.0,0.5622764227642276,0.998590785907859,0.536910569105691,0.9971815718157181,0.5115447154471544,0.9774525745257452,0.4805420054200541,0.9577235772357724,0.4495392953929542,0.9327913279132792,0.41723577235772374,0.9017886178861789,0.3834146341463416,0.8707859078590784,0.3495934959349594,0.8332791327913278,0.3170731707317074,0.795230352303523,0.28466124661246617,0.7571815718157184,0.2538753387533878,0.7191327913279135,0.22569105691056932,0.6810840108401085,0.1975067750677508,0.6466124661246612,0.17409214092140926,0.6127913279132792,0.1515447154471545,0.581138211382114,0.13073170731707312,0.5543631436314364,0.1138211382113821,0.5275880758807588,0.09691056910569117,0.5062330623306233,0.08325203252032512,0.48650406504065036,0.07056910569105693,0.46775067750677524,0.05886178861788622,0.45224932249322497,0.05040650406504066,0.43674796747967487,0.041951219512195194,0.42514905149051474,0.03544715447154471,0.41528455284552857,0.029810298102981064,0.4058536585365853,0.024390243902439004,0.3988075880758808,0.020162601626016272,0.3917615176151762,0.01593495934959354,0.3855826558265582,0.012574525745257453,0.37994579945799456,0.009756097560975632,0.3745257452574525,0.007046070460704604,0.3717073170731706,0.0056368563685636934,0.3688888888888889,0.0042276422764227824,0.36758807588075876,0.002818428184281821,0.36758807588075876,0.0014092140921409613,0.36758807588075876,0.0
Triangle,0.521985198084458,0.00391815411406182,0.521985198084458,0.002176752285589906,0.521985198084458,0.0004353504571179923,0.521985198084458,0.0,0.521985198084458,0.0,0.521985198084458,0.0,0.521985198084458,0.0,0.521985198084458,0.0,0.521985198084458,0.0,0.521985198084458,0.0,0.521985198084458,0.0,0.521985198084458,0.0,0.521985198084458,0.0,0.521985198084458,0.0,0.521985198084458,0.0,0.521985198084458,0.0,0.522420548541576,0.0,0.5241619503700479,0.0,0.5259033521985198,0.0,0.5259033521985198,0.0,0.5259033521985198,0.0,0.5259033521985198,0.001306051371353977,0.5259033521985198,0.003047453199825835,0.524161950370048,0.007400957771005647,0.520679146713104,0.014366565084893302,0.5124074880278624,0.02612102742707876,0.48976926425772743,0.052242054854157574,0.4671310404875925,0.0783630822812364,0.4288202002612104,0.11841532433609035,0.3905093600348281,0.15846756639094453,0.34958641706573795,0.20374401393121452,0.307792773182412,0.25076186329995637,0.26599912929908587,0.29952111449717017,0.22420548541575983,0.3500217675228558,0.18371789290378765,0.4009577710056595,0.14714845450587719,0.4531998258598171,0.11057901610796693,0.5054418807139748,0.08445798868088823,0.5420113191118849,0.0583369612538093,0.5785807575097953,0.03874619068350032,0.606007836308228,0.021332172398781067,0.630387461906835,0.009142359599477616,0.6495428820200261,0.0021767522855899615,0.6634740966478014,0.0,0.673051806704397,0.012189812799303451,0.6695690030474533,0.024379625598606902,0.6660861993905094,0.059207662168045176,0.653896386591206,0.09403569873748367,0.6417065737919024,0.1458424031345232,0.6321288637353071,0.2033086634740963,0.6234218545929472,0.2686112320417936,0.6164562472790598,0.34175010883761386,0.6112320417936439,0.41575968654767087,0.606443186765346,0.49238136700043494,0.6029603831084023,0.5690030474531999,0.5994775794514584,0.6491075315629078,0.6012189812799303,0.7292120156726158,0.6029603831084023,0.7910317805833694,0.6047017849368742,0.8467566390944707,0.606443186765346,0.8946451893774487,0.607313887679582,0.9346974314323027,0.607313887679582,0.9686547670875054,0.6042664344797563,0.9843273835437527,0.5920766216804527,1.0,0.5798868088811493,0.982585981715281,0.5520243796255987,0.965171963430562,0.5241619503700481,0.9425337396604268,0.49499346974314323,0.9181541140618199,0.46538963865912075,0.8902916848062691,0.4340444057466261,0.8589464518937745,0.4009577710056597,0.8267305180670441,0.36787113626469314,0.7919024814976057,0.33478450152372674,0.7570744449281672,0.3016978667827601,0.7292120156726165,0.2720940356987375,0.7013495864170659,0.24249020461471504,0.6774053112755771,0.21680452764475427,0.6547670875054418,0.19242490204614715,0.6356116673922507,0.1706573791902482,0.6199390509360037,0.1515019590770571,0.6051371353939923,0.13365259033521998,0.5929473225946886,0.11972137570744444,0.5807575097953853,0.10579016107966913,0.5720505006530257,0.09534175010883765,0.5633434915106662,0.08489333913800616,0.5572485851110144,0.07705703090988253,0.5520243796255986,0.07009142359599477,0.5476708750544188,0.0639965171963431,0.5441880713974749,0.05877231171092735,0.5415759686547671,0.053983456682629605,0.5415759686547671,0.05050065302568572,0.5415759686547671,0.047017849368741836,0.5415759686547671,0.04527644754026992,0.5415759686547671,0.04353504571179801,0.5415759686547671,0.0417936438833261,0.5415759686547671,0.04005224205485418,0.5415759686547671,0.038310840226382266,0.5415759686547671,0.03656943839791035,0.5415759686547671,0.035263387026556375,0.5415759686547671,0.035263387026556375,0.5415759686547671,0.035263387026556375
Triangle,0.4310465523276164,0.024256212810640537,0.4310465523276164,0.024256212810640537,0.4310465523276164,0.024256212810640537,0.4310465523276164,0.024256212810640537,0.4310465523276164,0.024256212810640537,0.4310465523276164,0.024256212810640537,0.4310465523276164,0.024256212810640537,0.4310465523276164,0.024256212810640537,0.4310465523276164,0.024256212810640537,0.4310465523276164,0.024256212810640537,0.4310465523276164,0.024256212810640537,0.4310465523276164,0.024256212810640537,0.4310465523276164,0.024256212810640537,0.4310465523276164,0.024256212810640537,0.4310465523276164,0.024256212810640537,0.4310465523276164,0.024256212810640537,0.4310465523276164,0.024256212810640537,0.4310465523276164,0.024256212810640537,0.4310465523276164,0.024256212810640537,0.4310465523276164,0.024256212810640537,0.4310465523276164,0.024256212810640537,0.4310465523276164,0.026986349317465855,0.4310465523276164,0.030416520826041283,0.4270563528176409,0.03783689184459223,0.42191109555477774,0.046412320616030796,0.41029051452572635,0.06275813790689537,0.39656982849142464,0.08162408120406017,0.3664683234161707,0.1156107805390271,0.33045152257612875,0.15505775288764448,0.28708435421771084,0.20553027651382585,0.24077703885194254,0.2604130206510327,0.1944697234861742,0.31648582429121475,0.14816240812040596,0.3730836541827093,0.11225061253062643,0.426216310815541,0.08137906895344749,0.4776688834441726,0.05610780539026939,0.5190409520476027,0.03381169058452916,0.5550577528876447,0.01694084704235206,0.5845642282114109,0.003220161008050347,0.6102905145257264,0.0,0.6297164858242914,0.0034301715085754284,0.6451522576128808,0.019040952047602432,0.6565278263913197,0.04305215260763043,0.6651032551627583,0.07980399019951004,0.6717185859292967,0.12611130556527836,0.6768638431921599,0.17997899894994757,0.6810640532026603,0.2400070003500176,0.6844942247112357,0.30913545677283877,0.6906545327266363,0.38631431571578595,0.699229961498075,0.46961848092404634,0.7113055652782639,0.5588029401470075,0.7267413370668535,0.6446272313615681,0.7396569828491425,0.7269513475673783,0.7499474973748689,0.7980049002450122,0.75862793139657,0.8563178158907949,0.7654882744137209,0.9069303465173263,0.7677283864193211,0.9480924046202313,0.7642982149107457,0.9782289114455727,0.7549877493874693,0.9936646832341618,0.7378368918445922,1.0,0.7164858242912145,0.9931396569828491,0.6890444522226111,0.9782989149457471,0.6562828141407071,0.9508575428771439,0.6151207560378019,0.92089604480224,0.5726986349317466,0.8865943297164858,0.528106405320266,0.8516975848792435,0.48470423521176026,0.8156807840392016,0.44354217710885513,0.7796639831991596,0.40238011900595,0.7436471823591178,0.3612180609030448,0.7071053552677631,0.32110605530276487,0.6693734686734335,0.2833741687084351,0.634091704585229,0.24711235561778067,0.604935246762338,0.21452572628631403,0.577598879943997,0.18330416520826023,0.5553027651382567,0.1558627931396568,0.5342667133356667,0.13010150507525364,0.5171158557927896,0.10952047602380106,0.5011200560028002,0.09009450472523618,0.4891144557227861,0.0746587329366467,0.4778088904445222,0.05992299614980743,0.46923346167308366,0.04791739586979343,0.4609730486524326,0.03685684284214208,0.4541127056352817,0.02999649982499122,0.44753237661883094,0.023416170808540405,0.44238711935596786,0.018270913545677264,0.43748687434371725,0.01337066853342666,0.4340567028351419,0.009940497024851232,0.4308365418270914,0.006720336016800835,0.4291214560728037,0.005005250262513121,0.42740637031851597,0.0032901645082254066,0.4256912845642282,0.0015750787539376926,0.42397619880994053,0.0,0.4222611130556529,0.0,0.4205460273013651,0.0,0.41883094154707734,0.0,0.4171858592929647,0.0,0.4171858592929647,0.0,0.4171858592929647,0.0,0.4171858592929647,0.0,0.4171858592929647,0.0
Triangle,0.37286902286902285,0.0,0.37286902286902285,0.0,0.37286902286902285,0.0,0.37286902286902285,0.0,0.37286902286902285,0.0,0.37286902286902285,0.0,0.37286902286902285,0.0,0.37151767151767146,0.0,0.36985446985446974,0.0,0.36943866943866943,0.0,0.36943866943866943,0.0,0.3682952182952183,0.0,0.3666320166320166,0.0,0.36496881496881495,0.0,0.36330561330561323,0.0,0.36257796257796254,0.0,0.36257796257796254,0.0,0.36257796257796254,0.0,0.36257796257796254,0.0,0.36257796257796254,0.0,0.36257796257796254,0.0,0.36257796257796254,0.0,0.36257796257796254,0.0,0.36257796257796254,0.0,0.36257796257796254,0.0,0.36257796257796254,0.0,0.36257796257796254,0.0,0.36257796257796254,0.0,0.36257796257796254,0.0,0.36257796257796254,0.00020790020790021382,0.36257796257796254,0.0018711018711018755,0.3621621621621621,0.003950103950103965,0.3555093555093555,0.012266112266112274,0.3488565488565488,0.020582120582120583,0.3288981288981289,0.042203742203742185,0.30893970893970896,0.06382536382536379,0.27027027027027034,0.10727650727650721,0.23035343035343017,0.1521829521829524,0.18607068607068591,0.20582120582120603,0.1411642411642411,0.26070686070686083,0.10706860706860699,0.3074844074844076,0.07546777546777547,0.3523908523908524,0.051351351351351354,0.3873180873180873,0.029729729729729797,0.41891891891891897,0.014968814968814907,0.444802494802495,0.003326403326403226,0.46808731808731824,0.0,0.48305613305613304,0.001663201663201613,0.49303534303534313,0.010810810810810777,0.49927234927234915,0.025779625779625732,0.5025987525987525,0.049064449064449,0.5025987525987525,0.08066528066528063,0.49927234927234915,0.12245322245322224,0.49376299376299376,0.17733887733887752,0.48544698544698545,0.23721413721413742,0.4771309771309772,0.3054054054054056,0.4688149688149688,0.3761954261954263,0.461018711018711,0.4527027027027028,0.4543659043659044,0.5296257796257796,0.4481288981288981,0.6077962577962577,0.4431392931392932,0.6840956340956346,0.43846153846153846,0.7522869022869025,0.43513513513513524,0.8179833679833681,0.4318087318087318,0.8662162162162164,0.4284823284823286,0.9135135135135136,0.42474012474012474,0.9467775467775468,0.41476091476091476,0.98004158004158,0.4047817047817048,0.9900207900207899,0.3898128898128898,1.0,0.3748440748440749,0.9865904365904367,0.35519750519750526,0.9716216216216217,0.3352390852390853,0.9406444906444908,0.3123700623700625,0.9073804573804576,0.2890852390852392,0.8660083160083156,0.2644490644490643,0.8227650727650725,0.2395010395010393,0.7720374220374217,0.21455301455301443,0.7188149688149685,0.18960498960498953,0.6667359667359665,0.16694386694386681,0.6151767151767149,0.14532224532224516,0.5667359667359667,0.12785862785862778,0.5201663201663199,0.11288981288981288,0.4782744282744281,0.09979209979209981,0.44002079002079,0.08814968814968813,0.4075883575883576,0.0773388773388773,0.380977130977131,0.06735966735966742,0.3580041580041581,0.05883575883575885,0.33970893970893973,0.05218295218295221,0.323908523908524,0.0461538461538462,0.3122661122661122,0.04116424116424112,0.3021829521829521,0.03669438669438667,0.29553014553014545,0.03336798336798334,0.28929313929313927,0.03045738045738045,0.2843035343035343,0.028794178794178785,0.2796257796257796,0.027442827442827444,0.2762993762993763,0.027442827442827444,0.27318087318087314,0.027442827442827444,0.2715176715176714,0.027442827442827444,0.2698544698544698,0.027442827442827444,0.2681912681912682,0.027442827442827444,0.2665280665280665,0.027442827442827444
Triangle,0.3882820258192652,0.06918238993710692,0.3865166059803597,0.06918238993710692,0.3847511861414543,0.06918238993710692,0.3846408474015227,0.06918238993710692,0.3846408474015227,0.06918238993710692,0.3846408474015227,0.06918238993710692,0.3846408474015227,0.06918238993710692,0.3846408474015227,0.06918238993710692,0.3846408474015227,0.06918238993710692,0.3846408474015227,0.06918238993710692,0.3846408474015227,0.06918238993710692,0.3846408474015227,0.06918238993710692,0.3846408474015227,0.06918238993710692,0.3846408474015227,0.06918238993710692,0.3846408474015227,0.06918238993710692,0.3846408474015227,0.06918238993710692,0.3846408474015227,0.06918238993710692,0.3846408474015227,0.06918238993710692,0.3846408474015227,0.06918238993710692,0.3846408474015227,0.06918238993710692,0.3846408474015227,0.06918238993710692,0.3846408474015227,0.06918238993710692,0.3846408474015227,0.06918238993710692,0.3846408474015227,0.06973408363676484,0.3846408474015227,0.07149950347567027,0.38419949244179635,0.07370627827430214,0.3824340726028909,0.07723711795211301,0.37802052300562733,0.08308507116848729,0.36213174445547835,0.09897384971863624,0.3435948361469712,0.11773143550700654,0.30652101952995686,0.1565706719629263,0.26867483173342155,0.19640295707823027,0.21924307624406927,0.2511309720842989,0.169811320754717,0.30585898709036746,0.13450292397660824,0.3552907425797197,0.09919452719849947,0.40472249806907196,0.07381661701423378,0.4392585236676597,0.049100739269557436,0.47280150060686316,0.030563830961050416,0.49862076575085523,0.012909632571996033,0.5233366434955313,0.005296259516716315,0.5394460995255435,0.0,0.5535694582367869,0.005296259516716315,0.5610724925521352,0.014123358711243506,0.5663687520688513,0.03387399315899821,0.5668101070285778,0.05858987090367445,0.5650446871896724,0.09323623524219371,0.5588657177535034,0.13384089153701878,0.5500386185589761,0.1873551804038399,0.5392254220456801,0.2509102946044356,0.5268674831733422,0.3232925079995586,0.5153922542204569,0.40450182058920886,0.5047997351870241,0.48571113317885883,0.49497958733311265,0.5669204457685095,0.4861524881385854,0.6454816285998017,0.4786494538232373,0.71962926183383,0.47335319430652106,0.7871565706719632,0.46805693478980476,0.8401191658391263,0.4627606752730884,0.8891095663687519,0.4570230607966458,0.9261833829857664,0.44996138144102393,0.9602780536246277,0.4419066534260178,0.9814630916914929,0.4295487145536797,1.0,0.41652874324175215,1.0,0.39887454485269774,0.9990069513406156,0.3809996689837802,0.9831181727904668,0.3598146309169149,0.9672293942403177,0.3386295928500497,0.9389826768178308,0.3139137151053735,0.9107359593953438,0.2891978373606974,0.8742138364779876,0.2644819596160213,0.8371400198609733,0.23976608187134513,0.79388723380779,0.2165949464857112,0.7497517378351543,0.19364448857994054,0.7084850491007391,0.1721284342932802,0.6678803928059138,0.15094339622641495,0.631247931148626,0.1324064879179079,0.5959395343705172,0.11475228952885343,0.5654860421493985,0.09831181727904657,0.5372393247269115,0.08242303872889768,0.5111993821030564,0.06984442237669643,0.4864835043583803,0.0592519033432638,0.46573982125124136,0.049652432969215454,0.4480856228621869,0.04082533377468826,0.43307955423149075,0.03288094449961382,0.4207216153591527,0.025819265143992066,0.4099084188458569,0.019529956967891414,0.40108131965132954,0.014233697451175099,0.392916252896392,0.009599470374048343,0.38585457354077013,0.006068630696237414,0.37934458788480635,0.0030894847180845037,0.37404832836809,0.0013240648791790657,0.3691934238111001,0.0,0.3656625841332892,0.0,0.3624627606752731,0.0,0.36069734083636773,0.0,0.35893192099746224,0.0,0.35716650115855675,0.0,0.35540108131965137,0.0,0.353635661480746,0.0,0.3518702416418405,0.0
Triangle,0.3634391103878492,0.03132628152969894,0.3634391103878492,0.03132628152969894,0.3634391103878492,0.03132628152969894,0.3634391103878492,0.03132628152969894,0.3634391103878492,0.03132628152969894,0.3640719645601664,0.03132628152969894,0.3677786818551668,0.03132628152969894,0.3714853991501674,0.03132628152969894,0.37238947653919174,0.03132628152969894,0.37238947653919174,0.03132628152969894,0.3730223307115089,0.03132628152969894,0.37487568935900906,0.03132628152969894,0.37672904800650936,0.03132628152969894,0.37686465961486304,0.03132628152969894,0.37686465961486304,0.03132628152969894,0.37686465961486304,0.03132628152969894,0.37686465961486304,0.03132628152969894,0.37686465961486304,0.03132628152969894,0.37686465961486304,0.03132628152969894,0.37686465961486304,0.03132628152969894,0.37686465961486304,0.03132628152969894,0.37686465961486304,0.03132628152969894,0.37636741705089954,0.033812494349516324,0.3745140584033993,0.04307928758701746,0.3726606997558991,0.0523460808245186,0.3534038513696772,0.07743422836994844,0.33116354759967437,0.10523460808245191,0.30241388662869545,0.14035801464605374,0.2653467136786909,0.18483862218605904,0.2281891329897839,0.22950004520386946,0.18741524274477905,0.2813940873338758,0.14664135249977395,0.33328812946388225,0.11264804267245278,0.3817918813850466,0.08299430431244921,0.4281258475725521,0.0551487207304945,0.47192839707078926,0.034761775607992075,0.5052888527257933,0.01437483048548952,0.5386493083807974,0.005560075942500709,0.5633306211011662,0.0,0.5855709248711688,0.0012205044751831104,0.6023867643070246,0.014194015007684743,0.6098001988970256,0.027167525540186248,0.6172136334870264,0.06658529970165457,0.6140493626254406,0.10735918994665967,0.6103426453304402,0.1620558719826416,0.6016635023958051,0.22877678329264997,0.5886899918633035,0.29617575264442664,0.5754904619835457,0.36845673989693495,0.5606635928035439,0.44073772714944404,0.5458367236235422,0.5143296266160385,0.5336316788717113,0.5884639725160471,0.5225115269867101,0.6598860862489829,0.5124762679685382,0.724753638911491,0.5050628333785372,0.7896211915739983,0.4976493987885363,0.8365880119338216,0.49186330349877944,0.881068619473827,0.48630322755627875,0.9195371123768192,0.47902540457463155,0.9510442093843231,0.4697586113371304,0.9814664135249977,0.4601301871440195,0.990733206762499,0.4434499593165174,1.0,0.4267697314890155,0.9963384865744508,0.4065636018443177,0.9852183346894494,0.384323298074315,0.9700298345538378,0.3612693246541905,0.9403760961938341,0.3353223035891872,0.9107223578338305,0.30937528252418395,0.8736099810143748,0.28193653376729044,0.8346894494168701,0.25413615405478707,0.7964921797305847,0.22705903625350327,0.7594250067805804,0.2011120151885001,0.722357833830576,0.17516499412349698,0.6925232799927673,0.1528342826145917,0.6628695416327636,0.13059397884458898,0.637374559262273,0.11043305306934281,0.6151342554922702,0.09189946659434048,0.5937076213723894,0.0741795497694602,0.5770273935448875,0.0612060392369587,0.5603471657173854,0.048232528704457135,0.5463791700569569,0.037971250339028956,0.5334056595244553,0.02870445710152788,0.5216074495976855,0.02061296446975856,0.5123406563601843,0.015052888527257915,0.5030738631226833,0.00949281258475727,0.4954796130548774,0.0056052798119518715,0.4880661784648766,0.0018985625169514412,0.48246089865292474,0.0,0.4787541813579241,0.0,0.47504746406292375,0.0,0.47134074676792337,0.0,0.46763402947292293,0.0,0.4651478166531056,0.0,0.4632944580056052,0.0,0.4618931380526173,0.0,0.4618931380526173,0.0,0.4618931380526173,0.0,0.4618931380526173,0.0,0.4618931380526173,0.0,0.4618931380526173,0.0,0.4618931380526173,0.0,0.4618931380526173,0.0
Triangle,0.4621686746987952,0.004337349397590362,0.4621686746987952,0.0024096385542168746,0.4621686746987952,0.00048192771084338724,0.4621686746987952,0.0,0.4621686746987952,0.0,0.4621686746987952,0.0,0.4621686746987952,0.0,0.4621686746987952,0.0,0.4621686746987952,0.0,0.4621686746987952,0.0,0.4621686746987952,0.0,0.4621686746987952,0.0,0.4621686746987952,0.0,0.4621686746987952,0.0,0.4621686746987952,0.0,0.4621686746987952,0.0,0.4621686746987952,0.0,0.4621686746987952,0.0,0.4621686746987952,0.0,0.4621686746987952,0.0,0.4621686746987952,0.0,0.4621686746987952,0.0,0.4621686746987952,0.0,0.45927710843373487,0.0028915662650602,0.4534939759036145,0.008674698795180723,0.44337349397590375,0.01831325301204816,0.42024096385542176,0.039518072289156644,0.3971084337349398,0.060722891566265064,0.34313253012048217,0.11084337349397573,0.28915662650602425,0.16096385542168665,0.23662650602409652,0.21108433734939744,0.1845783132530122,0.26120481927710837,0.14024096385542179,0.3036144578313253,0.10361445783132535,0.33831325301204823,0.06939759036144585,0.3706024096385543,0.0424096385542169,0.3956626506024097,0.01542168674698796,0.4207228915662651,0.00771084337349401,0.43036144578313257,0.0,0.44000000000000006,0.0053012048192770745,0.4395180722891567,0.014939759036144572,0.4356626506024096,0.03325301204819273,0.43180722891566264,0.06024096385542162,0.4279518072289158,0.09204819277108431,0.42409638554216866,0.138313253012048,0.4202409638554218,0.18457831325301208,0.41638554216867474,0.2481927710843372,0.4144578313253012,0.3118072289156627,0.4125301204819277,0.3797590361445781,0.4134939759036144,0.4491566265060236,0.41542168674698793,0.5185542168674698,0.41638554216867474,0.5879518072289154,0.41638554216867474,0.6578313253012047,0.41638554216867474,0.7291566265060238,0.41638554216867474,0.8004819277108434,0.41638554216867474,0.8506024096385542,0.4106024096385543,0.9007228915662647,0.4048192771084338,0.9392771084337349,0.3918072289156627,0.9739759036144578,0.3763855421686748,0.9942168674698796,0.35710843373493995,1.0,0.33397590361445795,0.9980722891566265,0.3093975903614458,0.9730120481927713,0.28048192771084346,0.9479518072289157,0.251566265060241,0.905542168674699,0.22265060240963874,0.8631325301204822,0.19373493975903636,0.8207228915662651,0.16915662650602412,0.7783132530120486,0.14602409638554226,0.737831325301205,0.1257831325301205,0.699277108433735,0.10843373493975916,0.6626506024096386,0.09253012048192776,0.6318072289156628,0.08096385542168684,0.6009638554216867,0.06939759036144579,0.5797590361445785,0.06168674698795184,0.5585542168674701,0.053975903614457886,0.5402409638554219,0.04771084337349404,0.5228915662650603,0.041927710843373454,0.5084337349397592,0.037108433734939765,0.49686746987951813,0.033253012048192795,0.48626506024096394,0.030361445783132532,0.4785542168674699,0.030361445783132532,0.4708433734939759,0.030361445783132532,0.46698795180722896,0.030361445783132532,0.463132530120482,0.030361445783132532,0.45927710843373504,0.030361445783132532,0.455421686746988,0.030361445783132532,0.4525301204819277,0.03132530120481931,0.4506024096385543,0.03325301204819273,0.44867469879518085,0.03518072289156622,0.44674698795180734,0.03710843373493971,0.4448192771084338,0.03903614457831325,0.4428915662650602,0.04096385542168674,0.4409638554216868,0.04289156626506023,0.4404819277108434,0.04481927710843372,0.4404819277108434,0.046746987951807206,0.4404819277108434,0.04771084337349398,0.4404819277108434,0.04771084337349398,0.4404819277108434,0.04771084337349398,0.4404819277108434,0.04771084337349398,0.4404819277108434,0.04771084337349398
Triangle,0.6482602118003026,0.0,0.6482602118003026,0.0,0.6482602118003026,0.0,0.6482602118003026,0.0,0.6482602118003026,0.0,0.6479072112960161,0.0,0.645839636913767,0.0,0.643772062531518,0.0,0.6417044881492688,0.0,0.6396369137670196,0.0,0.6382753403933434,0.0,0.6382753403933434,0.0,0.6382753403933434,0.0,0.6382753403933434,0.0,0.6382753403933434,0.0,0.6382753403933434,0.0,0.6382753403933434,0.0,0.6382753403933434,0.0,0.6382753403933434,0.0,0.6382753403933434,0.0,0.6382753403933434,0.0,0.6382753403933434,0.0,0.6349470499243571,0.0022188603126575817,0.6225416036308623,0.010489157841654075,0.6101361573373676,0.018759455370650498,0.5677256681795261,0.051739788199697344,0.5201714573877962,0.08895612708018152,0.45900151285930413,0.14614220877458386,0.38043368633383784,0.2288451840645485,0.3024205748865355,0.31104387291981855,0.24659606656580946,0.37307110438729196,0.19077155824508313,0.4350983358547656,0.1450327786182552,0.4857791225416037,0.10574886535552197,0.5291981845688352,0.06969238527483611,0.5701966717095311,0.04694906707009581,0.6012102874432679,0.024205748865355432,0.6322239031770047,0.012758446797781148,0.6503277861825518,0.004488149268784655,0.6648008068582956,0.0,0.6762481089258698,0.0020675743822491056,0.6824508320726173,0.004135148764498211,0.6886535552193647,0.016036308623298065,0.6928895612708017,0.02844175491679277,0.6970247100353001,0.05083207261724648,0.6956127080181543,0.08184568835098335,0.6894099848714071,0.11588502269288975,0.6824508320726173,0.1717095310136156,0.6700453857791225,0.22753403933434202,0.6576399394856278,0.30090771558245105,0.6408472012102876,0.3815431164901661,0.6222390317700456,0.4621785173978821,0.6042360060514372,0.5428139183055979,0.5876954109934442,0.6234493192133129,0.5711548159354515,0.6913767019667171,0.5582450832072617,0.757539082198689,0.545839636913767,0.8141200201714572,0.5353504790721131,0.8596066565809379,0.5270801815431166,0.9044881492687847,0.5184064548663642,0.9375693393847707,0.5018658598083713,0.9706505295007565,0.48532526475037846,0.9879979828542612,0.46485123550176505,0.9962682803832575,0.4421079172970247,1.0,0.41664145234493205,0.9875945537065055,0.3814926878466969,0.9751891074130107,0.34634392334846187,0.9544629349470501,0.30953101361573393,0.9317196167423096,0.27231467473524973,0.9089762985375694,0.23993948562783665,0.8862329803328292,0.2151285930408474,0.8634896621280886,0.19031770045385782,0.8427634896621281,0.17155824508320733,0.822087745839637,0.15295007564296517,0.8025718608169441,0.13782148260211796,0.7839636913767021,0.12541603630862333,0.7656580937972768,0.11361573373676245,0.749117498739284,0.10534543620776604,0.732576903681291,0.09707513867876962,0.7175491679273828,0.09183055975794258,0.703076147251639,0.08769541099344422,0.6892586989409984,0.08421583459404941,0.6768532526475037,0.08214826021180023,0.6644478063540091,0.0800806858295512,0.6557740796772565,0.07801311144730202,0.6475037821482603,0.07594553706505298,0.639233484619264,0.07488653555219366,0.6309631870902672,0.07488653555219366,0.6229954614220877,0.07488653555219366,0.6188603126575896,0.07488653555219366,0.6147251638930914,0.07488653555219366,0.610590015128593,0.07488653555219366,0.606454866364095,0.07488653555219366,0.6028240040342915,0.07488653555219366,0.6007564296520425,0.07488653555219366,0.5986888552697933,0.07488653555219366,0.5983358547655069,0.07488653555219366,0.5983358547655069,0.07488653555219366,0.5983358547655069,0.07488653555219366,0.5983358547655069,0.07488653555219366,0.5983358547655069,0.07488653555219366
Triangle,0.6910814814814815,0.0,0.6910814814814815,0.0,0.6910814814814815,0.0,0.6910814814814815,0.0,0.6910814814814815,0.0,0.6910814814814815,0.0,0.6910814814814815,0.0,0.6910814814814815,0.0,0.6910814814814815,0.0,0.6910814814814815,0.0,0.6910814814814815,0.0,0.6910814814814815,0.0,0.6910814814814815,0.0,0.6910814814814815,0.0,0.6910814814814815,0.0,0.6910814814814815,0.0,0.6910814814814815,0.0,0.6910814814814815,0.0,0.6910814814814815,0.0,0.6910814814814815,0.0,0.6893629629629631,0.0,0.6866370370370372,0.0,0.68,0.002607407407407315,0.6690962962962962,0.008059259259259155,0.6484148148148148,0.021511111111111224,0.6075259259259259,0.05149629629629626,0.5614222222222223,0.08669629629629644,0.4905481481481481,0.14666666666666667,0.4197333333333333,0.2067555555555556,0.3515851851851854,0.2721777777777777,0.28343703703703693,0.33759999999999996,0.23188148148148158,0.38642962962962946,0.18281481481481476,0.43277037037037036,0.14548148148148146,0.4693333333333334,0.11277037037037034,0.5020444444444444,0.0846814814814814,0.5285925925925926,0.060148148148148194,0.5504,0.03899259259259262,0.5688296296296297,0.022637037037037015,0.5824592592592593,0.009125925925925853,0.5953777777777778,0.003674074074074012,0.6062814814814814,0.0,0.6162962962962963,0.010903703703703681,0.6190222222222223,0.021807407407407362,0.6217481481481482,0.053570370370370234,0.6192592592592594,0.08628148148148153,0.6165333333333334,0.14530370370370368,0.6160000000000001,0.21072592592592576,0.6160000000000001,0.29037037037037067,0.6160000000000001,0.3776000000000001,0.6160000000000001,0.46619259259259255,0.621451851851852,0.5561481481481478,0.6323555555555554,0.6404148148148149,0.6423111111111113,0.714014814814815,0.6504888888888889,0.783348148148148,0.6581333333333335,0.8351407407407407,0.6635851851851853,0.8863407407407409,0.6684444444444445,0.9245037037037037,0.6602666666666668,0.9626666666666666,0.6520888888888889,0.9813925925925927,0.6317629629629627,0.997748148148148,0.6099555555555555,1.0,0.5760592592592595,0.997274074074074,0.5378962962962964,0.9833481481481482,0.4965333333333333,0.9615407407407408,0.4529185185185186,0.9349925925925926,0.4093037037037039,0.9022814814814814,0.3656888888888888,0.8726518518518519,0.3228444444444445,0.8508444444444445,0.28195555555555557,0.8297481481481481,0.24213333333333323,0.8133925925925926,0.2094222222222222,0.7970370370370371,0.17671111111111115,0.7860148148148148,0.15466666666666673,0.7751111111111112,0.13285925925925937,0.7664592592592594,0.11555555555555569,0.7582814814814814,0.09919999999999983,0.7519407407407407,0.08651851851851848,0.746488888888889,0.0756148148148148,0.7410370370370372,0.06613333333333322,0.7355851851851851,0.05795555555555554,0.7301333333333333,0.05179259259259257,0.7246814814814816,0.04906666666666673,0.7198222222222223,0.04634074074074073,0.7170962962962962,0.043614814814814724,0.7143703703703704,0.040888888888888884,0.7116444444444445,0.03816296296296305,0.7089185185185185,0.035437037037037045,0.7061925925925926,0.0352,0.7034666666666667,0.0352,0.7028148148148149,0.0352,0.7028148148148149,0.0352,0.7028148148148149,0.0352,0.7028148148148149,0.0352,0.7015703703703704,0.0352,0.6988444444444445,0.0352,0.6969481481481482,0.0352,0.6969481481481482,0.0352,0.6969481481481482,0.0352,0.6969481481481482,0.0352,0.6969481481481482,0.0352
Triangle,0.7024490041518745,0.05957037126180879,0.7024490041518745,0.05957037126180879,0.7024490041518745,0.05957037126180879,0.7024490041518745,0.05957037126180879,0.7024490041518745,0.05957037126180879,0.7024490041518745,0.05957037126180879,0.7024490041518745,0.05957037126180879,0.7024490041518745,0.05957037126180879,0.7024490041518745,0.05957037126180879,0.7024490041518745,0.05957037126180879,0.7024490041518745,0.05957037126180879,0.7024490041518745,0.05957037126180879,0.7024490041518745,0.05957037126180879,0.7024490041518745,0.05957037126180879,0.7024490041518745,0.05957037126180879,0.7024490041518745,0.05957037126180879,0.7024490041518745,0.05957037126180879,0.7024490041518745,0.05957037126180879,0.7024490041518745,0.05957037126180879,0.7024490041518745,0.05957037126180879,0.7024490041518745,0.05957037126180879,0.7024490041518745,0.05957037126180879,0.6945062879836335,0.06221794331788925,0.6860220229857393,0.06504603165052049,0.6611107768217103,0.084301101149287,0.632829893495397,0.10692580781033757,0.5779529454239123,0.1581924303508034,0.512906913773392,0.2204103736686925,0.4339009567362658,0.30356820506649007,0.34623021842469454,0.3997232083759555,0.27155665202479107,0.4814369095613455,0.20933870870690163,0.5493110295444974,0.15512365364943742,0.6080389915157353,0.1127023286599676,0.6532884048378361,0.0744930501233528,0.6934833624165114,0.046212166797039586,0.7217642457428246,0.021180576448643133,0.7473373849208738,0.009868223118117761,0.7614778265840306,0.0,0.7753775798784526,0.005656176665262643,0.7866899332089778,0.011312353330525287,0.7980022865395031,0.03911185991936933,0.8065467236295807,0.06739274324568272,0.8150309886274747,0.12527829592634956,0.8235152536253687,0.18749623924423864,0.8319995186232628,0.2778747217040736,0.8491485648956016,0.3768578133461698,0.8689451832240207,0.4814369095613458,0.8943378061255194,0.5889042662013363,0.9226186894518323,0.6775979300800291,0.9462061495878213,0.7511282267284434,0.9660027679162406,0.8145496118900054,0.9832721583729468,0.8654552018773697,0.9974126000361037,0.9115470244900417,1.0,0.9483121728142488,0.980203381671581,0.9791202840122754,0.9544497262169808,0.9904326373428006,0.9092003128948797,0.9992177628016128,0.8610626391479631,0.9907334978037187,0.7931885191648114,0.9820085444370904,0.7251940549972921,0.9622119261086711,0.6516637583488778,0.9424153077802517,0.5781334617004636,0.9226186894518323,0.5097779649798422,0.9028220711234131,0.4419038449966905,0.8875985318009509,0.3854624225284313,0.8734580901377944,0.3317287442084363,0.8632890065587582,0.2859377820566822,0.8548047415608642,0.2435164570672121,0.8463204765629703,0.20783440640231046,0.8378362115650763,0.176725434743366,0.83211986280763,0.1511522955653169,0.8292917744749987,0.13135567723689773,0.8264636861423673,0.11264215656778404,0.823635597809736,0.09567362657199593,0.821589746675492,0.08026957097298265,0.821589746675492,0.06895721764245737,0.8220711234129612,0.058126241049401256,0.8248992117455924,0.049641976051507206,0.8279078163547748,0.04115771105361333,0.8335639930200375,0.032673446055719445,0.8392201696853001,0.024189181057825394,0.8421686022022986,0.018412660208195458,0.84499669053493,0.012756483542932814,0.8478247788675615,0.009507190565015878,0.8506528672001927,0.006679102232384642,0.8534809555328241,0.0038510138997532354,0.8563090438654554,0.001022925567121998,0.8573319694325773,0.0,0.8573319694325773,0.0,0.8573319694325773,0.0,0.8573319694325773,0.0,0.8561285275889043,0.0,0.8533004392562732,0.0,0.8513749323063965,0.0,0.8513749323063965,0.0,0.8513749323063965,0.0,0.8513749323063965,0.0,0.8510740718454782,0.0,0.8482459835128467,0.0,0.8454178951802156,0.0
Triangle,0.5534863366721774,0.04813770300495964,0.5534863366721774,0.04585237771078486,0.5534863366721774,0.04356705241660995,0.5534863366721774,0.04332393270446368,0.5534863366721774,0.04332393270446368,0.5534863366721774,0.04332393270446368,0.5534863366721774,0.04332393270446368,0.5534863366721774,0.04332393270446368,0.5534863366721774,0.04332393270446368,0.5534863366721774,0.04332393270446368,0.5534863366721774,0.04332393270446368,0.5534863366721774,0.04332393270446368,0.5534863366721774,0.04332393270446368,0.5534863366721774,0.04332393270446368,0.5534863366721774,0.04332393270446368,0.5529028493630264,0.04332393270446368,0.5506175240688516,0.04332393270446368,0.5483321987746766,0.04332393270446368,0.5460468734805017,0.04332393270446368,0.5437615481863269,0.043421180589322185,0.5414762228921521,0.045706505883496965,0.5391908975979772,0.04799183117767188,0.5219293980355928,0.05883497033939515,0.5036467956821941,0.07026159681026932,0.46829718953612753,0.09685889331907033,0.42944665953515515,0.1265681221433433,0.38233005932120956,0.1678498492657786,0.33205290284936306,0.21355635514927557,0.2831858407079647,0.2592628610327725,0.2351940095302927,0.30496936691626964,0.1930370514441311,0.3436740250899542,0.15647184673733341,0.37566857920840224,0.12360206165515895,0.40489156860838266,0.09617815812506078,0.4300301468443062,0.07147719537100067,0.4524457843041914,0.05319459301760188,0.4684430613634153,0.035787221627929584,0.48356510745891274,0.022075269862880425,0.4949917339297872,0.009141301176699394,0.5062238646309443,0.004570650588349697,0.5153651658076437,0.0,0.5245064669843431,0.006612856170378277,0.5269376641058058,0.01346883205290289,0.5292229893999806,0.034279879412622796,0.5295147330545561,0.05713313235437135,0.5295147330545561,0.09924146649810361,0.527764271127103,0.1472332976757755,0.5254789458329282,0.20879120879120913,0.5231936205387533,0.27735096761645445,0.5209082952445784,0.3522318389575027,0.5186229699504036,0.4322182242536225,0.5163376446562288,0.5122046095497421,0.5150734221530682,0.5921909948458624,0.5150734221530682,0.6690654478265099,0.5150734221530682,0.7399105319459303,0.5150734221530682,0.8059418457648547,0.5150734221530682,0.8562190022367012,0.5150734221530682,0.9044539531265197,0.5147816784984927,0.9387338325391424,0.5124963532043179,0.9725760964699021,0.5101137800252845,0.9862880482349511,0.50325780414276,1.0,0.4964018282602354,0.9969853155693863,0.48327336380433716,0.9924146649810365,0.46956141203928825,0.9823008849557523,0.4521540406496159,0.9708742584848781,0.4338714382962171,0.9530292716133424,0.40917047554215696,0.9324613439657686,0.3817465720120585,0.907809005154138,0.3529611980939414,0.8803851016240396,0.32325196926966826,0.849606146066323,0.29466109112126815,0.8153262666537004,0.26723718759117,0.7827968491685309,0.2406885150247982,0.7530876203442576,0.21554993678887496,0.7252747252747251,0.19104346980453157,0.7024214723329765,0.1681902168627831,0.6807351940095302,0.14572595546046865,0.6647379169503063,0.12515802781289506,0.6488865117183701,0.10502771564718465,0.6351745599533211,0.09131576388213557,0.6214626081882719,0.07760381211708647,0.6099387338325393,0.06607993776135379,0.5985121073616649,0.054653311290479484,0.5890304385879608,0.04711660021394545,0.5798891374112612,0.040260624331420705,0.5724496742195857,0.03340464844889623,0.5655936983370613,0.026548672566371615,0.5601964407274143,0.02115141495672461,0.5556257901390645,0.01658076436837505,0.5522707381114461,0.013225712340756554,0.5499854128172713,0.010940387046581774,0.5477000875230964,0.008655061752406858,0.5454147622289215,0.006369736458232078,0.5431294369347467,0.0040844111640571616,0.5408441116405719,0.0017990858698822445,0.538558786346397,0.0,0.5362734610522222,0.0,0.5339881357580473,0.0,0.5317028104638724,0.0,0.5294174851696976,0.0
Triangle,0.4120637072178922,0.09691629955947136,0.4120637072178922,0.09691629955947136,0.4120637072178922,0.09691629955947136,0.4120637072178922,0.09691629955947136,0.4120637072178922,0.09691629955947136,0.4120637072178922,0.09691629955947136,0.4120637072178922,0.09691629955947136,0.4120637072178922,0.09691629955947136,0.4120637072178922,0.09691629955947136,0.4120637072178922,0.09691629955947136,0.4120637072178922,0.09691629955947136,0.4120637072178922,0.09691629955947136,0.4120637072178922,0.09691629955947136,0.4120637072178922,0.09691629955947136,0.4120637072178922,0.09691629955947136,0.4107082344967807,0.09691629955947136,0.409126849655484,0.09691629955947136,0.4059640799728905,0.09770699198011974,0.4012199254490003,0.09928837682141642,0.3957980345645544,0.10199932226363947,0.38630972551677395,0.11148763131141984,0.3768214164689936,0.1209759403592003,0.34621032418389236,0.14661696600022592,0.30983847283406757,0.1766632779848639,0.2694002033209082,0.21280921721450355,0.22354004292330285,0.257087992770812,0.1785835310064384,0.3009149440867503,0.14537444933920698,0.33886818027787186,0.11216536767197555,0.3768214164689934,0.08573364961030164,0.4057381678527052,0.06201287699085046,0.4310403253134531,0.04111600587371507,0.4540833615723483,0.025302157460747796,0.47305997966790914,0.009488309047780417,0.4920365977634699,0.004744154523890235,0.5015249068112504,0.0,0.5110132158590308,0.0023720772619451173,0.5174517112843104,0.008697616627132027,0.5221958658082005,0.019541398396023917,0.5255845476109793,0.04168078617417831,0.5255845476109793,0.0638201739523325,0.5255845476109793,0.10358070710493619,0.5255845476109793,0.14469671297865142,0.5255845476109793,0.19756014910199923,0.5255845476109793,0.2592341579125722,0.5255845476109793,0.32497458488647885,0.5255845476109793,0.40562521179261274,0.5255845476109793,0.48627583869874647,0.5255845476109793,0.5669264656048796,0.5255845476109793,0.6475770925110134,0.5255845476109793,0.7163673331074212,0.5255845476109793,0.7732971873941037,0.5255845476109793,0.8279679204789339,0.525358635490794,0.8690839263526486,0.5237772506494972,0.9101999322263641,0.5221958658082005,0.9413758048119283,0.5168869309838472,0.9698407319552693,0.5105613916186603,0.9888173500508303,0.502202643171806,0.9951428894160171,0.49113294928272894,1.0,0.4797243872133739,0.9857675364283291,0.4639105388004065,0.9715350728566586,0.44809669038743916,0.9482661244775779,0.4300237207726193,0.9213825821755336,0.4110471026770586,0.8922399186716367,0.39150570428103465,0.8590308370044051,0.37094770134417704,0.8258217553371738,0.3503896984073195,0.7878685191460519,0.3282503106291652,0.7499152829549305,0.30611092285101105,0.7119620467638088,0.28397153507285666,0.6740088105726871,0.26183214729470217,0.6369592228623067,0.23924093527617754,0.6021687563537783,0.2155201626567265,0.5673782898452503,0.19179939003727553,0.5369931096803343,0.17101547498023265,0.5069467976956961,0.15045747204337503,0.4787077826725404,0.13170676606799955,0.451824240370496,0.11431153281373552,0.4259573026092848,0.09793290410030489,0.4038179148311306,0.08528182536993108,0.38167852705297645,0.07263074663955725,0.36496103015926795,0.06269061335140627,0.34914718174630066,0.053202304303625804,0.3349147181746301,0.044504687676493834,0.322263639444256,0.03659776347001009,0.31029029707443795,0.02914266350389696,0.3023833728679543,0.02439850898000678,0.2944764486614706,0.01965435445611649,0.2878120411160058,0.016152716593245155,0.2814865017508189,0.012989946910651806,0.27583869874618777,0.009827177228058351,0.2710945442222975,0.006664407545464791,0.26657630181859254,0.003614593922963963,0.2649949169772959,0.002033209081667236,0.26341353213599905,0.0004518242403705087,0.2618321472947023,0.0,0.2602507624534056,0.0,0.259234157912572,0.0,0.259234157912572,0.0,0.259234157912572,0.0
Triangle,0.3858214042263122,0.0,0.3858214042263122,0.0,0.3858214042263122,0.0,0.3858214042263122,0.0,0.3858214042263122,0.0,0.3858214042263122,0.0,0.3858214042263122,0.0,0.3858214042263122,0.0,0.38686662122244947,0.0,0.3886843899113837,0.0,0.3905021586003181,0.0,0.3923199272892525,0.0,0.39413769597818676,0.0,0.395955464667121,0.0,0.3977732333560554,0.0,0.3993183367416496,0.0,0.3993183367416496,0.0,0.3993183367416496,0.0,0.3993183367416496,0.0,0.3993183367416496,0.0,0.3989547830038628,0.0007271074755737539,0.39713701431492837,0.004362644853442396,0.39531924562599413,0.007998182231311102,0.3869120654396728,0.019541013406044062,0.3760054533060668,0.034083162917518756,0.360554419450125,0.05453306066802995,0.3314701204271756,0.09270620313565107,0.3023858214042264,0.13087934560327188,0.2620313565098842,0.18736650761190649,0.21840490797546022,0.24917064303567352,0.17750511247443757,0.3104294478527608,0.14296750738468528,0.37041581458759365,0.10842990229493299,0.4304021813224267,0.08289025221540552,0.4753919563735516,0.05925925925925929,0.5172006362190412,0.038173142467620935,0.5545557827766417,0.02181322426721198,0.583640081799591,0.005453306066802899,0.6127243808225404,0.001817768688934257,0.630674846625767,0.0,0.6470347648261761,0.005453306066802963,0.6583049306975688,0.021813224267211852,0.6619404680754375,0.038173142467620935,0.6655760054533061,0.07975460122699383,0.6608043626448535,0.12338104976141792,0.6553510565780505,0.17600545330606657,0.6482617586912066,0.23962735741876826,0.639172915246535,0.3032492615314701,0.6300840718018633,0.3845944103612816,0.6209952283571916,0.4663940013633269,0.6119063849125199,0.5454669393319699,0.6046353101567826,0.621813224267212,0.5991820040899797,0.697659622812997,0.5937286980231766,0.7540104521699617,0.5882753919563736,0.8103612815269255,0.5828220858895706,0.857714155873665,0.5733696887071121,0.8977050670302205,0.5606453078845717,0.9367416496250854,0.547375596455351,0.9640081799591002,0.5273801408770735,0.9912747102931152,0.5073846852987958,1.0,0.4830265848670758,0.9963644626221315,0.4557600545330606,0.9895478300386278,0.42826630311292907,0.9604635310156784,0.39918200408997967,0.9313792319927288,0.37009770506703027,0.8904794364917066,0.33983185639627356,0.8432174505794137,0.30892978868438975,0.7962735741876849,0.27866394001363326,0.7508293569643265,0.25139740967961827,0.7053851397409678,0.22413087934560338,0.6599409225176095,0.2019541013406044,0.6144967052942516,0.18195864576232681,0.5715064758009544,0.16359918200409004,0.5369688707112019,0.1508748011815496,0.5024312656214497,0.1381504203590093,0.476073619631902,0.12678936605316976,0.45244262667575563,0.11588275391956372,0.43081117927743695,0.10547602817541475,0.414451261077028,0.09638718473074308,0.39809134287661907,0.0872983412860714,0.38463985457850475,0.07966371279254712,0.3719154737559647,0.07239263803680983,0.36155419222903895,0.06571233810497623,0.3561008861622358,0.060259032038173135,0.3506475800954329,0.05480572597137017,0.34673937741422395,0.050897523290161305,0.3431038400363554,0.047261985912292664,0.3401499659168372,0.043626448534424024,0.3383321972279028,0.03999091115655532,0.3365144285389684,0.036355373778686674,0.33469665985003405,0.03435582822085892,0.33287889116109975,0.032538059531924596,0.3318336741649625,0.030720290842990276,0.3318336741649625,0.02890252215405589,0.3318336741649625,0.02708475346512157,0.3318336741649625,0.025266984776187246,0.3318336741649625,0.023449216087252863,0.3318336741649625,0.021631447398318543,0.3318336741649625,0.01981367870938422,0.3318336741649625,0.0179959100204499
Triangle,0.6460584588131089,0.03507528786536758,0.6460584588131089,0.03507528786536758,0.6460584588131089,0.03507528786536758,0.6460584588131089,0.03507528786536758,0.6460584588131089,0.03507528786536758,0.6460584588131089,0.03507528786536758,0.6460584588131089,0.03507528786536758,0.6460584588131089,0.03507528786536758,0.6460584588131089,0.03507528786536758,0.6460584588131089,0.03507528786536758,0.6460584588131089,0.03507528786536758,0.6460584588131089,0.03507528786536758,0.6460584588131089,0.03507528786536758,0.6460584588131089,0.03507528786536758,0.6460584588131089,0.03507528786536758,0.6460584588131089,0.03294951284322403,0.6460584588131089,0.03046944198405672,0.6472984942426925,0.029229406554472984,0.6497785651018599,0.029229406554472984,0.6522586359610274,0.029229406554472984,0.6547387068201949,0.029229406554472984,0.6572187776793623,0.029229406554472984,0.6596988485385298,0.029229406554472984,0.6621789193976969,0.029229406554472984,0.6593445527015056,0.03241806908768814,0.6494242692648363,0.039858281665190405,0.6377325066430471,0.048361381753764435,0.6030115146147031,0.07068201948627105,0.5682905225863595,0.09300265721877767,0.5211691762621787,0.12772364924712132,0.46908768821966346,0.1674047829938001,0.4125775022143486,0.21062887511071746,0.3480956598759962,0.26023029229406547,0.28361381753764386,0.3098317094774136,0.2315323294951282,0.3519929140832594,0.1794508414526129,0.3941541186891055,0.13693534100974303,0.4299379982285209,0.0997342781222319,0.46217891939769706,0.06607617360496003,0.49158547387068185,0.04127546501328594,0.5139061116031888,0.016474756421612016,0.5362267493356953,0.007794508414526019,0.5516386182462356,0.000354295837023925,0.5665190434012402,0.0,0.5771479185119576,0.004960141718334618,0.5845881310894597,0.013640389725420615,0.5904340124003543,0.03596102745792723,0.5904340124003543,0.058281665190434005,0.5904340124003543,0.09760850310008852,0.5861824623560672,0.1397697077059346,0.5812223206377326,0.18937112488928246,0.5750221434898141,0.2464127546501327,0.5675819309123116,0.3045172719220551,0.5604960141718335,0.36899911426040743,0.5555358724534987,0.4334809565987598,0.5505757307351639,0.4999114260407443,0.5475642161204607,0.5668733392382641,0.5450841452612932,0.6317094774136407,0.5426040744021258,0.6937112488928253,0.5401240035429584,0.754472984942427,0.537643932683791,0.7991142604074405,0.5351638618246236,0.8437555358724537,0.5326837909654561,0.8795394154118689,0.5319751992914084,0.911780336581045,0.5319751992914084,0.9404782993799823,0.5302037201062889,0.9627989371124889,0.5252435783879539,0.9851195748449955,0.5202834366696192,0.9925597874224976,0.5103631532329496,1.0,0.5004428697962799,0.9978742249778565,0.48573959255978744,0.990434012400354,0.4683790965456156,0.9787422497785648,0.44960141718334806,0.9564216120460582,0.4272807794508413,0.9341009743135517,0.40496014171833483,0.9071744906997343,0.3757307351638617,0.8798937112488927,0.34596988485385266,0.8511957484499558,0.31620903454384397,0.8214348981399467,0.2864481842338354,0.7922054915854738,0.2572187776793621,0.7649247121346322,0.2299379982285207,0.737643932683791,0.20265721877767948,0.7146147032772362,0.17962798937112467,0.6922940655447299,0.15730735163861806,0.6724534986713908,0.13622674933569534,0.6550930026572185,0.11638618246235588,0.6380868024800707,0.0972542072630646,0.6232063773250662,0.08237378210806025,0.6083259521700617,0.06749335695305556,0.5973427812223203,0.056510186005314385,0.5874224977856511,0.046589902568644814,0.5785651018600529,0.03773250664304702,0.5711248892825509,0.03029229406554476,0.5638618246235606,0.023029229406554462,0.5589016829052259,0.018069087688219677,0.553941541186891,0.013108945969884893,0.5507528786536761,0.009920283436669569,0.5482728077945082,0.007440212577502259,0.545792736935341,0.004960141718334784,0.5433126660761736,0.002480070859167475,0.5408325952170061,0.0
Triangle,0.5380952380952381,0.0,0.5380952380952381,0.0,0.5380952380952381,0.0,0.5380952380952381,0.0,0.5380952380952381,0.0,0.5380952380952381,0.0,0.5380952380952381,0.0,0.5380952380952381,0.0,0.5380952380952381,0.0,0.5380952380952381,0.0,0.5380952380952381,0.0,0.5380952380952381,0.0,0.5380952380952381,0.0,0.5389129389129388,0.0,0.5411736411736413,0.0,0.5428571428571428,0.0,0.5428571428571428,0.0,0.5428571428571428,0.00033670033670034626,0.5428571428571428,0.002597402597402671,0.5424723424723424,0.005146705146705157,0.5334295334295335,0.014189514189514188,0.5243867243867242,0.02323232323232335,0.5026455026455026,0.044973544973545033,0.48003848003848015,0.06758056758056748,0.4255411255411256,0.11457431457431458,0.36450216450216455,0.16657046657046656,0.3001924001924002,0.22510822510822528,0.23463203463203453,0.28614718614718615,0.18162578162578163,0.34021164021164013,0.13641173641173637,0.38994708994709004,0.09812409812409807,0.4327561327561327,0.06647426647426634,0.46892736892736897,0.03848003848003849,0.5005291005291005,0.015873015873015782,0.5253968253968253,0.0,0.5462241462241463,0.0,0.5575276575276575,0.005194805194805072,0.5666666666666667,0.03232323232323243,0.5666666666666667,0.0607984607984609,0.5662818662818663,0.10375180375180386,0.5617604617604619,0.14670514670514667,0.5572390572390572,0.20293410293410288,0.5549302549302548,0.25945165945165954,0.5526695526695526,0.32780182780182776,0.5504088504088502,0.39788359788359784,0.548148148148148,0.46969696969696967,0.5476190476190477,0.5420394420394419,0.5476190476190477,0.6128908128908133,0.5520923520923521,0.682972582972583,0.558874458874459,0.7455507455507456,0.5644059644059645,0.802068302068302,0.5689273689273688,0.8505050505050505,0.5724386724386723,0.8889369889369891,0.5746993746993748,0.9235209235209235,0.5761904761904761,0.9506493506493506,0.5761904761904761,0.9746031746031745,0.5746031746031747,0.9881673881673881,0.5678210678210679,1.0,0.5598845598845599,1.0,0.5440596440596439,0.9996632996632998,0.528090428090428,0.983838383838384,0.5054834054834055,0.9680134680134681,0.4828763828763829,0.9480519480519479,0.454064454064454,0.9277056277056277,0.4246753246753247,0.9018759018759018,0.39163059163059166,0.8747474747474747,0.3577200577200577,0.8476190476190476,0.3238095238095238,0.8204906204906203,0.2898989898989899,0.7906685906685906,0.25733525733525736,0.7590187590187589,0.2256854256854256,0.7284752284752285,0.19624819624819628,0.6990860990860992,0.1691197691197692,0.6722943722943723,0.14372294372294375,0.6496873496873499,0.12111592111592132,0.6283309283309282,0.09975949975949962,0.6102453102453101,0.08167388167388157,0.5929292929292929,0.0643578643578643,0.5793650793650792,0.05079365079365075,0.5659451659451661,0.0375180375180375,0.5546416546416546,0.028475228475228473,0.5433381433381433,0.019432419432419443,0.5363636363636363,0.014718614718614732,0.5295815295815297,0.010197210197210217,0.5227994227994229,0.007599807599807545,0.516017316017316,0.005339105339105355,0.5109187109187108,0.0030784030784030306,0.5063973063973064,0.0008177008177007056,0.5033189033189033,0.0,0.5010582010582009,0.0,0.49879749879749863,0.0,0.49653679653679644,0.0,0.49523809523809526,0.0,0.49523809523809526,0.0,0.49523809523809526,0.0,0.49523809523809526,0.0,0.49523809523809526,0.0,0.49523809523809526,0.0,0.49523809523809526,0.0,0.49523809523809526,0.0,0.49523809523809526,0.0
Triangle,0.6473635276929206,0.004383052198167087,0.6473635276929206,0.004383052198167087,0.6473635276929206,0.004383052198167087,0.6473635276929206,0.004383052198167087,0.6473635276929206,0.004383052198167087,0.6473635276929206,0.004383052198167087,0.6473635276929206,0.004383052198167087,0.648470359056094,0.0032762208349935485,0.6505069287643332,0.0012396511267543627,0.6517465798910876,0.0,0.6517465798910876,0.0,0.6517465798910876,0.0,0.6517465798910876,0.0,0.6517465798910876,0.0,0.6517465798910876,0.0,0.6517465798910876,0.0,0.6517465798910876,0.0,0.6517465798910876,0.0,0.6517465798910876,0.0,0.6517465798910876,0.0,0.6517465798910876,0.0,0.6517465798910876,0.0,0.650772568291495,0.0009740115995927136,0.6487359985832556,0.0030105813078320238,0.6407225395138796,0.009031743923495823,0.620356842431487,0.023287731881170497,0.5943241687696461,0.04179395227343168,0.5413733563554258,0.08048877672997745,0.48802408465046265,0.1195820604772657,0.4167441448620888,0.17660601230796463,0.3454642050737149,0.23362996413866383,0.2812679860096517,0.28534112542612994,0.2181343250542348,0.3362553681321113,0.16961083809270813,0.3754814716429804,0.12684287421968388,0.4101031566830478,0.09098153805286223,0.4389693186346128,0.06043299242927344,0.4634081551334839,0.034931597821755866,0.48532341612431906,0.01660247044760245,0.5036525434984723,0.0025235755080355426,0.5198565546553328,0.0004870057997962322,0.530039403196529,0.0,0.5393367866471865,0.012219418249435487,0.5413733563554255,0.024438836498870974,0.5434099260636649,0.06393057953690157,0.5415504493735334,0.10466197370168678,0.539513879665294,0.15522203037145252,0.5358391995395579,0.20817284278567297,0.5317660601230796,0.2704210386505512,0.527692920706601,0.33762783902244664,0.5236197812901227,0.4068712091025809,0.5205649267277638,0.4781511488909548,0.5185283570195245,0.5494310886793289,0.5179085314561472,0.6207110284677025,0.5199451011643866,0.6899986718023638,0.5215832115818833,0.7510957630495415,0.5215832115818833,0.8113959357152343,0.5215832115818833,0.8541638995882586,0.5215832115818833,0.8969318634612826,0.5215832115818833,0.92880860672068,0.5215832115818833,0.9593571523442687,0.5215832115818833,0.9793686633904455,0.5170673396201355,0.9956612210563597,0.5109576304954179,1.0,0.5012617877540178,0.9959268605835214,0.4890423695045824,0.9874263957143489,0.4732810908929917,0.9731704077566742,0.45291539381059887,0.9560366582547482,0.4308230398016558,0.9315978217558772,0.4043476335945456,0.9066277062026827,0.3773409483331118,0.8781157302873334,0.34679240270952316,0.8496037543719838,0.3162438570859344,0.8210917784566342,0.2837030150086333,0.7925798025412848,0.25111789967680537,0.765750210297959,0.22021516801700117,0.7392748040908484,0.1896666223934119,0.7141718687740735,0.1632354894408287,0.6897330322752022,0.1387966529419577,0.6684818701022711,0.11754549076902639,0.6501527427281177,0.09921636339487322,0.6340815513348386,0.08314517200159395,0.6218621330854031,0.07092575375215833,0.6105281799265062,0.05914906804799214,0.6023819010935493,0.04896621950679583,0.5943684420241729,0.039049010492761306,0.5882587328994553,0.0329393013680435,0.5821490237747375,0.026829592243325817,0.5778987913401514,0.022579359808739555,0.5738256519236731,0.01850622039226106,0.5713020764156372,0.01598264488422539,0.569265506707398,0.013946075175986207,0.568468588125913,0.01314915659450126,0.568468588125913,0.01314915659450126,0.568468588125913,0.01314915659450126,0.568468588125913,0.01314915659450126,0.568468588125913,0.01314915659450126,0.568468588125913,0.01314915659450126,0.568468588125913,0.01314915659450126,0.568468588125913,0.01314915659450126,0.568468588125913,0.01314915659450126
Triangle,0.5620336897161757,0.07234058918544727,0.5620336897161757,0.07234058918544727,0.5620336897161757,0.07234058918544727,0.5620336897161757,0.07234058918544727,0.5620336897161757,0.07234058918544727,0.5620336897161757,0.07234058918544727,0.5620336897161757,0.07234058918544727,0.5620336897161757,0.07234058918544727,0.5620336897161757,0.07234058918544727,0.5627259441581415,0.07164833474348124,0.564495038843166,0.06987924005845708,0.5658410891469887,0.06853318975463425,0.5658410891469887,0.06853318975463425,0.5659949234674256,0.06853318975463425,0.5677640181524497,0.06853318975463425,0.569533112837474,0.06853318975463425,0.5696484885778017,0.06853318975463425,0.5696484885778017,0.06853318975463425,0.5696484885778017,0.06853318975463425,0.5696484885778017,0.06853318975463425,0.5674178909314668,0.06964848857780173,0.5638797015614184,0.0714175832628259,0.5561110683793555,0.07741712175986466,0.5437274055841858,0.08803168987001,0.5226905622644411,0.10441504499653877,0.48377047919390825,0.13272055995692636,0.44115837243288974,0.16379509268517806,0.3810091531420662,0.20802245981078374,0.32082147527113297,0.2523652026767172,0.25890316129528507,0.3018998538573955,0.1969848473194369,0.351434505038074,0.1519883085916469,0.3871240673794323,0.10953003615106538,0.4207368663948927,0.07595569571571416,0.4480039996923314,0.0458810860703024,0.47277132528267046,0.02380586108760878,0.4925390354588109,0.007884008922390592,0.5084608876240287,0.0,0.5207291746788709,0.00353818937004845,0.5278055534189678,0.011229905391893034,0.533035920313822,0.030689946927159564,0.533035920313822,0.05207291746788726,0.533035920313822,0.08922390585339593,0.533035920313822,0.12637489423890472,0.533035920313822,0.17875548034766545,0.533035920313822,0.23182832089839261,0.533035920313822,0.2934389662333666,0.533035920313822,0.35712637489423876,0.533035920313822,0.4265825705714948,0.5353434351203754,0.49911545265748786,0.5388816244904238,0.5707637874009691,0.5450734558880086,0.6415275748019381,0.5539189293131298,0.7085993385124223,0.5627644027382509,0.7687485578032458,0.5716098761633721,0.8254365048842397,0.5801092223675102,0.8678947773248211,0.5871856011076069,0.9098146296438736,0.5941850626874855,0.9398892392892855,0.5994923467425581,0.9699638489346971,0.604799630797631,0.9858472425198062,0.6022229059303129,1.0,0.5986847165602646,0.9997692485193445,0.5886085685716482,0.9944619644642723,0.5762249057764788,0.9818860087685563,0.557610953003615,0.9641950619183141,0.5346127220983,0.943427428659334,0.5085378047842474,0.9186601030689946,0.4784631951388353,0.8928928543958157,0.4468887008691638,0.8645873394354281,0.4115068071686793,0.8362818244750403,0.3758941619875393,0.8079763095146527,0.3387431736020305,0.7796707945542651,0.3015921852165218,0.7496346434889624,0.267902469040843,0.7195600338435506,0.2342896700253828,0.6938697023305901,0.20506114914237386,0.6691023767402505,0.1767556341819858,0.6467194831166834,0.1520267671717559,0.6254903468963925,0.12902853626644104,0.6070302284439658,0.10879932312899013,0.5911083762787478,0.09110837627874778,0.5771479116991002,0.07537881701407581,0.5665333435889548,0.0629951542189063,0.5563033612799015,0.05138066302592102,0.5474578878547803,0.04253518960079985,0.5388431659103144,0.03380509191600645,0.5335358818552419,0.026728713175909545,0.5282285978001693,0.019652334435812647,0.5245365741096838,0.014191216060303132,0.5209983847396354,0.008883932005230402,0.5188062456734098,0.0062687485578032075,0.5170371509883855,0.004499653872779037,0.5163448965464196,0.0027305591877547575,0.5163448965464196,0.0009614645027305864,0.5163448965464196,0.0,0.5163448965464196,0.0,0.5163448965464196,0.0,0.5163448965464196,0.0,0.5163448965464196,0.0,0.5163448965464196,0.0,0.5163448965464196,0.0
Triangle,0.6181004475385382,0.0,0.6181004475385382,0.0,0.6181004475385382,0.0,0.6181004475385382,0.0,0.6181004475385382,0.0,0.6181004475385382,0.0,0.6181004475385382,0.0,0.6181004475385382,0.0,0.6181004475385382,0.0,0.6181004475385382,0.0,0.6181004475385382,0.0,0.6181004475385382,0.0,0.6181004475385382,0.0,0.6181004475385382,0.0,0.6181004475385382,0.0,0.6181004475385382,0.0,0.6181004475385382,0.0,0.6181004475385382,0.0,0.6181004475385382,0.0,0.6181004475385382,0.0,0.6181004475385382,0.0,0.6181004475385382,0.0,0.6181004475385382,0.0,0.6181004475385382,0.0,0.6181004475385382,0.0,0.6161113873694681,0.0019890601690701715,0.6081551466931877,0.009945300845350547,0.596220785678767,0.02088513177523618,0.5670479031990717,0.04475385380407762,0.5338969003812368,0.07226918614288087,0.47289905519641945,0.1253107906514174,0.4107409249129786,0.17984419028675638,0.3311785181501741,0.256754516824134,0.25161611138736956,0.3336648433615118,0.1959224266534063,0.3920106083209018,0.1402287419194432,0.45035637328029177,0.09945300845350578,0.49129786176031837,0.05967180507210328,0.5310790651417209,0.03149345267694345,0.5615779877341293,0.004972650422675274,0.5907508702138243,0.0,0.6048400464114041,0.0,0.6154483673131114,0.013923421183490735,0.6181004475385382,0.03248798276147854,0.6181004475385382,0.06928559588927578,0.6126305320735954,0.11437095972153191,0.6046742913973149,0.17105917454003008,0.5983756008619262,0.23470909995027373,0.5930714404110727,0.30730979612133297,0.5892590750870217,0.3868722028841375,0.5866069948615946,0.47173877009779563,0.587933034974308,0.5619094977623076,0.5932371954251617,0.6485993701309466,0.5973810707773912,0.7308138571191785,0.600033151002818,0.8040775733465944,0.6026852312282449,0.8624233383059842,0.6053373114536716,0.9149676777722531,0.6063318415382069,0.9547488811536553,0.60367976131278,0.9872368639151339,0.5977125808055697,0.9978451848168408,0.5818000994530087,1.0,0.5624067628045748,0.9655229570694516,0.5279297198740263,0.9293883639980111,0.49278965688712084,0.8816509199403282,0.45300845350571867,0.834244985910824,0.4133930051384055,0.7918117023039949,0.37626388198243005,0.7493784186971658,0.3391347588264546,0.7095972153157637,0.3046577158959059,0.6698160119343615,0.27018067296535736,0.637493784186972,0.23818995524614636,0.6056688214818502,0.20636499254102456,0.5784849991712251,0.18150174042764802,0.5519641969169571,0.15763301839880675,0.5297530250290071,0.14022874191944307,0.5085363832255926,0.124316260566882,0.4912978617603181,0.11238189955246143,0.47538538040775735,0.10177357865075416,0.4631195093651582,0.09298856290402788,0.4525111884634513,0.08503232222774751,0.4435604177026358,0.07873363169235863,0.4356041770263551,0.07342947124150515,0.42913973147687723,0.06961710591745399,0.42383557102602376,0.06696502569202724,0.41985745068788344,0.06431294546660035,0.41720537046245654,0.06166086524117361,0.41571357533565406,0.06016907011437098,0.41571357533565406,0.06016907011437098,0.41571357533565406,0.06016907011437098,0.41571357533565406,0.06016907011437098,0.41654235040609977,0.06016907011437098,0.41919443063152667,0.06016907011437098,0.42184651085695357,0.05950605005801426,0.42449859108238047,0.05685396983258736,0.42665340626553966,0.054699154649428164,0.42665340626553966,0.054699154649428164,0.42665340626553966,0.054699154649428164,0.42665340626553966,0.054699154649428164,0.42665340626553966,0.054699154649428164,0.42665340626553966,0.054699154649428164,0.42665340626553966,0.054699154649428164
Triangle,0.4806773965334277,0.052529182879377426,0.4806773965334277,0.052529182879377426,0.4806773965334277,0.052529182879377426,0.4806773965334277,0.052529182879377426,0.4806773965334277,0.052529182879377426,0.4806773965334277,0.052529182879377426,0.4806773965334277,0.052529182879377426,0.4806773965334277,0.052529182879377426,0.4806773965334277,0.052529182879377426,0.4806773965334277,0.052529182879377426,0.4791740360806509,0.052529182879377426,0.47727272727272735,0.052529182879377426,0.47629996462681295,0.052529182879377426,0.47629996462681295,0.052529182879377426,0.47629996462681295,0.052529182879377426,0.47629996462681295,0.052529182879377426,0.47629996462681295,0.052529182879377426,0.47629996462681295,0.052529182879377426,0.47629996462681295,0.052529182879377426,0.47629996462681295,0.052529182879377426,0.47629996462681295,0.052529182879377426,0.4757693668199505,0.052529182879377426,0.473868058012027,0.052529182879377426,0.47196674920410325,0.052529182879377426,0.46449416342412464,0.0562433675274142,0.45688892819243027,0.06004598514326137,0.44030774672798023,0.07025999292536257,0.4193933498408207,0.08356915458082774,0.39211177927131224,0.1018305624336753,0.35408560311284054,0.1284488857446056,0.31513088079235935,0.15599575521754516,0.2637955429784224,0.19592324018394067,0.21246020516448538,0.23585072515033614,0.16987973116377794,0.27285992217898836,0.12995224619738233,0.30898478952953656,0.09621506897771488,0.33980367881146095,0.06959674566678456,0.3645206933144676,0.04421648390519987,0.38799964626812883,0.025203395825964012,0.40511142553944113,0.006190307746727907,0.4222232048107535,0.0019013088079237724,0.43115493455960374,0.0,0.4387601697912982,0.007649451715599668,0.44212062256809337,0.022859922178988478,0.44212062256809337,0.044879731163777886,0.44212062256809337,0.08670852493809714,0.44212062256809337,0.12853731871241603,0.44212062256809337,0.17761761584718802,0.44212062256809337,0.22705164485320162,0.44212062256809337,0.28639016625397967,0.44212062256809337,0.35103466572338204,0.44212062256809337,0.4203218960028301,0.4447736116024053,0.4982755571276978,0.4523788468340998,0.5761407852847543,0.4599840820657941,0.6521931376016983,0.4675893172974885,0.7282454899186417,0.4751945525291829,0.7873187124159888,0.4799699327909445,0.8405553590378495,0.4837725504067917,0.8862309869119209,0.48757516802263884,0.9223558542624691,0.49137778563848605,0.9563583303855678,0.49385390873717716,0.9772727272727274,0.48814998231340634,0.9981871241598869,0.4824460558896357,1.0,0.4703749557835161,0.9980986911920765,0.457065794128051,0.9860275910859567,0.4407056950831269,0.9651131941987972,0.42169260700389094,0.9428723027944816,0.4013530244074989,0.9162539794835514,0.37663600990449236,0.889635656172621,0.3519189954014856,0.8594800141492749,0.32366466218606293,0.8290590732224973,0.2951450300672088,0.7998319773611602,0.2666253979483551,0.7713123452423063,0.23810576582950102,0.743411743898125,0.21082419525999269,0.716793420587195,0.18610718075698612,0.690263530244075,0.16147859922178986,0.667447824548992,0.1405642023346305,0.6446321188539085,0.1196498054474706,0.6245578351609479,0.10147683056243356,0.6055447470817122,0.08436505129112136,0.5881234524230632,0.06964096215068964,0.5729129819596745,0.05823310930314812,0.5581446763353376,0.04726742129465862,0.5467368234877962,0.03966218606296428,0.5353289706402545,0.032056950831269936,0.527016271666077,0.025999292536257507,0.5194110364343829,0.02029536611248669,0.512778563848603,0.015564202334630418,0.5070746374248319,0.011761584718783124,0.5017686593562081,0.008356915458082762,0.49796604174036074,0.006455606650159114,0.4941634241245137,0.00455429784223559,0.49208524938096937,0.0026529890343119423,0.4901839405730456,0.0007516802263884189,0.4882826317651221,0.0,0.48638132295719855,0.0,0.4844800141492748,0.0,0.4825787053413513,0.0,0.4806773965334277,0.0
Triangle,0.5365145228215767,0.031950207468879666,0.5365145228215767,0.031950207468879666,0.5365145228215767,0.031950207468879666,0.5365145228215767,0.031950207468879666,0.5365145228215767,0.031950207468879666,0.5359612724757953,0.031950207468879666,0.5340248962655604,0.031950207468879666,0.5320885200553249,0.031950207468879666,0.5319502074688797,0.031950207468879666,0.5319502074688797,0.031950207468879666,0.5308437067773167,0.031950207468879666,0.5289073305670815,0.031950207468879666,0.5273858921161826,0.031950207468879666,0.5273858921161826,0.031950207468879666,0.5273858921161826,0.031950207468879666,0.5273858921161826,0.031950207468879666,0.5273858921161826,0.031950207468879666,0.5273858921161826,0.031950207468879666,0.5273858921161826,0.031950207468879666,0.5273858921161826,0.031950207468879666,0.5273858921161826,0.031950207468879666,0.5273858921161826,0.031950207468879666,0.5273858921161826,0.031950207468879666,0.5273858921161826,0.031950207468879666,0.5257261410788381,0.031950207468879666,0.5218533886583677,0.031950207468879666,0.5179806362378974,0.032226832641770405,0.5141078838174276,0.03609958506224065,0.5102351313969572,0.03997233748271089,0.4966804979253111,0.05076071922544952,0.47925311203319493,0.06431535269709544,0.45491009681881056,0.0840940525587829,0.41811894882434303,0.11507607192254496,0.38132780082987555,0.14605809128630703,0.33098201936376226,0.18865836791147983,0.2806362378976487,0.2312586445366529,0.23153526970954363,0.27510373443983405,0.18312586445366527,0.31964038727524213,0.13914246196403876,0.3608575380359612,0.10622406639004138,0.3937759336099586,0.07330567081604439,0.4266943291839556,0.04937759336099582,0.45062240663900405,0.026141078838174236,0.47385892116182576,0.011756569847856228,0.4926694329183955,0.004011065006915613,0.5081604426002766,0.0,0.5219917012448132,0.009681881051175671,0.5297372060857537,0.01936376210235147,0.5374827109266942,0.043983402489626504,0.5419087136929461,0.07109266943291859,0.5457814661134162,0.10885200553250342,0.5477178423236514,0.1572614107883819,0.5477178423236514,0.20705394190871396,0.5477178423236514,0.26514522821576764,0.5477178423236514,0.32323651452282165,0.5477178423236514,0.39349930843706826,0.5477178423236514,0.4670816044260029,0.5477178423236514,0.5406639004149382,0.5485477178423236,0.6142461964038726,0.5504840940525588,0.6868603042876902,0.5524204702627937,0.7468879668049796,0.5543568464730292,0.8069156293222683,0.5562932226832641,0.8531120331950207,0.5582295988934993,0.8937759336099583,0.5601659751037344,0.9302904564315354,0.560027662517289,0.9593360995850622,0.5561549100968188,0.9883817427385891,0.5522821576763485,0.9941908713692944,0.5387275242047024,1.0,0.5251728907330566,0.9958506224066389,0.5078838174273858,0.9861687413554632,0.4885200553250344,0.9731673582295989,0.4674965421853387,0.9518672199170124,0.442323651452282,0.9305670816044261,0.41715076071922547,0.9002766251728906,0.38838174273858905,0.8692946058091284,0.359336099585062,0.8394190871369295,0.33029045643153526,0.8103734439834027,0.3012448132780084,0.7817427385892114,0.27261410788381724,0.7546334716459195,0.24550484094052552,0.727524204702628,0.21839557399723383,0.7037344398340248,0.1946058091286305,0.6804979253112031,0.17136929460580919,0.6591977869986169,0.14910096818810517,0.6398340248962655,0.12780082987551838,0.6207468879668049,0.10733056708160435,0.6033195020746888,0.09183955739972338,0.5858921161825725,0.07634854771784215,0.5715076071922544,0.06390041493775933,0.5579529737206085,0.05228215767634847,0.5460580912863069,0.04232365145228219,0.5363762102351315,0.03457814661134157,0.5269709543568466,0.026970954356846457,0.521161825726141,0.021161825726141028,0.5153526970954355,0.0153526970954356,0.5109266943291839,0.010926694329183875,0.5070539419087138,0.007053941908713762,0.5031811894882434,0.0038727524204702425,0.4993084370677733,0.001936376210235186,0.4954356846473029,0.0
Triangle,0.5352188496418071,0.012298645906662803,0.5352188496418071,0.012298645906662803,0.5352188496418071,0.012298645906662803,0.5352188496418071,0.012298645906662803,0.5352188496418071,0.012298645906662803,0.5352188496418071,0.012298645906662803,0.5352188496418071,0.012298645906662803,0.5352188496418071,0.012298645906662803,0.5352188496418071,0.012298645906662803,0.5352188496418071,0.012298645906662803,0.5352188496418071,0.012298645906662803,0.5352188496418071,0.012298645906662803,0.5352188496418071,0.012298645906662803,0.5352188496418071,0.012298645906662803,0.5352188496418071,0.012298645906662803,0.5352188496418071,0.012050188413598902,0.5352188496418071,0.010393805126506221,0.5352188496418071,0.008737421839413657,0.5341007909230197,0.008199097271108536,0.532444407635927,0.008199097271108536,0.5307880243488343,0.008199097271108536,0.5291316410617416,0.008199097271108536,0.527475257774649,0.008199097271108536,0.5246179966044142,0.008199097271108536,0.5213052300302291,0.008199097271108536,0.5171642718124974,0.01026957637997427,0.5105387386641269,0.018551492815437557,0.5039132055157564,0.02683340925090061,0.48316700484492114,0.04538490206633816,0.45832125553853165,0.06691788479854242,0.4270156114124809,0.09441384736428012,0.38063687937388724,0.13582342954159585,0.33425814733529335,0.17723301171891181,0.28377986666114535,0.2268416911673363,0.23243198476127375,0.27818957306720776,0.18630171021574377,0.32605905006418495,0.14986127789970596,0.36746863224150067,0.11342084558366804,0.40887821441881667,0.08712576090107244,0.44014244896268995,0.062280011594682924,0.4699573481303574,0.04074702886247866,0.4957969274090025,0.024183195991552435,0.5156735268541139,0.007619363120626097,0.5355501262992257,0.0033127665741852445,0.5462337985009732,0.0,0.5561720982235291,0.0026502132593481725,0.5616381630709347,0.012588512981903905,0.5616381630709347,0.022526812704459755,0.5616381630709347,0.04215495465650755,0.5584082156611042,0.06203155410161914,0.5550954490869189,0.09184645326928634,0.5509544908691871,0.1315996521595096,0.5459853410079093,0.17147707979626486,0.5410576007288089,0.21619942854776605,0.5377448341546236,0.2609217772992669,0.5344320675804383,0.31293221251397557,0.5320303118141538,0.3709056275622179,0.5303739285270611,0.429251728850056,0.5288417739865006,0.4921942937595756,0.5288417739865006,0.5551368586690958,0.5288417739865006,0.618079423578616,0.5288417739865006,0.6810219884881362,0.5288417739865006,0.7421011221996768,0.5288417739865006,0.7901362375253632,0.5288417739865006,0.8381713528510495,0.5288417739865006,0.8765166259472441,0.5277651248498904,0.9096442916890971,0.5261087415627976,0.9410327549795025,0.5235827570499814,0.9642221209987992,0.5169572239016109,0.9874114870180959,0.5103316907532405,0.9966872334258149,0.4990682844010104,1.0,0.4858172181042694,0.9999585904178228,0.47182077932833666,0.9883639074081743,0.4552569464574102,0.9767692243985258,0.438693113586484,0.9589631040622801,0.41840241831959935,0.9390865046171685,0.39686943558739507,0.9178433889602056,0.37442544204728984,0.8929976396538158,0.3495796927409002,0.8681518903474266,0.32473394343451095,0.8433061410410368,0.2998881941281212,0.8184603917346476,0.2750424448217318,0.7941529669965631,0.2501966955153424,0.770963600977266,0.22535094620895266,0.7477742349579695,0.20050519690256338,0.7288086463207585,0.1784752991842312,0.7105884301627399,0.15694231645202705,0.6929893577373806,0.13603047745248278,0.6764255248664541,0.11615387800737084,0.6598616919955278,0.09627727856225937,0.6477700939997517,0.08087291399229792,0.636175410990103,0.06596546440846401,0.6252846908774692,0.05316990351567353,0.6153463911549133,0.04323160379311768,0.6054080914323575,0.03329330407056195,0.5986169199552778,0.024928568470744143,0.5919913868069072,0.016646652035280974,0.5861526357199056,0.00993829972255585,0.5811834858586277,0.004969149861277809,0.5762143359973498,0.0
Triangle,0.5488327775131014,0.00857551214864221,0.5488327775131014,0.00857551214864221,0.5488327775131014,0.00857551214864221,0.5488327775131014,0.00857551214864221,0.5488327775131014,0.00857551214864221,0.5488327775131014,0.00857551214864221,0.5488327775131014,0.00857551214864221,0.5488327775131014,0.00857551214864221,0.5488327775131014,0.00857551214864221,0.5488327775131014,0.00857551214864221,0.5488327775131014,0.00857551214864221,0.5488327775131014,0.00857551214864221,0.5488327775131014,0.00857551214864221,0.5488327775131014,0.00857551214864221,0.5488327775131014,0.00857551214864221,0.5488327775131014,0.00857551214864221,0.5488327775131014,0.00857551214864221,0.5488327775131014,0.00857551214864221,0.5488327775131014,0.00857551214864221,0.5450214387803715,0.010481181515007201,0.5412101000476417,0.012386850881372069,0.5288232491662698,0.021438780371605525,0.5135778942353502,0.032872796569795096,0.4878513577894235,0.05478799428299187,0.45164363982848976,0.08718437351119572,0.4111481657932349,0.1238685088137208,0.3577894235350167,0.1734159123392092,0.30443068127679845,0.22296331586469748,0.2472606002858506,0.2763220581229155,0.1900905192949025,0.32968080038113373,0.1457837065269177,0.3716055264411623,0.10576464983325401,0.4097189137684611,0.07241543592186754,0.4421152929966651,0.04573606479275854,0.4687946641257741,0.02286803239637927,0.4935683658885183,0.011434016198189696,0.5126250595521676,0.0,0.531681753215817,0.0057170080990947255,0.5412101000476417,0.011434016198189572,0.5507384468794665,0.030014292520247735,0.5559790376369698,0.052882324916627005,0.5597903763696997,0.08337303477846586,0.5626488804192473,0.12148642210576445,0.5645545497856123,0.16341114816579314,0.566460219151977,0.21676989042401112,0.568365888518342,0.27012863268222964,0.570271557884707,0.33873272987136704,0.572177227251072,0.407336827060505,0.5740828966174369,0.477370176274416,0.5774178180085753,0.5478799428299187,0.5812291567413053,0.6183897093854214,0.5850404954740352,0.6888994759409238,0.588851834206765,0.7546450690805145,0.5921867555979039,0.8060981419723675,0.5940924249642686,0.857551214864221,0.5959980943306337,0.8918532634587899,0.5959980943306337,0.9261553120533584,0.5959980943306337,0.953311100524059,0.5917103382563125,0.9780848022868031,0.5859933301572178,0.9933301572177228,0.574559313959028,0.9990471653168175,0.5574082896617437,1.0,0.5378751786565031,0.9866603144354453,0.511195807527394,0.9733206288708909,0.4845164363982849,0.942829919009052,0.452120057170081,0.9123392091472131,0.4197236779418773,0.8861362553596952,0.3858980466888995,0.861362553596951,0.35159599809433084,0.8365888518342068,0.3182467841829443,0.8118151500714628,0.28585040495474057,0.7870414483087184,0.25440686040971894,0.7622677465459745,0.22582181991424496,0.7374940447832301,0.19723677941877082,0.7165316817532157,0.1724630776560267,0.6955693187232015,0.14768937589328268,0.676036207717961,0.12720343020485966,0.6569795140543113,0.10814673654121013,0.6407813244402096,0.0909957122439257,0.6274416388756552,0.07575035731300628,0.615054787994283,0.061457837065269215,0.6055264411624581,0.05002382086707952,0.5959980943306337,0.03858980466888995,0.5902810862315386,0.03096712720343023,0.5845640781324442,0.023344449737970514,0.5788470700333492,0.018580276322058165,0.5731300619342544,0.014768937589328306,0.568365888518342,0.010957598856598326,0.564554549785612,0.00714626012386859,0.5612196283944737,0.0038113387327298577,0.5593139590281087,0.0019056693663649898,0.5574082896617437,0.0,0.5555026202953787,0.0,0.5535969509290137,0.0,0.5516912815626487,0.0,0.549785612196284,0.0,0.5478799428299189,0.0,0.545974273463554,0.0,0.5445450214387804,0.0,0.5445450214387804,0.0,0.5445450214387804,0.0
Triangle,0.562227602905569,0.0,0.562227602905569,0.0,0.562227602905569,0.0,0.562227602905569,0.0,0.562227602905569,0.0,0.562227602905569,0.0,0.562227602905569,0.0,0.562227602905569,0.0,0.562227602905569,0.0,0.562227602905569,0.0,0.562227602905569,0.0,0.562227602905569,0.0,0.562227602905569,0.0,0.562227602905569,0.0,0.562227602905569,0.0,0.562227602905569,0.0,0.562227602905569,0.0,0.562227602905569,0.0,0.562227602905569,0.0,0.562227602905569,0.0,0.562227602905569,0.0,0.562227602905569,0.0,0.562227602905569,0.0,0.562227602905569,0.0,0.562227602905569,0.0,0.5612590799031476,0.00048426150121066747,0.5573849878934626,0.0024213075060532134,0.5535108958837772,0.0043583535108958835,0.5438256658595644,0.014043583535108985,0.534140435835351,0.023728813559321965,0.5084745762711865,0.046489104116222715,0.47748184019370454,0.07360774818401923,0.4358353510895884,0.1113801452784503,0.38353510895883774,0.15980629539951569,0.33026634382566594,0.20968523002421308,0.2740920096852301,0.2639225181598062,0.2179176755447942,0.31815980629539947,0.1753026634382568,0.36658595641646474,0.13268765133171906,0.4150121065375303,0.10024213075060533,0.45181598062953976,0.07118644067796602,0.4847457627118644,0.046973365617433385,0.5128329297820822,0.02760290556900743,0.5360774818401937,0.011622276029055648,0.5569007263922517,0.005811138014527886,0.5704600484261502,0.0,0.5840193704600484,0.005811138014527762,0.5898305084745762,0.011622276029055648,0.5956416464891041,0.030508474576271184,0.5970944309927361,0.05375302663438248,0.5970944309927361,0.08377723970944312,0.5970944309927361,0.12058111380145262,0.5970944309927361,0.16125907990314756,0.5970944309927361,0.21355932203389805,0.5970944309927361,0.2658595641646489,0.5970944309927361,0.329782082324455,0.5990314769975787,0.39370460048426104,0.6009685230024214,0.4663438256658593,0.6072639225181596,0.5418886198547211,0.6150121065375301,0.6145278450363196,0.6217917675544792,0.6842615012106532,0.6276029055690072,0.7496368038740919,0.6329297820823244,0.8019370460048423,0.6368038740920096,0.8542372881355932,0.6406779661016949,0.8891041162227602,0.6368038740920096,0.9239709443099271,0.6329297820823244,0.9515738498789345,0.6246973365617434,0.9767554479418885,0.6150121065375301,0.9922518159806293,0.6014527845036319,0.9980629539951573,0.5840193704600484,1.0,0.5646489104116222,0.9903147699757869,0.5394673123486685,0.9806295399515738,0.5142857142857142,0.9535108958837771,0.4832929782082325,0.9263922518159805,0.4523002421307508,0.8978208232445523,0.4198547215496372,0.868765133171913,0.3869249394673123,0.8426150121065377,0.3539951573849879,0.8193704600484261,0.3210653753026636,0.796125907990315,0.2886198547215499,0.7728813559322033,0.2576271186440677,0.7496368038740919,0.22663438256658594,0.7263922518159807,0.19757869249394688,0.7031476997578694,0.16852300242130772,0.682808716707022,0.1438256658595644,0.6634382566585957,0.12058111380145274,0.6460048426150121,0.10024213075060533,0.6305084745762712,0.08280871670702192,0.6159806295399517,0.06682808716707038,0.604358353510896,0.05520581113801461,0.5927360774818402,0.043583535108958835,0.583050847457627,0.033898305084745735,0.573365617433414,0.024213075060532756,0.5665859564164648,0.017433414043583534,0.5607748184019371,0.011622276029055648,0.5549636803874091,0.007748184019370432,0.5491525423728814,0.005811138014527886,0.5438256658595642,0.0043583535108958835,0.539951573849879,0.0043583535108958835,0.5360774818401937,0.0043583535108958835
Triangle,0.5573037980700671,0.02352997100347008,0.5573037980700671,0.02352997100347008,0.5573037980700671,0.02352997100347008,0.5573037980700671,0.02352997100347008,0.5573037980700671,0.02352997100347008,0.5573037980700671,0.02352997100347008,0.5573037980700671,0.02352997100347008,0.5573037980700671,0.02352997100347008,0.5573037980700671,0.02352997100347008,0.5573037980700671,0.02352997100347008,0.5573037980700671,0.02352997100347008,0.5573037980700671,0.02352997100347008,0.5563055568759806,0.02352997100347008,0.5542615391928507,0.02352997100347008,0.5525978038693731,0.02352997100347008,0.5525978038693731,0.02352997100347008,0.5525978038693731,0.02352997100347008,0.5525978038693731,0.02352997100347008,0.5525978038693731,0.02352997100347008,0.5525978038693731,0.02352997100347008,0.5525978038693731,0.02352997100347008,0.5520273803298951,0.02352997100347008,0.5499833626467654,0.02352997100347008,0.5479393449636357,0.02352997100347008,0.5419023625041596,0.029519418167989638,0.5357703094547703,0.03565147121737898,0.5144744973142559,0.05694728335789325,0.4858582497504398,0.0855635309217094,0.4488757902742786,0.12406711983647878,0.3977753481960355,0.17925559728098128,0.34624708846318386,0.23501449826496187,0.2890145933355516,0.29837904644198326,0.23178209820791942,0.36174359461900474,0.18709892094880448,0.4156961543946381,0.14621856728621002,0.4667965964728812,0.11104244901839624,0.5112420972572136,0.08242620145457996,0.5480344155535485,0.055140942149546006,0.5828302514617105,0.03470076531824885,0.607358463659267,0.014260588486951567,0.6318866758568239,0.0061320530493892125,0.6458620525740363,0.0,0.6581261586728148,0.005276417740172094,0.6646860293768123,0.0195845415220803,0.666730047059942,0.038598659504682255,0.6666825117649856,0.07130294243475796,0.6605504587155965,0.10400722536483341,0.6544184056662072,0.15425203213385963,0.648286352616818,0.20535247421210298,0.6421542995674288,0.2631078575842566,0.6373532347768217,0.32442838807814844,0.6332651994105625,0.3900270951181255,0.6298901934686506,0.4636117317107958,0.6278461757855207,0.5369111565337265,0.625802158102391,0.6043637400770078,0.6237581404192611,0.6718163236202883,0.6217141227361318,0.7316632599705284,0.6211912344916101,0.7888957550981607,0.6211912344916101,0.838902885392404,0.6202880638874366,0.8797832390549986,0.618244046204307,0.9189523220991589,0.6147739696724818,0.947568569662975,0.6025098635737034,0.9761848172267908,0.5902457574749252,0.9893996292246995,0.5728478395208444,0.999619717640348,0.5544516803726768,1.0,0.5327755858725103,0.9918239292674811,0.5082473736749535,0.9788943290393116,0.4822931026287016,0.9502780814754955,0.45163283738175586,0.9216618339116793,0.42097257213480993,0.898749821742644,0.38841089508960397,0.876265627228217,0.35570661215952826,0.8512145267861387,0.32428578219327836,0.8246422969054522,0.29362551694633243,0.7974045728953747,0.2642962399581687,0.7687883253315585,0.23772401007748248,0.7401720777677426,0.21124685078670913,0.7115558302039268,0.18876265627228234,0.6829395826401101,0.16627846175785513,0.6587441175072491,0.1452678613870799,0.6362599229928222,0.12482768455578261,0.6154869990968292,0.10524314303370232,0.5970908399486619,0.08684698388553494,0.579407710224842,0.06916385416171504,0.5671436041260638,0.056899748062936746,0.5548794980272852,0.04463564196415819,0.5442791272519846,0.03569900651233535,0.5340590388363361,0.027522935779816494,0.5259305033987739,0.02039264153634078,0.5197984503493844,0.014260588486951433,0.5136663972999954,0.008984170746779473,0.5075343442506062,0.00694015306364969,0.501402291201217,0.004896135380520042,0.4971241146551314,0.0028521176973902596,0.4930360792888721,0.0008081000142604777,0.49018396159148175,0.0,0.4881399439083521,0.0,0.4860959262252222,0.0,0.4840519085420925,0.0,0.4820078908589629,0.0
Triangle,0.5536065180924994,0.11861969805895038,0.5536065180924994,0.11861969805895038,0.5536065180924994,0.11861969805895038,0.5536065180924994,0.11790079079798703,0.5536065180924994,0.11607955907021332,0.5536065180924994,0.11425832734243949,0.5536065180924994,0.11387491013659237,0.5536065180924994,0.11387491013659237,0.5536065180924994,0.11387491013659237,0.5536065180924994,0.11387491013659237,0.5536065180924994,0.11387491013659237,0.5536065180924994,0.11387491013659237,0.5536065180924994,0.11387491013659237,0.5536065180924994,0.11387491013659237,0.5536065180924994,0.11387491013659237,0.5536065180924994,0.11387491013659237,0.5536065180924994,0.11387491013659237,0.5536065180924994,0.11387491013659237,0.5536065180924994,0.11387491013659237,0.5536065180924994,0.11387491013659237,0.5536065180924994,0.11387491013659237,0.5536065180924994,0.11387491013659237,0.5536065180924994,0.11387491013659237,0.5536065180924994,0.11387491013659237,0.5526000479271509,0.11387491013659237,0.5507788161993771,0.11387491013659237,0.5489575844716033,0.11387491013659237,0.5436855978912053,0.12077641984184032,0.5382219027078841,0.1280613467529355,0.5265276779295474,0.1415768032590461,0.502851665468488,0.1670740474478791,0.4791756530074288,0.19257129163671213,0.4407380781212559,0.23551401869158872,0.3970285166546849,0.2846872753414809,0.3523604121734964,0.3348190750059908,0.3013659237958304,0.3912772585669781,0.2503714354181646,0.44773544212796523,0.20608674814282307,0.5003594536304814,0.1678408818595736,0.5495327102803738,0.12959501557632416,0.5987059669302658,0.1014138509465614,0.6344596213755092,0.07409537502995454,0.669063024203211,0.049652528157201246,0.7002156721782888,0.0314402108794633,0.7238916846393482,0.013227893601725348,0.7475676971004073,0.0053678408818597255,0.7647735442127965,0.0017253774263121895,0.7793433980349866,0.0,0.7925712916367121,0.014569853822190278,0.794392523364486,0.029139707644380557,0.7962137550922598,0.05554756769710036,0.7934819075005989,0.09379343398034982,0.7861969805895042,0.13203930026359928,0.7789120536784088,0.18332135154565055,0.7716271267673137,0.2361370716510903,0.7643421998562187,0.29422477833692795,0.7575844716031632,0.36525281572010554,0.7521207764198417,0.43628085310328296,0.7466570812365204,0.5035705727294507,0.7424394919722022,0.5691349149293069,0.7387970285166547,0.6342679127725852,0.735154565061107,0.6943685597891202,0.7315121016055594,0.7544692068056551,0.7278696381500119,0.80594296669063,0.7250898634076203,0.8478312964294271,0.7232686316798465,0.8897196261682243,0.721447399952073,0.9205367840881858,0.714881380301941,0.9496764917325664,0.707596453390846,0.9745027558111671,0.6979151689432062,0.9872513779055834,0.6815240833932421,1.0,0.6651329978432782,0.9959741193386055,0.6415528396836809,0.983225497244189,0.6142343637670742,0.9701893122453873,0.5866283249460823,0.9519769949676494,0.553846153846154,0.9337646776899113,0.5210639827462259,0.9155523604121736,0.4874670500838726,0.8973400431344357,0.4528636472561706,0.8791277258566979,0.4182602444284688,0.8593817397555716,0.3836568416007671,0.83934819075006,0.349053438773065,0.8184519530313923,0.31488138030194107,0.7947759405703332,0.282099209202013,0.7710999281092739,0.2493170381020849,0.7497244188832975,0.2188353702372394,0.729690869877786,0.1896956625928591,0.7097531751737358,0.16069973640067095,0.6933620896237721,0.13702372393961204,0.6769710040738078,0.11334771147855244,0.6621135873472324,0.09273903666427037,0.6493649652528161,0.07634795111430653,0.6366163431583994,0.05995686556434228,0.6268392044092981,0.04802300503235097,0.6177330457704289,0.0370956146657081,0.6093937215432542,0.026935058710759734,0.603930026359933,0.019650131799664527,0.5984663311766117,0.012365204888569455,0.5941049604601006,0.007284926911095072,0.5904624970045532,0.003642463455547671,0.5868200335490056,0.0
Triangle,0.4854683544303798,0.025063291139240503,0.4834430379746835,0.025063291139240503,0.48141772151898726,0.025063291139240503,0.479392405063291,0.025063291139240503,0.477367088607595,0.025063291139240503,0.47544303797468357,0.025063291139240503,0.47544303797468357,0.025063291139240503,0.47544303797468357,0.025063291139240503,0.47544303797468357,0.025063291139240503,0.47544303797468357,0.025063291139240503,0.47544303797468357,0.025063291139240503,0.47544303797468357,0.025063291139240503,0.47544303797468357,0.025063291139240503,0.47544303797468357,0.025063291139240503,0.47544303797468357,0.025063291139240503,0.4751392405063291,0.025063291139240503,0.47311392405063313,0.025063291139240503,0.47108860759493687,0.025063291139240503,0.4690632911392406,0.025063291139240503,0.46703797468354435,0.025063291139240503,0.4650126582278481,0.025873417721519004,0.46298734177215184,0.02992405063291138,0.46096202531645586,0.03397468354430376,0.4457215189873417,0.04830379746835437,0.4254683544303796,0.06653164556962028,0.3991392405063291,0.0913417721518986,0.35458227848101254,0.13589873417721518,0.31002531645569625,0.18045569620253146,0.25918987341772154,0.23599999999999996,0.2065316455696204,0.2947341772151898,0.15873417721518993,0.348,0.1222784810126584,0.3885063291139239,0.08582278481012658,0.42901265822784795,0.05772151898734183,0.45949367088607596,0.03139240506329117,0.48784810126582256,0.012151898734177272,0.5126582278481012,0.006075949367088779,0.530886075949367,0.0,0.5491139240506329,0.009873417721519123,0.5567088607594936,0.022025316455696255,0.5627848101265821,0.04308860759493693,0.5648101265822784,0.07751898734177205,0.560759493670886,0.11194936708860762,0.5567088607594936,0.15949367088607602,0.5507848101265821,0.208101265822785,0.5447088607594935,0.25944303797468343,0.5395443037974682,0.3141265822784808,0.5354936708860758,0.36881012658227835,0.5314430379746834,0.4412658227848102,0.5293670886075947,0.5141772151898736,0.5273417721518987,0.5860759493670885,0.5263291139240506,0.6569620253164555,0.5263291139240506,0.7272911392405064,0.5263291139240506,0.7758987341772154,0.5263291139240506,0.824506329113924,0.5263291139240506,0.8653164556962024,0.5263291139240506,0.899746835443038,0.5263291139240506,0.9334177215189873,0.5255696202531644,0.9577215189873416,0.5154430379746836,0.9820253164556961,0.5053164556962025,0.9941772151898733,0.48911392405063275,0.9982278481012656,0.46886075949367073,1.0,0.44784810126582286,0.9858227848101264,0.42151898734177223,0.971645569620253,0.39518987341772144,0.9522025316455694,0.36622784810126574,0.9299240506329112,0.3358481012658227,0.9065822784810127,0.305113924050633,0.878227848101266,0.2727088607594937,0.8498734177215189,0.24030379746835437,0.8201012658227848,0.21073417721518983,0.789721518987342,0.18237974683544306,0.7593417721518987,0.15539240506329124,0.7289620253164556,0.13311392405063283,0.6985822784810125,0.11083544303797453,0.6712405063291139,0.09311392405063297,0.6449113924050633,0.07691139240506333,0.6208101265822785,0.06182278481012662,0.6025822784810128,0.04967088607594934,0.5843544303797469,0.03751898734177221,0.5709873417721519,0.03022784810126582,0.5588354430379746,0.024151898734177186,0.5479999999999999,0.018734177215189902,0.5398987341772151,0.014683544303797456,0.5317974683544304,0.010632911392405079,0.5254177215189872,0.00830379746835438,0.5193417721518987,0.006278481012658191,0.5147848101265824,0.004253164556962003,0.5127594936708861,0.0022278481012658145,0.5107341772151899,0.00020253164556962596,0.5105316455696203,0.0,0.5105316455696203,0.0,0.5105316455696203,0.0,0.5105316455696203,0.0,0.5105316455696203,0.0,0.5124556962025314,0.0,0.514481012658228,0.0,0.5155443037974684,0.0,0.5155443037974684,0.0,0.5155443037974684,0.0
Triangle,0.509585121602289,0.05193133047210301,0.5075345731998093,0.05193133047210301,0.5054840247973297,0.05193133047210301,0.50343347639485,0.05193133047210301,0.50138292799237,0.05193133047210301,0.4993323795898902,0.05112064854554123,0.4972818311874105,0.04907010014306157,0.49523128278493084,0.04721030042918455,0.4931807343824512,0.04721030042918455,0.49113018597997127,0.04721030042918455,0.4890796375774916,0.04721030042918455,0.487029089175012,0.04721030042918455,0.48497854077253205,0.04721030042918455,0.48292799237005235,0.04721030042918455,0.48125894134477826,0.04721030042918455,0.48125894134477826,0.04721030042918455,0.48125894134477826,0.04721030042918455,0.48125894134477826,0.04721030042918455,0.48125894134477826,0.04721030042918455,0.48125894134477826,0.04721030042918455,0.48125894134477826,0.04721030042918455,0.48125894134477826,0.04778254649499286,0.48125894134477826,0.04983309489747252,0.48125894134477826,0.05188364329995231,0.475250357653791,0.059942775393419134,0.469098712446352,0.06814496900333816,0.44496900333810196,0.0915593705293278,0.41216022889842635,0.12231759656652373,0.37172150691463995,0.15994277539341928,0.3184072484501667,0.2091559370529328,0.26509298998569375,0.2587982832618027,0.2117787315212208,0.31416309012875543,0.15846447305674768,0.3695278969957082,0.11773962804005722,0.41230329041487845,0.08082975679542205,0.4512637100619934,0.049642346208869884,0.48450166905102526,0.02503576537911306,0.5111587982832617,0.004101096804959448,0.5358130662851693,0.002050548402479657,0.5501669051025274,0.0,0.5645207439198856,0.01912255603242715,0.5718168812589414,0.04167858845970445,0.5779685264663806,0.07567954220314722,0.5795422031473534,0.1187410586552219,0.5774916547448737,0.16809728183118736,0.5743919885550787,0.23576537911301873,0.5682403433476394,0.3034334763948497,0.5620886981402003,0.3769670958512164,0.5559370529327611,0.450786838340487,0.5497854077253218,0.5272770624701959,0.5436337625178828,0.6051979017644258,0.5374821173104434,0.6781115879828329,0.5298998569384836,0.7416785884597047,0.5196471149260847,0.8043872198378637,0.5092989985693849,0.849499284692418,0.49699570815450633,0.8946113495469719,0.4846924177396281,0.9290414878397713,0.47238912732474964,0.9597997138769672,0.4600858369098712,0.9814973772055318,0.44778254649499283,0.9917501192179305,0.4354792560801145,1.0,0.42288984263233187,0.9958989031950407,0.40853600381497374,0.9917978063900811,0.3941821649976156,0.9808297567954217,0.37467811158798286,0.9685264663805435,0.3541726275631854,0.9485455412494036,0.33147353361945625,0.9218884120171671,0.30686695278969955,0.8942775393419168,0.28226037195994264,0.8635193133047212,0.25765379113018594,0.8327610872675247,0.23304721030042896,0.8020028612303288,0.20844062947067227,0.7712446351931328,0.18383404864091546,0.7430615164520743,0.16180257510729604,0.7164043872198377,0.14129709108249866,0.6910824988078205,0.12212684787792069,0.6685264663805435,0.1057224606580829,0.6460658082975681,0.08941344778254649,0.6276108726752504,0.07711015736766814,0.6091559370529327,0.06480686695278953,0.5936576061039581,0.05546018121125414,0.5793037672866,0.04725798760133525,0.5666666666666665,0.039914163090128685,0.556413924654268,0.03376251788268951,0.5466380543633764,0.027849308536003804,0.5404864091559368,0.023748211731044355,0.5343347639484979,0.019647114926084838,0.529852169766333,0.017215069146399573,0.5257510729613731,0.015164520743919914,0.5226990939437292,0.01311397234144019,0.5206485455412495,0.011063423938960398,0.5185979971387695,0.009012875536480674,0.5165474487362899,0.006962327134000951,0.5144969003338102,0.004911778731521227,0.5143061516452074,0.002861230329041435,0.5143061516452074,0.000810681926561778,0.5143061516452074,0.0,0.5143061516452074,0.0,0.5143061516452074,0.0,0.5143061516452074,0.0,0.5143061516452074,0.0
Triangle,0.6222770242498974,0.06329634196465271,0.6222770242498974,0.06329634196465271,0.6222770242498974,0.06329634196465271,0.6222770242498974,0.06329634196465271,0.6222770242498974,0.06329634196465271,0.6222770242498974,0.06329634196465271,0.6222770242498974,0.06329634196465271,0.6222770242498974,0.06329634196465271,0.6222770242498974,0.06329634196465271,0.6222770242498974,0.06329634196465271,0.6233730648033978,0.06329634196465271,0.6252911357720238,0.06329634196465271,0.6276202219482122,0.06288532675709002,0.631456363885464,0.06096725578846419,0.6352925058227156,0.059049184819838355,0.6374845869297165,0.05713111385121253,0.6394026578983422,0.055213042882586695,0.6413207288669681,0.05425400739827375,0.643238799835594,0.05425400739827375,0.6451568708042199,0.05425400739827375,0.6470749417728457,0.05425400739827375,0.6489930127414714,0.05425400739827375,0.6373475818605289,0.06329634196465271,0.6220030141115223,0.07480476777640782,0.5918618988902592,0.09535552815454175,0.5419920537059872,0.12796273462118105,0.4906151527606522,0.16166598164132087,0.4196465269214962,0.2096177558569668,0.34867790108234015,0.25756953007261285,0.2859295793944377,0.30004110152075636,0.2264693793670365,0.3403205918618991,0.17385943279901353,0.37648993012741483,0.13357994245787091,0.4052609946568024,0.0933004521167283,0.43403205918619,0.06452938758734078,0.45321276887244843,0.03575832305795301,0.47239347855870684,0.018084669132757917,0.485408960131525,0.006576243321002808,0.4949993149746542,0.0,0.5029456089875327,0.005754212905877425,0.5067817509247844,0.011508425811754978,0.510617892862036,0.035073297712015325,0.5108919030004111,0.060008220304151434,0.5108919030004111,0.09590354843129201,0.5097958624469107,0.1400191807096864,0.5078777914782847,0.18783394985614454,0.505959720509659,0.2492122208521716,0.5040416495410331,0.31059049184819865,0.5021235785724073,0.3769009453349774,0.5018495684340322,0.44403342923688205,0.5018495684340322,0.5130839841074119,0.5018495684340322,0.5840526099465682,0.5018495684340322,0.6536511850938488,0.5018495684340322,0.7150294560898753,0.5018495684340322,0.7764077270859024,0.5018495684340322,0.8227154404712977,0.5018495684340322,0.8649130017810659,0.5018495684340322,0.9021783806000825,0.5010275380189068,0.9328675160980958,0.49910946705028103,0.9623236059734211,0.49705439101246757,0.9757501027538021,0.4932182490752158,0.9891765995341828,0.48938210713796426,0.995752842855186,0.48143581312508565,0.9995889847924374,0.47184545828195656,1.0,0.4588299767091383,0.9942457870941226,0.4396492670228799,0.9884915741882452,0.42046855733662153,0.97698314837649,0.39361556377585966,0.965474722564735,0.36676257021509806,0.9490341142622278,0.3374434854089602,0.9298534045759693,0.30675434991094663,0.9095766543362107,0.27661323468968363,0.8865598027127004,0.24784217016029597,0.8635429510891905,0.21907110563090845,0.8387450335662421,0.19386217290039734,0.8138101109741063,0.16892725030826136,0.7899712289354709,0.14618440882312653,0.7669543773119607,0.12508562816824234,0.7451705713111384,0.10521989313604596,0.7279079325935062,0.08987532538703932,0.7106452938758736,0.07453075763803269,0.6983148376489932,0.06247431154952719,0.686806411837238,0.050965885737772346,0.6772160569941088,0.04137553089464313,0.6695437731196054,0.03370324702013968,0.6621454993834772,0.02657898342238662,0.6563912864775996,0.02274284148513496,0.6506370735717222,0.018906699547883172,0.6478969721879712,0.016577613371694715,0.6459789012193452,0.014659542403068947,0.6448828606658448,0.012741471434443053,0.6448828606658448,0.010823400465817224,0.6450198657350324,0.008905329497191394,0.6469379367036583,0.006987258528565564,0.648856007672284,0.0050691875599397345,0.6507740786409099,0.004521167283189479,0.6526921496095357,0.004521167283189479,0.655295245924099,0.00383614193725166,0.6591313878613508,0.00191807096862583,0.6629675297986026,0.0
Triangle,0.6461687600101155,0.045899013740200625,0.6461687600101155,0.045899013740200625,0.6461687600101155,0.045899013740200625,0.6461687600101155,0.045899013740200625,0.6461687600101155,0.045899013740200625,0.6461687600101155,0.045899013740200625,0.6461687600101155,0.045899013740200625,0.6460001685914187,0.045899013740200625,0.6441878108404283,0.045899013740200625,0.6423754530894377,0.045899013740200625,0.64199612239737,0.045899013740200625,0.64199612239737,0.045899013740200625,0.64199612239737,0.045899013740200625,0.64199612239737,0.045899013740200625,0.6416589395599764,0.045899013740200625,0.639846581808986,0.045899013740200625,0.6380342240579956,0.045899013740200625,0.636221866307005,0.045899013740200625,0.6344095085560145,0.045899013740200625,0.6273286689707495,0.05011379920762034,0.6164545224648066,0.057363230211582204,0.6005226333979601,0.06865885526426704,0.5715249093821123,0.09040714827615277,0.5425271853662649,0.11215544128803843,0.49405715249093807,0.14452499367782187,0.44512349321419514,0.17714743319565052,0.3876338194385905,0.21832588721234095,0.3260136559049142,0.2636348309871029,0.26776532074517384,0.30826940908707756,0.21520694596645015,0.3517659951108489,0.1637865632639298,0.3943774761864622,0.12753940824412022,0.42518755795330015,0.09129225322431075,0.4559976397201383,0.06339037342999232,0.47985332546573384,0.038017364916125666,0.5016016184776195,0.01938801315013062,0.5191351260220856,0.008513866644187816,0.5318216302790189,0.0,0.5430329596223553,0.003624715501980934,0.5466576751243362,0.007249431003961868,0.5502823906263172,0.02334991148950514,0.5507881648824076,0.041473488999410044,0.5507881648824076,0.0707241001433027,0.5497766163702268,0.10878361291410281,0.5479642586192364,0.15055213689623187,0.5461519008682458,0.20311051167495595,0.5443395431172553,0.2556688864536794,0.5425271853662649,0.3168675714406139,0.5407148276152745,0.3784877349742903,0.5389024698642838,0.4436483183005988,0.5406305319059259,0.5107055550872465,0.5442552474079069,0.5758661384135549,0.5472477450897748,0.6374863019472313,0.5490601028407655,0.6986849869341651,0.5508724605917559,0.7512433617128891,0.5526848183427463,0.8038017364916128,0.5544971760937369,0.8455702604737423,0.554960802495153,0.8836297732445417,0.554960802495153,0.9160836213436737,0.5533591840175335,0.9414566298575404,0.5497344685155525,0.9653123156031359,0.5456039787574812,0.9798111776110596,0.5383545477535193,0.9943100396189836,0.5311051167495575,0.9981876422490096,0.5193037174407823,1.0,0.5066172131838489,0.9969653544634577,0.4900531062968893,0.9897159234594961,0.47011717103599426,0.982045013908792,0.448916800134873,0.9729832251538397,0.42354379162100647,0.9639214363988872,0.39817078310713966,0.953173733456967,0.3727977745932731,0.9422995869510241,0.34742476607940637,0.9302874483688782,0.3231897496417432,0.9176009441119446,0.29962909887886696,0.9049144398550113,0.2760684481159907,0.8922279355980782,0.2525077973531147,0.8793728399224481,0.22898929444491276,0.8594369046615526,0.20724100143302715,0.8395009694006574,0.18549270842114118,0.8208716176346623,0.16505099890415573,0.8027480401247578,0.14511506364326054,0.7853831239989882,0.12669645115063624,0.7690719042400741,0.1103852313917221,0.7529714237545309,0.09470622945292081,0.7384725617466071,0.08383208294697801,0.7239736997386834,0.07295793644103497,0.7124251875579533,0.06355896484868911,0.7015510410520104,0.05449717609373684,0.6916041473489001,0.046362640141616805,0.6825423585939475,0.03911320913765482,0.6742392312231306,0.03224310882576074,0.6688021579701592,0.026806035572789336,0.6633650847171879,0.021368962319817938,0.6579280114642164,0.01757565539914009,0.652490938211245,0.013950939897159276,0.6481497091798027,0.010326224395178342,0.6445249936778217,0.00670150889319729,0.6409002781758406,0.003624715501980934,0.6372755626738598,0.001812357750990467,0.6336508471718789,0.0
Triangle,0.6653992395437263,0.0,0.6653992395437263,0.0,0.6653992395437263,0.0,0.6653992395437263,0.0,0.6653992395437263,0.0,0.6653992395437263,0.0,0.6653992395437263,0.0,0.6653992395437263,0.0,0.6639013711257058,0.0,0.6622882820601452,0.0,0.6615969581749049,0.0,0.6615969581749049,0.0,0.6615969581749049,0.0,0.6615969581749049,0.0,0.6615969581749049,0.0,0.6615969581749049,0.0,0.6615969581749049,0.0,0.6615969581749049,0.0,0.6615969581749049,0.0,0.6615969581749049,0.0,0.6615969581749049,0.0,0.6615969581749049,0.0,0.6615969581749049,0.0,0.6615969581749049,0.0,0.6615969581749049,0.0006913238852402547,0.6615969581749049,0.002304412950800741,0.6610208549372046,0.00460882590160159,0.6529554096094021,0.015900449360525426,0.6448899642815993,0.027192072819449263,0.61723700887199,0.054614586933978554,0.5817490494296578,0.08848945731075022,0.5341629219956217,0.13331028920382543,0.4648000921765181,0.19783385182624738,0.39543726235741444,0.2623574144486692,0.32768752160387143,0.33010715520221223,0.2599377808503282,0.39785689595575546,0.20463187003110955,0.45212582094711384,0.15623919806429312,0.4989054038483697,0.11199446940891802,0.5415370434381842,0.07811959903214641,0.5737988247493951,0.04424472865537511,0.606060606060606,0.025348542458808583,0.6293351768636939,0.007604562737642477,0.6519184237815419,0.0,0.6671275492568269,0.0,0.6768060836501901,0.00449360525406144,0.6844106463878327,0.025463763106348625,0.6844106463878327,0.04643392095863592,0.6844106463878327,0.08952644313861038,0.6761147597649498,0.13630602603986644,0.6664362253715865,0.1903445097361446,0.658370780043784,0.2516418942274456,0.6519184237815419,0.3150132503744674,0.6456965088143796,0.3908284364558128,0.640857241617698,0.46664362253715874,0.6360179744210162,0.5411913814955643,0.6311787072243346,0.6153934785113493,0.6263394400276531,0.6840649844452129,0.6221914967162115,0.7453623689365133,0.6189653185850905,0.805392326304874,0.6156239198064292,0.8489457310750088,0.6107846526097477,0.8924991358451433,0.6059453854130661,0.925682682336675,0.5976494987901833,0.9547182855167647,0.5879709643968198,0.9774167530821524,0.5759880170526559,0.9887083765410762,0.5598571263970504,1.0,0.5437262357414449,0.9935476437377578,0.5211429888235971,0.9870952874755157,0.49855974190574953,0.9744210162461114,0.4739025233321811,0.9582901255905057,0.44809309828321225,0.9398548219840995,0.42136190805392326,0.9156584860006911,0.3923263048738333,0.891462150017283,0.36329070169374356,0.8642700771978337,0.33575296693167417,0.8368475630833042,0.3083304528171447,0.8112685793294159,0.28275146906325616,0.7870722433460078,0.258555133079848,0.7635672312478395,0.23470445903905965,0.7425970733955523,0.2121212121212121,0.7216269155432654,0.18953796520336452,0.7006567576909781,0.16972001382647756,0.6796865998386911,0.15036294503975106,0.6611360755847447,0.13342550985136536,0.6450051849291393,0.11890770826132036,0.6293351768636939,0.10485078926143561,0.6164304643392096,0.09355916580251188,0.603525751814725,0.08226754234358782,0.594423320659062,0.07351077313054492,0.5863578753312593,0.06544532780274222,0.5789837538886968,0.058762530245419976,0.5725313976264547,0.0539232630487383,0.5661942620117524,0.04919921649959672,0.5613549948150708,0.04597303836847564,0.5565157276183893,0.04274686023735451,0.5528286668971079,0.040672888581633794,0.5496024887659867,0.03905979951607331,0.5469524138725661,0.03802281368821293,0.5453393248070054,0.03802281368821293,0.5437262357414449,0.03802281368821293
Triangle,0.47609677045954396,0.030559092487556436,0.47609677045954396,0.03055909248755638,0.47609677045954396,0.030559092487556436,0.47551799976849185,0.030559092487556436,0.47405178068449266,0.030559092487556436,0.4725855616004939,0.030559092487556436,0.4722768838985994,0.030559092487556436,0.4722768838985994,0.030559092487556436,0.4722768838985994,0.030559092487556436,0.4722768838985994,0.030559092487556436,0.4722768838985994,0.030559092487556436,0.4722768838985994,0.030559092487556436,0.4722768838985994,0.030559092487556436,0.4722768838985994,0.030559092487556436,0.4722768838985994,0.030559092487556436,0.4722768838985994,0.030559092487556436,0.4722768838985994,0.030559092487556436,0.4722768838985994,0.030559092487556436,0.4722768838985994,0.030559092487556436,0.4722768838985994,0.030559092487556436,0.4722768838985994,0.030559092487556436,0.4720453756221785,0.030790600763977324,0.47057915653817955,0.032256819847976285,0.4691129374541808,0.03372303893197514,0.46845699733765483,0.03680981595092026,0.46845699733765483,0.041208473202916984,0.46845699733765483,0.04560713045491376,0.4517884014353513,0.06389628429216343,0.4341937724273642,0.08295713238414938,0.40807192190454156,0.1090403981942353,0.365551568468573,0.14862831346220617,0.3230312150326042,0.18821622873017693,0.2761893737701123,0.23212563182467097,0.22780414399814802,0.2775784234286376,0.18134814986302425,0.3222595207778678,0.1476251109310491,0.36184743604583863,0.11390207199907407,0.4014353513138094,0.08558089285025279,0.43484971254389004,0.062121387506270054,0.46270787513986955,0.03866188216228732,0.49056603773584906,0.023305166493035472,0.5103214106570977,0.008642975653046184,0.5293822587490836,0.0,0.5461280240768609,0.004398657251996668,0.5578577767488522,0.008797314503993443,0.5695875294208435,0.026739205926611664,0.576108345873365,0.050198711270594394,0.580507003125362,0.07566462167689128,0.5847513215264113,0.11818497511286008,0.5876837596944092,0.16070532854882866,0.5906161978624069,0.2112898869467914,0.5935486360304049,0.26993865030674813,0.5964810741984026,0.3285874136667051,0.5994135123664005,0.3990430991241269,0.6010340703013467,0.4708878342400741,0.6025002893853457,0.5406104101554965,0.6035420766292395,0.6051240498514489,0.6035420766292395,0.6696376895474012,0.6035420766292395,0.7261257089940961,0.6035420766292395,0.7789095960180572,0.6035420766292395,0.8304201875217038,0.6033105683528187,0.8670756646216768,0.600378130184821,0.9037311417216498,0.5974456920168231,0.9355249450167844,0.5917351545317747,0.9619168885287648,0.5829378400277812,0.9883088320407453,0.5741405255237876,0.9956013427480034,0.5602500289385347,1.0,0.5455878380985455,0.999382644596211,0.5289964116217156,0.9847204537562217,0.5070031253617319,0.9700582629162326,0.48500983910174794,0.9505729829841422,0.459158081568083,0.9285796967241581,0.4312999189721035,0.9064320716132271,0.40336458695065047,0.8815063471852455,0.374040205270672,0.8565806227572638,0.34471582359069364,0.8309989582127565,0.31604738202724103,0.8046070147007757,0.2881892194312615,0.7782150711887952,0.260331056835282,0.7518231276768145,0.23494231585445854,0.7254311841648339,0.21001659142647697,0.6993865030674848,0.18613265424238917,0.6744607786395032,0.16560558706640435,0.6495350542115215,0.14507851989041942,0.6264613959949069,0.12640351892580162,0.6044681097349232,0.10880888991781473,0.5825905776131497,0.09133001504803796,0.5649959486051628,0.07813404329204786,0.5474013195971758,0.06493807153605742,0.5322761122043448,0.053594165991434205,0.5205463595323535,0.04479685148744087,0.508816606860362,0.03599953698344721,0.49947910637805304,0.029594474669136173,0.4906817918740595,0.023729598333140436,0.482501832773855,0.018173399699039326,0.47663695643785936,0.013774742447042495,0.4707720801018637,0.009376085195045774,0.4657946521588147,0.005864876335995683,0.4613959949068179,0.0029324381679978685,0.4569973376548212,0.0
Triangle,0.4540859964232952,0.026941917424772567,0.4540859964232952,0.026941917424772567,0.4540859964232952,0.026941917424772567,0.4540859964232952,0.026941917424772567,0.4540859964232952,0.026941917424772567,0.4540859964232952,0.026941917424772567,0.4540859964232952,0.026941917424772567,0.4540859964232952,0.026941917424772567,0.4540859964232952,0.026941917424772567,0.4540859964232952,0.026941917424772567,0.4540859964232952,0.026397636264676137,0.4540859964232952,0.024803670010108074,0.4540859964232952,0.023209703755540007,0.4540859964232952,0.02309307207837649,0.4540859964232952,0.02309307207837649,0.4540859964232952,0.02227665033823184,0.4540859964232952,0.020682684083663777,0.4540859964232952,0.019244226731980407,0.4540859964232952,0.019244226731980407,0.4540859964232952,0.019244226731980407,0.4540859964232952,0.019244226731980407,0.4540859964232952,0.019244226731980407,0.4540859964232952,0.020527175180779136,0.4540859964232952,0.02530907394448333,0.4540859964232952,0.030090972708187523,0.4404789674208849,0.04847990047430211,0.42453930487520414,0.06920146178368712,0.3974030013218256,0.09902029391182643,0.3559598787030558,0.14046341653059632,0.3143223699556799,0.18202317082652986,0.26490941606406976,0.228248192209004,0.21549646217245927,0.27447321359147814,0.17385895342508362,0.3187543736878936,0.13719772957001797,0.3617914625612316,0.10271363035533781,0.40234040898841467,0.07721017028224866,0.43262576782520806,0.051706710209159415,0.46291112666200146,0.032423606251457834,0.4857320581603297,0.014889977451209067,0.5064536194697146,0.003187932509136239,0.5248425472358293,0.00159396625456801,0.5391882435269421,0.0,0.5535339398180545,0.016600575382940706,0.5587823652904129,0.03413420418318958,0.5635642640541172,0.06449731747142522,0.5640696679884923,0.10594044009019522,0.5608817354793563,0.14854987948060044,0.5576938029702201,0.19955679962677852,0.5545058704610838,0.250563719772957,0.5513179379519478,0.3128450353782757,0.5492574449887255,0.3797916180701343,0.5476634787341575,0.4472047274706476,0.5465360391882436,0.5157452764170751,0.5465360391882436,0.5842858253635017,0.5465360391882436,0.6486276339320425,0.5479356193142058,0.7123862841147659,0.5495295855687738,0.7680195941217633,0.5511235518233418,0.8142446155042375,0.55271751807791,0.859847601275173,0.5542337298810357,0.8933208926211026,0.5542337298810357,0.9267941839670318,0.5542337298810357,0.9531918202317082,0.5532229220122852,0.9755073477956613,0.5516289557577172,0.9936241349817275,0.5482855143456964,0.9968120674908637,0.5387217168182878,1.0,0.5291579192908794,0.9916413964699478,0.511896431070679,0.9804836326879715,0.492768836015862,0.9655936552367623,0.4711530985148899,0.9448720939273773,0.4456496384418009,0.9241505326179925,0.42014617836871165,0.9018738822797604,0.3915325402379285,0.8795583547158073,0.3628411476557032,0.8563486509602675,0.33414975507347794,0.8324391571417462,0.3054583624912527,0.8085296633232252,0.27723349661768126,0.7846201695047041,0.25173003654459225,0.7607106756861829,0.22622657647150296,0.7356348650960267,0.20188943317004893,0.7101314050229376,0.1779799393515279,0.686144156752974,0.15558665733613233,0.6654225954435891,0.13645906228131555,0.6447010341342042,0.11733146722649877,0.6225410154731355,0.10108078687504851,0.6002254879091827,0.08514112432936777,0.5802425938885001,0.07153409532695754,0.5627089650882511,0.06037633154498081,0.545525231319493,0.04945183111733145,0.5327735012829485,0.04148199984449113,0.5200217712464038,0.03351216857165064,0.5093694113988027,0.026592022393282008,0.4998056138713941,0.020216157375009747,0.4910193608584091,0.014617836871160852,0.48464349584013683,0.011429904362024722,0.4782676308218646,0.008241971852888594,0.47321359147811226,0.006375865018272313,0.468431692714408,0.004781898763704249,0.4643107067879636,0.003187932509136129,0.46112277427882736,0.0015939662545680646,0.45793484176969135,0.0
Triangle,0.5188854489164086,0.049806501547987624,0.5219814241486069,0.049806501547987624,0.5250773993808049,0.049806501547987624,0.5273606811145513,0.049806501547987624,0.5289086687306501,0.049806501547987624,0.5304566563467492,0.049806501547987624,0.5320046439628483,0.049806501547987624,0.5335526315789473,0.049806501547987624,0.5351006191950464,0.049806501547987624,0.5366486068111455,0.049806501547987624,0.5380417956656347,0.049806501547987624,0.5380417956656347,0.049806501547987624,0.5380417956656347,0.049806501547987624,0.5380417956656347,0.049806501547987624,0.5380417956656347,0.049806501547987624,0.5380417956656347,0.05003869969040249,0.5380417956656347,0.05158668730650155,0.5380417956656347,0.053134674922600614,0.5307275541795666,0.059907120743034024,0.5198916408668731,0.0691950464396285,0.5047213622291022,0.0815789473684211,0.47221362229102165,0.10634674922600618,0.4397058823529411,0.13111455108359138,0.3903637770897834,0.17383900928792564,0.33463622291021655,0.22337461300309602,0.28045665634674927,0.273297213622291,0.2309210526315789,0.3243808049535605,0.18138544891640873,0.37546439628482964,0.14264705882352935,0.41455108359133136,0.10704334365325077,0.4501547987616099,0.07469040247678013,0.48250773993808055,0.049922600619195054,0.5072755417956656,0.02515479876160986,0.5320433436532508,0.013157894736842046,0.5504256965944274,0.0038699690402476793,0.5674535603715171,0.0,0.5806888544891642,0.006191950464396244,0.5868808049535604,0.012383900928792596,0.5930727554179567,0.034829721362229005,0.5924922600619197,0.0595975232198142,0.5909442724458205,0.08808049535603717,0.5875386996904025,0.1221362229102165,0.5813467492260065,0.15619195046439616,0.57515479876161,0.20170278637770897,0.567530959752322,0.24814241486068123,0.5597910216718266,0.29945820433436504,0.5534442724458204,0.3567337461300309,0.5488003095975234,0.4140092879256965,0.5441563467492261,0.4697755417956659,0.5410216718266254,0.5255030959752323,0.5379256965944272,0.5804566563467491,0.5356037151702787,0.6346362229102166,0.5340557275541796,0.6886609907120744,0.532546439628483,0.7366486068111455,0.532546439628483,0.7846362229102165,0.532546439628483,0.8249613003095975,0.532546439628483,0.8590170278637771,0.532546439628483,0.8922600619195048,0.532546439628483,0.9154798761609907,0.532546439628483,0.9386996904024768,0.532546439628483,0.9582043343653251,0.5297600619195048,0.9752321981424148,0.5251160990712075,0.9907120743034058,0.5196981424148608,0.9953560371517028,0.5088622291021673,1.0,0.49802631578947376,0.9965944272445821,0.48215944272445815,0.9888544891640868,0.4635835913312693,0.9797600619195046,0.4439241486068113,0.9642801857585142,0.4191563467492261,0.9488003095975234,0.3943885448916409,0.9300696594427246,0.36853715170278645,0.9099458204334366,0.34222136222910227,0.8891253869969042,0.31625386996904037,0.8659055727554181,0.29148606811145517,0.8426857585139319,0.26671826625386996,0.8159829721362232,0.24311145510835933,0.7881191950464398,0.21989164086687313,0.7611068111455109,0.19752321981424156,0.7363390092879257,0.1773993808049536,0.7115712074303407,0.15727554179566577,0.6892801857585139,0.14086687306501536,0.6676083591331269,0.12538699690402486,0.6479489164086688,0.11091331269349856,0.6324690402476781,0.09852941176470587,0.6169891640866874,0.08614551083591337,0.6054566563467492,0.07507739938080492,0.5946207430340558,0.06424148606811143,0.5849458204334366,0.05456656346749229,0.5772058823529412,0.046826625386996876,0.5694659442724458,0.039086687306501576,0.5631191950464397,0.03273993808049542,0.5569272445820435,0.026547987616099066,0.5513931888544892,0.021013931888544946,0.5467492260061919,0.016369969040247654,0.5421052631578948,0.011726006191950472,0.5389318885448916,0.008552631578947395,0.5358359133126935,0.005456656346749219,0.5327399380804954,0.003095975232198122,0.5296439628482971,0.001547987616099061,0.5265479876160991,0.0
Triangle,0.44020677303809835,0.040296320416802346,0.44020677303809835,0.038627482904591344,0.44020677303809835,0.03695864539238035,0.43922989254314554,0.03626668837512211,0.4375610550309346,0.03626668837512211,0.43617714099641813,0.03626668837512211,0.43617714099641813,0.03626668837512211,0.43617714099641813,0.03626668837512211,0.43491533702377083,0.03752849234776949,0.4332464995115597,0.039197329859980486,0.43157766199934877,0.04143601432758057,0.4299088244871378,0.04477368935200262,0.42823998697492666,0.04811136437642461,0.4265711494627157,0.05299576685118856,0.42490231195050476,0.0580022793878216,0.4215239335721264,0.06728264408987303,0.4165174210354934,0.08063334418756106,0.4093943340931292,0.09642624552263106,0.3826929338977533,0.13480950830348426,0.3559915337023771,0.17319277108433734,0.3167535004884402,0.22639205470530785,0.271694887658743,0.28647020514490396,0.22753174861608602,0.3469960924780201,0.18581081081081072,0.4087430804298276,0.14408987300553563,0.4704900683816346,0.11234125691957027,0.5208401172256593,0.0823021816997721,0.5692364050797786,0.056659068707261485,0.611771409964181,0.03663301856072953,0.6468169977206121,0.016891891891891914,0.6815776619993485,0.008547704330836875,0.7049413871703029,0.00020351676978183582,0.7283051123412568,0.0,0.7465809182676652,0.0050065125366330464,0.7616004558775643,0.012943666558124414,0.7749918593292088,0.03296971670465648,0.7816672093780528,0.05299576685118867,0.7883425594268967,0.08604689026375777,0.7937154021491372,0.12276131553239993,0.7987219146857703,0.1625284923477695,0.8031178769130577,0.20758710517746679,0.8064555519374798,0.25264571800716373,0.8097932269619016,0.31040377727124724,0.8115434711820253,0.3688130901986325,0.8132123086942362,0.43169977206121773,0.8184630413546075,0.49845327254965827,0.8268072289156626,0.5647997394985349,0.8347443829371541,0.6282155649625527,0.839750895473787,0.6916313904265711,0.84475740801042,0.7456040377727126,0.8485835232823182,0.7956691631390426,0.8519211983067404,0.8413383262780854,0.854770433083686,0.8763839140345164,0.8564392705958971,0.9114295017909476,0.858108108108108,0.9376831650928036,0.8539156626506023,0.9627157277759686,0.8489091501139692,0.9807880169325952,0.8392624552263106,0.9908010420058613,0.8242429176164114,1.0,0.8088977531748616,0.9933246499511558,0.7872028655161184,0.986649299902312,0.7655079778573756,0.9746825138391403,0.7385216541843047,0.9596629762292411,0.7084825789645066,0.9428117876913058,0.677710843373494,0.9194480625203518,0.6443340931292738,0.8960843373493975,0.6109573428850537,0.8727206121784437,0.5762373819602735,0.8493568870074893,0.5411917942038424,0.8266444154998371,0.5061462064474112,0.8049495278410941,0.47110061869098024,0.7832546401823511,0.436055030934549,0.7615597525236079,0.4026375773363725,0.7398648648648649,0.36926082709215224,0.7191061543471183,0.3377564311299251,0.6990801042005862,0.3077173559101269,0.6797867144252686,0.27841094106154335,0.6647671768153697,0.25337837837837834,0.6497476392054705,0.22834581569521326,0.6347281015955714,0.20575545424943015,0.6197085639856725,0.18406056659068715,0.6046890263757734,0.16342396613480933,0.5896694887658744,0.14506675350048845,0.5746499511559753,0.12670954086616742,0.5581243894496905,0.11136437642461729,0.5414360143275806,0.09634483881471832,0.5255617062845979,0.08376750244220127,0.5105421686746987,0.07375447736893512,0.4957668511885378,0.06374145229566915,0.48408498860306104,0.05372842722240316,0.4724031260175838,0.043715402149137016,0.46182025398892873,0.03590035818951481,0.45180722891566266,0.02922500814067082,0.4422012373819602,0.022956691631390393,0.43385704982090506,0.017950179094757403,0.42551286225985013,0.012943666558124414,0.41855258873331147,0.009321068056007851,0.41187723868446774,0.005983393031585744,0.4058938456528819,0.0033376750244219927,0.4008873331162488,0.0016688375122109963,0.39588082057961577,0.0
Triangle,0.4215819800942902,0.017286537454164485,0.4215819800942902,0.015435655666142828,0.4215819800942902,0.013829229963331587,0.4215819800942902,0.013829229963331587,0.4215819800942902,0.013829229963331587,0.4215819800942902,0.013829229963331587,0.4215819800942902,0.014562598218962828,0.4215819800942902,0.016413480006984435,0.42060415575344856,0.019242186135847744,0.41875327396542694,0.022943949711891055,0.4181246726034573,0.026645713287934365,0.4181246726034573,0.030347476863977627,0.4181246726034573,0.03404924044002094,0.4181246726034573,0.037751004016064245,0.41641348000698447,0.04487515278505325,0.41403876375065474,0.05311681508643272,0.4029334730225249,0.07532739654269253,0.38589139165357084,0.10277632268203245,0.3433211105290728,0.1527501309586171,0.296595075955998,0.20687969268377857,0.24106862231534823,0.26980967347651486,0.1897328444211629,0.33273965426925095,0.14346079972062156,0.3956696350619871,0.10476689366160297,0.45210406844770384,0.07145102147721326,0.5039287585123101,0.046097433211105224,0.5451370700192072,0.02388685175484546,0.5821547057796403,0.011105290728129932,0.6097433211105291,0.0,0.6356556661428322,0.0016064257028112906,0.6506722542343286,0.004924044002095379,0.6642221058145626,0.019731098306268523,0.6679238693906058,0.03953204120831145,0.6702636633490482,0.07469879518072295,0.6684127815610267,0.11335777894185425,0.6665618997730051,0.15777894185437397,0.6647110179849834,0.21351492928234686,0.6638030382399162,0.28014667365112644,0.6638030382399162,0.35390256678889453,0.6661777544962459,0.43163960188580414,0.6698795180722891,0.5136720796228393,0.6764449100750831,0.5969617600838134,0.6838484372271695,0.6752226296490309,0.6895756940806707,0.7522612187881963,0.6950584948489611,0.8114894360048893,0.6987602584250044,0.8675746464117337,0.701833420639078,0.9082940457482102,0.701833420639078,0.9456609044875153,0.7007159071066875,0.9752750130958616,0.6970141435306444,0.994447354635935,0.6900995285489786,1.0,0.6789942378208486,0.9950759559979047,0.6626506024096384,0.9821197834817532,0.6422909027414003,0.9627029858564693,0.6167627029858564,0.9404924044002096,0.5889994761655317,0.9121354985158022,0.5550899249170594,0.8825213899074559,0.5199231709446482,0.8493452069146148,0.4811943425877423,0.8162039462196611,0.4421512135498515,0.7847389558232931,0.4014318142133753,0.7536930330015713,0.361131482451545,0.7240789243932252,0.32226296490309075,0.6944648157848787,0.284057971014493,0.6648507071765323,0.24704033525405975,0.6388685175484548,0.21183865898376106,0.6166579360921947,0.17852278679937136,0.5909900471451022,0.1498166579360921,0.563226820324777,0.12390431290378885,0.5410511611664047,0.10078575170246214,0.5206914614981666,0.07857517024620227,0.5019731098306269,0.06292998079273618,0.4835341365461847,0.048192771084337345,0.4687270822420115,0.03708748035620741,0.45447878470403347,0.02654094639427271,0.4433734939759034,0.01913741924218609,0.4327920377160817,0.012781561026715576,0.4235376287759735,0.009079797450672266,0.41581980094290194,0.00614632442814735,0.41026715557883703,0.004295442640125695,0.40572725685350086,0.00244456085210404,0.4020254932774577,0.0005936790640824334,0.3983237297014143,0.0,0.39462196612537104,0.0,0.39242186135847745,0.0015016588091496356,0.3905709795704557,0.003352540597171291,0.388720097782434,0.005203422385192946,0.38686921599441243,0.006914614981665793,0.3850183342063908,0.006914614981665793,0.3831674524183691,0.006914614981665793,0.3813165706303474,0.006914614981665793,0.3794656888423258,0.006914614981665793,0.37761480705430417,0.006914614981665793,0.3766369827134625,0.006914614981665793,0.3766369827134625,0.006914614981665793,0.3766369827134625,0.006914614981665793,0.3766369827134625,0.006914614981665793,0.3766369827134625,0.006914614981665793,0.3766369827134625,0.006914614981665793,0.3766369827134625,0.006914614981665793,0.3766369827134625,0.006914614981665793
Triangle,0.4176650877681806,0.06436333240456953,0.4176650877681806,0.06436333240456953,0.4176650877681806,0.06436333240456953,0.4176650877681806,0.06436333240456953,0.4176650877681806,0.06436333240456953,0.4176650877681806,0.06436333240456953,0.4176650877681806,0.06436333240456953,0.4176650877681806,0.06436333240456953,0.4176650877681806,0.06436333240456953,0.4176650877681806,0.06436333240456953,0.4176650877681806,0.06436333240456953,0.4176650877681806,0.06436333240456953,0.4176650877681806,0.06436333240456953,0.4176650877681806,0.06436333240456953,0.4176650877681806,0.06436333240456953,0.4176650877681806,0.06436333240456953,0.4176650877681806,0.06436333240456953,0.41744837621126296,0.06501346707532273,0.4159933129005294,0.06937865700752296,0.4137333209498158,0.0743630228166311,0.39336243459954806,0.09327884585616544,0.3729915482492802,0.11219466889569985,0.3308256710318567,0.1556298566607845,0.28717377170985425,0.2007368192935203,0.23265533574811925,0.26274728336584013,0.17590786662951616,0.3282251323488437,0.13179158539983274,0.3863347883966442,0.09250487601003067,0.44162719420451385,0.06040060679235944,0.4870437447757035,0.03275440388842448,0.5263304541655058,0.013281322559673105,0.5596730751369927,0.0016408160738057677,0.5873192780409277,0.0,0.6073186588650505,0.013095569796600749,0.6160490387294512,0.033125909414569284,0.6213120336831677,0.06950249218290462,0.618401907061701,0.10977988297575916,0.6143772638617999,0.16652735209436262,0.6056468839973995,0.223770161914492,0.5971641744837621,0.28633788427602874,0.5913439212408285,0.3489056066375654,0.5855236679978948,0.41574564254976615,0.5811275192718492,0.48267855484350364,0.576762329339649,0.5458035354942573,0.5749357605027707,0.608371257855794,0.5734806971920373,0.6675954304820284,0.5742546670381723,0.7257979629113648,0.5757097303489056,0.7772824370762517,0.5790842388780534,0.8252995263304546,0.5834494288102536,0.8652673291848549,0.5870096901024737,0.8987337853317234,0.5899198167239404,0.9276492987833194,0.592179808674654,0.9509303117550543,0.5936348719853876,0.9717346212191574,0.5940992538930684,0.9877403176372248,0.592644190582335,1.0,0.5901674870747036,1.0,0.5843472338317699,0.9988854834215659,0.5775982167734744,0.9901551035571653,0.5645026469768738,0.9812389709296926,0.5512832420048916,0.9637782112008918,0.5323674189653572,0.9463174514720907,0.5134515959258228,0.9208693229311784,0.4905420884802328,0.8946781833379771,0.46726107550849816,0.8661341754125259,0.44162719420451374,0.8370329091978579,0.41543605461131233,0.8079316429831894,0.38822327482121305,0.7788303767685212,0.360577071917278,0.7514628030091949,0.3329308690133431,0.7252716634159934,0.30528466610940846,0.699080523822792,0.2783505154639176,0.6728893842295905,0.2521593758707162,0.646140986347172,0.22652549456673177,0.6184947834432372,0.2017894182842638,0.5916535091792822,0.17826073496176575,0.5669174328968142,0.157889848611498,0.5431720380173988,0.1380143029627565,0.5242562149778645,0.12055354323395555,0.5055261447014023,0.10327853626822697,0.48952044828333496,0.08872790316089285,0.4735147518652674,0.07417727005355873,0.46029534689328516,0.0638060741153525,0.44719977709668435,0.053620630940218614,0.4378192625615308,0.0446735395189004,0.4290888826971301,0.0359431596544998,0.4203585028327296,0.029379895359276768,0.4116281229683292,0.02355964211634312,0.40475527073465223,0.018668152688771256,0.39893501749171856,0.01430296275657102,0.39388873409491976,0.010711742670505557,0.38952354416271945,0.007801616049038734,0.38515835423051925,0.005510665304479721,0.380793164298319,0.004055601993746352,0.3768923562737996,0.0026005386830128966,0.3739822296523327,0.001145475372279485,0.3713816909693199,0.0,0.3699266276585865,0.0,0.36847156434785305,0.0,0.3670165010371196,0.0,0.3655614377263862,0.0
Triangle,0.49230769230769234,0.0,0.4906604506604507,0.0,0.48923076923076925,0.0,0.48923076923076925,0.0,0.48923076923076925,0.0,0.48923076923076925,0.0,0.48923076923076925,0.0,0.48923076923076925,0.0,0.48836052836052835,0.0,0.48671328671328673,0.0,0.4839782439782439,0.00217560217560215,0.48068376068376073,0.005470085470085451,0.47608391608391604,0.010069930069930094,0.47114219114219114,0.015011655011655,0.4646775446775447,0.022999222999222996,0.4576223776223776,0.03179487179487182,0.4427972027972028,0.04991452991452994,0.42579642579642585,0.07083139083139078,0.39944055944055945,0.1037762237762238,0.36938616938616947,0.1409479409479409,0.3314996114996115,0.18707070707070714,0.2928671328671329,0.23617715617715615,0.2533333333333333,0.288888888888889,0.21379953379953376,0.3416006216006216,0.17426573426573433,0.39431235431235423,0.13827505827505826,0.44466200466200473,0.1036829836829837,0.494079254079254,0.0774825174825175,0.530909090909091,0.052773892773892786,0.5655011655011654,0.03614607614607612,0.5903962703962704,0.020233100233100196,0.6141724941724942,0.008702408702408687,0.6306449106449107,0.0,0.6442890442890442,0.0,0.6492307692307693,0.0037296037296037044,0.6516860916860917,0.013613053613053606,0.6500388500388501,0.027692307692307693,0.6458741258741257,0.045811965811965887,0.6392851592851594,0.06921522921522917,0.6305827505827506,0.09557109557109558,0.6206993006993008,0.12829836829836835,0.6108158508158508,0.1628904428904428,0.6009324009324011,0.2004662004662004,0.5910489510489512,0.23853923853923859,0.5812276612276612,0.28136752136752147,0.572991452991453,0.32475524475524464,0.565034965034965,0.3708780108780108,0.5584459984459986,0.41749805749805763,0.5523543123543123,0.46526806526806513,0.5474125874125874,0.5123232323232322,0.543900543900544,0.5584459984459986,0.5422533022533021,0.6064335664335665,0.5415384615384615,0.6558508158508157,0.5415384615384615,0.7029681429681428,0.5438383838383837,0.749090909090909,0.5471328671328671,0.7911111111111114,0.5490598290598291,0.8322921522921523,0.5507070707070707,0.8687179487179488,0.5523543123543123,0.903869463869464,0.5538461538461539,0.9285780885780884,0.5538461538461539,0.9517948717948719,0.5527272727272727,0.9699145299145298,0.5477855477855477,0.985081585081585,0.541072261072261,0.994965034965035,0.5311888111888112,1.0,0.5188811188811189,1.0,0.504055944055944,0.9948717948717948,0.48717948717948706,0.9866355866355866,0.4690598290598289,0.9746697746697748,0.4496969696969698,0.9614918414918415,0.42993006993007,0.9439316239316241,0.40870240870240876,0.9258119658119659,0.3872571872571872,0.9076923076923077,0.36419580419580416,0.889075369075369,0.34113442113442105,0.8676612276612276,0.31807303807303794,0.8457808857808857,0.29547785547785554,0.8227195027195028,0.27406371406371416,0.7996581196581197,0.25333333333333335,0.7765967365967366,0.23356643356643356,0.7544366744366744,0.21379953379953376,0.733022533022533,0.19403263403263396,0.7104895104895104,0.17650349650349637,0.6874281274281275,0.16003108003108013,0.6630303030303031,0.14489510489510496,0.6383216783216784,0.1300699300699301,0.6167210567210567,0.1167987567987568,0.5956798756798757,0.10374514374514372,0.5792074592074592,0.09221445221445217,0.563076923076923,0.08102564102564097,0.5482517482517483,0.07114219114219116,0.5345454545454547,0.06181818181818183,0.523014763014763,0.05358197358197362,0.5122610722610722,0.04612276612276612,0.5023776223776223,0.03953379953379952,0.4924941724941725,0.03393939393939394,0.4826107226107226,0.028997668997668948,0.47393939393939405,0.025268065268065288,0.46570318570318575,0.021973581973581985,0.4603263403263404,0.020108780108780113,0.4553846153846154,0.018461538461538463
Triangle,0.41691842900302106,0.026586102719033226,0.41691842900302106,0.026586102719033226,0.41691842900302106,0.026586102719033226,0.41691842900302106,0.026586102719033226,0.41691842900302106,0.026586102719033226,0.41691842900302106,0.026586102719033226,0.41691842900302106,0.026586102719033226,0.41691842900302106,0.026586102719033226,0.41812688821752264,0.025377643504531682,0.41993957703927476,0.023564954682779457,0.42175226586102715,0.023262839879154073,0.4235649546827794,0.023262839879154073,0.4235649546827794,0.023262839879154073,0.4235649546827794,0.023262839879154073,0.4235649546827794,0.023262839879154073,0.4235649546827794,0.023262839879154073,0.4235649546827794,0.023262839879154073,0.4235649546827794,0.023262839879154073,0.4235649546827794,0.023262839879154073,0.4235649546827794,0.023262839879154073,0.4235649546827794,0.023262839879154073,0.42205438066465256,0.026283987915407838,0.4202416918429002,0.02990936555891238,0.41842900302114794,0.03897280966767368,0.4141993957703927,0.05015105740181264,0.39788519637462233,0.07190332326283982,0.37492447129909384,0.10030211480362518,0.3386706948640482,0.14199395770392742,0.2978851963746224,0.18912386706948625,0.2525679758308158,0.24169184290030193,0.2084592145015106,0.29546827794561925,0.1649546827794564,0.34984894259818694,0.12598187311178263,0.39969788519637445,0.08791540785498492,0.4486404833836857,0.06072507552870106,0.4867069486404831,0.035045317220543847,0.5229607250755285,0.016918429003021342,0.5501510574018124,0.0036253776435046336,0.5743202416918427,0.0,0.5924471299093653,0.0036253776435045395,0.6051359516616311,0.014501510574018158,0.6123867069486403,0.0338368580060423,0.6148036253776433,0.05740181268882167,0.6148036253776433,0.0930513595166162,0.6102719033232626,0.1311178247734139,0.6048338368580058,0.17280966767371586,0.6012084592145014,0.21480362537764341,0.5978851963746222,0.2583081570996976,0.59607250755287,0.3054380664652565,0.5948640483383684,0.3598187311178247,0.5948640483383684,0.4169184290030207,0.5966767371601206,0.47673716012084566,0.6003021148036252,0.5377643504531717,0.6063444108761327,0.5993957703927486,0.6135951661631418,0.6564954682779454,0.6208459214501508,0.7126888217522653,0.62809667673716,0.7688821752265859,0.6371601208459213,0.822658610271903,0.6456193353474318,0.8643504531722049,0.6510574018126886,0.901812688821752,0.6558912386706948,0.9308157099697884,0.6595166163141991,0.955287009063444,0.6604229607250754,0.9752265861027185,0.6586102719033231,0.9891238670694861,0.6519637462235648,1.0,0.6429003021148035,0.998791540785498,0.6247734138972808,0.9951661631419938,0.6048338368580058,0.9806646525679756,0.5776435045317221,0.964954682779456,0.5498489425981874,0.9432024169184289,0.5190332326283988,0.9202416918429003,0.4876132930513595,0.8948640483383686,0.4549848942598187,0.8685800604229609,0.42235649546827814,0.8413897280966768,0.38972809667673736,0.8141993957703928,0.3570996978851965,0.7870090634441086,0.32447129909365563,0.7598187311178248,0.2933534743202417,0.7326283987915406,0.2625377643504531,0.7072507552870091,0.23534743202416947,0.6815709969788519,0.20845921450151078,0.654380664652568,0.18308157099697892,0.6283987915407854,0.15891238670694868,0.604833836858006,0.13716012084592144,0.5839879154078552,0.1172205438066467,0.5658610271903324,0.09909365558912402,0.5489425981873112,0.0833836858006043,0.5326283987915409,0.06888217522658616,0.5178247734138972,0.05740181268882176,0.503323262839879,0.046525679758308146,0.49063444108761334,0.03927492447129916,0.47824773413897276,0.03232628398791542,0.46737160120845916,0.02688821752265861,0.4570996978851963,0.02145015105740185,0.448036253776435,0.016012084592144992,0.4398791540785499,0.01148036253776439,0.4326283987915408,0.00785498489425985,0.42658610271903324,0.005438066465256809,0.4211480362537764,0.0036253776435045395,0.41722054380664647,0.0018126888217522698,0.4135951661631419,0.0
Triangle,0.4686063569682151,0.0,0.4686063569682151,0.0,0.4686063569682151,0.0,0.4686063569682151,0.0,0.46733496332518326,0.0,0.4645965770171149,0.0,0.46376528117359406,0.0,0.46376528117359406,0.0,0.46122249388753056,0.002542787286063573,0.458484107579462,0.005721271393642988,0.4557457212713935,0.011198044009779994,0.45300733496332524,0.01775061124694372,0.4502689486552567,0.025965770171149122,0.44581907090464534,0.037603911980440066,0.4403422982885085,0.051295843520782335,0.42078239608801954,0.0720293398533007,0.39936430317848415,0.09442542787286055,0.38293398533007333,0.12180929095354524,0.3629828850855745,0.1518337408312959,0.33559902200489,0.18743276283618576,0.3066992665036675,0.22454767726161373,0.2765770171149143,0.26288508557457213,0.24860635696821506,0.3012224938875306,0.2212224938875305,0.339559902200489,0.19383863080684596,0.37789731051344727,0.1671393643031784,0.4155501222493887,0.14249388753056239,0.4511491442542786,0.11784841075794625,0.4854278728606357,0.09320293398532996,0.518288508557457,0.07051344743276278,0.5491931540342299,0.048606356968215164,0.5793154034229828,0.034474327628361875,0.6068459657701711,0.021271393643031836,0.632762836185819,0.010317848410757963,0.6519315403422982,0.0027383863080683996,0.6688508557457212,0.0,0.6825427872860635,0.0007823960880195821,0.6927139364303178,0.003520782396087982,0.7009290953545232,0.018239608801955957,0.7019559902200488,0.03555012224938866,0.7016625916870415,0.06019559902200481,0.6989242053789732,0.08762836185819058,0.6952567237163815,0.1204889975550122,0.6897799511002444,0.15647921760391187,0.6843031784841076,0.1948166259168703,0.6788264058679705,0.2353545232273838,0.6733496332518337,0.2767237163814181,0.6679706601466993,0.3260146699266501,0.6652322738386307,0.3738386308068457,0.6624938875305623,0.4176528117359412,0.6597555012224938,0.46283618581907066,0.6570171149144255,0.5093887530562347,0.6542787286063569,0.5579462102689485,0.6555501222493886,0.6072371638141808,0.6582885085574571,0.6565281173594129,0.6610268948655257,0.7058190709046454,0.6637652811735941,0.7551100244498774,0.6665036674816625,0.8020537897310512,0.669242053789731,0.8458679706601467,0.6719804400977994,0.884254278728606,0.6747188264058678,0.9198533007334961,0.6774572127139363,0.9456723716381418,0.6777506112469437,0.9692909535452325,0.6770660146699266,0.9857212713936429,0.6715892420537897,0.9972616136919314,0.6641564792176039,1.0,0.65320293398533,0.9930562347188265,0.6390220048899757,0.9793643031784841,0.6225916870415649,0.9634229828850857,0.6016625916870415,0.9471393643031785,0.5794621026894865,0.9334474327628364,0.5520782396088021,0.9189731051344744,0.5246943765281173,0.9025427872860634,0.4973105134474328,0.8846943765281171,0.46850855745721265,0.8655256723716381,0.43838630806845985,0.8463569682151589,0.4082640586797068,0.8271882640586795,0.37814180929095353,0.8053300733496331,0.3480195599022003,0.7828361858190712,0.3190709046454769,0.7581907090464549,0.2944254278728606,0.7335452322738386,0.26977995110024444,0.7088997555012226,0.24513447432762855,0.6861124694376528,0.2242053789731053,0.6642053789731052,0.20503667481662596,0.6373105134474328,0.18836185819070903,0.6107090464547679,0.1723227383863082,0.5888019559902201,0.15863080684596587,0.5689486552567238,0.14493887530562347,0.5525183374083128,0.13124694376528112,0.5394132029339853,0.11921760391198051,0.5284596577017114,0.10826405867970665,0.519804400977995,0.09960880195599023,0.5115892420537896,0.09158924205378971,0.5033740831295843,0.08611246943765284,0.495158924205379,0.08146699266503664,0.4869437652811735,0.07872860635696824,0.48019559902200476,0.07599022004889977,0.47471882640586793,0.0732518337408313,0.4692420537897309,0.0726161369193154,0.46376528117359406,0.0726161369193154
Triangle,0.4605336026321791,0.05160113366126984,0.4605336026321791,0.05160113366126984,0.4605336026321791,0.05160113366126984,0.4605336026321791,0.05160113366126984,0.4605336026321791,0.05160113366126984,0.4605336026321791,0.05160113366126984,0.4605336026321791,0.05160113366126984,0.4605336026321791,0.05160113366126984,0.4605336026321791,0.05160113366126984,0.4605336026321791,0.05160113366126984,0.4605336026321791,0.05160113366126984,0.4605336026321791,0.05160113366126984,0.4605336026321791,0.05160113366126984,0.4605336026321791,0.05160113366126984,0.4605336026321791,0.05160113366126984,0.4605336026321791,0.05160113366126984,0.4605336026321791,0.05160113366126984,0.4605336026321791,0.05225266312668988,0.4605336026321791,0.05570576929341628,0.45831840244975086,0.06192787568817802,0.451412190116298,0.07401374727172036,0.4351239534807962,0.09313613708179952,0.40749910414698504,0.1207609864156107,0.3697755480991628,0.15747467179203178,0.3248851679317198,0.20063849887611163,0.273805257842786,0.2499918558816822,0.22028211225852695,0.30178844838257807,0.17262273186304847,0.34918721699188854,0.12600579861224226,0.3958041502426947,0.09294067824217349,0.43225722383294796,0.06130892269602884,0.4671466267061929,0.0388637326123074,0.4913183698732775,0.018959507443724134,0.51379613643027,0.006873635860181744,0.5310616672639021,0.0,0.5463726097012738,0.0017265530833631526,0.5584584812848161,0.011369189171580241,0.5652669641984559,0.02863472000521232,0.5669935172818192,0.05365345147734299,0.5653972700915398,0.08300485389451737,0.5619441639248136,0.11903443333224754,0.557155422353976,0.15701860116623764,0.5519757631038863,0.20438479330227705,0.5483597745708049,0.2528585855295306,0.5449066684040786,0.3046551780304266,0.5414535622373523,0.35703814705020026,0.5382936443300648,0.4122878457178226,0.5365670912467017,0.46962243867478926,0.5364042088803467,0.5317783496758639,0.539857315047073,0.5939342606769392,0.5448089389842655,0.6560901716780141,0.5517151513177183,0.715314200084699,0.5595986578493012,0.7722904518356842,0.5682314232661172,0.8244453855425612,0.5744535296608789,0.8745154249600939,0.5796331889109686,0.9116851809623092,0.5833794833371341,0.9462162426295729,0.5868325895038604,0.9707789034759099,0.5853014952601232,0.9931589406130892,0.5829234127113399,0.9983385998631789,0.5742906472945238,1.0,0.5640942111606997,0.9896406814998211,0.5485552334104311,0.9755676450467474,0.530540443691566,0.9548490080463891,0.5080952536078445,0.9265074763006158,0.4822621103039385,0.8902498615499885,0.4529107078867642,0.8572173176531908,0.42355930546958986,0.826139362152653,0.3942079030524153,0.7937583477212757,0.3635534417044013,0.7609538391373751,0.3324754862038637,0.7296804247972114,0.30139753070332614,0.6985373163501319,0.2703521516760596,0.664006254682868,0.24100074925888515,0.629735804801772,0.21217057041404688,0.5969312962178712,0.18627227416359887,0.5660813760302312,0.16086262501221626,0.5401830797797832,0.1366908818451316,0.5150014659412973,0.11395250350197092,0.49082972277421244,0.09323386650161254,0.46854741505684594,0.07534938267583151,0.4478287780564875,0.05981040492556272,0.4306284001693976,0.04778968628856234,0.415089422419129,0.03743036778838329,0.40235202137016646,0.0298726259895104,0.39026614978662416,0.02296641365605761,0.3798091018666319,0.017689024986155,0.3697103951526208,0.012639671629149422,0.362804182819168,0.009186565462423024,0.35625631169169625,0.006091800501677679,0.3510766524416067,0.004365247418314526,0.3464833697103951,0.0026386943349512816,0.34303026354366883,0.0009121412515880833,0.34039156920871755,0.0,0.3386650161253542,0.0,0.33693846304199104,0.0,0.33521190995862793,0.0,0.33348535687526476,0.0,0.3317588037919015,0.0,0.3315307684790045,0.0,0.3315307684790045,0.0
Triangle,0.5155644308704334,0.031011394338071183,0.5155644308704334,0.031011394338071183,0.5155644308704334,0.031011394338071183,0.5155644308704334,0.031011394338071183,0.5155644308704334,0.031011394338071183,0.5139198872312932,0.031011394338071183,0.5120404087865617,0.031011394338071183,0.5101609303418302,0.031011394338071183,0.5082814518970985,0.031011394338071183,0.5078115822859156,0.031011394338071183,0.5078115822859156,0.031011394338071183,0.5078115822859156,0.031011394338071183,0.5078115822859156,0.031011394338071183,0.5078115822859156,0.031011394338071183,0.5078115822859156,0.031011394338071183,0.5067543756607542,0.031011394338071183,0.5048748972160224,0.031011394338071183,0.5029954187712908,0.031951133560437,0.5011159403265593,0.033830612005168535,0.4984141900622576,0.03982144954775053,0.4946552331727946,0.05109832021614004,0.48243862328203924,0.07012803946904735,0.4561259250557968,0.1020791730294844,0.42217784564783256,0.14107835075766478,0.3714319276400798,0.1955832256548808,0.31927640079877834,0.25290731821919415,0.2628920474568308,0.3186890637847996,0.20897450957359318,0.38341360272524383,0.1657465053447668,0.4435569129566545,0.12416304475508046,0.5013508751321508,0.09409138963937498,0.5426994009162458,0.06460707153764826,0.5832256548807706,0.04393280864560082,0.6114178315517443,0.023258545753553385,0.6396100082227181,0.011981675085163877,0.6602842711147655,0.0007048044167743651,0.6809585340068129,0.0,0.6928227416891812,0.0,0.7040996123575707,0.008222718195700706,0.7071537648302596,0.017620110419358632,0.709033243274991,0.03465288382473868,0.7078585692470339,0.05344766827205453,0.7059790908023023,0.07929049688711376,0.7012803946904734,0.10748267355808759,0.6956419593562785,0.14342769881357945,0.6887113825913307,0.1828967461529427,0.6811934688124046,0.227064489604135,0.6748502290614355,0.2740514507224246,0.6692117937272406,0.32315282509103727,0.6646305650182073,0.3738987430987901,0.6608716081287442,0.42558440032890865,0.6580523904616468,0.478209796781393,0.6561729120169152,0.5324797368730176,0.6551157053917537,0.5888640902149654,0.6551157053917537,0.6445436391401387,0.6558205098085281,0.6990485140373547,0.6576999882532595,0.7523787149066135,0.6595794666979912,0.8031246329143662,0.6614589451427227,0.8501115940326559,0.6633384235874544,0.8858216844825559,0.6652179020321861,0.9194173616821334,0.6663925760601431,0.9438505814636438,0.6645130976154117,0.9673440620227887,0.6621637495594972,0.9842593680253727,0.6565253142253025,1.0,0.6505344766827205,0.9981205215552683,0.6392576060143308,0.9962410431105367,0.6279807353459415,0.9887231293316103,0.6091859508986256,0.981205215552684,0.5903911664513097,0.9684012686479503,0.5663103488781863,0.955244919534829,0.5418771290966757,0.9371549395042874,0.5141548220368849,0.9183601550569717,0.48596264536591105,0.9026195230823444,0.4562433924585924,0.8875836955244916,0.4261717373428871,0.8711382591330903,0.394690473393633,0.8542229531305062,0.3627393398331961,0.8347233642664159,0.3320803477035121,0.8140491013743685,0.3020086925878067,0.7910254904264064,0.27311171150005864,0.7665922706448959,0.24491953482908482,0.7421590508633853,0.21884177140843408,0.7177258310818746,0.19440855162692353,0.6951720897450958,0.17091507106777867,0.6744978268530482,0.14836132973099966,0.655468107600141,0.12745213203336084,0.6385528015975566,0.10865734758604487,0.623047104428521,0.09056736755550338,0.6098907553153997,0.0736520615529189,0.5979090802302359,0.05849876659227054,0.588511688006578,0.04722189592388103,0.5795841653941031,0.03688476447785734,0.5720662516151767,0.029366850698930996,0.5649007400446375,0.02220133912839184,0.5592623047104428,0.016562903794197083,0.553623869376248,0.011159403265593783,0.5479854340420534,0.0074004463761306125,0.5424644661106542,0.00375895688946317,0.5387055092211911,0.001879478444731585,0.5349465523317279,0.0
Triangle,0.41416054937248403,0.0,0.41416054937248403,0.0,0.41416054937248403,0.0,0.41416054937248403,0.0,0.41416054937248403,0.0,0.41416054937248403,0.0,0.41416054937248403,0.0,0.41416054937248403,0.0,0.41416054937248403,0.0,0.41416054937248403,0.0,0.41416054937248403,0.0,0.41416054937248403,0.0,0.41416054937248403,0.0,0.41416054937248403,0.0,0.41416054937248403,0.0,0.41416054937248403,0.0,0.41416054937248403,0.0,0.41416054937248403,0.0,0.41416054937248403,0.0,0.41416054937248403,0.0,0.4129765569500355,0.004735969689794009,0.4109637698318731,0.012787118162443791,0.3985318493961639,0.03125739995264025,0.3804167653327019,0.055410845370589594,0.34383139947904334,0.09661378167179727,0.29955008287946955,0.14492067250769597,0.2506511958323466,0.20400189438787594,0.2003315178782856,0.26639829505091156,0.158299786881364,0.3238219275396637,0.11804404451811511,0.3801799668482121,0.08844423395690275,0.425882074354724,0.06026521430262851,0.4701633909542978,0.03966374615202464,0.5011839924224484,0.01953587497040019,0.5313757991948852,0.009471939379587962,0.5535164574946722,0.0,0.5750651195832347,0.0,0.5871418422922093,0.001420790906938125,0.5985081695477149,0.013497513615912797,0.6045465309022023,0.027350224958560265,0.610229694529955,0.04949088325834716,0.6142552687662798,0.07399952640303102,0.6178072460336254,0.10620412029363015,0.6198200331517878,0.14196069145157475,0.6218328202699502,0.18624200805114832,0.6238456073881128,0.2340753019180675,0.6258583945062752,0.2884205541084536,0.6278711816244376,0.3452521903859815,0.6307127634383141,0.4056358039308547,0.634738337674639,0.46791380535164573,0.637816717973005,0.532322993132844,0.6398295050911674,0.5956665877338386,0.6461046649301445,0.6580629883968743,0.6561686005209567,0.7192753966374612,0.6709685058015628,0.7796590101823346,0.6890835898650249,0.8309258820743546,0.7045938905991,0.8772199857920909,0.7186834004262372,0.9135685531612597,0.7299313284394979,0.9457731470518589,0.7399952640303101,0.9702817901965429,0.7454416291735732,0.9924224484963297,0.7494672034098984,0.9979872128818376,0.7435472412976557,1.0,0.7354960928250059,0.9966848212171443,0.7203409898176653,0.9926592469808191,0.7042386928723656,0.9734785697371539,0.6786644565474783,0.9533506985555292,0.6524982240113664,0.92919725313758,0.6182808430026048,0.9046886099928961,0.5838266635093535,0.8744968032204592,0.545583708264267,0.844778593417002,0.5075775515036702,0.8186123608808903,0.47134738337674625,0.7920909306180437,0.4347620175230877,0.7639119109637702,0.3965190622780017,0.7357328913094959,0.3587497040018946,0.7075538716552215,0.3225195358749707,0.6787828557897231,0.28688136395927094,0.6485910490172863,0.2526639829505093,0.6183992422448498,0.21986739284868592,0.588207435472413,0.18967558607624918,0.5613308074828322,0.16114136869524037,0.5391901491830452,0.13497513615912865,0.5208382666350936,0.11165048543689321,0.5067487568079564,0.09152261425526875,0.4883968742600047,0.07459152261425528,0.4662562159602179,0.06050201278711811,0.44766753492777644,0.048780487804877995,0.43156523798247687,0.03871655221406582,0.41676533270187077,0.029955008287947033,0.40267582287473375,0.02190385981529725,0.39284868576841114,0.016694293156523828,0.3847975372957614,0.012668718920198939,0.37828557897229453,0.010182334833057081,0.37224721761780727,0.008169547714894634,0.36786644565474785,0.0061567605967321895,0.3638408714184229,0.004143973478569744,0.35981529718209804,0.003907174994080038,0.35578972294577316,0.003907174994080038,0.3536585365853658,0.003907174994080038,0.3516457494672034,0.003907174994080038
Triangle,0.41543638732088584,0.10388623534520192,0.41373570704877705,0.10388623534520192,0.41203502677666815,0.10388623534520192,0.41185410334346506,0.10388623534520192,0.41185410334346506,0.10388623534520192,0.41185410334346506,0.10388623534520192,0.41185410334346506,0.10388623534520192,0.41185410334346506,0.10388623534520192,0.41185410334346506,0.10388623534520192,0.41185410334346506,0.10388623534520192,0.41185410334346506,0.10388623534520192,0.41185410334346506,0.10388623534520192,0.41185410334346506,0.10388623534520192,0.41185410334346506,0.10388623534520192,0.41185410334346506,0.10388623534520192,0.41185410334346506,0.10388623534520192,0.41185410334346506,0.10388623534520192,0.41185410334346506,0.10388623534520192,0.41185410334346506,0.10388623534520192,0.4116369952236214,0.10403097409176437,0.4065349544072948,0.10743233463598206,0.4014329135909682,0.11083369518019974,0.3963308727746418,0.11901143436097847,0.3912288319583153,0.12751483572152267,0.3762483716891012,0.1501302648719062,0.3592415689680128,0.17564046895353888,0.32993197278911557,0.21468374583876115,0.29591836734693877,0.258901432913591,0.2566579823418729,0.31046461137646547,0.21414097553915182,0.36658706035605737,0.17596613113330442,0.41923577941815016,0.14195252569112748,0.46855550730930684,0.11206397452598064,0.5137501809234332,0.08825445071645686,0.5528658271819366,0.06647126935880732,0.5899551309885658,0.049464466637718904,0.6222680561586337,0.03343465045592709,0.6526270082501087,0.0215298885511651,0.6747358517875237,0.010204081632653047,0.6962657403386887,0.005102040816326523,0.7115718627876683,0.0,0.7268779852366478,0.0032204371110146086,0.7388551165146912,0.006621797655232342,0.7507598784194531,0.021891735417571296,0.7507960631060936,0.038898538138659705,0.7490953828339848,0.06893182805036906,0.7395788102475033,0.10294543349254584,0.7276740483427415,0.1515414676508903,0.7124041105804023,0.2076639166304822,0.695397307859314,0.2637863656100739,0.6802721088435375,0.31990881458966564,0.6666666666666667,0.38059053408597476,0.6545809813287018,0.44691706469822,0.6443768996960487,0.5167173252279637,0.6347517730496455,0.5932479374728615,0.6262483716891012,0.6681864235055724,0.6185410334346505,0.7379143146620348,0.613438992618324,0.80481980026053,0.6081198436821538,0.8524388478795776,0.6013171225937184,0.8997684180055001,0.5944420321320018,0.9337820234476769,0.5842379504993488,0.9677956288898539,0.5740338688666957,0.9846938775510204,0.5591619626574034,1.0,0.5438558402084238,0.9974308872485165,0.5244246634824143,0.9906281661600813,0.5040165002171082,0.9742726877985238,0.4788319583152411,0.9538645245332176,0.4516210739614994,0.9304168475901,0.4223838471558837,0.9049066435084673,0.3917716022579245,0.8752352004631642,0.3611593573599653,0.8412215950209871,0.33054711246200624,0.8059053408597482,0.29993486756404697,0.7684903748733538,0.269322622666088,0.7310754088869588,0.24012158054711227,0.6936604429005644,0.2146113764654797,0.6565349544072947,0.18968012737009687,0.6208206686930089,0.16757128383268194,0.5854320451584891,0.14578810247503254,0.5548198002605297,0.12878129975394415,0.5242075553625707,0.11177449703285573,0.4968519322622667,0.09802431610942254,0.4696410479085253,0.0844188739325518,0.44821971341728195,0.07226081922130562,0.4278115501519756,0.06035605731654358,0.4099363149515125,0.05098422347662462,0.392929512230424,0.042480822116080466,0.3791793313069909,0.03614850195397309,0.36727456940222897,0.03104646113764657,0.3571790418294978,0.025944420321320043,0.3486756404689536,0.02084237950499347,0.34089593284122166,0.01646403242147924,0.3340932117527863,0.013062671877261558,0.32783326096396015,0.010204081632653047,0.32273122014763356,0.008503401360544206,0.3183528730641193,0.006802721088435364,0.3166521927920105,0.005102040816326523,0.3151324359531047,0.003401360544217682,0.3151324359531047,0.001700680272108841,0.3151324359531047,0.0
Triangle,0.6722341463414634,0.015453658536585367,0.6704000000000001,0.015453658536585367,0.6685658536585366,0.015453658536585367,0.6667317073170731,0.015453658536585367,0.6648975609756098,0.015453658536585367,0.6645073170731708,0.015453658536585367,0.6645073170731708,0.015453658536585367,0.6632585365853658,0.015453658536585367,0.6614243902439024,0.015453658536585367,0.659590243902439,0.015453658536585367,0.6577560975609756,0.015453658536585367,0.6567804878048781,0.015453658536585367,0.6567804878048781,0.015453658536585367,0.6561170731707318,0.015453658536585367,0.6542829268292683,0.015453658536585367,0.651980487804878,0.016390243902439053,0.6483121951219514,0.020058536585365876,0.6424585365853659,0.025092682926829268,0.6241170731707317,0.037931707317073154,0.6048390243902438,0.05170731707317078,0.5644878048780488,0.0865560975609756,0.5241365853658536,0.12140487804878054,0.4683317073170732,0.16999024390243903,0.41147317073170736,0.2195121951219512,0.35765853658536584,0.2705560975609757,0.3044682926829268,0.32191219512195113,0.2579121951219511,0.36796097560975616,0.21389268292682925,0.4119804878048781,0.17666341463414637,0.4503414634146341,0.14364878048780486,0.4851902439024391,0.11531707317073173,0.5162926829268294,0.09147317073170728,0.5438048780487805,0.06985365853658534,0.5690926829268294,0.05151219512195126,0.5911024390243903,0.0353560975609756,0.6109268292682927,0.024351219512195127,0.6255999999999999,0.014048780487804894,0.639570731707317,0.006712195121951191,0.6505756097560975,0.0,0.6609560975609756,0.0,0.6646243902439024,0.0,0.6682926829268293,0.014360975609756067,0.6611902439024391,0.029034146341463472,0.6538536585365854,0.06130731707317083,0.6385170731707316,0.09615609756097562,0.6220097560975609,0.1492682926829268,0.6012878048780489,0.20796097560975596,0.5792780487804878,0.2787512195121954,0.5560585365853657,0.3557853658536588,0.5322146341463414,0.43383414634146356,0.5093853658536586,0.5127024390243902,0.48737560975609756,0.5915707317073169,0.4661853658536586,0.6704390243902442,0.44600975609756094,0.7418146341463416,0.4277073170731706,0.7986731707317074,0.4130341463414634,0.8516682926829268,0.399219512195122,0.8920195121951219,0.3882146341463415,0.9307317073170733,0.37720975609756097,0.9582439024390244,0.3662048780487805,0.9853268292682927,0.35516097560975607,0.9926634146341463,0.34232195121951225,1.0,0.32948292682926833,0.995590243902439,0.3132878048780487,0.9900878048780489,0.29678048780487803,0.9727219512195122,0.2773073170731707,0.9525463414634145,0.25713170731707313,0.9310829268292683,0.23695609756097566,0.9090731707317073,0.21678048780487796,0.889248780487805,0.1966048780487805,0.8709073170731707,0.17642926829268296,0.8552585365853658,0.1562536585365854,0.842419512195122,0.13607804878048782,0.8302829268292683,0.11730731707317077,0.8192780487804878,0.10080000000000013,0.8082731707317072,0.08530731707317063,0.7972682926829268,0.07246829268292675,0.7862634146341463,0.06025365853658532,0.7752585365853658,0.051082926829268266,0.7644878048780488,0.042029268292682914,0.7571512195121951,0.03469268292682927,0.7498146341463415,0.02735609756097562,0.7442341463414633,0.021775609756097575,0.7387317073170732,0.01627317073170734,0.734790243902439,0.012331707317073191,0.7311219512195123,0.008663414634146313,0.7274536585365854,0.006360975609756059,0.7237853658536585,0.004526829268292702,0.7212878048780488,0.002692682926829235,0.7194536585365854,0.0008585365853658781,0.717619512195122,0.0,0.7157853658536586,0.0,0.7139512195121951,0.0,0.7121170731707317,0.0,0.7108682926829268,0.0,0.7108682926829268,0.0,0.7104780487804878,0.0,0.7086439024390244,0.0,0.706809756097561,0.0,0.7049756097560975,0.0,0.7031414634146341,0.0
Triangle,0.3374315276932441,0.0,0.3374315276932441,0.0,0.3374315276932441,0.0,0.3374315276932441,0.0,0.3374315276932441,0.0,0.3374315276932441,0.0,0.3374315276932441,0.0,0.3374315276932441,0.0,0.3374315276932441,0.0,0.3374315276932441,0.0,0.3374315276932441,0.0,0.3374315276932441,0.0004463379995942509,0.3374315276932441,0.0023128423615337884,0.3372692229661189,0.00450395617772369,0.3354027186041793,0.010103469263542303,0.33353621424223984,0.015702982349360916,0.32469060661391763,0.02828159870156219,0.31535808480422,0.04134712923513901,0.29872185027388926,0.06902008520998171,0.2800568066544938,0.100750659362954,0.247271251775208,0.14660174477581653,0.20620815581253807,0.2007303712720633,0.16782308784743363,0.25575167376749836,0.13235950497058227,0.31174680462568466,0.10054777845404748,0.36226415094339626,0.07628322174883344,0.4014607425441266,0.05331710286062085,0.43870967741935485,0.03651856360316495,0.466707242848448,0.01988232907283424,0.49450192736863463,0.010549807263136554,0.51316697098803,0.0012172854534388089,0.5318320146074255,0.0,0.5423818218705619,0.0,0.5517143436802596,0.005356055995130896,0.5570298234936093,0.012822073442889046,0.5607628322174882,0.025562994522215443,0.5634408602150538,0.04236153377967128,0.5653073645769933,0.06532765266788387,0.5664029214850883,0.09705822682085617,0.5664029214850883,0.13219720024345707,0.5664029214850883,0.17699330493000598,0.5664029214850883,0.2230066950699941,0.5666058023939947,0.27900182592818024,0.5684723067559342,0.3349969567863663,0.5703388111178738,0.40884560762832195,0.5704199634814364,0.483505782105904,0.5704199634814364,0.5521606816798539,0.5704199634814364,0.6193548387096772,0.5704199634814364,0.6865489957395012,0.5679853925745588,0.7537431527693244,0.5642523838506797,0.8106715358084803,0.5605193751268005,0.8573341448569688,0.5567863664029215,0.8994522215459524,0.5524041387705416,0.9330493000608642,0.5468046256847231,0.9637248934875227,0.5408399269628729,0.9823899371069182,0.5333739095151147,1.0,0.5257455873402312,0.9944004869141813,0.5145465611685941,0.9888009738283629,0.5033475349969568,0.9632379793061472,0.48882126191925335,0.9352404138770541,0.4738892270237371,0.9017244877257049,0.45481842158652874,0.8662609048488538,0.43428687360519386,0.8242239805234326,0.4126597687157637,0.7775613714749443,0.39026171637248935,0.7317102860620817,0.3686751876648408,0.6869141813755323,0.34814363968350576,0.6437005477784541,0.3291945627916413,0.6045039561777238,0.314262527896125,0.5660377358490565,0.29981740718198413,0.5324406573341449,0.2886183810103469,0.49884357881923314,0.27741935483870966,0.4707242848447962,0.26987218502738897,0.44272671941570313,0.2624061675796308,0.4224386285250559,0.2564820450395619,0.40377358490566034,0.2508825319537431,0.3888821261919253,0.24654088050314457,0.3758165956583485,0.24280787177926563,0.36469872185027385,0.23907486305538644,0.35536620004057623,0.23534185433150748,0.34741326841144254,0.2322986406979103,0.34181375532562386,0.23043213633597082,0.33662000405761816,0.22856563197403124,0.33288699533373906,0.22669912761209163,0.32915398660986,0.22495435179549605,0.32542097788598096,0.22495435179549605,0.32168796916210185,0.22495435179549605,0.3196591600730371,0.22495435179549605,0.3177926557110976,0.22495435179549605,0.315926151349158,0.22495435179549605,0.3140596469872185,0.22495435179549605,0.3121931426252789,0.22495435179549605,0.31032663826333945,0.22495435179549605,0.30931223371880706,0.22495435179549605,0.30931223371880706,0.22495435179549605,0.30931223371880706,0.22495435179549605,0.30931223371880706,0.22495435179549605,0.30931223371880706,0.22495435179549605,0.30931223371880706,0.22495435179549605,0.30931223371880706,0.22495435179549605
Triangle,0.47959183673469374,0.0,0.47959183673469374,0.0,0.47959183673469374,0.0,0.481413994169096,0.0,0.4833576287657919,0.0,0.4853012633624876,0.0,0.4872448979591834,0.0,0.4891885325558793,0.0,0.4911321671525752,0.0,0.49307580174927107,0.001457725947521907,0.4950194363459667,0.003401360544217669,0.49562682215743425,0.00400874635568513,0.49562682215743425,0.00400874635568513,0.4968415937803692,0.00400874635568513,0.49878522837706507,0.00400874635568513,0.5007288629737607,0.00400874635568513,0.5026724975704566,0.00400874635568513,0.5036443148688046,0.00400874635568513,0.5036443148688046,0.00400874635568513,0.5036443148688046,0.00400874635568513,0.5036443148688046,0.00400874635568513,0.5036443148688046,0.00400874635568513,0.5036443148688046,0.00400874635568513,0.5030369290573372,0.005830903790087515,0.5010932944606413,0.011661807580174915,0.4967201166180756,0.019436345966958247,0.4850583090379008,0.03304178814382898,0.46829446064139935,0.05211370262390681,0.42942176870748294,0.09487366375121484,0.3871477162293488,0.14054907677356657,0.3210641399416906,0.20663265306122464,0.2557094266277938,0.27223032069970854,0.20128765792031086,0.3305393586005831,0.14686588921282792,0.38884839650145764,0.10993683187560742,0.42966472303206993,0.07300777453838679,0.47048104956268205,0.04518950437317798,0.498542274052478,0.01797862001943617,0.5257531584062197,0.0077745383867832765,0.5393586005830904,0.0,0.5510204081632651,0.00801749271137026,0.5547862001943633,0.019679300291545177,0.5567298347910592,0.03717201166180749,0.5557580174927113,0.056608357628765794,0.5538143828960154,0.08539844509232278,0.5505344995140912,0.11844023323615165,0.5466472303206996,0.16120019436345978,0.5439747327502429,0.2097910592808553,0.542031098153547,0.26275510204081637,0.5400874635568513,0.31912050534499514,0.5381438289601554,0.3803449951409134,0.5371720116618075,0.4464285714285712,0.5371720116618075,0.5125121477162291,0.5380223517978618,0.5785957240038874,0.5399659863945577,0.6439504373177843,0.5433673469387755,0.7080903790087462,0.5491982507288629,0.7679786200194364,0.5544217687074829,0.8185131195335273,0.5583090379008745,0.8651603498542273,0.5617103984450923,0.9001457725947519,0.5636540330417881,0.9333090379008747,0.5652332361516034,0.9585762876579201,0.5652332361516034,0.98189990281827,0.5645043731778424,0.9916180758017491,0.5586734693877551,1.0,0.5522351797862001,0.988338192419825,0.5366861030126335,0.9766763848396499,0.521137026239067,0.9650145772594751,0.4978134110787171,0.9533527696793004,0.4744897959183673,0.928935860058309,0.44752186588921283,0.9036686103012632,0.42031098153547136,0.875,0.3913994169096211,0.8458454810495626,0.36224489795918374,0.8166909620991251,0.3315111758989307,0.7875364431486876,0.30041302235179757,0.7583819241982503,0.2707725947521864,0.7292274052478132,0.24161807580174904,0.7014091350826043,0.21513605442176853,0.6741982507288626,0.18986880466472292,0.6494169096209912,0.16703109815354708,0.6260932944606413,0.145651117589893,0.6027696793002915,0.1275510204081632,0.5794460641399417,0.11200194363459667,0.5580660835762877,0.09936831875607381,0.5386297376093294,0.08965014577259478,0.5225947521865889,0.08078231292517007,0.5109329446064138,0.07300777453838679,0.5,0.06669096209912542,0.4902818270165206,0.06280369290573368,0.4817784256559764,0.0595238095238095,0.475947521865889,0.05758017492711374,0.4710884353741495,0.05563654033041786,0.46914480077745363,0.053692905733721985,0.4675655976676384,0.052113702623906695,0.4675655976676384,0.052113702623906695,0.4675655976676384,0.052113702623906695,0.4675655976676384,0.052113702623906695,0.4675655976676384,0.052113702623906695,0.4675655976676384,0.052113702623906695,0.4675655976676384,0.052113702623906695
Triangle,0.5853435787617308,0.11223782830509543,0.5838004660830131,0.11069471562637775,0.5822573534042956,0.10915160294766015,0.5822258613088115,0.10912011085217611,0.5822258613088115,0.10912011085217611,0.580745732821062,0.1076399823644265,0.5792026201423444,0.1060968696857089,0.5791081438558923,0.1060023933992568,0.5791081438558923,0.1060023933992568,0.5791081438558923,0.1060023933992568,0.5791081438558923,0.1060023933992568,0.5804937960571898,0.10461674119795933,0.5820369087359073,0.10307362851924169,0.583580021414625,0.10288467594633748,0.5851231340933425,0.10288467594633748,0.5853435787617308,0.10288467594633748,0.5853435787617308,0.10288467594633748,0.5853435787617308,0.10288467594633748,0.5853435787617308,0.10288467594633748,0.5840838949423695,0.10414435976569882,0.5825407822636519,0.10568747244441645,0.5760849026894249,0.11337154374252068,0.5683693392958368,0.12263021981482648,0.5522768785034956,0.13906909365749204,0.5337595263588839,0.15758644580210374,0.49426843862190584,0.19474711847326318,0.44797505826037665,0.23795427347735715,0.3914782389620204,0.2924985828557034,0.33129684449203245,0.3511368646469738,0.2678087799962209,0.4130818164640677,0.20299804749007985,0.47634943629149096,0.15210682118788185,0.5331926686401715,0.1073565535050701,0.587201612395289,0.07195943818101631,0.6308181646406754,0.04109718460666366,0.6693959816086166,0.01930465453171247,0.6999118221326449,0.0023304150658184576,0.7261447376708448,0.0,0.7445676135290045,0.006172450714870567,0.7584556276374632,0.025571581533035317,0.7666750645587959,0.05334760974995278,0.7713044025949487,0.08842980411916614,0.7731939283239908,0.1285507337658249,0.7731939283239908,0.17484411412735415,0.7714303709768848,0.22576683252503627,0.7683441456194496,0.28009069723499413,0.7661082068400833,0.3371858663475468,0.7645650941613655,0.3950998299426844,0.7630219814826479,0.4537381117339549,0.7614788688039303,0.5123763935252251,0.7607230585123135,0.5710146753164956,0.7607230585123135,0.6266297159412988,0.7614788688039303,0.6790955470176985,0.7630219814826479,0.7286641053095673,0.7645650941613655,0.7749574856710968,0.7661082068400833,0.818479561630031,0.7676513195188008,0.8586004912766899,0.7691944321975185,0.8934307488820308,0.7700762108710715,0.9212067770989483,0.7700762108710715,0.9458335957674626,0.7694463689613907,0.9658940605907919,0.7679032562826732,0.9823644265289414,0.7651634439755622,0.9931662152799648,0.7605341059394093,1.0,0.7536373370284061,1.0,0.7428355482773823,0.997323171883857,0.7309630282799016,0.9896076084902689,0.717075014171443,0.9793726774579579,0.701171505952006,0.9639415506707816,0.6811110411286766,0.9494551867481261,0.6591610505763053,0.937110285318385,0.6329281350381052,0.923001826541538,0.6058134408263525,0.904484474396926,0.5764942999307172,0.8847389305284372,0.5463563645524971,0.8615922403476725,0.5139509982994266,0.8388234553127163,0.4807898217547394,0.8172198778106693,0.4452982301442336,0.795962713358947,0.40980663853372784,0.7759022485356175,0.37431504692322215,0.7558417837122882,0.33913837626755666,0.7357813188889588,0.30518989733576857,0.7165711406436985,0.27152484726333675,0.701140013856522,0.23911948101026625,0.6857088870693456,0.20746992504881265,0.6702777602821692,0.1796938968318951,0.655067078163381,0.15235875795175402,0.6411790640549222,0.12766895509227177,0.6276689550922718,0.10373496252440632,0.6168671663412483,0.08521761037979463,0.6063802985450653,0.06717263966744344,0.598664735151477,0.053284625558984666,0.5912011085217611,0.039774516596334304,0.586571770485608,0.030515840524028455,0.5819424324494551,0.02144611702462681,0.5773130944133024,0.015273666309756243,0.5727467405681175,0.009227183976821814,0.5696605152106823,0.006140958619386532,0.5666057819487308,0.0030862253574352834,0.5650626692700134,0.0015431126787176417,0.5635195565912956,0.0
Triangle,0.8209996125532739,0.008523827973653622,0.8209996125532739,0.008523827973653622,0.8209996125532739,0.008523827973653622,0.8209996125532739,0.008523827973653622,0.8209996125532739,0.008523827973653622,0.8209996125532739,0.008523827973653622,0.8209996125532739,0.008523827973653622,0.8209996125532739,0.008523827973653622,0.8209996125532739,0.007662835249042122,0.8209996125532739,0.005424254165052339,0.8209996125532739,0.004261913986826811,0.8209996125532739,0.004261913986826811,0.8209996125532739,0.004261913986826811,0.8209996125532739,0.004261913986826811,0.8209996125532739,0.004261913986826811,0.8209996125532739,0.004261913986826811,0.8209996125532739,0.004261913986826811,0.8209996125532739,0.004261913986826811,0.8209996125532739,0.0023246803564509937,0.8209996125532739,8.609927246115015e-05,0.8209996125532739,0.0,0.8207413147358902,0.0,0.8162641525679106,0.0,0.8104094020405527,0.0003443970898446006,0.7969779155366138,0.002582978173834444,0.7824271384906796,0.008179430883809083,0.7645184898187611,0.023849498471737927,0.7404106935296393,0.04571871367686952,0.7045933961858021,0.07929742993671723,0.660854965775539,0.12178742089629356,0.6071290197597827,0.1755133669120498,0.5437599552283782,0.23165009255671795,0.4721253605407032,0.289853200740454,0.40759395583107294,0.34379439493736313,0.34715226656334713,0.39528175986912945,0.29161823582590735,0.4434973524473719,0.2378922898101511,0.4905075552111585,0.1915708812260535,0.5319643549012012,0.14679925954625664,0.5722588144130185,0.11235955056179756,0.6063541263076329,0.07895303284687238,0.6397175943863275,0.054328640922984055,0.6621034052262259,0.030737440268629637,0.683714322613974,0.015067372680700792,0.6993843902019029,0.002238581083989783,0.7136338197942228,0.0,0.7225881441301822,0.0018941839941453034,0.7287872917473848,0.01308708941409446,0.7287872917473848,0.029704248999095954,0.7269792070257006,0.05432864092298429,0.7225020448577211,0.08790735718283213,0.7157863016057513,0.13044039777863886,0.7068319772697921,0.17697705454388918,0.6978776529338327,0.22622583839166585,0.6889233285978733,0.2816737698566451,0.6815187911662146,0.3398768780403809,0.6748030479142451,0.4016100563950239,0.6698523397477291,0.464290326746739,0.6653751775797495,0.5309311636316675,0.6648585819449826,0.598088596151363,0.6648585819449826,0.6652460286710584,0.6648585819449826,0.7317146670110639,0.6648585819449826,0.7899177751947997,0.6648585819449826,0.8450213095699346,0.6648585819449826,0.8853157690817514,0.6648585819449826,0.9225967540574285,0.6648585819449826,0.9516983081492965,0.6648585819449826,0.9758922037108789,0.6632226957682208,0.9915622712988078,0.658745533600241,1.0,0.65116879762366,1.0,0.6399758922037109,0.9962546816479401,0.6237892289810152,0.9895389383959706,0.6036419992251064,0.9769684446166429,0.5805673942055187,0.9612983770287139,0.5559430022816305,0.9422704378148001,0.5279607387317575,0.9221232080588917,0.49885918463988943,0.9038701622971284,0.46786344655387635,0.8859615136252097,0.4365233113780184,0.870162297128589,0.4030737440268626,0.8545783288131215,0.36949502776701537,0.8411468423091826,0.3359163115071678,0.8277153558052436,0.30233759524732007,0.8142838693013045,0.26875887898747236,0.8003357871625983,0.23569675836239165,0.7846657195746696,0.20435662318653383,0.7697274958026603,0.17448017564251558,0.7562960092987212,0.14761720263463746,0.7409703388006369,0.12264841362090464,0.7230616901287181,0.10026260278100621,0.7074777218132504,0.08136381247578435,0.6940462353093115,0.06569374488785563,0.6806147488053725,0.05277885401868347,0.6671832623014334,0.04158594859873431,0.6569374488785568,0.03198587971931632,0.6479831245425977,0.02303155538335694,0.6408368849283225,0.01588531576908172,0.6341211416763527,0.009169572517112128,0.6354987300357311,0.0044771621679796265,0.637737311119721,0.0
Triangle,0.6846842792204869,0.008911292137359916,0.6867995859399612,0.008911292137359916,0.6889148926594354,0.008911292137359916,0.69103019937891,0.008911292137359916,0.6931455060983844,0.008911292137359916,0.6952608128178587,0.008911292137359916,0.6973761195373327,0.008911292137359916,0.6980512174265268,0.008911292137359916,0.6980512174265268,0.008911292137359916,0.6956208650254289,0.007696115936810802,0.69139025158648,0.0055808092173365445,0.6871596381475313,0.004455646068679958,0.6829290247085827,0.004455646068679958,0.6794635222107204,0.004455646068679958,0.6773482154912461,0.004455646068679958,0.6752329087717719,0.004455646068679958,0.6731176020522976,0.004455646068679958,0.6710022953328233,0.004455646068679958,0.668886988613349,0.004455646068679958,0.6667716818938746,0.004455646068679958,0.6646563751744,0.004455646068679958,0.6625410684549261,0.004455646068679958,0.6604257617354515,0.008416220351951017,0.6583104550159773,0.012646833790899658,0.6526846392726945,0.023898465277465274,0.6463387191142718,0.036590305594311194,0.6292812457806383,0.06152392096854053,0.6081281785858949,0.09113821504118094,0.5700076511094109,0.13641478014312067,0.5213555965615012,0.19141275484945325,0.46946307214546107,0.2485710428012061,0.4144650974391286,0.3077996309464873,0.3620324947117333,0.3644628471128313,0.3133804401638239,0.4173455150996892,0.2659885683424097,0.46896800036005215,0.2215671272334489,0.5176200549079615,0.17836086232503723,0.5654619919888382,0.14028534137449922,0.6098834330977994,0.10328997704667177,0.6537647958954048,0.07790629641297993,0.6918403168459426,0.05252261577928809,0.7299158377964803,0.03334983572618035,0.7555695575858498,0.014312075250911407,0.7809532382195419,0.0063459201584230235,0.8008011161618435,0.0,0.8198388766371122,0.00823619424816609,0.8291552275079886,0.02092803456501201,0.8355011476664114,0.04199108870786281,0.837661460911832,0.06737476934155466,0.837661460911832,0.10094963769746633,0.8353211215626264,0.14114046536747835,0.8310905081236778,0.1851118412169765,0.8268598946847291,0.23376389576488618,0.8226292812457803,0.28529636797335634,0.819118772221972,0.3424096493991629,0.8170034655024978,0.4015032179666052,0.8148881587830235,0.4670777262703092,0.8127728520635492,0.5323821954183359,0.8109275844997523,0.5958413970025653,0.8109275844997523,0.6592555920608487,0.8109275844997523,0.7205994869256039,0.8109275844997523,0.7819433817903594,0.8109275844997523,0.8258697511139116,0.8109275844997523,0.868175885503398,0.8109275844997523,0.9002205319771368,0.8109275844997523,0.9298348260497772,0.8109275844997523,0.953508258697511,0.8079571537872992,0.9746613258922543,0.8037265403483501,0.9882532967280256,0.7957153787299155,0.9967145236059226,0.785138845132544,1.0,0.7704217111481163,0.9978846932805258,0.7513839506728475,0.9933390341599531,0.7291057203294478,0.984877807282056,0.7016067329762816,0.9746613258922541,0.6723524911112108,0.9598541788559339,0.6385075835996216,0.9446869796120436,0.6039425716728922,0.927764525856249,0.5658670507223545,0.9107070525226157,0.5277915297718168,0.891669292047347,0.48971600882127897,0.8726315315720778,0.45164048787074124,0.8556190647643908,0.41356496692020345,0.8386966110085963,0.3754894459696657,0.8217741572528017,0.3374139250191279,0.8048517034970069,0.29933840406858964,0.7910797065574507,0.2644133399342902,0.7783878662406047,0.2305684324227011,0.765696025923759,0.19807372068949988,0.7530041856069128,0.166344119897385,0.74256267158738,0.1379900085512399,0.734101444709483,0.11260632791754806,0.7256402178315857,0.0899230388406319,0.7171789909536884,0.07088527836536308,0.709392861964985,0.05387281155767599,0.7030469418065619,0.04118097124082982,0.6971510869076015,0.029389261442909164,0.692920473468653,0.020928034565011886,0.6889148926594354,0.01269184031684592,0.6867995859399612,0.00634592015842296,0.6846842792204869,0.0
Triangle,0.40373724122484245,0.04751543851790228,0.40373724122484245,0.04751543851790228,0.40373724122484245,0.04751543851790228,0.40373724122484245,0.04751543851790228,0.40373724122484245,0.04751543851790228,0.40271333951940613,0.04751543851790228,0.4012414808178416,0.04751543851790228,0.3989696989089047,0.04751543851790228,0.3960259815057755,0.04751543851790228,0.39365820881195407,0.04751543851790228,0.3921863501103894,0.04751543851790228,0.39071449140882486,0.04751543851790228,0.38924263270726017,0.04751543851790228,0.387898761718875,0.04751543851790228,0.387898761718875,0.04751543851790228,0.387898761718875,0.04751543851790228,0.387898761718875,0.04751543851790228,0.387898761718875,0.04751543851790228,0.3855949828816433,0.04981921735513392,0.38265126547851414,0.05276293475826322,0.3797075480753847,0.05941829584359899,0.37676383067225555,0.06824944805298687,0.370300451156689,0.08271205964227425,0.3599974402457364,0.10331808146417944,0.34489489009055135,0.13016350430358695,0.3198732921639523,0.16990368924583235,0.2915240136946853,0.21117972674623242,0.2473682526477458,0.2597510638978658,0.20324448852910112,0.30832240104949926,0.1605605861837265,0.35689373820113257,0.11787668383835162,0.4054650753527661,0.08671167567913492,0.4425175183182414,0.057274501647841904,0.477842127155793,0.03417271941893585,0.5057754455572265,0.01356669759703071,0.5307970434838256,0.002943717403129383,0.5516590407320897,0.0,0.5693213451508654,0.00556746552330974,0.5821201164688189,0.023229769942085587,0.5880075512750775,0.04434774261670879,0.5923591335231817,0.07525677534956632,0.5923591335231817,0.1080856237801173,0.5920391642402328,0.15665696093175066,0.5890954468371036,0.20522829808338397,0.5861517294339743,0.25379963523501736,0.58461587687582,0.3023709723866509,0.5831440181742552,0.3568617412728378,0.5816721594726906,0.41279237193229434,0.5802003007711259,0.4696829104405979,0.5796883499184078,0.5270853998016191,0.5796883499184078,0.5866956772149874,0.5796883499184078,0.6485137426807026,0.5796883499184078,0.7072601030301092,0.5807122516238441,0.7602470162864363,0.5836559690269734,0.8106421783508783,0.5863117140754487,0.8503823632931239,0.5877835727770133,0.8896105973826512,0.5892554314785781,0.9175759127123798,0.5907272901801427,0.9455412280421077,0.5921991488817073,0.9656352990112952,0.5923591335231817,0.9847694621316353,0.5923591335231817,0.9941125651937416,0.5880075512750775,1.0,0.582120116468819,0.9981121812306019,0.571913096342751,0.9907528877227786,0.5586663680286692,0.9763542699900811,0.5428598854509967,0.9528045307650463,0.5237257223306562,0.9305026717435124,0.5029277189389818,0.9113685086231723,0.47790612101238283,0.8910824560842157,0.45269254151601435,0.8631171407544874,0.4261990848878507,0.8351518254247592,0.3997056282596871,0.8086263718683008,0.3703324480849839,0.7821329152401371,0.34089527405369097,0.7532076920615622,0.31145810002239804,0.7237705180302688,0.2820209259911047,0.6943333439989758,0.25357565673695315,0.664896169967683,0.22561034140722483,0.63545899593639,0.19918087863565095,0.6060218219050971,0.174159280709052,0.5776725434358303,0.15076952612549205,0.5511790868076667,0.130163504303587,0.525965507311298,0.11051739033052817,0.5053594854893928,0.09432694461331705,0.4851374268070263,0.07832848046587525,0.47041883979137994,0.06508175215179343,0.45570025277573356,0.05183502383771161,0.4436694077368573,0.042619908488785115,0.43189453812434014,0.03378875627939724,0.4234793459827856,0.027197389050651097,0.4161200524749623,0.021309954244392512,0.40876075896713904,0.016318433430390696,0.40140146545931593,0.01190285732569671,0.3960579784340705,0.008159216715195348,0.3931142610309411,0.005215499312066055,0.3906185006239401,0.0027197389050651233,0.3891466419223754,0.0012478802035004544,0.387898761718875,0.0,0.387898761718875,0.0,0.387898761718875,0.0
Triangle,0.8077276908923643,0.0,0.8077276908923643,0.0,0.8077276908923643,0.0,0.8077276908923643,0.0,0.8077276908923643,0.0,0.7746090156393747,0.02207911683532664,0.7194112235510577,0.05887764489420418,0.6623735050597975,0.09751609935602566,0.6025758969641216,0.13891444342226333,0.5427782888684451,0.18123275068997238,0.48298068077276873,0.2272309107635693,0.4231830726770929,0.2732290708371665,0.36798528058877655,0.3146274149034039,0.3127874885004597,0.3560257589696413,0.2649494020239191,0.3937442502299908,0.2189512419503219,0.4305427782888686,0.1784728610855565,0.4618215271389144,0.14167433302667895,0.48942042318307283,0.1103955841766332,0.515179392824287,0.08739650413983431,0.5381784728610857,0.06531738730450766,0.55933762649494,0.0469181232750689,0.5731370745170192,0.028518859245630124,0.5869365225390984,0.019319227230910452,0.5961361545538179,0.010119595216191353,0.6053357865685373,0.004599816007359549,0.610855565777369,0.0,0.6154553817847286,0.0009199632014716797,0.6200551977920882,0.005519779208831804,0.624655013799448,0.015639374425023157,0.6274149034038639,0.034038638454461353,0.6274149034038639,0.05427782888684463,0.6264949402023919,0.08187672493100251,0.6218951241950321,0.10947562097516095,0.6172953081876725,0.1462741490340385,0.6126954921803129,0.18307267709291603,0.6080956761729531,0.2272309107635693,0.6034958601655933,0.27322907083716597,0.5988960441582337,0.32198712051517936,0.5942962281508742,0.37258509659613614,0.5896964121435143,0.4250229990800368,0.5850965961361548,0.48022079116835314,0.580496780128795,0.5354185832566695,0.5758969641214354,0.5906163753449858,0.5712971481140753,0.6458141674333027,0.5666973321067158,0.6964121435142594,0.5666973321067158,0.7470101195952161,0.5666973321067158,0.7902483900643972,0.5666973321067158,0.8316467341306348,0.5666973321067158,0.8675252989880408,0.5666973321067158,0.8997240110395581,0.5666973321067158,0.9282428702851883,0.5666973321067158,0.9512419503219872,0.5666973321067158,0.9724011039558416,0.5657773689052441,0.9862005519779208,0.561177552897884,1.0,0.5565777368905244,1.0,0.5519779208831649,1.0,0.5473781048758051,0.9963201471941121,0.5390984360625576,0.9917203311867532,0.5298988040478382,0.9816007359705612,0.5179392824287029,0.9678012879484826,0.5041398344066237,0.9521619135234595,0.49034038638454447,0.9337626494940207,0.4765409383624655,0.9153633854645813,0.4618215271389144,0.8969641214351426,0.4434222631094756,0.8785648574057038,0.4250229990800368,0.8555657773689055,0.40662373505059807,0.8325666973321065,0.38822447102115926,0.8132474701011955,0.36614535418583266,0.7948482060717573,0.3431462741490343,0.7736890524379023,0.32290708371665133,0.750689972401104,0.3045078196872126,0.7295308187672491,0.28610855565777377,0.7111315547378109,0.267709291628335,0.6927322907083722,0.24931002759889623,0.6743330266789328,0.2309107635694572,0.655933762649494,0.2125114995400184,0.6421343146274148,0.1987120515179392,0.6283348666053356,0.18491260349586025,0.6145354185832563,0.1711131554737813,0.6007359705611771,0.1573137074517021,0.5869365225390979,0.14627414903403876,0.5731370745170192,0.1370745170193191,0.561177552897884,0.12971481140754365,0.5519779208831649,0.12511499540018411,0.5427782888684451,0.12051517939282427,0.5335786568537255,0.11591536338546443,0.5243790248390064,0.11131554737810488,0.5197792088316463,0.10671573137074533,0.5151793928242873,0.10211591536338549,0.5105795768169272,0.10119595216191353,0.5059797608095676,0.10119595216191353,0.5041398344066237,0.10119595216191353,0.5041398344066237,0.10119595216191353,0.5041398344066237,0.10119595216191353,0.5041398344066237,0.10119595216191353,0.5041398344066237,0.10119595216191353,0.5041398344066237,0.10119595216191353,0.5041398344066237,0.10119595216191353
Triangle,0.5487804878048781,0.012195121951219513,0.5487804878048781,0.012195121951219513,0.5487804878048781,0.012195121951219513,0.5487804878048781,0.012195121951219513,0.5487804878048781,0.012195121951219513,0.5487804878048781,0.012195121951219513,0.5487804878048781,0.012195121951219513,0.5487804878048781,0.012195121951219513,0.5487804878048781,0.012195121951219513,0.5487804878048781,0.012195121951219513,0.5487804878048781,0.012195121951219513,0.5474254742547425,0.012195121951219513,0.5434220251293422,0.012195121951219513,0.5426829268292683,0.012195121951219513,0.5426829268292683,0.012195121951219513,0.5426829268292683,0.012195121951219513,0.5396033505789603,0.012195121951219513,0.53559990145356,0.012195121951219513,0.5315964523281593,0.012195121951219513,0.5275930032027594,0.015089923626508902,0.5219881744271989,0.019894062576989453,0.5099778270509977,0.027900960827790023,0.49254742547425506,0.04403794037940383,0.4712983493471297,0.06651884700665187,0.4432742054693274,0.10254988913525495,0.40767430401576743,0.14615668883961583,0.3667775314116776,0.19506035969450622,0.3187361419068735,0.25110864745011074,0.26835427445183563,0.3094974131559497,0.2165558019216555,0.36954915003695504,0.16851441241685156,0.42960088691796,0.12478442966247852,0.4831855136733186,0.08493471298349346,0.5310421286031042,0.05691056910569094,0.5670731707317073,0.03282828282828272,0.5971914264597191,0.012811037201281121,0.6212121212121212,0.004434589800443412,0.637472283813747,0.0,0.6499137718649914,0.0,0.657920670115792,0.011086474501108615,0.6622320768662233,0.02950234047795038,0.6630327666913032,0.05752648435575272,0.659029317565903,0.08906134515890624,0.6515151515151517,0.1239221483123921,0.6435082532643511,0.16395663956639564,0.6355013550135502,0.2106430155210644,0.6274944567627493,0.2611480660261146,0.6194875585119487,0.3171963537817196,0.6114806602611481,0.3763858093126387,0.6034737620103474,0.43748460211874823,0.5965139196846515,0.5015397881251542,0.5925104705592509,0.5655949741315595,0.5885070214338506,0.6287878787878791,0.5845035723084503,0.6888396156688841,0.58050012318305,0.7461197339246117,0.5792682926829268,0.8008130081300815,0.5792682926829268,0.8488543976348857,0.5792682926829268,0.8891352549889131,0.5792682926829268,0.9236881005173689,0.5792682926829268,0.9477087952697709,0.5792682926829268,0.9693274205469325,0.5768662232076865,0.9884207932988418,0.5728627740822863,0.9964276915496426,0.5688593249568858,1.0,0.5604212860310419,0.999630450849963,0.548410938654841,0.9876201034737618,0.5364005912786403,0.9735772357723574,0.5203252032520324,0.9575634392707564,0.5003079576250308,0.9376077851687605,0.47634885439763475,0.915742793791574,0.4523281596452329,0.8917220990391722,0.4283074648928308,0.8639443212613945,0.40052968711505293,0.8359201773835923,0.37250554323725055,0.8078960335057895,0.3444813993594482,0.7762995811776299,0.3164572554816457,0.7457501847745751,0.2884331116038434,0.7177260408967727,0.260408967726041,0.68970189701897,0.2357723577235772,0.6629711751662972,0.21045824094604593,0.6389504804138948,0.18243409706824323,0.6149297856614931,0.15761271249076125,0.592017738359202,0.13359201773835935,0.5720004927321999,0.10957132298595695,0.5550012318305001,0.08856861295885696,0.5399113082039909,0.06947524020694743,0.52790096082779,0.053461443705346105,0.5158906134515892,0.04028085735402819,0.5046193643754618,0.02900960827790092,0.4966124661246613,0.021002710027100347,0.4886055678738608,0.012995811776299604,0.4811529933481151,0.005543237250554308,0.4771495442227148,0.0015397881251540226,0.47314609509731453,0.0,0.4695121951219512,0.0,0.4695121951219512,0.0,0.4695121951219512,0.0,0.4695121951219512,0.0,0.4695121951219512,0.0,0.4695121951219512,0.0,0.4695121951219512,0.0
Triangle,0.6182795698924731,0.0,0.6182795698924731,0.0,0.6182795698924731,0.0,0.6182795698924731,0.0,0.6182795698924731,0.0,0.6182795698924731,0.0,0.6182795698924731,0.0,0.6182795698924731,0.0,0.6175192788096013,0.0,0.6133919843597262,0.0,0.6129032258064516,0.0,0.6129032258064516,0.0,0.6129032258064516,0.0,0.6129032258064516,0.0,0.6129032258064516,0.0,0.6129032258064516,0.0,0.6129032258064516,0.0,0.6123601607472575,0.00027153252959705344,0.6041055718475073,0.004398826979472113,0.589551428261106,0.011675898772672992,0.5692407950472467,0.02373194308678186,0.5425219941348975,0.042196155099380885,0.5053763440860215,0.0710872162485066,0.4576409253828609,0.11056804605191696,0.4058325187357446,0.1564027370478982,0.3511458672748997,0.20696209405886817,0.2933637449766483,0.2606169219072444,0.23949169110459442,0.31818181818181823,0.18849788204626916,0.3706419028999674,0.1417942869555775,0.41734549799065906,0.1008471814923429,0.45845552297165176,0.06782882589334212,0.49560117302052786,0.043933963288802176,0.5236233300749429,0.025089605734766974,0.5448028673835125,0.009666558053654949,0.5607689801238189,0.001411969153904525,0.5731508634734442,0.0,0.5786901270772238,0.004344520473552702,0.5806451612903226,0.014445530574562784,0.5806451612903226,0.030954708374063177,0.5806451612903226,0.05506679700228091,0.5806451612903226,0.08493537525795587,0.5780927555121105,0.11925708699902252,0.5752688172043011,0.15651135005973718,0.5752688172043011,0.20191158900836328,0.5752688172043011,0.256109481915933,0.5723362658846529,0.31557510589768617,0.5698924731182796,0.3779189746931678,0.5694580210709242,0.4439556858911694,0.5653307266210491,0.509992397089171,0.5645161290322581,0.5760291082871725,0.5645161290322581,0.642065819485174,0.5645161290322581,0.7081025306831756,0.5645161290322581,0.7667535570761377,0.5645161290322581,0.8196480938416422,0.5645161290322581,0.8679808841099165,0.5645161290322581,0.9133811230585422,0.5645161290322581,0.9424894102313455,0.5604431410883024,0.9657325947648526,0.5563158466384273,0.9847941783425653,0.5506136635168896,1.0,0.5423590746171392,1.0,0.534104485717389,0.9935918323015098,0.5226458129683939,0.9814271749755622,0.5063538611925711,0.9635060280221569,0.4850114043662431,0.9387422613229066,0.4602476376669926,0.9103942652329751,0.4354838709677421,0.8791680243293147,0.40838492451395675,0.8472357988487018,0.378407733246443,0.8183447376995763,0.3453893776474422,0.7894536765504507,0.3123710220484414,0.7605626154013254,0.27935266644944096,0.7316715542521995,0.2478005865102641,0.702780493103074,0.21890952536113853,0.6738894319539481,0.1900184642120128,0.6480938416422288,0.1642228739002935,0.6233300749429782,0.14130552840230265,0.5991636798088412,0.12066905615292735,0.5785272075594657,0.10003258390355174,0.5613663516889322,0.08287172803301841,0.5470837406321277,0.06858911697621371,0.5347018572825026,0.05620723362658838,0.522319973932877,0.0438253502769632,0.509938090583252,0.035299228847615875,0.500162919517758,0.02965135223199732,0.4932659932659931,0.026881720430107527,0.489247311827957,0.026881720430107527,0.489247311827957,0.026881720430107527,0.489247311827957,0.026881720430107527,0.489247311827957,0.026881720430107527,0.489247311827957,0.026881720430107527,0.489247311827957,0.026881720430107527,0.49261431519496013,0.026881720430107527,0.4946236559139785,0.026881720430107527,0.4954925600086891,0.026881720430107527,0.49961985445856427,0.026881720430107527,0.5,0.026881720430107527,0.5,0.026881720430107527,0.5,0.026881720430107527,0.5,0.026881720430107527
Slash,1.0,0.020348837209302327,1.0,0.019291754756871005,1.0,0.018234672304439686,1.0,0.01744186046511628,1.0,0.01744186046511628,1.0,0.01744186046511628,1.0,0.01744186046511628,1.0,0.01744186046511628,1.0,0.01744186046511628,1.0,0.01744186046511628,1.0,0.01744186046511628,1.0,0.01744186046511628,1.0,0.01744186046511628,1.0,0.01744186046511628,1.0,0.01744186046511628,1.0,0.01744186046511628,1.0,0.01744186046511628,1.0,0.01744186046511628,1.0,0.01744186046511628,1.0,0.01744186046511628,1.0,0.01744186046511628,1.0,0.01744186046511628,1.0,0.01744186046511628,1.0,0.01744186046511628,1.0,0.01744186046511628,1.0,0.01744186046511628,1.0,0.01744186046511628,1.0,0.01744186046511628,0.9994714587737843,0.016913319238900618,0.9984143763213532,0.0158562367864693,0.9973572938689217,0.014799154334038063,0.9907505285412262,0.013742071881606742,0.9822938689217758,0.012684989429175507,0.9738372093023255,0.011627906976744186,0.9558668076109936,0.010570824524312867,0.9378964059196617,0.009513742071881546,0.9159619450317124,0.008456659619450392,0.8821353065539111,0.007399577167019072,0.8483086680761099,0.006342494714587753,0.8097251585623679,0.0052854122621564335,0.7663847780126848,0.004228329809725114,0.723044397463002,0.0031712473572938766,0.6773255813953488,0.002114164904862557,0.6308139534883721,0.0010570824524313196,0.5843023255813954,0.0,0.5356765327695562,0.0010570824524313196,0.48705073995771675,0.002114164904862557,0.43948202959830884,0.003699788583509536,0.39508456659619473,0.006871035940803413,0.3506871035940801,0.010042283298097289,0.3110465116279068,0.013213530655391083,0.27616279069767424,0.01638477801268496,0.2412790697674418,0.019556025369978917,0.21273784355179706,0.021934460887949304,0.1863107822410148,0.024048625792811862,0.15988372093023256,0.02616279069767442,0.13979915433403806,0.028276955602536975,0.11971458773784356,0.030391120507399533,0.10121564482029596,0.03224101479915434,0.08747357293868914,0.03329809725158566,0.07373150105708232,0.0343551797040169,0.06210359408033821,0.03488372093023256,0.05258985200845658,0.03488372093023256,0.04307610993657504,0.03488372093023256,0.03594080338266388,0.03488372093023256,0.029598308668076126,0.03488372093023256,0.023255813953488372,0.03488372093023256,0.019027484143763176,0.03488372093023256,0.014799154334038063,0.03488372093023256,0.010835095137420696,0.03488372093023256,0.007663847780126861,0.03488372093023256,0.004492600422832985,0.03488372093023256,0.0023784355179703866,0.03488372093023256,0.0013213530655391084,0.03488372093023256,0.0002642706131078299,0.03488372093023256,0.0,0.03409090909090915,0.0,0.03303382663847783,0.0,0.03197674418604651,0.0,0.03197674418604651,0.0,0.03197674418604651,0.0,0.03197674418604651,0.0,0.03197674418604651,0.0,0.03197674418604651,0.0,0.03197674418604651,0.0,0.03197674418604651,0.0,0.03197674418604651,0.0,0.03197674418604651,0.0,0.03197674418604651,0.0,0.03197674418604651,0.0,0.03197674418604651,0.0,0.03197674418604651,0.0,0.03197674418604651,0.0,0.03197674418604651,0.0,0.03197674418604651,0.0,0.03197674418604651,0.0,0.03197674418604651,0.0,0.03197674418604651,0.0007928118393234898,0.03197674418604651,0.001849894291754768,0.03197674418604651,0.0029069767441860465,0.03197674418604651
Slash,0.006514657980456026,0.08143322475570032,0.006514657980456026,0.08143322475570032,0.006514657980456026,0.08143322475570032,0.006514657980456026,0.08143322475570032,0.006514657980456026,0.08143322475570032,0.006514657980456026,0.08143322475570032,0.006514657980456026,0.08143322475570032,0.00635014641529299,0.08143322475570032,0.005395979337347384,0.08143322475570032,0.00444181225940187,0.08143322475570032,0.003487645181456263,0.08143322475570032,0.0025334781035106562,0.08143322475570032,0.0015793110255650957,0.08143322475570032,0.0006251439476195355,0.08143322475570032,0.0,0.08143322475570032,0.0,0.08143322475570032,0.0,0.08143322475570032,0.0,0.08143322475570032,0.0,0.08143322475570032,0.0,0.08143322475570032,0.0,0.08143322475570032,0.0,0.08143322475570032,0.0,0.08143322475570032,0.0,0.08143322475570032,0.0,0.08143322475570032,0.0,0.08143322475570032,0.0,0.08143322475570032,0.0,0.08143322475570032,0.0006580462606521426,0.08143322475570032,0.001612213338597703,0.08143322475570032,0.0025663804165432635,0.08143322475570032,0.004046984503010584,0.08090678774717862,0.006909485736847311,0.07899845359128749,0.009771986970684038,0.07709011943539637,0.012634488204520766,0.07518178527950516,0.018787220741618208,0.07327345112361394,0.025466390287237177,0.07136511696772292,0.03214555983285633,0.06945678281183171,0.04053564965617078,0.0671207185865166,0.05103148751357217,0.06425821735267996,0.061527325370973475,0.06139571611884314,0.07215477248050539,0.05850031257197381,0.08646727864968903,0.054683644260191566,0.10077978481887276,0.05086697594840914,0.1150922909880564,0.047050307636626806,0.13414273023393547,0.043233639324844565,0.15608857302668377,0.03941697101306223,0.17803441581943216,0.035600302701279896,0.2005725002467674,0.0319810482676932,0.22538084427335234,0.029118547033856475,0.2501891882999376,0.026256045800019747,0.2749975323265225,0.02339354456618302,0.30585990195110707,0.02053104333234629,0.33830158260125687,0.017668542098509564,0.37074326325140655,0.014806040864672836,0.4042707202316322,0.012305465074194695,0.43957490211561884,0.010397130918303575,0.47487908399960505,0.008488796762412454,0.5101832658835915,0.00658046260652124,0.5436449182377523,0.0055933932155430265,0.5770407659658473,0.004639226137597512,0.6104366136939425,0.003685059059651906,0.6427795874049947,0.002730891981706299,0.6742671009771986,0.0017767249037607849,0.7057546145494027,0.0008225578258151782,0.7365840818609549,0.0,0.763300760043431,0.0,0.7900174382259072,0.0,0.8167341164083837,0.0,0.8386141545750667,0.0,0.8586516632119239,0.0,0.8786891718487809,0.0,0.8966538347645839,0.0,0.910012173855822,0.0,0.9233705129470603,0.0,0.936728852038298,0.0,0.9466653505741455,0.0,0.9562070213536011,0.0,0.965748692133057,0.0,0.9734478333826869,0.0,0.9791728358503603,0.0,0.9848978383180338,0.0,0.9904254269075116,0.0,0.9932879281413481,0.0,0.9961504293751848,0.0,0.9990129306090217,0.0,1.0,0.0,1.0,0.0,1.0,0.0,1.0,0.0,1.0,0.0,1.0,0.0,1.0,0.0,1.0,0.0,1.0,0.0,1.0,0.0,1.0,0.0,1.0,0.0,1.0,0.0,1.0,0.0
Slash,1.0,0.0,1.0,0.0,1.0,0.0,1.0,0.0,1.0,0.0,1.0,0.0,1.0,0.0,1.0,0.0,1.0,0.0,1.0,0.0,1.0,0.0,1.0,0.0,1.0,0.0,1.0,0.0,1.0,0.0,1.0,0.0,1.0,0.0,1.0,0.0,1.0,0.0,1.0,0.0,0.9998169001190149,0.0,0.9989014007140895,0.0,0.9979859013091643,0.0,0.9970704019042387,0.0,0.9969788519637462,0.0,0.9969788519637462,0.0,0.9969788519637462,0.0,0.9969788519637462,0.0,0.9969788519637462,0.0,0.9969788519637462,0.0,0.9969788519637462,0.0,0.9969788519637462,0.0,0.9969788519637462,0.0,0.9969788519637462,0.0,0.9969788519637462,0.0,0.9969788519637462,0.0,0.9969788519637462,0.0,0.9963380023802983,0.0,0.9954225029753732,0.0,0.9945070035704477,0.0,0.9932253044035522,0.0,0.9913943055937013,0.0,0.9895633067838506,0.0,0.9871830083310446,0.0,0.9798590130916416,0.0,0.9725350178522383,0.0,0.9652110226128352,0.0,0.9476334340382677,0.0007323995239403303,0.9274924471299094,0.001647898928865743,0.9073514602215508,0.00256339833379107,0.8835484756934907,0.003936647441179189,0.8560834935457292,0.005767646251030015,0.8286185113979675,0.007598645060880669,0.7991394305593699,0.010162043394671826,0.7616039549574294,0.015655039824224046,0.7240684793554883,0.021148036253776436,0.6865330037535478,0.02664103268332874,0.6481735786871737,0.031310079648448175,0.6097226036803074,0.035887576673075156,0.5712716286734413,0.04046507369770213,0.5311727547377092,0.04559187036528436,0.48997528151606723,0.05108486679483658,0.4487778082944245,0.05657786322438888,0.40950288382312566,0.06179620983246365,0.37471390643596075,0.06637370685709054,0.3399249290487959,0.07095120388171752,0.30513595166163143,0.0755287009063444,0.2767554701089443,0.0801061979309713,0.24837498855625753,0.08468369495559828,0.21999450700357034,0.08926119198022527,0.19674082211846564,0.09255698983795657,0.17568433580518164,0.09530348805273281,0.15462784949189767,0.09804998626750888,0.13613476151240503,0.10043028472031496,0.12148677103359876,0.10226128353016578,0.10683878055479266,0.10409228234001643,0.09264853977844911,0.10583173120937471,0.08257804632426984,0.10674723061430012,0.07250755287009064,0.10766273001922545,0.06243705941591135,0.10857822942415087,0.05456376453355306,0.10876132930513595,0.04723976929414993,0.10876132930513595,0.03991577405474688,0.10876132930513595,0.03396502792273187,0.10876132930513595,0.029387530898104895,0.10876132930513595,0.024810033873478,0.10876132930513595,0.020598736610821188,0.10876132930513595,0.017852238396045078,0.10876132930513595,0.015105740181268883,0.10876132930513595,0.01235924196649273,0.10876132930513595,0.01043669321614945,0.10876132930513595,0.008605694406298624,0.10876132930513595,0.006774695596447841,0.10876132930513595,0.005492996429552305,0.10876132930513595,0.004577497024626936,0.10876132930513595,0.0036619976197015654,0.10876132930513595,0.0027464982147761526,0.10876132930513595,0.0018309988098507827,0.10876132930513595,0.0009154994049253699,0.10876132930513595,0.0,0.10876132930513595
Slash,0.0,0.07006369426751592,4.5257499093000014e-17,0.06909862960818372,0.0,0.06813356494885152,0.0,0.06716850028951932,0.0,0.06687898089171974,0.0,0.06687898089171974,0.0,0.06687898089171974,0.0,0.06687898089171974,0.0,0.06687898089171974,0.0,0.06687898089171974,0.0,0.06687898089171974,0.0,0.06687898089171974,0.0,0.06687898089171974,0.0,0.06687898089171974,0.0,0.06687898089171974,0.0,0.06687898089171974,0.0,0.06687898089171974,0.0,0.06687898089171974,0.0,0.06687898089171974,0.0,0.06687898089171974,0.0,0.06687898089171974,0.0,0.06687898089171974,0.0,0.06687898089171974,0.0,0.06687898089171974,0.0,0.06687898089171974,0.0,0.06687898089171974,0.0,0.06687898089171974,0.0,0.06687898089171974,0.0,0.06687898089171974,0.0,0.06687898089171974,0.0,0.06687898089171974,0.0,0.06687898089171974,0.0,0.06687898089171974,0.0,0.06687898089171974,0.0028951939779965174,0.06591391623238764,0.005790387955993035,0.06494885157305542,0.008685581933989599,0.06398378691372314,0.013607411696583695,0.06301872225439112,0.019397799652576733,0.06205365759505891,0.025188187608569765,0.06108859293572671,0.033294730746959995,0.06012352827639451,0.04487550665894607,0.059158463617062305,0.05645628257093232,0.058193398957730194,0.06871260374445093,0.05722833429839799,0.08704883227176224,0.056263269639065874,0.10538506079907355,0.05529820497973358,0.12372128932638485,0.05433314032040147,0.15055008685581928,0.05182397220613775,0.1795020266357847,0.04892877822814132,0.2084539664157499,0.0460335842501448,0.23837097085504735,0.04313839027214828,0.26925303995367694,0.04024319629415168,0.3001351090523065,0.037348002316155246,0.3315962169465356,0.03464582127002508,0.3653734800231615,0.032715691951360676,0.3991507430997878,0.03078556263269636,0.43292800617641364,0.028855433314032047,0.46757382744643905,0.02692530399536764,0.5023161551823975,0.024995174676703324,0.5370584829183557,0.02306504535803901,0.5700636942675161,0.022292993630573247,0.6019108280254777,0.022292993630573247,0.6337579617834395,0.022292993630573247,0.6647365373480024,0.022292993630573247,0.6936884771279678,0.022292993630573247,0.7226404169079331,0.022292993630573247,0.7515923566878981,0.022292993630573247,0.7747539085118704,0.022292993630573247,0.7979154603358424,0.022292993630573247,0.8210770121598149,0.022292993630573247,0.8401852924145917,0.022292993630573247,0.8575564562825708,0.022292993630573247,0.8749276201505501,0.022292993630573247,0.8903686546998648,0.02190696776684037,0.9029144952711832,0.020941903107508163,0.9154603358425014,0.019976838448176052,0.9276201505500868,0.01901177378884385,0.9363057324840764,0.01804670912951174,0.944991314418066,0.017081644470179534,0.9536768963520555,0.016116579810847333,0.9600463231036479,0.01515151515151513,0.965836711059641,0.014186450492182926,0.9716270990156342,0.013221385832850725,0.976452422312295,0.012256321173518612,0.9803126809496236,0.0112912565141865,0.9841729395869523,0.010326191854854297,0.9876471723605482,0.009361127195522094,0.9895773016792124,0.008396062536189892,0.991507430997877,0.00743099787685778,0.9934375603165412,0.006465933217525577,0.9944991314418066,0.005500868558193374,0.9954641961011388,0.004535803898861262,0.9964292607604709,0.003570739239529059,0.997394325419803,0.002605674580196857,0.9983593900791353,0.001640609920864654,0.9993244547384675,0.0006755452615325419,1.0,0.0,1.0,0.0,1.0,0.0,1.0,0.0
Slash,1.0,0.0,1.0,0.0,1.0,0.0,1.0,0.0,1.0,0.0,1.0,0.0,1.0,0.0,1.0,0.0,1.0,0.0,1.0,0.0,1.0,0.0,1.0,0.0,1.0,0.0,1.0,0.0,1.0,0.0,0.9997341839447101,0.0,0.998936735778841,0.0,0.9981392876129719,0.0,0.9973418394471026,0.0,0.9970760233918129,0.0,0.9970760233918129,0.0,0.9970760233918129,0.0,0.9970760233918129,0.0,0.9962785752259437,0.0,0.9954811270600745,0.0,0.9946836788942051,0.0,0.9938862307283359,0.0,0.9930887825624667,0.0,0.9922913343965976,0.0,0.9914938862307284,0.0,0.9896331738437001,0.0,0.9872408293460925,0.0,0.9848484848484849,0.0,0.9824561403508771,0.0,0.9760765550239235,0.0007974481658692412,0.9696969696969696,0.0015948963317384823,0.963317384370016,0.0023923444976076402,0.9542796384901648,0.0034556087187666285,0.9399255715045188,0.0050505050505050275,0.9255715045188729,0.0066454013822434274,0.9112174375332269,0.008240297713981909,0.8899521531100478,0.010366826156299885,0.8652312599681021,0.012759170653907526,0.8405103668261564,0.015151515151515166,0.8157894736842105,0.017543859649122806,0.7830940988835727,0.02153110047846893,0.7503987240829346,0.02551834130781505,0.7177033492822967,0.02950558213716101,0.6842105263157896,0.03375863902179688,0.6491228070175439,0.03854332801701224,0.6140350877192984,0.04332801701222752,0.5789473684210528,0.0481127060074428,0.5433280170122279,0.05289739500265808,0.5074428495481129,0.057682083997873446,0.4715576820839978,0.06246677299308881,0.4356725146198832,0.06725146198830409,0.40457203615098364,0.07123870281765013,0.37347155768208407,0.07522594364699625,0.34237107921318466,0.07921318447634237,0.3131313131313132,0.082668793195109,0.28761297182349815,0.08506113769271656,0.2620946305156831,0.08745348219032437,0.23657628920786838,0.08984582668793192,0.21477937267410963,0.09223817118553965,0.19484316852737918,0.0946305156831472,0.17490696438064865,0.09702286018075484,0.15497076023391812,0.09941520467836257,0.14061669324827236,0.10101010101010105,0.12626262626262635,0.10260499734183945,0.11190855927698043,0.10419989367357785,0.0991493886230729,0.1055289739500265,0.08958001063264218,0.10632642211589582,0.0800106326422117,0.10712387028176498,0.07044125465178105,0.10792131844763422,0.06246677299308881,0.10818713450292397,0.05528973950026585,0.10818713450292397,0.048112706007442885,0.10818713450292397,0.04093567251461988,0.10818713450292397,0.0361509835194046,0.10818713450292397,0.03136629452418932,0.10818713450292397,0.026581605528973956,0.10818713450292397,0.022594364699627834,0.10818713450292397,0.020202020202020193,0.10818713450292397,0.017809675704412553,0.10818713450292397,0.015417331206804913,0.10818713450292397,0.013556618819776725,0.10871876661350346,0.011961722488038284,0.1095162147793727,0.010366826156299844,0.11031366294524195,0.008771929824561403,0.1111111111111111,0.007974481658692203,0.1111111111111111,0.007177033492822962,0.1111111111111111,0.006379585326953763,0.1111111111111111,0.005582137161084522,0.1111111111111111,0.0047846889952152805,0.1111111111111111,0.0039872408293461226,0.1111111111111111,0.0031897926634768814,0.1111111111111111,0.0023923444976076402,0.1111111111111111,0.0015948963317384407,0.1111111111111111,0.0007974481658691996,0.1111111111111111,0.0,0.1111111111111111
Slash,0.0,0.011363636363636364,0.0,0.011363636363636364,0.0,0.011363636363636364,0.0,0.011363636363636364,0.0,0.011363636363636364,0.0,0.011363636363636364,0.0,0.011363636363636364,0.0,0.011363636363636364,0.0,0.011363636363636364,0.0,0.011363636363636364,0.0,0.011363636363636364,0.0,0.011363636363636364,0.0,0.011363636363636364,0.0,0.011363636363636364,0.0,0.011363636363636364,0.0,0.011363636363636364,0.0,0.011363636363636364,0.0,0.011363636363636364,0.0,0.011363636363636364,0.0,0.011363636363636364,0.0,0.011363636363636364,0.0,0.011363636363636364,0.0,0.011363636363636364,0.0,0.011363636363636364,0.0,0.011363636363636364,0.0,0.011363636363636364,0.0,0.011363636363636364,0.0,0.011363636363636364,0.0,0.011363636363636364,0.0,0.011363636363636364,0.0,0.011363636363636364,0.0005739210284664994,0.011363636363636364,0.0012339302112029332,0.011363636363636364,0.0018939393939394074,0.011363636363636364,0.002553948576675841,0.011363636363636364,0.004333103764921908,0.011363636363636364,0.006973140495867805,0.011363636363636364,0.00961317722681354,0.011363636363636364,0.012253213957759397,0.011363636363636364,0.015581955922865013,0.011191460055096495,0.020862029384756644,0.01053145087236002,0.026142102846648318,0.009871441689623466,0.03142217630853995,0.009211432506887073,0.03670224977043158,0.008551423324150598,0.04577020202020199,0.007891414141414123,0.05501033057851243,0.00723140495867773,0.06425045913682274,0.0065713957759412555,0.07349058769513314,0.0059113865932047815,0.08617424242424244,0.005251377410468388,0.10069444444444448,0.004591368227731833,0.11521464646464642,0.003931359044995439,0.12973484848484837,0.0032713498622589654,0.1465507346189165,0.002611340679522491,0.16767102846648302,0.0019513314967860977,0.18879132231404955,0.0012913223140496235,0.20991161616161608,0.0006313131313131493,0.23117539026629938,0.0,0.25559573002754815,0.0,0.28001606978879695,0.0,0.304436409550046,0.0,0.32885674931129477,0.0,0.3537649219467401,0.0,0.3788452708907254,0.0,0.40392561983471076,0.0,0.4290059687786961,0.0,0.45580808080808066,0.0002869605142331689,0.4848484848484849,0.0009469696969696431,0.513888888888889,0.0016069788797061174,0.5429292929292928,0.0022669880624425916,0.5717975206611573,0.0029269972451790656,0.599517906336088,0.00358700642791554,0.6272382920110193,0.004247015610651933,0.6549586776859503,0.004907024793388489,0.6826790633608814,0.005567033976124882,0.7065828741965103,0.006227043158861356,0.7296831955922866,0.00688705234159783,0.7527835169880626,0.007547061524334305,0.7758838383838385,0.008207070707070697,0.7962293388429752,0.008522727272727272,0.8140495867768593,0.008522727272727272,0.8318698347107436,0.008522727272727272,0.849690082644628,0.008522727272727272,0.8663624885215794,0.008522727272727272,0.8789026629935722,0.008522727272727272,0.8914428374655649,0.008522727272727272,0.9039830119375574,0.008522727272727272,0.91652318640955,0.008522727272727272,0.9260502754820937,0.008522727272727272,0.9352904040404039,0.008522727272727272,0.9445305325987146,0.008522727272727272,0.9537706611570248,0.008522727272727272,0.9610020661157026,0.008120982552800722,0.9669421487603306,0.00746097337006433,0.9728822314049587,0.0068009641873277744,0.9788223140495866,0.006140955004591381,0.9841597796143251,0.005480945821854907,0.9881198347107438,0.004820936639118514,0.9920798898071624,0.004160927456381958,0.9960399449035813,0.0035009182736454843,1.0,0.002840909090909091
Slash,1.0,0.09487179487179487,1.0,0.09414659414659413,1.0,0.09342139342139345,1.0,0.09269619269619271,1.0,0.09230769230769231,1.0,0.09230769230769231,1.0,0.09230769230769231,1.0,0.09230769230769231,1.0,0.09230769230769231,1.0,0.09230769230769231,1.0,0.09230769230769231,1.0,0.09230769230769231,1.0,0.09230769230769231,1.0,0.09230769230769231,1.0,0.09230769230769231,0.9993783993783993,0.09230769230769231,0.9986531986531986,0.09230769230769231,0.9979279979279979,0.09230769230769231,0.9972027972027971,0.09230769230769231,0.9964775964775964,0.09230769230769231,0.9957523957523956,0.09230769230769231,0.995027195027195,0.09230769230769231,0.9943019943019943,0.09230769230769231,0.9935767935767935,0.09230769230769231,0.9928515928515927,0.09230769230769231,0.9921263921263921,0.09230769230769231,0.9914011914011914,0.09230769230769231,0.9906759906759907,0.09230769230769231,0.98995078995079,0.09230769230769231,0.9881895881895881,0.09178969178969178,0.9860139860139859,0.09106449106449103,0.9838383838383838,0.09033929033929028,0.9808857808857809,0.0896140896140896,0.9743589743589743,0.08888888888888893,0.9678321678321677,0.08816368816368819,0.9613053613053613,0.08743848743848745,0.9505827505827507,0.08624708624708623,0.9375291375291375,0.0847966847966848,0.9244755244755244,0.08334628334628331,0.9104118104118105,0.08166278166278165,0.8879305879305879,0.07803677803677807,0.8654493654493655,0.07441077441077441,0.8429681429681429,0.07078477078477083,0.815928515928516,0.06632996632996632,0.7854700854700855,0.061253561253561316,0.7550116550116551,0.05617715617715624,0.7243460243460245,0.05115255115255115,0.6880859880859881,0.047526547526547495,0.6518259518259519,0.04390054390054391,0.6155659155659157,0.040274540274540256,0.5789432789432791,0.03701113701113697,0.541958041958042,0.03411033411033413,0.5049728049728052,0.03120953120953122,0.46798756798756797,0.028308728308728312,0.4344988344988346,0.02610722610722612,0.4011396011396012,0.023931623931623958,0.3677803677803679,0.02175602175602179,0.33690753690753694,0.019891219891219874,0.30934990934990925,0.018440818440818456,0.28179228179228194,0.016990416990417034,0.2542346542346543,0.015540015540015545,0.23315203315203306,0.014737114737114719,0.21284641284641279,0.014011914011914046,0.1925407925407927,0.0132867132867133,0.1740481740481741,0.012561512561512554,0.15881895881895883,0.011836311836311881,0.14358974358974375,0.011111111111111136,0.12836052836052844,0.01038591038591039,0.11670551670551671,0.009660709660709716,0.10582750582750582,0.00893550893550897,0.09494949494949502,0.008210308210308225,0.08490028490028491,0.007485107485107479,0.07692307692307696,0.0067599067599067334,0.06894586894586893,0.006034706034706061,0.06096866096866103,0.0053095053095053146,0.0551670551670552,0.004584304584304569,0.05009065009065009,0.003859103859103896,0.04501424501424498,0.0031339031339031502,0.04024864024864026,0.002564102564102564,0.036622636622636644,0.002564102564102564,0.03299663299663299,0.002564102564102564,0.029370629370629404,0.002564102564102564,0.026236726236726255,0.002564102564102564,0.023335923335923343,0.002564102564102564,0.020435120435120434,0.002564102564102564,0.017637917637917666,0.002564102564102564,0.015462315462315464,0.002564102564102564,0.0132867132867133,0.002564102564102564,0.0111111111111111,0.002564102564102564,0.009375809375809388,0.002564102564102564,0.007925407925407931,0.002564102564102564,0.006475006475006477,0.002564102564102564,0.005076405076405075,0.002564102564102564,0.004351204351204366,0.002564102564102564,0.003626003626003656,0.002564102564102564,0.00290080290080291,0.002564102564102564,0.0021756021756021648,0.0021756021756022376,0.001450401450401455,0.0014504014504014915,0.0007252007252007458,0.0007252007252006729,0.0,0.0
Slash,0.0,0.14596949891067537,0.0,0.14596949891067537,0.0,0.14596949891067537,0.0,0.14596949891067537,0.0,0.14596949891067537,0.00024207213749698097,0.14596949891067537,0.000726216412490912,0.14596949891067537,0.0012103606874848429,0.14596949891067537,0.0016945049624788359,0.14596949891067537,0.002178649237472767,0.14596949891067537,0.0036310820624546217,0.1454853546356814,0.005083514887436477,0.14500121036068744,0.006535947712418301,0.14451706608569356,0.007988380537400124,0.1440329218106996,0.010651174049866853,0.1428225611232147,0.014524328249818426,0.14088598402323896,0.018397482449770027,0.13894940692326313,0.0222706366497216,0.13701282982328733,0.026143790849673203,0.13507625272331156,0.0353425320745582,0.13168724279835395,0.04454127329944326,0.12829823287339626,0.05374001452432823,0.12490922294843866,0.06293875574921326,0.12152021302348105,0.08206245461147417,0.1159525538610506,0.1111111111111111,0.10820624546114746,0.14015976761074797,0.10045993706124426,0.16920842411038486,0.09271362866134111,0.19825708061002179,0.08496732026143791,0.23747276688453148,0.0781893004115227,0.2766884531590413,0.07141128056160735,0.31590413943355106,0.06463326071169212,0.3551198257080609,0.05785524086177685,0.392398934882595,0.05228758169934641,0.4277414669571532,0.04793028322440087,0.46308399903171144,0.04357298474945534,0.49842653110626967,0.0392156862745098,0.5337690631808278,0.034858387799564274,0.5637860082304526,0.03146937787460666,0.5938029532800775,0.02808036794964899,0.6238198983297021,0.024691358024691377,0.653836843379327,0.021302348099733706,0.6799806342290002,0.018639554587266977,0.7022512708787219,0.016702977487291253,0.7245219075284435,0.014766400387315406,0.746792544178165,0.012829823287339682,0.7690631808278867,0.010893246187363835,0.785039941902687,0.00992495763737591,0.8010167029774873,0.008956669087388049,0.8169934640522876,0.007988380537400124,0.8329702251270877,0.007020091987412262,0.8465262648269184,0.006051803437424339,0.8576615831517791,0.005083514887436477,0.86879690147664,0.004115226337448553,0.8799322198015008,0.0031469377874606907,0.8910675381263616,0.002178649237472767,0.8988138465262648,0.0016945049624788049,0.9065601549261679,0.0012103606874848429,0.9143064633260712,0.000726216412490881,0.9220527717259742,0.00024207213749698097,0.9288307915758895,0.0,0.934640522875817,0.0,0.9404502541757442,0.0,0.9462599854756718,0.0,0.9520697167755992,0.0,0.9559428709755505,0.0,0.9598160251755022,0.0,0.963689179375454,0.0,0.9675623335754054,0.0,0.9704671992253692,0.0,0.9724037763253448,0.0,0.9743403534253207,0.0,0.9762769305252965,0.0,0.9782135076252724,0.0,0.9796659404502543,0.0,0.9811183732752361,0.0,0.9825708061002179,0.0,0.9840232389251996,0.0,0.9854756717501817,0.0,0.9869281045751634,0.0,0.9883805374001452,0.0,0.9898329702251272,0.0,0.9912854030501089,0.0,0.9922536916000969,0.0,0.9932219801500848,0.0,0.9941902687000727,0.0,0.9951585572500606,0.0,0.9958847736625513,0.0,0.9963689179375455,0.0,0.9968530622125393,0.0,0.9973372064875334,0.0,0.9978213507625272,0.0,0.9983054950375211,0.0,0.9987896393125152,0.0,0.999273783587509,0.0,0.9997579278625031,0.0,1.0,0.0,1.0,0.0,1.0,0.0,1.0,0.0,1.0,0.0
Slash,1.0,0.0,0.9994819994819993,0.0,0.9989639989639989,0.0,0.9984459984459985,0.0,0.9979279979279979,0.0,0.9974099974099975,0.0,0.9968919968919968,0.0,0.9963739963739964,0.0,0.9958559958559957,0.0,0.9953379953379953,0.0,0.994819994819995,0.0,0.9943019943019943,0.0,0.9937839937839938,0.0,0.9932659932659934,0.0,0.9927479927479927,0.0,0.9922299922299921,0.0,0.9913135297750683,0.0,0.9902775287390672,0.0,0.9892415277030661,0.0,0.9882055266670651,0.0,0.9866714482099097,0.0,0.9851174466559083,0.0,0.9835634451019067,0.0,0.9816906739983663,0.0,0.9780646703723627,0.0,0.974438666746359,0.0,0.9708126631203554,0.0,0.9655728886498116,0.0,0.9572848803618034,0.0,0.948996872073795,0.0,0.9407088637857868,0.0,0.9290737752276214,0.0005578467116928814,0.914569760723607,0.0015938477476938908,0.9000657462195922,0.0026298487836949563,0.8855617317155777,0.0036658498196960217,0.864244018090172,0.005837467375928912,0.8404159942621481,0.008427469965931463,0.8165879704341241,0.011017472555934127,0.7927599466061004,0.013607475145936734,0.737373737373737,0.02767318151933548,0.6793576793576793,0.04269519654135042,0.6213416213416212,0.05771721156336542,0.5649393341701033,0.07238061084214935,0.5209092901400592,0.08429462275616131,0.4768792461100151,0.09620863467017324,0.432849202079971,0.10812264658418515,0.392803777419162,0.11892096507481124,0.36172374633913085,0.1272089733628195,0.33064371525909975,0.13549698165082785,0.29956368417906865,0.14378498993883615,0.27314565776104216,0.1507779969318431,0.25138963600502057,0.15647600262984876,0.22963361424899878,0.1621740083278545,0.20787759249297696,0.1678720140258602,0.1904249596557288,0.1724941724941725,0.17488494411571323,0.1766381766381766,0.15934492857569768,0.18078218078218075,0.14380491303568224,0.1849261849261849,0.13238897854282464,0.18769549538780309,0.12151096766481374,0.1902854979778057,0.11063295678680284,0.1928755005678083,0.09999402307094613,0.1954256569641185,0.09222401530093836,0.19749765903612063,0.08445400753093057,0.19956966110812266,0.07668399976092277,0.20164166318012466,0.06961130038053111,0.20357420357420358,0.06443129520052593,0.20512820512820512,0.059251290020520736,0.20668220668220666,0.05407128484051555,0.20823620823620823,0.04936943398481854,0.20979020979020982,0.04522542984081445,0.21134421134421136,0.0410814256968103,0.2128982128982129,0.03693742155280615,0.21445221445221443,0.03347080270157192,0.21600621600621597,0.030362799593568805,0.21756021756021757,0.027254796485565693,0.2191142191142192,0.024146793377562578,0.22066822066822067,0.021915406530791125,0.22178391409160642,0.01984340445878905,0.2228199151276075,0.017771402386786976,0.22385591616360856,0.0157193234116311,0.2248719941027633,0.014165321857629545,0.2253899946207638,0.01261132030362799,0.22590799513876433,0.011057318749626434,0.22642599565676488,0.009622855776701925,0.2269439961747654,0.008586854740700886,0.22746199669276596,0.0075508537046998486,0.22797999721076637,0.006514852668698811,0.228497997728767,0.005698005698005691,0.22901599824676744,0.005180005180005173,0.22953399876476807,0.004662004662004654,0.23005199928276848,0.0041440041440041495,0.23056999980076903,0.003626003626003617,0.23076923076923078,0.0031080031080031123,0.23076923076923078,0.0025900025900025794,0.23076923076923078,0.002072002072002061,0.23076923076923078,0.001554001554001542,0.23076923076923078,0.0010360010360010374,0.23076923076923078,0.0005180005180005047,0.23076923076923078,0.0,0.23076923076923078
Slash,0.0,0.27524752475247527,0.0,0.27524752475247527,0.0,0.27524752475247527,0.0,0.27524752475247527,0.0,0.27524752475247527,0.0,0.27524752475247527,0.0,0.27524752475247527,0.0,0.27524752475247527,0.0,0.27524752475247527,0.0,0.27524752475247527,0.0,0.27518751875187514,0.0,0.27458745874587465,0.0,0.273987398739874,0.0,0.2733873387338734,0.0,0.2732673267326733,0.0,0.2732673267326733,0.0,0.2732673267326733,0.0,0.2732673267326733,0.0,0.2732673267326733,0.0,0.2732673267326733,0.0,0.2732673267326733,0.0,0.2732673267326733,0.0,0.2732673267326733,0.0,0.2732673267326733,0.0,0.2732673267326733,0.0,0.2732673267326733,0.0,0.2732673267326733,0.0,0.2732673267326733,0.0,0.2732673267326733,0.0,0.2732673267326733,0.0,0.273087308730873,0.0,0.2724872487248725,0.0,0.2718871887188719,0.0,0.2712871287128713,0.0,0.27008700870087005,0.0,0.26888688868886895,0.0,0.2676867686768677,0.0,0.26606660666066606,0.0,0.26426642664266425,0.0,0.2624662466246625,0.00048004800480047963,0.25946594659465944,0.0016801680168016717,0.2546654665466546,0.0028802880288028776,0.24986498649864988,0.004920492049204948,0.2447044704470447,0.01452145214521454,0.23630363036303625,0.024122412241224134,0.22790279027902785,0.03372337233723373,0.2195019501950195,0.0716471647164716,0.2043804380438044,0.11665166516651684,0.1875787578757875,0.1616561656165618,0.17077707770777073,0.21206120612061224,0.15487548754875483,0.2678667866786679,0.13987398739873985,0.3236723672367237,0.12487248724872488,0.3792379237923795,0.11071107110711065,0.4338433843384338,0.09990999099909988,0.4884488448844887,0.08910891089108905,0.5430543054305429,0.07830783078307833,0.5879387938793881,0.07074707470747073,0.631743174317432,0.0635463546354635,0.6755475547554755,0.056345634563456315,0.7114311431143115,0.05022502250225019,0.742034203420342,0.0448244824482448,0.7726372637263728,0.039423942394239415,0.8005400540054005,0.03456345634563459,0.8221422142214223,0.03096309630963094,0.8437443744374439,0.027362736273627352,0.8653465346534653,0.023762376237623763,0.8797479747974798,0.02136213621362135,0.894149414941494,0.018961896189618938,0.9085508550855087,0.016561656165616525,0.9200120012001199,0.014581458145814602,0.9302130213021302,0.01278127812781275,0.9404140414041405,0.010981098109810955,0.949174917491749,0.009420942094209407,0.9557755775577559,0.008220822082208229,0.9623762376237623,0.007020702070207051,0.9687368736873688,0.0058805880588058785,0.972937293729373,0.0052805280528052615,0.9771377137713773,0.004680468046804673,0.9813381338133814,0.004080408040804084,0.9840984098409842,0.003480348034803495,0.9864986498649864,0.0028802880288028776,0.9888988898889889,0.0022802280228022887,0.9909990999099911,0.0016801680168016997,0.9927992799279928,0.0010801080108010545,0.9945994599459945,0.00048004800480046554,0.9962796279627962,0.0,0.9974797479747975,0.0,0.9986798679867988,0.0,0.9998799879987997,0.0,1.0,0.0,1.0,0.0,1.0,0.0,1.0,0.0,1.0,0.0,1.0,0.0,1.0,0.0,1.0,0.0,1.0,0.0,1.0,0.0
Slash,0.9962763519706691,0.00901313779407273,0.9962763519706691,0.00901313779407273,0.9962763519706691,0.00901313779407273,0.9962763519706691,0.00901313779407273,0.9959517262450353,0.00901313779407273,0.9953979529483654,0.00901313779407273,0.9948441796516957,0.00901313779407273,0.9942904063550261,0.00901313779407273,0.993736633058356,0.00901313779407273,0.9931828597616865,0.00901313779407273,0.9926290864650167,0.00901313779407273,0.9924954170485792,0.00901313779407273,0.9924954170485792,0.00901313779407273,0.9924954170485792,0.00901313779407273,0.9924954170485792,0.00901313779407273,0.9924954170485792,0.00901313779407273,0.9924954170485792,0.00901313779407273,0.9924954170485792,0.00901313779407273,0.9924954170485792,0.00901313779407273,0.9924954170485792,0.00901313779407273,0.9924954170485792,0.00901313779407273,0.9924954170485792,0.00901313779407273,0.9924954170485792,0.00901313779407273,0.9924954170485792,0.00901313779407273,0.9924954170485792,0.00901313779407273,0.9924954170485792,0.00901313779407273,0.9924954170485792,0.00901313779407273,0.9924954170485792,0.00901313779407273,0.9924954170485792,0.00901313779407273,0.9924954170485792,0.00901313779407273,0.9924954170485792,0.00901313779407273,0.9928009471432936,0.008860372746715561,0.9939084937366329,0.008306599450045877,0.9950160403299725,0.007752826153376139,0.9961235869233119,0.007199052856706402,0.9967537427436602,0.006645279560036664,0.9973075160403299,0.006091506263366926,0.9978612893369996,0.005537732966697242,0.9984150626336694,0.0049839596700275044,0.9989688359303392,0.004430186373357794,0.9995226092270088,0.003876413076688083,1.0,0.0033226397800183455,0.9983386801099908,0.0027688664833486077,0.9966773602199817,0.002215093186678897,0.9950160403299723,0.0016613198900091862,0.9871677360219983,0.0011075465933394486,0.9755384967919339,0.0005537732966697376,0.9639092575618697,0.0,0.9370417048579285,0.003570882981973745,0.8517606171707914,0.022952948365413974,0.7664795294836539,0.04233501374885431,0.6811984417965169,0.06171707913229454,0.6161205316223649,0.07802474793767185,0.5563130155820346,0.09353040024442412,0.4965054995417048,0.1090360525511763,0.44362969752520626,0.12286128933699972,0.40209670027497696,0.13393675527039414,0.36056370302474816,0.1450122212037885,0.3190307057745188,0.15608768713718302,0.2897952948365413,0.163955087076077,0.26099908340971595,0.17170791322945306,0.23220287198289036,0.17946073938282922,0.20829514207149397,0.18629697525206237,0.18835930339138413,0.19238848151542928,0.16842346471127406,0.19847998777879622,0.14932783379162842,0.20426596394744884,0.13548350137488546,0.20814237702413685,0.12163916895814239,0.21201879010082494,0.10779483654139926,0.215895203177513,0.09675756186984422,0.21896959975557592,0.08678964252978917,0.22173846623892457,0.07682172318973414,0.22450733272227313,0.06771310724106326,0.22710433852734496,0.060514054384356857,0.2293194317140238,0.05331500152765043,0.2315345249007027,0.04611594867094411,0.2337496180873816,0.040902841429880835,0.2354682248701497,0.03591888175985332,0.2371295447601589,0.03093492208982586,0.23879086465016808,0.02675297891842346,0.23991750687442714,0.023430339138405153,0.2404712801710968,0.020107699358386806,0.24102505346776656,0.016861442102047045,0.241540635502597,0.014646348915368177,0.241540635502597,0.01243125572868928,0.241540635502597,0.010216162542010382,0.241540635502597,0.008363886342804775,0.241540635502597,0.006702566452795602,0.241540635502597,0.0050412465627864295,0.241540635502597,0.0035135960892147934,0.24140696608615955,0.0024060494958753446,0.24085319278948975,0.0012985029025358963,0.24029941949282002,0.00019095630919646126,0.23974564619615032,0.0,0.23873357775740908,0.0,0.23762603116406966,0.0,0.23651848457073024,0.0,0.23564008554842653,0.0,0.23508631225175683,0.0,0.23453253895508705,0.0,0.23397876565841735
Slash,0.003565319168092194,0.14974340505987216,0.0029350859818132657,0.14974340505987216,0.00230485279553435,0.14974340505987216,0.0016746196092554215,0.14974340505987216,0.0010443864229764993,0.14974340505987216,0.00041415323669757723,0.14974340505987216,0.0,0.14974340505987216,0.0,0.14974340505987216,0.0,0.14974340505987216,0.0,0.14974340505987216,0.0,0.14974340505987216,0.0,0.14974340505987216,0.0,0.14974340505987216,0.0,0.14974340505987216,0.0,0.14974340505987216,0.0,0.14974340505987216,0.0,0.14974340505987216,0.0,0.14974340505987216,0.0,0.14974340505987216,0.0,0.14974340505987216,0.0,0.14974340505987216,0.0,0.14974340505987216,0.0,0.14974340505987216,0.0,0.14974340505987216,0.0,0.14974340505987216,0.0,0.14974340505987216,0.0003421265868371268,0.14905915188619787,0.0009723597731160552,0.1477986855136401,0.0016025929593949774,0.1465382191410822,0.0035833258305573066,0.14392725308364093,0.006104258575672995,0.14077608715224638,0.008625191320788697,0.13762492122085174,0.015053569820833706,0.13279913568020166,0.02198613486990185,0.12775727018997032,0.02960295309264431,0.12260736472494822,0.04850994868101197,0.11567479967588012,0.06741694426937964,0.10874223462681191,0.09165391194742062,0.10108940307913922,0.13387953542810838,0.09100567209867651,0.17610515890879616,0.08092194111821376,0.2256414873503197,0.07209867651030884,0.2861438732330962,0.06516611146124064,0.34664625911587277,0.058233546412172536,0.41327091023678764,0.052381381111011045,0.48448726028630584,0.04733951562077972,0.555703610335824,0.04229765013054829,0.613811110110741,0.038192131088502765,0.6673809309444495,0.03441073197082922,0.7209507517781578,0.030629332853155677,0.7595390294408931,0.02800036013324929,0.7967227874313498,0.025479427388133625,0.8329882056360853,0.023012514630413247,0.8594579994598002,0.021121815071576525,0.8859277932835149,0.019231115512739753,0.9099666876744394,0.017502475916088944,0.9269829837039705,0.01624200954353111,0.9439992797335015,0.01498154317097323,0.9580444764562888,0.013721076798415449,0.9681282074367517,0.012460610425857567,0.9782119384172144,0.011200144053299685,0.9852705501035384,0.009939677680741903,0.9903124155937697,0.008679211308184073,0.995354281084001,0.00741874493562619,0.9974790672548842,0.006644458449626348,0.998739533627442,0.006014225263347407,1.0,0.005383992077068516,0.9965067074817683,0.0047537588907896255,0.9927253083640947,0.004123525704510634,0.9887278292968398,0.003493292518231744,0.9830557306203296,0.0028630593319528027,0.9773836319438192,0.002232826145673912,0.9720716665166113,0.001602592959394971,0.9676600342126586,0.0009723597731160806,0.9632484019087063,0.0003421265868370888,0.9594129828036373,0.0,0.9562618168722429,0.0,0.9531106509408482,0.0,0.950355631583686,0.0,0.9478346988385704,0.0,0.9453137660934546,0.0,0.943297019897362,0.0,0.9414063203385253,0.0,0.9395156207796884,0.0,0.9382371477446655,0.0,0.9369766813721078,0.0,0.9358062483118755,0.0,0.9351760151255964,0.0,0.9345457819393176,0.0,0.9339155487530387,0.0,0.9332853155667598,0.0,0.9326550823804809,0.0,0.932024849194202,0.0,0.931394616007923,0.0,0.930764382821644,0.0,0.9305483028720627,0.0,0.9305483028720627,0.0,0.9305483028720627,0.0,0.9305483028720627,0.0,0.9305483028720627,0.0,0.9305483028720627,0.0
Slash,0.0,0.07330827067669173,0.0,0.07330827067669178,0.0,0.07330827067669173,0.0,0.07330827067669173,0.0,0.07330827067669173,0.0,0.07330827067669173,0.0,0.07330827067669173,0.0,0.07330827067669173,0.0,0.07330827067669173,0.0,0.07330827067669173,0.0,0.07330827067669173,0.0,0.07330827067669173,0.0,0.07330827067669173,0.0,0.07330827067669173,0.0,0.07330827067669173,0.0,0.07330827067669173,0.0,0.07330827067669173,0.0,0.07330827067669173,0.0,0.07330827067669173,0.0,0.07330827067669173,0.0,0.07330827067669173,0.0,0.07330827067669173,0.0,0.07330827067669173,0.0,0.07330827067669173,0.0,0.07330827067669173,0.0,0.07330827067669173,0.0,0.07330827067669173,0.0,0.07330827067669173,0.0,0.07330827067669173,0.0,0.07330827067669173,0.0008544087491455888,0.07313738892686261,0.003702437912964227,0.07256778309409886,0.006550467076782866,0.07199817726133517,0.009398496240601503,0.07142857142857142,0.0156641604010025,0.07028935976304394,0.02192982456140349,0.0691501480975165,0.02819548872180451,0.06801093643198908,0.04004329004329009,0.06647300068352702,0.05428343586238325,0.06476418318523579,0.06852358168147642,0.06305536568694467,0.08663704716336296,0.06134654818865348,0.1105604921394395,0.05963773069036225,0.13448393711551615,0.05792891319207108,0.15983139667350205,0.0562200956937799,0.19799498746867175,0.05451127819548872,0.23615857826384146,0.052802460697197545,0.27432216905901113,0.051093643198906365,0.31886534518113463,0.04938482570061519,0.36500341763499683,0.04767600820232401,0.41114149008885864,0.04596719070403278,0.4567099567099568,0.04454317612212353,0.5017088174982912,0.043403964456595986,0.5467076782866257,0.042264752791068554,0.5903394850763274,0.04101161995898837,0.6285030758714969,0.03930280246069725,0.6666666666666669,0.03759398496240601,0.7048302574618363,0.03588516746411484,0.7342788790157212,0.03417634996582366,0.7627591706539076,0.03246753246753243,0.7912394622920939,0.030758714969241253,0.814593301435407,0.02870813397129183,0.8345295055821372,0.02642971064023696,0.8544657097288677,0.024151287309182038,0.8725222146274777,0.02204374572795624,0.8861927546138073,0.020334928229665063,0.8998632946001367,0.018626110731373883,0.9135338345864662,0.016917293233082706,0.9226475279106858,0.01577808156755522,0.9317612212349056,0.014638869902027785,0.940874914559125,0.013499658236500298,0.9479949874686715,0.012360446570972917,0.9542606516290728,0.01122123490544543,0.9605263157894737,0.010082023239917942,0.9658806106174528,0.009170653907496006,0.9698678514467989,0.008601048074732262,0.9738550922761448,0.008031442241968572,0.9776714513556621,0.007461836409204828,0.9799498746867167,0.006892230576441085,0.9822282980177717,0.006322624743677395,0.9845067213488266,0.005753018910913651,0.9863294600136706,0.005183413078149907,0.9880382775119619,0.004613807245386164,0.9897470950102528,0.004044201412622473,0.9911711095921624,0.0034745955798587296,0.9923103212576898,0.002904989747094986,0.9934495329232171,0.002335383914331296,0.9945887445887444,0.001765778081567552,0.9957279562542721,0.0011961722488038084,0.9968671679197993,0.0006265664160401181,0.998006379585327,5.696058327637437e-05,0.998632946001367,0.0,0.9992025518341309,0.0,0.9997721576668945,0.0,1.0,0.0,1.0,0.0,1.0,0.0,1.0,0.0,1.0,0.0,1.0,0.0,1.0,0.0
Slash,0.0,0.15203426124197003,0.0,0.15203426124197003,0.0,0.15203426124197003,0.0,0.15203426124197003,0.0,0.15203426124197003,0.0,0.15203426124197003,0.0,0.15203426124197003,0.0,0.15203426124197003,0.0,0.15203426124197003,0.0,0.15203426124197003,0.0,0.15203426124197003,0.0,0.15203426124197003,0.0,0.15203426124197003,0.0,0.15203426124197003,0.0,0.15203426124197003,0.0,0.15203426124197003,0.0,0.15203426124197003,0.0,0.15203426124197003,0.0,0.15203426124197003,0.0,0.15203426124197003,0.0,0.15203426124197003,0.0,0.15203426124197003,0.0,0.15203426124197003,0.0,0.15203426124197003,0.0,0.15203426124197003,0.0,0.15203426124197003,0.0,0.15203426124197003,0.0,0.15203426124197003,0.0,0.15203426124197003,0.0,0.15203426124197003,0.0,0.15203426124197003,0.00034607315121234735,0.15186122466636384,0.0016005883243570608,0.15123396707979153,0.0028551034975017897,0.15060670949321908,0.004109618670646518,0.14997945190664677,0.006445612441329787,0.14881145502130522,0.008954642787619245,0.14755693984816035,0.0114636731339087,0.1463024246750157,0.015940994527718293,0.14476672506651098,0.022840827980014255,0.1428849523067939,0.029740661432310248,0.1410031795470768,0.03685679060411396,0.13905651807150737,0.05002919992213353,0.1352929725520732,0.06320160924015311,0.13152942703263898,0.07637401855817275,0.1277658815132049,0.09616507689312828,0.12361300369865678,0.12000086518287797,0.11922220059265025,0.1438366534726278,0.11483139748664371,0.17000843553306078,0.11018103951722792,0.20513486038111298,0.10453572123807668,0.2402612852291654,0.0988904029589254,0.27538771007721763,0.09324508467977421,0.31548893647394716,0.08859472671035842,0.35688793718772316,0.08420392360435189,0.39828693790149894,0.07981312049834535,0.4399238639067332,0.07542231739233882,0.4819501222070817,0.07103151428633228,0.5239763805074295,0.06664071118032582,0.5660026388077779,0.06224990807431921,0.6025782449765319,0.05785910496831268,0.6389591849977287,0.0534683018623062,0.6753401250189258,0.04907749875629961,0.7075681872255749,0.04537884195271777,0.7364220362079033,0.04224255401985599,0.765275885190232,0.03910626608699409,0.7931780330067268,0.036056496441935405,0.8151320485367594,0.03354746609564601,0.8370860640667921,0.03103843574935649,0.8590400795968248,0.028529405403067094,0.8759976640062292,0.02647459606774384,0.891051846083966,0.024592823308026764,0.9061060281617027,0.022711050548309686,0.9197975472065407,0.02102394393614949,0.9304609261782709,0.019769428763004734,0.9411243051500012,0.018514913589860037,0.9517876841217313,0.017260398416715336,0.9590768498691411,0.01600588324357058,0.9659766833214372,0.01475136807042588,0.9728765167737329,0.013496852897281182,0.9785650941967858,0.012545151731447227,0.9829558973027924,0.011917894144874907,0.987346700408799,0.011290636558302527,0.9915644669391994,0.010663378971730149,0.9934462396989164,0.010036121385157769,0.9953280124586336,0.00940886379858545,0.9972097852183507,0.008781606212013071,0.9982696342439382,0.008154348625440691,0.9988968918305107,0.007527091038868311,0.9995241494170831,0.0068998334522959925,1.0,0.006272575865723613,1.0,0.005645318279151233,1.0,0.005018060692578915,1.0,0.0043908031060065356,1.0,0.0037635455194341555,1.0,0.003136287932861837,1.0,0.0025090303462893967,1.0,0.0018817727597170777,1.0,0.001254515173144759,1.0,0.0006272575865723187,1.0,0.0
Slash,0.002061855670103093,0.15670103092783505,0.0013953972716859273,0.15670103092783505,0.0007289388732687616,0.15670103092783505,6.2480474851596e-05,0.15670103092783505,0.0,0.15670103092783505,0.0,0.15670103092783505,0.0,0.15670103092783505,0.0,0.1561595334791211,0.0,0.15549307508070392,0.0,0.15482661668228684,0.0,0.15416015828386967,0.0,0.1534936998854525,0.0,0.1528272414870353,0.0,0.15216078308861813,0.0,0.15149432469020094,0.0,0.15082786629178377,0.0003540560241591124,0.15051546391752577,0.001020514422576278,0.15051546391752577,0.0016869728209934435,0.15051546391752577,0.002061855670103093,0.15051546391752577,0.002061855670103093,0.15051546391752577,0.002061855670103093,0.15051546391752577,0.002061855670103093,0.15051546391752577,0.002061855670103093,0.15051546391752577,0.002061855670103093,0.15051546391752577,0.002061855670103093,0.15051546391752577,0.002061855670103093,0.15051546391752577,0.002061855670103093,0.15051546391752577,0.0021659897948557772,0.15051546391752577,0.002832448193272943,0.15051546391752577,0.0034989065916901083,0.15051546391752577,0.004123711340206186,0.15051546391752577,0.004123711340206186,0.15051546391752577,0.004123711340206186,0.15051546391752577,0.004123711340206186,0.15051546391752577,0.004123711340206186,0.15051546391752577,0.004123711340206186,0.15051546391752577,0.004123711340206186,0.15051546391752577,0.005290013537436222,0.14993231281891073,0.006622930334270553,0.14926585442049356,0.00795584713110487,0.1485993960220764,0.010330105175466016,0.14741226699989585,0.012995938769134649,0.1460793502030616,0.015661772362803295,0.14474643340622723,0.02061855670103094,0.14295532646048106,0.026616682286785404,0.14095595126522964,0.032614807872539876,0.1389565760699781,0.04375715922107682,0.13577007185254608,0.05841924398625432,0.13177132146204304,0.07308132875143188,0.12777257107154014,0.09740706029365837,0.12210767468499423,0.1313964386129338,0.11477663230240542,0.16538581693220888,0.10744558991981673,0.20208268249505368,0.10038529626158496,0.24273664479850074,0.09372071227741327,0.28339060710194747,0.0870561282932417,0.32716859314797503,0.08080808080808076,0.3778194314276791,0.07547641362074356,0.42847026970738317,0.07014474643340622,0.47853795688847267,0.06495886702072266,0.526522961574508,0.060293658231802515,0.574507966260544,0.05562844944288243,0.6214932833489536,0.05104654795376443,0.6614807872539835,0.04704779756326141,0.7014682911590131,0.04304904717275851,0.7411225658648339,0.039071123607206076,0.7704467353951892,0.03573883161512024,0.7997709049255441,0.03240653962303445,0.8290950744558994,0.02907424763094861,0.8502967822555452,0.025741955638862824,0.8709569926064773,0.022409663646776982,0.8916172029574092,0.01907737165469126,0.9066541705716964,0.016869728209934407,0.9206497969384569,0.014870353014682865,0.9346454233052173,0.012870977819431383,0.9451421430802877,0.011371446422992787,0.9544725606581277,0.010038529626158484,0.9638029782359679,0.008705612829324182,0.9709465791940021,0.007372696032489822,0.9769447047797561,0.006039779235655521,0.9829428303655108,0.004706862438821218,0.9874414245548265,0.0037488284910965216,0.9907737165469125,0.0030823700926793413,0.9941060085389981,0.0024159116942621614,0.9965010934083098,0.0017494532958450982,0.9978340102051442,0.0010829948974279179,0.9991669270019785,0.00041653649901073764,1.0,0.0,1.0,0.0,1.0,0.0,0.9998125585754452,0.0,0.9991461001770279,0.0,0.9984796417786107,0.0,0.9979381443298969,0.0,0.9979381443298969,0.0,0.9979381443298969,0.0,0.9979381443298969,0.0,0.9979381443298969,0.0,0.9979381443298969,0.0,0.9979381443298969,0.0
Slash,0.00404040404040404,0.06666666666666667,0.0034486276910519168,0.06666666666666667,0.0028568513416998217,0.06666666666666667,0.0022650749923477267,0.06666666666666667,0.00202020202020202,0.06666666666666667,0.00202020202020202,0.06666666666666667,0.00202020202020202,0.06666666666666667,0.00202020202020202,0.06666666666666667,0.00202020202020202,0.06666666666666667,0.00202020202020202,0.06666666666666667,0.00202020202020202,0.06666666666666667,0.0015712682379348919,0.06666666666666667,0.0009794918885827968,0.06666666666666667,0.00038771553923070177,0.06666666666666667,0.0,0.06666666666666667,0.0,0.06666666666666667,0.0,0.06666666666666667,0.0,0.06666666666666667,0.0,0.06666666666666667,0.0,0.06666666666666667,0.0,0.06666666666666667,0.0,0.06666666666666667,0.0,0.06666666666666667,0.0,0.06666666666666667,0.0,0.06666666666666667,0.0,0.06666666666666667,0.0,0.06666666666666667,0.0,0.06666666666666667,0.0,0.06666666666666667,0.0,0.06666666666666667,0.0,0.06666666666666667,0.0,0.06666666666666667,0.0,0.06666666666666667,0.0,0.06666666666666667,0.0,0.06666666666666667,0.0,0.06666666666666667,0.0,0.06666666666666667,0.0,0.06666666666666667,0.0005305581063156685,0.06666666666666667,0.0017141108050198871,0.06666666666666667,0.002897663503724106,0.06666666666666667,0.004203652688501178,0.06664626058565452,0.008937863483318025,0.0660544842363024,0.01367207427813487,0.06546270788695033,0.018406285072951747,0.06487093153759815,0.026813590449954072,0.06391184573002759,0.03746556473829198,0.06272829303132334,0.048117539026629956,0.06154474033261909,0.060361187633914896,0.060238751147842044,0.07870625446383016,0.05846342209978573,0.0970513212937456,0.05668809305172942,0.11539638812366086,0.054912764003673106,0.14078155290276495,0.051260075502499766,0.168003264972962,0.04711764105703502,0.19522497704315883,0.042975206611570206,0.22716049382716041,0.03950617283950621,0.2668095092337518,0.037139067442097766,0.3064585246403426,0.03477196204468933,0.34610754004693395,0.03240485664728089,0.3891847770635651,0.030609121518212434,0.43238445056626856,0.028833792470156123,0.47558412406897255,0.027058463422099808,0.5174778083868994,0.025283134374043437,0.5583103764921945,0.023507805325987122,0.5991429445974902,0.02173247627793081,0.6389143964901542,0.020038771553923064,0.6720538720538719,0.018855218855218875,0.7051933476175901,0.017671666156514627,0.7383328231813081,0.01648811345781038,0.7650443832262013,0.015304560759106247,0.7893072135496378,0.014121008060401999,0.8135700438730744,0.012937455361697752,0.8356290174471991,0.011753902662993561,0.8527905315784103,0.010570349964289372,0.8699520457096216,0.009386797265585181,0.8871135598408326,0.008203244566880935,0.8995000510152024,0.007019691868176744,0.9113355780022449,0.0058361391694724965,0.9231711049892869,0.0046525864707683065,0.9330068360371391,0.00375471890623405,0.9406999285787165,0.0031629425568819834,0.9483930211202939,0.0025711662075298593,0.9559228650137742,0.0019793898581777357,0.961248852157943,0.0013876135088256695,0.9665748393021121,0.0007958371594734883,0.9719008264462811,0.00020406081012142198,0.9760636669727578,0.0,0.9796143250688707,0.0,0.9831649831649831,0.0,0.9864299561269259,0.0,0.9887970615243343,0.0,0.9911641669217426,0.0,0.9935312723191513,0.0,0.9949188858279767,0.0,0.9961024385266809,0.0,0.9972859912253851,0.0,0.9982246709519437,0.0,0.9988164473012958,0.0,0.9994082236506479,0.0,1.0,0.0
Slash,1.0,0.009433962264150943,1.0,0.009433962264150997,1.0,0.009433962264150943,1.0,0.009433962264150943,1.0,0.009433962264150943,1.0,0.009433962264150943,1.0,0.009433962264150943,1.0,0.008805031446540917,1.0,0.008176100628930835,1.0,0.007547169811320755,1.0,0.006918238993710728,1.0,0.006289308176100593,1.0,0.005660377358490566,1.0,0.005660377358490566,1.0,0.005660377358490566,1.0,0.005660377358490566,0.9993710691823898,0.005660377358490566,0.99874213836478,0.005660377358490566,0.9981132075471698,0.005660377358490566,0.9981132075471698,0.005660377358490566,0.9981132075471698,0.005660377358490566,0.9981132075471698,0.005660377358490566,0.9981132075471698,0.005660377358490566,0.9981132075471698,0.005660377358490566,0.9981132075471698,0.005660377358490566,0.9974842767295599,0.005660377358490566,0.9968553459119498,0.005660377358490566,0.9962264150943396,0.005660377358490566,0.9962264150943396,0.005660377358490566,0.9962264150943396,0.005660377358490566,0.9962264150943396,0.005660377358490566,0.9962264150943396,0.005660377358490566,0.9962264150943396,0.005660377358490566,0.9962264150943396,0.005660377358490566,0.9955974842767294,0.005660377358490566,0.9949685534591194,0.005660377358490566,0.9943396226415094,0.005660377358490566,0.9924528301886792,0.005660377358490566,0.9905660377358491,0.005660377358490566,0.9886792452830189,0.005660377358490566,0.9861635220125785,0.005031446540880539,0.9836477987421385,0.004402515723270458,0.9811320754716981,0.0037735849056603774,0.9767295597484276,0.0031446540880502964,0.9723270440251571,0.0025157232704402697,0.9679245283018868,0.0018867924528301887,0.960377358490566,0.0012578616352201615,0.9528301886792453,0.0006289308176100272,0.9452830188679245,0.0,0.9327044025157234,0.0,0.9201257861635221,0.0,0.9075471698113208,0.0,0.8855345911949686,0.0,0.8635220125786165,0.0,0.8415094339622642,0.0,0.807547169811321,0.0,0.7735849056603775,0.0,0.7396226415094339,0.0,0.6937106918238996,0.004402515723270405,0.6477987421383651,0.008805031446540863,0.6018867924528302,0.013207547169811321,0.5496855345911952,0.020125786163521994,0.4974842767295601,0.027044025157232667,0.44528301886792454,0.033962264150943396,0.4018867924528303,0.04088050314465407,0.35849056603773616,0.04779874213836474,0.3150943396226415,0.05471698113207547,0.28364779874213847,0.059748427672955955,0.25220125786163544,0.06477987421383644,0.22075471698113208,0.06981132075471698,0.1981132075471699,0.07358490566037736,0.1754716981132077,0.07735849056603773,0.15283018867924528,0.08113207547169811,0.13647798742138373,0.08364779874213833,0.12012578616352215,0.0861635220125786,0.10377358490566038,0.08867924528301886,0.09245283018867927,0.09056603773584905,0.08113207547169819,0.09245283018867924,0.06981132075471698,0.09433962264150944,0.062264150943396254,0.09559748427672954,0.05471698113207552,0.09685534591194965,0.04716981132075472,0.09811320754716982,0.041509433962264176,0.09937106918238997,0.03584905660377364,0.10062893081761008,0.03018867924528302,0.1018867924528302,0.026415094339622656,0.10251572327044027,0.02264150943396229,0.10314465408805029,0.018867924528301886,0.10377358490566038,0.016352201257861645,0.1044025157232704,0.013836477987421401,0.10503144654088048,0.011320754716981131,0.10566037735849057,0.009433962264150943,0.10628930817610059,0.007547169811320768,0.10691823899371067,0.005660377358490566,0.10754716981132076,0.0044025157232704315,0.10754716981132076,0.0031446540880503233,0.10754716981132076,0.0018867924528301887,0.10754716981132076,0.0012578616352201348,0.10754716981132076,0.0006289308176100674,0.10754716981132076,0.0,0.10754716981132076
Slash,0.004048582995951417,0.1680161943319838,0.004048582995951417,0.1673823252770621,0.004048582995951417,0.1667484562221404,0.004048582995951417,0.16611458716721875,0.0035373982742403793,0.1659919028340081,0.0029035292193186893,0.1659919028340081,0.0022696601643969992,0.1659919028340081,0.0016357911094753233,0.1659919028340081,0.0010019220545536332,0.1659919028340081,0.0003680529996319431,0.1659919028340081,0.0,0.1659919028340081,0.0,0.1659919028340081,0.0,0.1659919028340081,0.0,0.1659919028340081,0.0,0.1659919028340081,0.0,0.1659919028340081,0.0,0.1659919028340081,0.0,0.1659919028340081,0.0,0.1659919028340081,0.0,0.1659919028340081,0.0,0.1659919028340081,0.0,0.1659919028340081,0.0,0.1659919028340081,0.0,0.1659919028340081,0.0,0.1659919028340081,0.0,0.1659919028340081,0.0,0.1659919028340081,0.0,0.1659919028340081,0.0,0.1659919028340081,0.0,0.1659919028340081,0.0,0.1659919028340081,0.0,0.1659919028340081,0.0,0.1659919028340081,0.0,0.1659919028340081,0.0,0.1659919028340081,0.0,0.1659919028340081,0.0,0.16543982333456023,0.0,0.16480595427963846,0.0,0.1641720852247168,0.0017175806649490917,0.1626794258373206,0.0042530568846358375,0.16077781867255553,0.006788533104322584,0.15887621150779044,0.011777695988222323,0.15544105017789228,0.01938412464728256,0.1503700977385188,0.0269905533063428,0.14529914529914528,0.036989326463010716,0.1396761133603239,0.05283605283605287,0.1327035537561853,0.06868277920909505,0.12573099415204678,0.08557232241442775,0.11869709238130288,0.11219482272113859,0.11109066372224266,0.1388173230278494,0.10348423506318244,0.16543982333456023,0.09587780640412216,0.20179528074264932,0.08712632396842923,0.23919355498302902,0.07825215719952554,0.27659182922340825,0.06937799043062202,0.31713900134952755,0.062303193882141235,0.3589743589743591,0.05596450333292437,0.4008097165991906,0.04962581278370749,0.4429722324459168,0.043941438678280764,0.4854414591256696,0.038870486238907306,0.5279106858054228,0.03379953379953378,0.5691530691530695,0.029342003026213523,0.6078190815032921,0.026172657751605117,0.6464850938535147,0.023003312476996707,0.6841696315380527,0.019915756757862012,0.7152292152292155,0.017380280538175252,0.7462887989203779,0.014844804318488548,0.7773483826115405,0.012309328098801788,0.8006993006993008,0.01095980043348461,0.8235185866764816,0.00969206232364126,0.8463378726536623,0.008424324213797907,0.8644542591911013,0.007156586103954498,0.8809348546190652,0.005888847994111147,0.8974154500470292,0.004621109884267795,0.9111152005888848,0.003700977385187902,0.9225248435774752,0.003067108330266197,0.9339344865660655,0.00243323927534455,0.9439946018893388,0.0017993702204228456,0.9516010305483991,0.001165501165501141,0.9592074592074592,0.0005316321105794941,0.9664049400891507,0.0,0.9714758925285243,0.0,0.9765468449678977,0.0,0.9816177974072711,0.0,0.9848484848484849,0.0,0.9880178301230933,0.0,0.9911871753977017,0.0,0.9928843086737824,0.0,0.9941520467836257,0.0,0.9954197848934692,0.0,0.9963194700036807,0.0,0.9969533390586021,0.0,0.997587208113524,0.0,0.9982210771684455,0.0,0.9988549462233672,0.0,0.9994888152782889,0.0,1.0,0.0,1.0,0.0,1.0,0.0,1.0,0.0
Slash,0.9980836527245458,0.03628561906348939,0.9980836527245458,0.03628561906348939,0.9980836527245458,0.03628561906348939,0.9980836527245458,0.03628561906348939,0.9980836527245458,0.03628561906348939,0.9980836527245458,0.03628561906348939,0.9980836527245458,0.03628561906348939,0.9980836527245458,0.03628561906348939,0.9980836527245458,0.03628561906348939,0.9980836527245458,0.03628561906348939,0.9980836527245458,0.03628561906348939,0.9980836527245458,0.03628561906348939,0.9980836527245458,0.03628561906348939,0.9980836527245458,0.03628561906348939,0.9980836527245458,0.03628561906348939,0.9980836527245458,0.03628561906348939,0.9980836527245458,0.03628561906348939,0.9980836527245458,0.03628561906348939,0.9980836527245458,0.03628561906348939,0.99779203466089,0.03628561906348939,0.9971254790868189,0.03628561906348939,0.9964589235127479,0.03628561906348939,0.9957923679386769,0.03628561906348939,0.9951258123646058,0.03628561906348939,0.9944592567905348,0.03628561906348939,0.9937927012164639,0.03628561906348939,0.9931261456423929,0.03628561906348939,0.9924595900683219,0.03628561906348939,0.9918971838026995,0.03628561906348939,0.9918971838026995,0.03628561906348939,0.9918971838026995,0.03628561906348939,0.9919805032494582,0.03628561906348939,0.9933136143976004,0.03628561906348939,0.9946467255457422,0.03628561906348939,0.9959798366938842,0.03628561906348939,0.996667222129645,0.03628561906348939,0.997333777703716,0.03628561906348939,0.9980003332777867,0.03628561906348939,0.998666888851858,0.03628561906348939,0.999333444425929,0.03628561906348939,1.0,0.03628561906348939,0.9996250624895852,0.03576487252124642,0.9989585069155141,0.03509831694717547,0.9982919513414431,0.03443176137310446,0.9944175970671553,0.03239043492751206,0.9890851524745875,0.029724212631228094,0.9837527078820196,0.02705799033494412,0.9709006832194632,0.023600233294450892,0.9529036827195465,0.019600899850024965,0.93490668221963,0.015601566405599041,0.9105774037660389,0.012268788535244064,0.8799158473587732,0.009602566238960152,0.8492542909515078,0.006936343942676183,0.8139893351108147,0.004540909848358619,0.7719963339443423,0.0025412431261455973,0.7300033327778702,0.0005415764039326346,0.6848858523579399,0.0,0.6328945175804029,0.0026662222962839112,0.5809031828028661,0.005332444592567881,0.5296408931844689,0.008727712047992015,0.480982336277287,0.014726712214630903,0.4323237793701045,0.02072571238126985,0.38499833361106467,0.026724712547908678,0.34700466588901807,0.032723712714547624,0.309010998166972,0.03872271288118646,0.27132977837027156,0.044721713047825344,0.24333444425928988,0.05072071321446429,0.2153391101483085,0.05671971338110312,0.18734377603732685,0.06271871354774207,0.16684719213464416,0.06684302616230631,0.14685052491251435,0.07084235960673223,0.1268538576903848,0.07484169305115815,0.11191884685885681,0.07771621396433925,0.09792117980336598,0.08038243626062322,0.08392351274787531,0.0830486585569072,0.0734252624562572,0.08521496417263791,0.0640934844192634,0.0872146308948508,0.05476170638226959,0.08921429761706377,0.047179636727212065,0.0907765372437927,0.04051408098650223,0.09210964839193465,0.03384852524579233,0.09344275954007661,0.028682719546742202,0.09477587068821862,0.02468338610231622,0.09610898183636064,0.020684052657890323,0.09744209298450253,0.016997167138810183,0.0984627562072987,0.013664389268455234,0.09912931178136972,0.010331611398100316,0.09979586735544071,0.007498750208298596,0.10046242292951173,0.005499083486085633,0.10112897850358274,0.00349941676387267,0.10179553407765368,0.001874687552074649,0.10227462089651722,0.001208131978003671,0.10227462089651722,0.0005415764039326639,0.10227462089651722,0.0,0.10227462089651722,0.0,0.10227462089651722,0.0,0.10227462089651722,0.0,0.10221213131144806,0.0,0.10154557573737712,0.0,0.1008790201633061,0.0,0.10021246458923509
Slash,0.0021551724137931034,0.1206896551724138,0.0021551724137931034,0.12001480320445843,0.0021551724137931034,0.11933995123650293,0.0021551724137931034,0.11866509926854754,0.0021551724137931034,0.11853448275862069,0.0021551724137931034,0.11853448275862069,0.0021551724137931034,0.11853448275862069,0.001741553465691385,0.11853448275862069,0.0010667014977359802,0.11853448275862069,0.0003918495297805754,0.11853448275862069,0.0,0.11853448275862069,0.0,0.11853448275862069,0.0,0.11853448275862069,0.0,0.11853448275862069,0.0,0.11853448275862069,0.0,0.11853448275862069,0.0,0.11853448275862069,0.0,0.11853448275862069,0.0,0.11853448275862069,0.0,0.11853448275862069,0.0,0.11853448275862069,0.0,0.11853448275862069,0.0,0.11853448275862069,0.0,0.11853448275862069,0.0,0.11853448275862069,0.0,0.11853448275862069,0.0,0.11853448275862069,0.0,0.11853448275862069,0.0,0.11853448275862069,0.0,0.11853448275862069,0.0,0.11853448275862069,0.0,0.11853448275862069,0.0,0.11853448275862069,0.0,0.11853448275862069,0.0,0.11853448275862069,0.0,0.11853448275862069,0.0005877742946708631,0.11794670846394982,0.001262626262626268,0.11727185649599439,0.0019374782305816728,0.11659700452803902,0.0044409613375130655,0.11455067920585163,0.00781522117729015,0.11185127133402994,0.011189481017067236,0.10915186346220827,0.018482236154649983,0.10481974921630098,0.029954719609892048,0.09874608150470218,0.041427203065134144,0.09267241379310345,0.05583855799373046,0.08601097178683385,0.07743382096830378,0.07791274817136881,0.0990290839428771,0.06981452455590383,0.12206112852664587,0.06171630094043885,0.15850313479623834,0.05361807732497387,0.1949451410658308,0.04551985370950889,0.2313871473354233,0.03742163009404391,0.27575322187391166,0.031152037617554827,0.32096830372692486,0.02507836990595609,0.3661833855799374,0.019004702194357355,0.4133141762452106,0.014367816091954064,0.46122866597004547,0.010318704284221512,0.5091431556948802,0.006269592476488961,0.55392284918147,0.0036137234413096283,0.5957636711947055,0.0022640195053988186,0.6376044932079415,0.0009143155694880092,0.6772683733890633,0.0,0.7123606757227448,0.0,0.7474529780564263,0.0,0.7812391152908396,8.707767328457231e-05,0.8062086381051901,0.0007619296412400078,0.8311781609195404,0.001436781609195382,0.8561476837338906,0.0021116335771508175,0.8741727621037967,0.0027864855451062527,0.8917189132706377,0.0034613375130616883,0.9092650644374783,0.004136189481017124,0.9223049460118425,0.004310344827586207,0.9337774294670848,0.004310344827586207,0.9452499129223269,0.004310344827586207,0.9545019157088123,0.004310344827586207,0.9619252873563217,0.004310344827586207,0.9693486590038315,0.004310344827586207,0.9755747126436783,0.004310344827586207,0.9796238244514106,0.004310344827586207,0.9836729362591431,0.004310344827586207,0.9875043538836642,0.004310344827586207,0.990203761755486,0.004310344827586207,0.9929031696273075,0.004310344827586207,0.9956025774991295,0.004310344827586207,0.9969958202716824,0.004310344827586207,0.9983455242075931,0.004310344827586207,0.9996952281435041,0.004310344827586207,1.0,0.004310344827586207,1.0,0.004310344827586207,1.0,0.004310344827586207,1.0,0.004310344827586207,1.0,0.004310344827586207,1.0,0.004310344827586207,1.0,0.004310344827586207,1.0,0.004310344827586207,1.0,0.004310344827586207,1.0,0.004310344827586207,1.0,0.004310344827586207,1.0,0.004310344827586207,1.0,0.004310344827586207
Slash,1.0,0.006185567010309278,0.9993335416015828,0.006185567010309278,0.9986670832031657,0.006185567010309278,0.9980006248047485,0.006185567010309278,0.9973341664063313,0.006185567010309278,0.996667708007914,0.006185567010309278,0.9960012496094972,0.006185567010309278,0.9953347912110797,0.006185567010309278,0.9946683328126628,0.006185567010309278,0.9940018744142456,0.006185567010309278,0.9942934499635531,0.006185567010309278,0.9949599083619702,0.006185567010309278,0.9956263667603874,0.006185567010309278,0.9962928251588046,0.006185567010309278,0.9969592835572217,0.006185567010309278,0.9976257419556389,0.006185567010309278,0.9979381443298969,0.006185567010309278,0.9979381443298969,0.006185567010309278,0.9979381443298969,0.006185567010309278,0.9979381443298969,0.006185567010309278,0.9979381443298969,0.006185567010309278,0.9979381443298969,0.006185567010309278,0.9979381443298969,0.006185567010309278,0.9979381443298969,0.006185567010309278,0.9979381443298969,0.006185567010309278,0.9977715297302926,0.006185567010309278,0.9971050713318754,0.006185567010309278,0.9964386129334583,0.006185567010309278,0.9957721545350411,0.006185567010309278,0.9951056961366239,0.006185567010309278,0.9944392377382067,0.006185567010309278,0.9937727793397896,0.006185567010309278,0.9931063209413723,0.006185567010309278,0.9924398625429551,0.006185567010309278,0.991773404144538,0.006185567010309278,0.9904613141726545,0.005539935436842635,0.9891283973758201,0.004873477038425513,0.9877954805789857,0.0042070186400083335,0.9835468082890765,0.003540560241591153,0.9788815995001562,0.0028741018431739725,0.9742163907112359,0.002207643444756851,0.9638238050609186,0.0015411850463397294,0.9518275538894095,0.0008747266479225491,0.9398313027179006,0.00020826824950536882,0.9209621993127147,0.0,0.8989690721649484,0.0,0.8769759450171821,0.0,0.8482557534103924,0.0007914193481204016,0.8149328334895345,0.0021243361449547033,0.7816099135686765,0.0034572529417890054,0.7299593876913463,0.012454441320420763,0.6599812558575439,0.02911590128084986,0.5900031240237423,0.04577736124127884,0.5273352077475789,0.06216807247735084,0.47535145267103995,0.07816307403936282,0.42336769759450155,0.09415807560137461,0.37617411225658615,0.10932000416536511,0.3395189003436424,0.12264917213370824,0.3028636884306987,0.13597834010205143,0.2685410809122148,0.1484327814224722,0.24254920337394562,0.15776319900031244,0.2165573258356762,0.16709361657815272,0.19148182859523058,0.1760074976569822,0.17282099343954996,0.18200562324273672,0.15416015828386956,0.1880037488284911,0.13568676455274392,0.1939602207643445,0.12302405498281777,0.19862542955326462,0.11036134541289175,0.20329063834218472,0.09769863584296565,0.20795584713110485,0.08815995001562008,0.21137144642299285,0.07882953243777975,0.2147037384150787,0.06949911485993952,0.21803603040716446,0.06241799437675725,0.22024367385192126,0.05575341039258559,0.2222430490471728,0.04908882640841403,0.22424242424242422,0.04342393002186811,0.22624179943767572,0.03809226283453084,0.2282411746329272,0.03276059564719358,0.23024054982817874,0.028303655107778804,0.23180256169946895,0.024304904717275838,0.23313547849630326,0.020306154326772845,0.23446839529313754,0.017057169634489208,0.23542642924086224,0.014391336040820546,0.2360928876392794,0.011725502447151913,0.2367593460376965,0.009684473601999371,0.23742580443611366,0.00835155680516504,0.23809226283453083,0.007018640008330725,0.23875872123294803,0.005935645110902835,0.23917525773195877,0.0052691867124856845,0.23917525773195877,0.004602728314068519,0.23917525773195877,0.003936269915651353,0.23917525773195877,0.0032698115172342026,0.23917525773195877,0.0026033531188170223,0.23917525773195877,0.0019368947203998715,0.23917525773195877,0.001270436321982706,0.23917525773195877,0.0006039779235655404,0.23917525773195877,0.0,0.23917525773195877,0.0,0.23917525773195877,0.0,0.23917525773195877,0.0,0.23917525773195877
Slash,0.0,0.12698412698412698,0.0,0.12698412698412698,0.0,0.12698412698412698,0.0,0.12698412698412698,0.0,0.12698412698412698,0.0,0.12698412698412698,0.0,0.12698412698412698,0.0,0.12698412698412698,0.0,0.12698412698412698,0.0,0.12698412698412698,0.0,0.12698412698412698,0.0,0.12698412698412698,0.0,0.12698412698412698,0.0,0.12698412698412698,0.0,0.12698412698412698,0.0,0.12698412698412698,0.0,0.12698412698412698,0.0,0.12698412698412698,0.0,0.12698412698412698,0.0,0.12698412698412698,0.0,0.12698412698412698,0.0,0.12698412698412698,0.0,0.12698412698412698,0.0,0.12698412698412698,0.0,0.12698412698412698,0.0,0.12698412698412698,0.0,0.12698412698412698,0.0,0.12698412698412698,0.0,0.1268839185505852,0.0,0.12624258457591794,0.0,0.12560125060125063,0.0,0.12495991662658329,0.0,0.12431858265191596,0.0,0.12367724867724864,0.0,0.12303591470258136,0.0012425845759179164,0.12115199615199615,0.0025252525252525406,0.11922799422799424,0.0038079204745871367,0.11730399230399231,0.007896424563091229,0.11369648869648871,0.0123857623857624,0.10984848484848488,0.01687510020843357,0.10600048100048097,0.026374859708193116,0.10064935064935057,0.03727753727753729,0.09487734487734487,0.04818021484688153,0.0891053391053391,0.06569664902998243,0.08289241622574954,0.0862193362193363,0.07647907647907645,0.10674202340869017,0.07006573673240336,0.1390692640692643,0.06365239698573032,0.17947330447330456,0.05723905723905723,0.21987734487734498,0.05082571749238414,0.26316738816738827,0.045374378707712035,0.3093434343434348,0.040885040885040864,0.35551948051948074,0.03639570306236975,0.40247715247715254,0.03242744909411578,0.45057720057720085,0.02922077922077915,0.4986772486772489,0.02601410934744263,0.5453743787077124,0.023208273208273192,0.5889850889850892,0.021284271284271326,0.6325957992624659,0.019360269360269404,0.6741021324354659,0.017436267436267423,0.7080928330928331,0.015512265512265502,0.7420835337502008,0.01358826358826358,0.7747915664582332,0.011744428411095072,0.7985209235209239,0.010461760461760478,0.822250280583614,0.009179092512425826,0.8457591790925124,0.007916466249799583,0.8624338624338626,0.0072751322751322565,0.8791085457752125,0.006633798300464987,0.8957832291165626,0.00599246432579766,0.9076479076479077,0.005351130351130334,0.9191919191919193,0.004709796376463008,0.9307359307359307,0.004068462401795738,0.939033189033189,0.003968253968253968,0.9467291967291969,0.003968253968253968,0.9544252044252044,0.003968253968253968,0.9601972101972103,0.003968253968253968,0.9653278819945487,0.003968253968253968,0.9704585537918871,0.003968253968253968,0.9747474747474747,0.003968253968253968,0.9785954785954787,0.003968253968253968,0.9824434824434823,0.003968253968253968,0.9852092352092351,0.003968253968253968,0.9871332371332371,0.003968253968253968,0.9890572390572391,0.003968253968253968,0.9906806156806156,0.003968253968253968,0.9919632836299502,0.003968253968253968,0.9932459515792849,0.003968253968253968,0.9945286195286196,0.003727753727753721,0.9958112874779542,0.003086419753086395,0.9970939554272888,0.0024450857784190684,0.9981962481962481,0.001984126984126984,0.9988375821709153,0.001984126984126984,0.9994789161455829,0.001984126984126984,1.0,0.001984126984126984,1.0,0.001984126984126984,1.0,0.001984126984126984,1.0,0.0019240019240019223,1.0,0.0012826679493346525,1.0,0.0006413339746673262,1.0,0.0
Slash,1.0,0.016385145821471492,1.0,0.016385145821471492,1.0,0.016385145821471492,1.0,0.016385145821471492,1.0,0.016385145821471492,1.0,0.016385145821471492,1.0,0.016385145821471492,1.0,0.016385145821471492,1.0,0.016385145821471492,1.0,0.016385145821471492,0.9999367368887202,0.016385145821471492,0.9993041057759222,0.016385145821471492,0.998671474663124,0.016385145821471492,0.9980388435503257,0.016385145821471492,0.9974062124375277,0.016385145821471492,0.9967735813247296,0.016385145821471492,0.9961409502119314,0.016385145821471492,0.9958246346555324,0.016068830265072418,0.9958246346555324,0.015436199152274331,0.9958246346555324,0.014803568039476127,0.9958246346555324,0.01429746314923767,0.9958246346555324,0.01429746314923767,0.9958246346555324,0.01429746314923767,0.9958246346555324,0.01429746314923767,0.9958246346555324,0.01429746314923767,0.9958246346555324,0.01429746314923767,0.9958246346555324,0.01429746314923767,0.9958246346555324,0.01429746314923767,0.9958246346555324,0.01429746314923767,0.9958246346555324,0.01429746314923767,0.9956348453216929,0.01429746314923767,0.9950022142088948,0.01429746314923767,0.9943695830960966,0.01429746314923767,0.9937369519832986,0.01429746314923767,0.9918390586449042,0.01429746314923767,0.9899411653065099,0.01429746314923767,0.9880432719681154,0.01429746314923767,0.9843740115138863,0.013854621370278968,0.9799455937242993,0.013221990257480883,0.9755171759347124,0.012589359144682738,0.9677990763585754,0.011450623141646075,0.9551464541026128,0.009552729803251758,0.9424938318466503,0.007654836464857322,0.927690263807174,0.00582020623774276,0.8935281837160751,0.004554944012146529,0.8593661036249762,0.0032896817865502967,0.8252040235338775,0.002024419560954006,0.7880053141013476,0.0012652622255962314,0.7500474473334597,0.000632631112798086,0.712089580565572,0.0,0.6665401404441069,0.0022142088947934495,0.6133991269690642,0.007275257797178435,0.5602581134940217,0.012336306699563478,0.5087619409122538,0.017650408047067783,0.46384513190358717,0.023976719175048997,0.41892832289491977,0.030303030303030335,0.3740115138862531,0.03662934143101155,0.3393433289049155,0.04409438856202949,0.3058138799266146,0.05168596191560706,0.272284430948314,0.0592775352691845,0.24482824065287515,0.06648952995508318,0.2214208894793446,0.07344847219586255,0.1980135383058138,0.08040741443664202,0.1766938698045171,0.08679698867590312,0.16024546087176567,0.09185803757828805,0.14379705193901424,0.0969190864806732,0.12734864300626306,0.10198013538305813,0.11596128297589667,0.1051432909470488,0.10457392294553053,0.10830644651103935,0.09318656291516411,0.11146960207503007,0.08401341177959133,0.11374707408110328,0.07578920731321566,0.11564496741949772,0.06756500284683994,0.1175428607578921,0.06035300816094135,0.11918770165116721,0.05465932814575819,0.12045296387676344,0.048965648130575086,0.12171822610235973,0.04346175744923134,0.12292022521667614,0.039665970772442556,0.1235528563294743,0.03587018409565384,0.12418548744227244,0.03207439741886505,0.12481811855507052,0.028784715632314786,0.12545074966786868,0.025621560068324147,0.1260833807806668,0.02245840450433351,0.1267160118934649,0.019927880053140987,0.12703232744986398,0.01802998671474661,0.12703232744986398,0.016132093376352234,0.12703232744986398,0.014234200037957856,0.12703232744986398,0.012336306699563478,0.12703232744986398,0.010438413361169102,0.12703232744986398,0.008540520022774726,0.12703232744986398,0.00721199468589865,0.12703232744986398,0.005946732460302389,0.12703232744986398,0.004681470234706128,0.12703232744986398,0.0037957866767887537,0.12703232744986398,0.003163155563990638,0.12703232744986398,0.0025305244511925223,0.12703232744986398,0.0018978933383943769,0.12703232744986398,0.0012652622255962611,0.12703232744986398,0.0006326311127981157,0.12703232744986398,0.0,0.12703232744986398
Slash,0.0,0.18047803384947783,0.0,0.18047803384947783,0.0,0.18047803384947783,0.0,0.18047803384947783,0.0,0.18047803384947783,0.0,0.18047803384947783,0.0,0.18047803384947783,0.0,0.18047803384947783,0.0,0.18047803384947783,0.0,0.18047803384947783,0.0,0.18047803384947783,0.0,0.18047803384947783,0.0,0.18047803384947783,0.0,0.18047803384947783,0.0,0.18047803384947783,0.0,0.1801404393230105,0.0,0.17937522506301767,0.0,0.17861001080302485,0.0,0.17824990997479292,0.0,0.17824990997479292,0.0,0.17824990997479292,0.0,0.17824990997479292,0.0,0.17824990997479292,0.0,0.17824990997479292,0.0,0.17824990997479292,0.0,0.17824990997479292,0.0,0.17824990997479292,0.0,0.17824990997479292,0.0,0.17824990997479292,0.0,0.17824990997479292,0.0,0.17824990997479292,0.0,0.17824990997479292,0.0,0.17824990997479292,0.0,0.17824990997479292,0.0,0.17824990997479292,4.5012603528989394e-05,0.17820489737126394,0.0008102268635218091,0.17743968311127112,0.0015754411235145655,0.17667446885127835,0.002340655383507385,0.17590925459128554,0.0031058696435002048,0.1751440403312928,0.003871083903492993,0.17437882607129998,0.004816348577601739,0.17325351098307523,0.006346777097587315,0.17095786820309683,0.00787720561757289,0.16866222542311846,0.010397911415196233,0.16562387468491171,0.014989196975153024,0.161032589124955,0.019580482535109817,0.15644130356499822,0.026692473892689982,0.15090475333093264,0.037405473532589106,0.14401782499099744,0.048118473172488234,0.13713089665106232,0.07796182931220709,0.12718311127115597,0.12693554195174656,0.11417446885127837,0.17590925459128548,0.10116582643140075,0.2334353619013321,0.09040781418797267,0.2969481454807348,0.08122524306805902,0.3604609290601369,0.07204267194814544,0.4208678429960388,0.06493068059056537,0.47978934101548415,0.058808966510623,0.5387108390349293,0.05268725243068063,0.5894400432120994,0.04773586604249192,0.6376485415916455,0.04314458048253513,0.6858570399711917,0.03855329492257834,0.7229699315808428,0.035267374864962175,0.7581697875405113,0.03220651782499096,0.7933696435001799,0.02914566078501981,0.8184866762693552,0.026805005401512424,0.8429735325891248,0.02450936262153403,0.867257832193014,0.022236226143320128,0.8848577601728485,0.020705797623334486,0.9024576881526827,0.01917536910334891,0.9193374144760533,0.017644940583363335,0.9308156283759452,0.01611451206337776,0.9422938422758371,0.014584083543392183,0.9528267915016204,0.013053655023406545,0.9597137198415556,0.011523226503420967,0.9666006481814906,0.00999279798343533,0.9728123874684912,0.008462369463449816,0.9774036730284479,0.006931940943464177,0.9819949585884048,0.005401512423478601,0.9860010803024847,0.0041636658264313925,0.9890619373424557,0.003398451566438636,0.992122794382427,0.0026332373064458163,0.9948235505941664,0.0018680230464529965,0.9971191933741447,0.0011028087864601768,0.999414836154123,0.0003375945264674205,1.0,0.0,0.999234785740007,0.0,0.9984695714800144,0.0,0.9981994958588404,0.0,0.9981994958588404,0.0,0.9981994958588404,0.0,0.997636838314728,0.0,0.9968716240547353,0.0,0.9961064097947424,0.0,0.9959713719841555,0.0,0.9959713719841555,0.0,0.9959713719841555,0.0,0.9959713719841555,0.0,0.9959713719841555,0.0,0.9959713719841555,0.0
Slash,1.0,0.0,1.0,0.0,1.0,0.0,1.0,0.0,1.0,0.0,1.0,0.0,1.0,0.0,1.0,0.0,1.0,0.0,1.0,0.0,1.0,0.0,1.0,0.0,1.0,0.0,1.0,0.0,1.0,0.0,1.0,0.0,1.0,0.0,1.0,0.0,0.999586776859504,0.0,0.9988062442607897,0.0,0.9980257116620753,0.0,0.9972451790633609,0.0,0.9964646464646465,0.0,0.9956841138659321,0.0,0.9949035812672176,0.0,0.9941230486685033,0.0,0.9933425160697887,0.0,0.9925619834710744,0.0,0.9917814508723598,0.0,0.9910009182736456,0.0,0.9888429752066117,0.0,0.9865013774104682,0.0,0.984159779614325,0.0,0.9825757575757577,0.0,0.9810146923783288,0.0,0.9793158861340678,0.0,0.975413223140496,0.0,0.9715105601469237,0.0,0.966574839302112,0.0,0.9556473829201102,0.0,0.9447199265381083,0.0,0.9310376492194675,0.0,0.9084022038567494,0.0,0.8857667584940312,0.0,0.8585858585858587,0.0005050505050505194,0.8219008264462813,0.002066115702479333,0.7852157943067035,0.0036271808999081465,0.733746556473829,0.011294765840220449,0.6611570247933887,0.02768595041322315,0.588567493112948,0.04407713498622579,0.5245638200183659,0.05929752066115697,0.46914600550964175,0.07334710743801655,0.4137281910009183,0.087396694214876,0.3674931129476585,0.09960973370064279,0.327685950413223,0.11053719008264466,0.28787878787878785,0.12146464646464643,0.2559917355371901,0.1308080808080808,0.22789256198347116,0.13939393939393935,0.19979338842975225,0.14797979797979793,0.1782598714416896,0.1553719008264463,0.15874655647382926,0.162396694214876,0.13923324150596886,0.16942148760330575,0.12438016528925612,0.17444903581267215,0.11033057851239667,0.17913223140495865,0.09628099173553721,0.18381542699724518,0.08663911845730031,0.18776400367309456,0.07727272727272734,0.19166666666666662,0.06797520661157024,0.19552341597796144,0.060950413223140515,0.19786501377410468,0.05392561983471079,0.20020661157024794,0.04708448117539025,0.20245638200183655,0.04162075298438934,0.20401744719926537,0.03615702479338843,0.20557851239669417,0.03101469237832875,0.20697887970615245,0.027112029384756684,0.2077594123048668,0.023209366391184587,0.20853994490358124,0.01976584022038569,0.20909090909090908,0.017424242424242436,0.20909090909090908,0.01508264462809915,0.20909090909090908,0.01274104683195593,0.20909090909090908,0.010399449035812677,0.20909090909090908,0.008057851239669424,0.20909090909090908,0.006450872359963259,0.20909090909090908,0.005670339761248852,0.20909090909090908,0.0048898071625344455,0.20909090909090908,0.004109274563820006,0.20909090909090908,0.0033287419651055992,0.20909090909090908,0.002548209366391192,0.20909090909090908,0.0017676767676767856,0.20909090909090908,0.000987144168962379,0.20909090909090908,0.00020661157024793976,0.20909090909090908,0.0,0.20909090909090908,0.0,0.20909090909090908,0.0,0.20909090909090908,0.0,0.20909090909090908,0.0,0.20909090909090908,0.0,0.20909090909090908,0.0,0.20909090909090908,0.0,0.20909090909090908,0.0,0.20909090909090908
Slash,0.0,0.14410480349344978,0.0,0.14410480349344984,0.0,0.14410480349344978,0.0,0.14410480349344978,0.0,0.14410480349344978,0.0,0.14410480349344978,0.0,0.14410480349344978,0.0,0.14410480349344978,0.0,0.14410480349344978,0.0,0.14410480349344978,0.0,0.14410480349344978,0.0,0.14410480349344978,0.0,0.14410480349344978,0.0,0.14410480349344978,0.0,0.14410480349344978,0.0,0.14410480349344978,0.0,0.14410480349344978,0.0,0.14410480349344978,0.0,0.14410480349344978,0.0,0.14410480349344978,0.0,0.14410480349344978,0.0,0.14410480349344978,0.0,0.14410480349344978,0.0,0.14410480349344978,0.0,0.14410480349344978,0.0,0.14410480349344978,0.0,0.14410480349344978,0.0,0.14410480349344978,0.0,0.14410480349344978,0.0,0.14410480349344978,0.0,0.14410480349344978,0.0,0.14410480349344978,0.0,0.14410480349344978,0.0,0.14410480349344978,0.0,0.14264919941775833,0.0,0.14119359534206694,0.0,0.13973799126637554,0.0007278020378456956,0.13682678311499277,0.0014556040756913912,0.13391557496360992,0.002183406113537118,0.13100436681222707,0.003639010189228509,0.12736535662299855,0.005094614264919963,0.12372634643377,0.006550218340611353,0.12008733624454149,0.010189228529839863,0.11572052401746726,0.013828238719068403,0.11135371179039301,0.017467248908296942,0.10698689956331878,0.026200873362445382,0.10116448326055315,0.03493449781659386,0.09534206695778752,0.043668122270742356,0.08951965065502183,0.06259097525473063,0.0836972343522562,0.0815138282387189,0.07787481804949058,0.10043668122270742,0.07205240174672489,0.13100436681222696,0.06622998544395926,0.16157205240174655,0.060407569141193634,0.19213973799126638,0.05458515283842795,0.2423580786026199,0.05094614264919944,0.2925764192139734,0.04730713245997093,0.34279475982532753,0.043668122270742356,0.3959243085880639,0.040756914119359576,0.4490538573508003,0.037845705967976734,0.5021834061135371,0.034934497816593885,0.5494905385735078,0.03275109170305677,0.5967976710334785,0.03056768558951965,0.6441048034934498,0.028384279475982533,0.6812227074235805,0.02692867540029108,0.7183406113537115,0.02547307132459975,0.7554585152838428,0.024017467248908297,0.7823871906841338,0.022561863173216845,0.8093158660844249,0.02110625909752545,0.8362445414847162,0.019650655021834062,0.8551673944687044,0.01819505094614267,0.8740902474526927,0.01673944687045128,0.8930131004366813,0.015283842794759825,0.9061135371179039,0.013828238719068372,0.9192139737991266,0.01237263464337698,0.9323144104803494,0.010917030567685589,0.9410480349344978,0.009461426491994199,0.9497816593886463,0.008005822416302807,0.9585152838427947,0.006550218340611353,0.9643377001455603,0.005822416302765627,0.9701601164483259,0.005094614264919963,0.9759825327510917,0.004366812227074236,0.9796215429403201,0.003639010189228509,0.9832605531295486,0.0029112081513827824,0.9868995633187773,0.002183406113537118,0.9890829694323144,0.002183406113537118,0.9912663755458515,0.002183406113537118,0.9934497816593887,0.002183406113537118,0.99490538573508,0.002183406113537118,0.9963609898107713,0.002183406113537118,0.9978165938864629,0.002183406113537118,0.9985443959243087,0.0014556040756914532,0.9992721979621542,0.0007278020378457266,1.0,0.0,1.0,0.0,1.0,0.0,1.0,0.0,1.0,0.0,1.0,0.0,1.0,0.0
Slash,1.0,0.0,0.9993624609009224,0.0,0.9987249218018448,0.0,0.9980873827027673,0.0,0.9980276134122288,0.0,0.9980276134122288,0.0,0.9980276134122288,0.0,0.9980276134122288,0.0,0.9980276134122288,0.0,0.9980276134122288,0.0,0.9975693821847669,0.0,0.9969318430856893,0.0,0.9962943039866117,0.0,0.9960552268244576,0.0,0.9960552268244576,0.0,0.9960552268244576,0.0,0.9960552268244576,0.0,0.9960552268244576,0.0,0.9960552268244576,0.0,0.9960552268244576,0.0,0.9960552268244576,0.0,0.9960552268244576,0.0,0.9960552268244576,0.0,0.9960552268244576,0.0,0.9960552268244576,0.0,0.9960552268244576,0.0,0.9960552268244576,0.0,0.9960552268244576,0.0,0.9961548423086886,9.961548423087168e-05,0.996792381407766,0.0007371545833084504,0.9974299205068436,0.001374693682385973,0.9980276134122288,0.0019723865877712033,0.9980276134122288,0.0019723865877712033,0.9980276134122288,0.0019723865877712033,0.9980276134122288,0.0019723865877712033,0.9980276134122288,0.0019723865877712033,0.9980276134122288,0.0019723865877712033,0.9980276134122288,0.0019723865877712033,0.996911919988843,0.0019723865877712033,0.9956368417906879,0.0019723865877712033,0.9943617635925327,0.0019723865877712033,0.9900982208674515,0.0019723865877712033,0.9849979080748311,0.0019723865877712033,0.9798975952822108,0.0019723865877712033,0.9677843523997369,0.0019723865877712033,0.9524834140218755,0.0019723865877712033,0.937182475644014,0.0019723865877712033,0.9158249158249157,0.002729464267925828,0.8903233518618133,0.00400454246608093,0.8648217878987109,0.00527962066423603,0.8332636024943716,0.006554698862391188,0.7956487956487953,0.007829777060546345,0.7580339888032194,0.009104855258701448,0.7136851752236367,0.012451935528858623,0.6594943518020436,0.018827326519634244,0.6053035283804513,0.025202717510409804,0.5523080907696288,0.03157810850118548,0.5019425019425018,0.03795349949196104,0.45157691311537473,0.044328890482736666,0.40386109616878824,0.050564819795589064,0.36560875022413475,0.0563026716872871,0.32735640427948093,0.0620405235789852,0.2903791365329826,0.06777837547068319,0.26232741617356975,0.07351622736238128,0.23427569581415716,0.07925407925407926,0.20646305261689876,0.08495208495208495,0.18606180144641668,0.0894148586456279,0.16566055027593485,0.09387763233917083,0.14525929910545277,0.09834040603271371,0.13023728408343788,0.10160779391548626,0.11557388480465387,0.10479548941087409,0.10091048552587004,0.10798318490626187,0.09001255155101306,0.11063295678680295,0.07981192596577204,0.11318311318311321,0.06961130038053111,0.11573326957942347,0.06180144641683097,0.11732711732711736,0.05478851632697782,0.1186021955252724,0.04777558623712468,0.11987727372342756,0.04201781124858044,0.12115235192158272,0.03691749845595998,0.12242743011973777,0.03181718566333946,0.12370250831789292,0.027792720100412387,0.12461897077281693,0.024605024605024575,0.12525650987189452,0.02141732910963678,0.12589404897097203,0.018528480066941598,0.12653158807004955,0.01597832367063134,0.1271691271691272,0.01342816727432111,0.12780666626820472,0.011117088040164943,0.1284442053672823,0.009204470742932262,0.12908174446635987,0.007291853445699582,0.12971928356543747,0.005558544020082472,0.13035682266451498,0.004283465821927356,0.13099436176359255,0.0030083876237722265,0.13163190086267007,0.0018528480066941572,0.13214990138067062,0.0012153089076165924,0.13214990138067062,0.0005777698085390277,0.13214990138067062,0.0,0.13214990138067062,0.0,0.13214990138067062,0.0,0.13214990138067062,0.0,0.13214990138067062
Slash,0.0017793594306049821,0.05338078291814947,0.0017793594306049821,0.05338078291814947,0.0017793594306049821,0.05338078291814947,0.0017793594306049821,0.05338078291814947,0.0017793594306049821,0.05338078291814947,0.0017793594306049821,0.05338078291814947,0.0014558395341313524,0.05338078291814947,0.0008087997411840805,0.05338078291814947,0.00016175994823680853,0.05338078291814947,0.0,0.05338078291814947,0.0,0.05338078291814947,0.0,0.05338078291814947,0.0,0.05338078291814947,0.0,0.05338078291814947,0.0,0.05338078291814947,0.0,0.05338078291814947,0.0,0.05338078291814947,0.0,0.05338078291814947,0.0,0.05338078291814947,0.0,0.05338078291814947,0.0,0.05338078291814947,0.0,0.05338078291814947,0.0,0.05338078291814947,0.0,0.05338078291814947,0.0,0.05338078291814947,0.0,0.05338078291814947,0.0,0.05338078291814947,0.0,0.05338078291814947,0.0,0.05338078291814947,0.0,0.05338078291814947,0.0,0.05338078291814947,0.0,0.05338078291814947,0.0,0.05338078291814947,0.0,0.05338078291814947,0.0019411193788418035,0.05273374312520218,0.003882238757683607,0.052086703332254895,0.006308637981235848,0.05111614364283402,0.010190876738919455,0.049175024263992215,0.01407311549660305,0.04723390488515041,0.020543513426075705,0.04464574571336133,0.029602070527337463,0.041410546748625,0.038660627628599196,0.03817534778388868,0.05499838240051768,0.03445486897444194,0.07376253639598837,0.03057263021675834,0.09252669039145907,0.026690391459074734,0.12358460045292782,0.024102232287285696,0.1546425105143966,0.02151407311549666,0.19022969912649618,0.019087673891944393,0.23940472339048835,0.017146554513102538,0.288579747654481,0.015205435134260785,0.3426075703655777,0.013587835651892572,0.4014881915237789,0.012293756065998054,0.4603688126819801,0.010999676480103535,0.5158524749272082,0.01019087673891943,0.5702038175347784,0.009543836945972196,0.6245551601423488,0.008896797153024912,0.6679068262698156,0.008249757360077626,0.7112584923972823,0.007602717567130392,0.7515367195082496,0.0071174377224199285,0.7825946295697187,0.0071174377224199285,0.8136525396311874,0.0071174377224199285,0.8401811711420254,0.0071174377224199285,0.8621805241022324,0.0071174377224199285,0.8841798770624395,0.0071174377224199285,0.9013264315755418,0.006632157877709516,0.9168553866062763,0.005985118084762231,0.9323843416370107,0.005338078291814947,0.9420899385312197,0.004691038498867662,0.9517955354254288,0.004043998705920378,0.9608540925266904,0.0035587188612099642,0.9679715302491103,0.0035587188612099642,0.9750889679715302,0.0035587188612099642,0.9805888062115821,0.0035587188612099642,0.9844710449692655,0.0035587188612099642,0.9883532837269493,0.0035587188612099642,0.9912649627952119,0.003073439016499501,0.9938531219670009,0.002426399223552267,0.99644128113879,0.0017793594306049821,0.9977353607246846,0.0011323196376577481,0.9990294403105792,0.0004852798447104635,1.0,0.0,1.0,0.0,1.0,0.0,1.0,0.0,1.0,0.0,1.0,0.0,1.0,0.0,1.0,0.0,1.0,0.0,1.0,0.0,1.0,0.0,1.0,0.0,1.0,0.0,1.0,0.0,0.9996764801035263,0.0,0.9990294403105792,0.0,0.9983824005176317,0.0,0.998220640569395,0.0,0.998220640569395,0.0,0.998220640569395,0.0
Slash,1.0,0.0,0.9905341446923598,0.0,0.9810682893847193,0.0,0.9716024340770791,0.0,0.9621365787694389,0.0,0.9493515274448338,0.0,0.9282684860778166,0.0,0.9071854447107996,0.0,0.8861024033437827,0.0,0.8650193619767655,0.0,0.8365603294609381,0.002212797344643134,0.8025693035835024,0.006085192697768763,0.7685782777060667,0.009957588050894334,0.734587251828631,0.013829983404019905,0.7005962259511955,0.017702378757145535,0.6640236031716762,0.02194357366771159,0.6270207142418096,0.02624623517118446,0.5900178253119429,0.030548896674657326,0.5530149363820763,0.034851558178130196,0.5169955129387178,0.03896981990288279,0.48687688241440785,0.04198168295531383,0.4567582518900976,0.0449935460077448,0.42663962136578765,0.048005409060175835,0.3965209908414776,0.05101727211260681,0.3693527567766919,0.05384473538631751,0.3461183846579384,0.05642633228840124,0.3228840125391849,0.059007929190484976,0.29964964042043146,0.06158952609256871,0.27641526830167806,0.06417112299465244,0.2577908906509313,0.0661380539676686,0.24101051078738706,0.06785911856905774,0.22423013092384286,0.06958018317044688,0.2074497510602987,0.07130124777183595,0.19066937119675456,0.07302231237322515,0.17862191898703056,0.07431311082426699,0.16657446677730647,0.07560390927530883,0.1545270145675825,0.07689470772635078,0.1424795623578585,0.07818550617739262,0.13153850882045606,0.07935337144262095,0.12336345196385763,0.08021390374331548,0.11518839510725921,0.08107443604401007,0.10701333825066076,0.08193496834470462,0.09883828139406228,0.08279550064539921,0.09189255639559901,0.08365603294609375,0.08586883029073697,0.08451656524678836,0.079845104185875,0.08537709754748295,0.07382137808101297,0.08623762984817754,0.06779765197615092,0.08709816214887209,0.06324912410105109,0.08795869444956668,0.05894646259757822,0.08881922675026122,0.05464380109410537,0.08967975905095582,0.05034113959063248,0.09054029135165036,0.046222877865879884,0.09140082365234495,0.04321101481344889,0.09226135595303955,0.040199151761017876,0.09312188825373403,0.037187288708586876,0.09398242055442868,0.03417542565615587,0.09484295285512323,0.031532362161165395,0.09551908537709755,0.029381031409428975,0.09594935152744485,0.02722970065769254,0.09637961767779216,0.025078369905956105,0.09680988382813939,0.022927039154219685,0.09724014997848669,0.02108304136701702,0.09767041612883393,0.019361976765627884,0.09810068227918128,0.017640912164238732,0.09853094842952853,0.015919847562849584,0.09896121457987582,0.014198782961460446,0.09939148073022312,0.01290798451041858,0.09982174688057037,0.011617186059376727,0.10025201303091771,0.010326387608334875,0.10068227918126496,0.009035589157293009,0.10111254533161226,0.007867723892064657,0.10141987829614604,0.007007191591370088,0.10141987829614604,0.00614665929067552,0.10141987829614604,0.005286126989980952,0.10141987829614604,0.004425594689286384,0.10141987829614604,0.0038109287602188283,0.10141987829614604,0.0033806626098715443,0.10141987829614604,0.002950396459524246,0.10141987829614604,0.002520130309176962,0.10141987829614604,0.002089864158829678,0.10141987829614604,0.0016595980084823793,0.10141987829614604,0.0012293318581351096,0.10141987829614604,0.0007990657077878112,0.10141987829614604,0.0003687995574405271,0.10141987829614604,0.0,0.10141987829614604,0.0,0.10141987829614604,0.0,0.10141987829614604,0.0,0.10141987829614604,0.0,0.10141987829614604,0.0,0.10141987829614604,0.0,0.10141987829614604,0.0,0.10141987829614604,0.0,0.10141987829614604,0.0,0.10141987829614604,0.0,0.10141987829614604,0.0,0.10141987829614604,0.0,0.10141987829614604,0.0,0.10141987829614604,0.0,0.10141987829614604
Slash,0.002008032128514056,0.19678714859437751,0.0013995375441158686,0.19678714859437751,0.0007910429597176525,0.19678714859437751,0.00018254837531945058,0.19678714859437751,0.0,0.19678714859437751,0.0,0.19678714859437751,0.0,0.19678714859437751,0.0,0.19678714859437751,0.0,0.19678714859437751,0.0,0.19678714859437751,0.0,0.19678714859437751,0.0,0.19678714859437751,0.0,0.19678714859437751,0.0,0.19678714859437751,0.0,0.19678714859437751,0.0,0.19678714859437751,0.0,0.19678714859437751,0.0,0.19678714859437751,0.0,0.19678714859437751,0.0,0.19678714859437751,0.0,0.19678714859437751,0.0,0.19678714859437751,0.0,0.19678714859437751,0.0,0.19678714859437751,0.0,0.19678714859437751,0.0,0.19678714859437751,0.0,0.19678714859437751,0.0,0.19678714859437751,0.0,0.19678714859437751,0.0,0.19678714859437751,0.00018254837531946484,0.1966046002190581,0.0007910429597176525,0.19599610563465983,0.0013995375441158543,0.19538761105026167,0.002008032128514056,0.19477911646586346,0.00444201046610685,0.1929536327126689,0.006875988803699643,0.19112814895947428,0.00930996714129245,0.18930266520627967,0.013873676524278957,0.18619934282584882,0.01935012778386273,0.18254837531945964,0.02482657904344652,0.17889740781307048,0.03346720214190093,0.17451624680540342,0.046854082998661305,0.16903979554581966,0.06024096385542174,0.1635633442862358,0.07563587684069621,0.15772179627601313,0.10910307898259713,0.14859437751004015,0.14257028112449802,0.1394669587440672,0.17603748326639898,0.1303395399780942,0.21193866374589262,0.12121212121212123,0.24844833880978476,0.11208470244614822,0.2849580138736767,0.10295728368017526,0.32633564561275413,0.09413411220640136,0.37258123402701726,0.08561518802482655,0.41882682244128033,0.07709626384325176,0.4643422173542658,0.06894243641231589,0.5069368382621394,0.06224899598393574,0.5495314591700136,0.05555555555555554,0.5921260800778873,0.048862115127175386,0.6276013143483024,0.04381161007667031,0.662285505659,0.038943653401484694,0.696969696969697,0.034075696726299134,0.7261774370208107,0.02993793355239138,0.7517342095655349,0.026286966046002197,0.7772909821102593,0.022635998539612956,0.8008397225264695,0.019350127783862702,0.8197030546428137,0.016916149446269953,0.8385663867591578,0.014482171108677088,0.857429718875502,0.012048192771084338,0.8702081051478642,0.01022270901788969,0.8829864914202263,0.008397225264695154,0.8957648776925886,0.006571741511500506,0.9059875867104783,0.005172203967384666,0.9151150054764513,0.00395521479858829,0.9242424242424242,0.0027382256297919156,0.9323962516733602,0.0017646342947547698,0.9390896921017403,0.0011561397103565536,0.9457831325301205,0.0005476451259583946,0.9522940245831812,0.0,0.9571619812583669,0.0,0.9620299379335524,0.0,0.966897894608738,0.0,0.970305464281368,0.0,0.9733479372033589,0.0,0.9763904101253499,0.0,0.9791286357551419,0.0,0.9815626140927345,0.0,0.9839965924303273,0.0,0.9861871729341609,0.0,0.9874041621029573,0.0,0.9886211512717535,0.0,0.9898381404405502,0.0,0.9910551296093464,0.0,0.992272118778143,0.0,0.9934891079469392,0.0,0.9943410003650969,0.0,0.994949494949495,0.0,0.9955579895338931,0.0,0.996349032493611,0.0,0.9975660216624072,0.0,0.9987830108312038,0.0,1.0,0.0
Slash,0.9959296440020247,0.0,0.9953391260334065,0.0,0.9947486080647883,0.0,0.9941580900961701,0.0,0.9938417411844104,0.0,0.9938417411844104,0.0,0.9938417411844104,0.0,0.9938417411844104,0.0,0.9938417411844104,0.0,0.9938417411844104,0.0,0.9938417411844104,0.0,0.9938417411844104,0.0,0.9938417411844104,0.0,0.9938417411844104,0.0,0.9938417411844104,0.0,0.9938417411844104,0.0,0.9938417411844104,0.0,0.9938417411844104,0.0,0.9940315505314661,0.0,0.9946220685000845,0.0,0.9952125864687025,0.0,0.9958031044373209,0.0,0.9963936224059389,0.0,0.9969841403745573,0.0,0.9975746583431753,0.0,0.9980175468196391,0.0,0.9980175468196391,0.0,0.9980175468196391,0.0,0.9980175468196391,0.0,0.998439345368652,0.0,0.9990298633372702,0.0,0.9996203813058884,0.0,1.0,0.0,0.999409482031382,0.0,0.9988189640627636,0.0,0.9982284460941456,0.0,0.9976379281255272,0.0,0.9970474101569092,0.0,0.9964568921882908,0.0,0.9954867555255612,0.0,0.9913531297452338,0.0,0.9872195039649063,0.0,0.9830858781845792,0.0,0.975577864012148,0.0,0.9655390585456387,0.0,0.9555002530791294,0.0,0.944343681457736,6.326978235195051e-05,0.9030074236544627,0.0018348236882065054,0.8616711658511896,0.0036063775940610603,0.8203349080479165,0.005377931499915675,0.7701408807153706,0.00951155728024293,0.7110890838535516,0.016007254935043003,0.6520372869917331,0.02250295258984308,0.5929854901299141,0.028998650244643154,0.543044541926776,0.03777206006411333,0.4934410325628481,0.046629829593386164,0.44383752319892045,0.055487599122659,0.40030791294077955,0.06409228952252403,0.3648768348236881,0.07235954108317866,0.32944575670659715,0.08062679264383328,0.29401467858950575,0.08889404420448792,0.26807406782520665,0.09505230302007765,0.2432723131432427,0.10095748270625952,0.218470558461279,0.10686266239244138,0.19641049434789945,0.11213514425510375,0.179285473257972,0.11626877003543107,0.1621604521680447,0.12040239581575832,0.1450354310781172,0.12453602159608569,0.13179095663910917,0.12769951071368316,0.1193900792981272,0.13065210055677406,0.10698920195714534,0.13360469039986497,0.09560064113379456,0.13621984140374555,0.08674287160452172,0.13799139530960014,0.07788510207524882,0.1397629492154547,0.06902733254597611,0.14153450312130925,0.06194111692255783,0.1433060570271638,0.05544541926775773,0.14507761093301844,0.04894972161295765,0.14684916483887298,0.042833642652269306,0.14836763961531974,0.03810949890332379,0.14895815758393793,0.03338535515437827,0.14954867555255608,0.02866121140543281,0.1501391935211743,0.025139193521174292,0.15072971148979245,0.022186603678083356,0.15132022945841064,0.01923401383499242,0.15191074742702884,0.01645014341150666,0.15241690568584446,0.014678589505652104,0.15241690568584446,0.012907035599797547,0.15241690568584446,0.011135481693942993,0.15241690568584446,0.009363927788088438,0.15241690568584446,0.007592373882233854,0.15241690568584446,0.005820819976379269,0.15241690568584446,0.004133625780327315,0.15241690568584446,0.0035431078117091398,0.15241690568584446,0.002952589843090935,0.15241690568584446,0.0023620718744727597,0.15241690568584446,0.001771553905854555,0.15241690568584446,0.0011810359372363799,0.15241690568584446,0.0005905179686182048,0.15241690568584446,0.0,0.15241690568584446
Slash,0.0,0.03557312252964427,0.0,0.035573122529644216,0.0,0.03557312252964427,0.0,0.03557312252964427,0.0,0.03557312252964427,0.0,0.03557312252964427,0.0,0.03557312252964427,0.0,0.03557312252964427,0.0,0.03557312252964427,0.0,0.03557312252964427,0.0,0.03511398570687107,0.0,0.034475186649099716,0.0,0.03383638759132831,0.00039924941110712996,0.0331975885335569,0.0010380484688785098,0.03255878947578549,0.0016768475266498897,0.03191999041801414,0.001976284584980237,0.03128119136024273,0.001976284584980237,0.030642392302471382,0.001976284584980237,0.030003593244699974,0.002255759172755228,0.029364794186928566,0.002894558230526608,0.028725995129157158,0.003533357288297988,0.02808719607138575,0.004172156346069396,0.027448397013614397,0.004810955403840804,0.026809597955843048,0.005449754461612156,0.02617079889807164,0.005928853754940711,0.025691699604743084,0.005928853754940711,0.025691699604743084,0.005928853754940711,0.025691699604743084,0.006028666107717494,0.025691699604743084,0.0066674651654888735,0.025691699604743084,0.007306264223260282,0.025691699604743084,0.007945063281031662,0.025691699604743084,0.00858386233880307,0.025691699604743084,0.009222661396574449,0.025691699604743084,0.009861460454345857,0.025691699604743084,0.010500259512117237,0.025072863017527088,0.011139058569888617,0.02443406395975568,0.011777857627659996,0.023795264901984272,0.014652453387631277,0.022038567493112955,0.017846448676488203,0.02012217031979879,0.02104044396534516,0.018205773146484566,0.027727871601389446,0.01579031420928654,0.03539346029464606,0.013235117978200966,0.04305904898790279,0.010679921747115446,0.05906895037329825,0.008563899868247713,0.07887172116421136,0.006647502694933545,0.09867449195512447,0.004731105521619322,0.12871801014093523,0.0031939952888569837,0.1657683554916757,0.0019163971733141677,0.2028187008424163,0.0006387990577714079,0.24753463488641372,0.0,0.2999161576236681,0.0,0.3522976803609217,0.0,0.40338164251207737,0.000519024234439269,0.45256916996047464,0.0017966223499820849,0.5017566974088715,0.0030742204655247883,0.5491476025072867,0.004351818581067604,0.5925859384357409,0.00562941669661042,0.6360242743641953,0.00690701481215318,0.6775062881782251,0.00818461292769594,0.71200143729788,0.009462211043238699,0.7464965864175352,0.010739809158781515,0.7797939873038688,0.012017407274324274,0.8047071505569532,0.01329500538986709,0.8296203138100373,0.014572603505409851,0.8542939274164572,0.015830239150397253,0.8715415019762845,0.016469038208168606,0.8887890765361122,0.017107837265940014,0.9060366510959399,0.017746636323711422,0.9184932327224817,0.01838543538148283,0.9306304148201382,0.019024234439254238,0.9427675969177945,0.01966303349702559,0.9516708587854832,0.019762845849802372,0.9599752465365116,0.019762845849802372,0.9682796342875396,0.019762845849802372,0.9741885255719249,0.019762845849802372,0.979298918034096,0.019762845849802372,0.984409310496267,0.019762845849802372,0.9878428554317883,0.019762845849802372,0.9903980516628739,0.019762845849802372,0.9929532478939593,0.019762845849802372,0.9947897951850522,0.019762845849802372,0.9960673933005949,0.019762845849802372,0.9973449914161377,0.019762845849802372,0.99832315247335,0.019762845849802372,0.9989619515311214,0.019762845849802372,0.9996007505888929,0.019762845849802372,1.0,0.019762845849802372,1.0,0.019762845849802372,1.0,0.019762845849802372,0.9998203377650018,0.019583183614804163,0.9991815387072306,0.01894438455703281,0.9985427396494592,0.018305585499261402,0.9980237154150198,0.017786561264822136,0.9980237154150198,0.017786561264822136,0.9980237154150198,0.017786561264822136,0.9979638280033537,0.017726673853156065,0.9973250289455824,0.017087874795384712,0.996686229887811,0.016449075737613304,0.9960474308300395,0.015810276679841896
Slash,1.0,0.005760884373601136,1.0,0.005760884373601136,1.0,0.005760884373601136,1.0,0.005760884373601136,0.9996691383974623,0.005760884373601136,0.9991047274284269,0.005760884373601136,0.9985403164593916,0.005760884373601136,0.9979759054903563,0.005760884373601136,0.9974114945213209,0.005760884373601136,0.9968470835522859,0.005760884373601136,0.9962826725832505,0.005760884373601136,0.9961464354527938,0.005760884373601136,0.9961464354527938,0.005760884373601136,0.9961464354527938,0.005760884373601136,0.9961464354527938,0.005760884373601136,0.9961464354527938,0.005760884373601136,0.9961464354527938,0.005760884373601136,0.9961464354527938,0.005760884373601136,0.9956209493781748,0.005760884373601136,0.9950565384091395,0.005760884373601136,0.9944921274401042,0.005760884373601136,0.9939277164710689,0.005760884373601136,0.9933633055020338,0.005760884373601136,0.9927988945329985,0.005760884373601136,0.9922928709055877,0.005760884373601136,0.9922928709055877,0.005760884373601136,0.9922928709055877,0.005760884373601136,0.9922928709055877,0.005760884373601136,0.9919036219614255,0.005760884373601136,0.9913392109923903,0.005760884373601136,0.990774800023355,0.005760884373601136,0.9895875907436601,0.005605184795936236,0.9867655358984839,0.005040773826901029,0.9839434810533078,0.004476362857865766,0.9811214262081315,0.0039119518888305034,0.9719740760203188,0.0033475409197952955,0.9618146785776844,0.002783129950759978,0.9516552811350498,0.0022187189817247702,0.9356766119771901,0.0016543080126895078,0.9125357622467449,0.0010898970436542452,0.8893949125162999,0.0005254860746190375,0.8657285767112356,0.0,0.827348630816839,0.0005644109690352625,0.7889686849224423,0.0011288219380704704,0.7505887390280453,0.0016932329071057328,0.7041513399894902,0.005060236274109141,0.652789941807283,0.010139934995426285,0.6014285436250754,0.015219633716743593,0.5515852163251008,0.02018255775481206,0.5075611607403516,0.024697845507094106,0.46353710515560215,0.0292131332593761,0.41951304957085295,0.03372842101165803,0.3835464471302622,0.03734843619236685,0.3496817889881473,0.04073490200657832,0.3158171308460326,0.04412136782078978,0.2851637764932563,0.047079659796422826,0.2597652828866701,0.04933730367256377,0.23436678928008423,0.051594947548704764,0.208968295673498,0.053852591424845754,0.19119908137249172,0.0555652867791596,0.1737023413323992,0.05725851968626528,0.1562056012923065,0.058951752593371126,0.14120005449485215,0.06064498550047685,0.12821860220704157,0.06233821840758259,0.11523714991923083,0.06403145131468832,0.10280064615324727,0.0656468344329616,0.0937700706486834,0.06677565637103212,0.08473949514411942,0.06790447830910254,0.07570891963955544,0.06903330024717307,0.06831318970047297,0.07016212218524354,0.06154025807204998,0.07129094412331406,0.05476732644362699,0.07241976606138459,0.0485198808898231,0.073548587999455,0.04344018216850587,0.07467740993752553,0.03836048344718862,0.07580623187559606,0.03328078472587145,0.07693505381366653,0.02971915688678694,0.07755785212432613,0.026332691072575447,0.07812226309336133,0.022946225258363994,0.07868667406239666,0.02010470796597964,0.07925108503143186,0.01784706408983867,0.07981549600046707,0.015589420213697676,0.08037990696950238,0.013370701231972905,0.08090539304412137,0.011677468324867173,0.08090539304412137,0.00998423541776144,0.08090539304412137,0.008291002510655694,0.08090539304412137,0.006967556100504084,0.08090539304412137,0.0058387341624335865,0.08090539304412137,0.004709912224363088,0.08090539304412137,0.0035810902862925906,0.08090539304412137,0.0024522683482221066,0.08090539304412137,0.0013234464101516091,0.08090539304412137,0.00019462447208112502,0.08090539304412137,0.0,0.08090539304412137,0.0,0.08090539304412137,0.0,0.08090539304412137,0.0,0.08067184367762402,0.0,0.0801074327085888,0.0,0.07954302173955355,0.0,0.07897861077051828
Slash,0.0,0.23593073593073594,0.0,0.23593073593073594,0.0,0.23593073593073594,0.0,0.23593073593073594,0.0,0.23593073593073594,0.0,0.23593073593073594,0.0,0.23593073593073594,0.0,0.23593073593073594,0.0,0.23593073593073594,0.0,0.23593073593073594,0.0,0.23593073593073594,0.0,0.23593073593073594,0.0,0.23593073593073594,0.0,0.23577769032314486,0.0,0.23509991691809878,0.0,0.23442214351305263,0.0,0.23376623376623376,0.0,0.23376623376623376,0.0,0.23376623376623376,0.0,0.23376623376623376,0.0,0.23376623376623376,0.0,0.23376623376623376,0.0,0.23376623376623376,0.0,0.23376623376623376,0.0,0.23376623376623376,0.0,0.23376623376623376,0.0,0.23376623376623376,0.0,0.23376623376623376,0.0,0.23376623376623376,0.0,0.23376623376623376,0.0,0.23376623376623376,0.0,0.23376623376623376,0.0,0.23376623376623376,0.0,0.23376623376623376,0.0,0.23376623376623376,0.0,0.23376623376623376,0.0,0.23376623376623376,0.0,0.23376623376623376,0.0,0.23376623376623376,0.0004591368227731841,0.23376623376623376,0.0011369102278193204,0.23376623376623376,0.0018146836328654565,0.23376623376623376,0.0034763216581398465,0.23311032401941492,0.006187415278324376,0.2317547772093226,0.008898508898508906,0.23039923039923035,0.013183785911058659,0.2282565918929555,0.02131706677161225,0.2241899514626787,0.029450347632165853,0.22012331103240193,0.038764266036993365,0.21585989767807948,0.05909746818837733,0.20975993703266424,0.0794306703397613,0.20365997638724911,0.09976387249114528,0.19756001574183388,0.1354016354016355,0.18595041322314043,0.17267917267917304,0.17375049193231,0.2099567099567101,0.1615505706414797,0.25156325156325143,0.15031265031265034,0.2949407494862042,0.13946827583191215,0.3383182474091569,0.128623901351174,0.383095019458656,0.11812934540207265,0.4291836110017927,0.10796274432638069,0.4752722025449299,0.09779614325068865,0.5207048843412484,0.08872272508636139,0.5647601556692466,0.08194499103590012,0.6088154269972451,0.07516725698543884,0.651908697363243,0.06856443220079582,0.6885084612357343,0.06314224496042672,0.7251082251082251,0.0577200577200577,0.7617079889807162,0.052297870479688674,0.7887970615243344,0.04814377541650271,0.8152302243211337,0.044077134986225855,0.8416633871179326,0.04001049455594907,0.8620621802439984,0.036949582404127865,0.8803620621802442,0.03423848878394332,0.8986619441164897,0.03152739516375877,0.9139883685338233,0.02881630154357423,0.9268660632296997,0.026105207923389745,0.9397437579255763,0.0233941143032052,0.9506974506974508,0.020923520923520903,0.9581529581529581,0.018890200708382508,0.9656084656084656,0.016856880493244117,0.9724080633171543,0.014932878569242199,0.975796930342385,0.013577331759149895,0.9791857973676155,0.012221784949057655,0.9825746643928461,0.010866238138965412,0.9853076216712581,0.00951069132887311,0.9880187152914426,0.008155144518780869,0.9907298089116271,0.006799597708688626,0.9929161747343566,0.0059687786960514085,0.9949494949494951,0.0052910052910053185,0.9969828151646334,0.004613231885959105,0.998229043683589,0.003935458480913015,0.9989068170886352,0.003257685075866925,0.9995845904936814,0.0025799116708207733,1.0,0.001902138265774622,1.0,0.001224364860728532,1.0,0.0005465914556823803,1.0,0.0,1.0,0.0,1.0,0.0,1.0,0.0
Slash,1.0,0.0,1.0,0.0,1.0,0.0,1.0,0.0,1.0,0.0,1.0,0.0,1.0,0.0,1.0,0.0,1.0,0.0,1.0,0.0,1.0,0.0,1.0,0.0,1.0,0.0,1.0,0.0,1.0,0.0,1.0,0.0,1.0,0.0,1.0,0.0,1.0,0.0,1.0,0.0,1.0,0.0,1.0,0.0,1.0,0.0,1.0,0.0,1.0,0.0,1.0,0.0,1.0,0.0,1.0,0.0,1.0,0.0,1.0,0.0,0.999613974136267,0.0,0.9990349353406678,0.0,0.9984558965450685,0.0,0.9978768577494692,0.0,0.9972978189538699,0.0,0.9967187801582706,0.0,0.9961397413626715,0.0,0.9947886508396063,0.0,0.9918934568616098,0.0,0.9889982628836131,0.0,0.9861030689056166,0.0,0.9781895386990929,0.0,0.9677668403783053,0.0,0.9573441420575179,0.0,0.9469214437367304,0.0,0.9104419996139742,0.004053271569195131,0.8739625554912179,0.008106543138390262,0.837483111368462,0.012159814707585391,0.7952132792897126,0.01910828025477701,0.7413626712989771,0.03184713375796178,0.687512063308242,0.04458598726114644,0.6336614553175065,0.05732484076433115,0.5840571318278329,0.07044972013124869,0.5365759505886897,0.08376761243003278,0.48909476934954654,0.09708550472881682,0.4416135881104037,0.11040339702760073,0.4062922215788459,0.12198417293958692,0.3709708550472882,0.13356494885157305,0.33564948851573073,0.14514572476355905,0.30360934182590243,0.1559544489480795,0.2781316348195329,0.1652190696776684,0.2526539278131635,0.1744836904072573,0.2271762208067943,0.1837483111368461,0.20671685002895207,0.1910828025477707,0.18876664736537355,0.19745222929936307,0.17081644470179508,0.20382165605095542,0.15286624203821655,0.21019108280254778,0.14012738853503195,0.21482339316734217,0.12738853503184724,0.21945570353213661,0.11464968152866248,0.22408801389693106,0.10326191854854279,0.22814128546612625,0.09457633661455321,0.23103647944412276,0.08589075468056369,0.2339316734221193,0.0772051727465741,0.23682686740011577,0.07006369426751598,0.23933603551437946,0.0636942675159236,0.24165219069677668,0.05732484076433121,0.2439683458791739,0.050955414012738856,0.24628450106157113,0.04632310364794446,0.24802161744836904,0.04169079328315001,0.24975873383516695,0.037058482918355555,0.25149585022196486,0.032812198417293985,0.25323296660876277,0.029337965643698116,0.2549700829955608,0.025863732870102338,0.25670719938235853,0.0223895000965065,0.25844431576915655,0.019687319050376392,0.26018143215595435,0.017371163867979166,0.26191854854275237,0.01505500868558194,0.2636556649295503,0.012738853503184714,0.2653927813163482,0.011001737116386825,0.2665508589075467,0.009264620729588904,0.2677089364987455,0.00752750434279097,0.268867014089944,0.005983400887859491,0.26983207874927617,0.004825323296660878,0.2704111175448755,0.0036672457054622797,0.2709901563404748,0.0025091681142636667,0.271569195136074,0.0017371163867979196,0.2721482339316734,0.001158077591198613,0.2727272727272727,0.0005790387955993065,0.2733063115228721,0.0,0.27388535031847133
Slash,0.0,0.19668737060041408,0.0,0.19668737060041408,0.0,0.19668737060041408,0.0,0.19668737060041408,0.0,0.19649915302089208,0.0,0.19593450028232634,0.0,0.1953698475437606,0.0,0.19480519480519476,0.0,0.19461697722567287,0.0,0.19461697722567287,0.0,0.19461697722567287,0.0,0.19461697722567287,0.0,0.19461697722567287,0.0,0.19461697722567287,0.0,0.19461697722567287,0.0,0.19461697722567287,0.0,0.19461697722567287,0.0,0.19461697722567287,0.0,0.19461697722567287,0.0,0.19461697722567287,0.0,0.19461697722567287,0.0,0.19461697722567287,0.0,0.19461697722567287,0.0,0.19461697722567287,0.0,0.19461697722567287,0.0,0.19461697722567287,0.0,0.19461697722567287,0.0,0.19461697722567287,0.0,0.19461697722567287,0.0,0.19461697722567287,0.0,0.19461697722567287,0.0,0.19461697722567287,0.0,0.19461697722567287,0.0,0.19461697722567287,0.0005646527385657687,0.19405232448710713,0.0011293054771315668,0.1934876717485414,0.0016939582156973501,0.19292301900997555,0.0024468285337850663,0.19179371353284394,0.0035761340109166035,0.18953510257858086,0.00470543948804817,0.18727649162431767,0.005834744965179737,0.1850178806700546,0.009222661396574437,0.18050065876152835,0.013739883305100675,0.17485413137587047,0.01825710521362694,0.16920760399021267,0.022774327122153208,0.16356107660455488,0.03463203463203458,0.15622059100319974,0.04648974214191602,0.1488801054018446,0.0583474496517974,0.14153961980048937,0.07434594391116121,0.13419913419913423,0.09862601166948991,0.12685864859777904,0.12290607942781843,0.11951816299642391,0.14718614718614714,0.1121776773950687,0.17748917748917722,0.10446075663466976,0.2108036890645585,0.09655561829474876,0.24411820063993972,0.08865047995482778,0.2774327122153207,0.08074534161490689,0.31752305665349134,0.07509881422924909,0.3576134010916619,0.06945228684359123,0.39770374552983223,0.06380575945793336,0.437605872388481,0.05853566723131942,0.47713156408808577,0.05401844532279315,0.5166572557876906,0.04950122341426689,0.5561829474872948,0.04498400150574068,0.5923207227555052,0.041219649915302144,0.6267645398080178,0.037831733483907413,0.6612083568605307,0.03444381705251268,0.6956521739130435,0.031055900621118012,0.7227555053642006,0.028797289666854936,0.7498588368153584,0.026538678712591746,0.776962168266516,0.02428006775832867,0.8016186711838885,0.02220967438358741,0.8213815170336909,0.020515716167890136,0.8411443628834931,0.0188217579521928,0.8609072087332954,0.017127799736495405,0.8765292678336157,0.015810276679841934,0.8900809335591944,0.014680971202710339,0.9036325992847731,0.013551665725578801,0.917184265010352,0.012422360248447204,0.9267833615659702,0.011293054771315668,0.9363824581215885,0.01016374929418413,0.9459815546772068,0.009034443817052535,0.9542631281761715,0.007905138339920938,0.9599096555618295,0.0067758328627894005,0.9655561829474871,0.005646527385657863,0.971202710333145,0.004517221908526267,0.9753434970826276,0.003764351590438536,0.9787314135140223,0.003199698851872797,0.982119329945417,0.002635046113306999,0.9855072463768116,0.002070393374741201,0.987201204592509,0.0015057406361754027,0.9888951628082062,0.0009410878976096047,0.9905891210239037,0.00037643515904386537,0.9920948616600792,0.0,0.9932241671372106,0.0,0.9943534726143421,0.0,0.9954827780914739,0.0,0.9966120835686053,0.0,0.9977413890457368,0.0,0.9988706945228685,0.0,1.0,0.0
Slash,1.0,0.012195121951219513,1.0,0.012195121951219513,1.0,0.012195121951219513,1.0,0.012195121951219513,1.0,0.012195121951219513,1.0,0.012195121951219513,1.0,0.012195121951219513,1.0,0.012195121951219513,0.999794694916646,0.011989816867865643,0.9992609016999261,0.011456023651145581,0.9987271084832061,0.01092223043442552,0.9981933152664859,0.010388437217705458,0.9979674796747967,0.01016260162601626,0.9979674796747967,0.01016260162601626,0.9979674796747967,0.01016260162601626,0.9979674796747967,0.01016260162601626,0.997556869508089,0.01016260162601626,0.9970230762913691,0.01016260162601626,0.9964892830746489,0.01016260162601626,0.9959554898579289,0.01016260162601626,0.994908433932824,0.01016260162601626,0.9938408474993842,0.01016260162601626,0.992773261065944,0.01016260162601626,0.9916235525991624,0.010080479592674713,0.9900221729490023,0.009546686375954651,0.988420793298842,0.00901289315923459,0.9868194136486819,0.008479099942514586,0.9850332594235033,0.007945306725794526,0.982898086556623,0.007411513509074522,0.980762913689743,0.0068777202923544604,0.9786277408228629,0.0063439270756344,0.9756302866058965,0.005810133858914338,0.9718937340888562,0.005276340642194278,0.9681571815718159,0.004742547425474274,0.9644206290547752,0.004208754208754213,0.9591237579042458,0.0036749609920341516,0.9532520325203252,0.003141167775314148,0.9473803071364046,0.002607374558594087,0.9415085817524842,0.002073581341874026,0.9302168021680216,0.0015397881251539647,0.9184733514001806,0.0010059949084339037,0.9067299006323396,0.00047220169171390024,0.8934466617393445,0.0,0.8683583805535023,0.0,0.8432700993676602,0.0,0.818181818181818,0.0,0.7838958692617229,0.0018066847335139954,0.728915167939558,0.0076784101174344945,0.6739344666173932,0.013550135501355053,0.6189537652952284,0.01942186088527555,0.5693109961402641,0.026361172702636174,0.5250061591525005,0.03436807095343686,0.4807013221647366,0.042374969204237486,0.43639648517697277,0.05038186745503823,0.40096082779009595,0.056910569105691054,0.36946702800361314,0.06278229448961162,0.3379732282171304,0.06865401987353217,0.3064794284306478,0.07452574525745255,0.2830130574033012,0.07850866387451758,0.2605937423010592,0.08224521639155788,0.2381744271988173,0.0859817689085982,0.21624784429662475,0.08963619939229696,0.20023404779502332,0.0923051654758972,0.18422025129342195,0.09497413155949745,0.1682064547918206,0.09764309764309764,0.15348608031534852,0.10002463661000248,0.14227642276422756,0.1016260162601626,0.13106676521310656,0.10322739591032279,0.1198571076619856,0.10482877556048291,0.10987928061098781,0.10618378911061839,0.10133858914346719,0.10725137554405846,0.09279789767594644,0.10831896197749857,0.0842572062084257,0.1093865484109387,0.07711258930771125,0.11080315348608034,0.07070707070707066,0.11240453313624046,0.0643015521064301,0.1140059127864006,0.057896033505789514,0.11560729243656072,0.05284552845528449,0.11720867208672091,0.04804138950480409,0.11881005173688103,0.04323725055432368,0.12041143138704116,0.03847417262051408,0.12201281103720128,0.034737620103473754,0.1236141906873614,0.031001067586433426,0.1252155703375216,0.0272645150693931,0.12681694998768173,0.023774328652377417,0.12841832963784183,0.02110536256877718,0.13001970928800202,0.018436396485176948,0.13162108893816216,0.015767430401576715,0.1332224685883223,0.013550135501354994,0.13459801264679314,0.011948755851194854,0.1356655990802332,0.010347376201034713,0.1367331855136734,0.008745996550874588,0.1378007719471134,0.007473105034080639,0.13853987024718734,0.006405518600640546,0.1390736634639074,0.005337932167200452,0.13960745668062746,0.004270345733760359,0.14014124989734744,0.003202759300320266,0.14067504311406745,0.0021351728668801725,0.14120883633078757,0.001067586433440079,0.14174262954750758,0.0,0.14227642276422764
Slash,0.0,0.17234468937875752,0.0,0.17177789923280903,0.0,0.1712111090868606,0.0,0.17064431894091214,0.0,0.17034068136272545,0.0,0.17034068136272545,0.0,0.17034068136272545,0.0,0.17034068136272545,0.0,0.17034068136272545,0.0,0.17034068136272545,0.0,0.17034068136272545,0.0,0.17034068136272545,0.0,0.17034068136272545,0.0,0.17034068136272545,0.0,0.17034068136272545,0.0,0.17034068136272545,0.0,0.17034068136272545,0.0,0.17034068136272545,0.0,0.17034068136272545,0.0,0.17034068136272545,0.0,0.17034068136272545,0.0,0.17034068136272545,0.0,0.17034068136272545,0.0,0.17034068136272545,0.0,0.17034068136272545,0.0,0.17034068136272545,0.0,0.17034068136272545,0.0,0.17034068136272545,0.0,0.17034068136272545,0.0,0.17034068136272545,0.0,0.17034068136272545,0.0,0.17034068136272545,0.00010121252606222834,0.170138256310601,0.0006680026720106928,0.16900467601870403,0.0012347928179591572,0.1678710957268072,0.0018015829639076075,0.16673751543491025,0.0038258334851521314,0.1641464747677173,0.006659784214894425,0.16074573389202648,0.009493734944636747,0.15734499301633573,0.012570595736928388,0.1538227971093703,0.01767170705046457,0.14928847594178252,0.022772818364000722,0.14475415477419487,0.027873929677536886,0.14021983360660714,0.03556608165826601,0.1347138721888221,0.045201514139389894,0.12847918058338895,0.05483694662051372,0.12224448897795591,0.06473553166939942,0.11600979737252282,0.08173923604785324,0.10977510576708972,0.09874294042630706,0.10354041416165669,0.11574664480476102,0.09730572255622359,0.13870164571567364,0.09050424080484201,0.16760794315904534,0.08313596890751201,0.19651424060241685,0.07576769701018203,0.22542053804578852,0.06839942511285198,0.2608854071779922,0.06267079613773002,0.2965931863727455,0.0570028946782454,0.3323009655674985,0.05133499321876079,0.3689803850124492,0.04639582194692416,0.4069553247909962,0.04242829092528486,0.4449302645695429,0.03846075990364568,0.4829052043480899,0.03449322888200645,0.5218922693872594,0.03204388575130052,0.5610007894577034,0.029776725167506724,0.600109309528147,0.027509564583712922,0.6367887289730977,0.025242403999919064,0.66909576729216,0.022975243416125148,0.7014028056112223,0.02070808283233135,0.7337098439302846,0.01844092224853749,0.7590332179510536,0.016639339284629826,0.782838404080889,0.014938968846784447,0.8066435902107243,0.013238598408939125,0.8283435557984655,0.011700168012793255,0.8447804700309709,0.010566587720896296,0.8612173842634765,0.009433007428999452,0.8776542984959818,0.008299427137102496,0.8902653792433352,0.0075909394546668976,0.9016011821623044,0.007024149308718476,0.9129369850812737,0.006457359162769997,0.9235440578125949,0.005890569016821518,0.9314791198558734,0.00532377887087304,0.9394141818991519,0.004756988724924561,0.9473492439424304,0.00419019857897614,0.9533612679905266,0.0036234084330277177,0.9584623793040626,0.003056618287079239,0.9635634906175987,0.00248982814113076,0.9685026618894355,0.0019230379951822815,0.9724701929110748,0.0013562478492338027,0.9764377239327139,0.000789457703285381,0.980405254954353,0.00022266755733690234,0.9833404182101577,0.0,0.9856075787939514,0.0,0.9878747393777453,0.0,0.9901014149511145,0.0,0.9918017853889597,0.0,0.9935021558268051,0.0,0.9952025262646506,0.0,0.9965992591243091,0.0,0.997732839416206,0.0,0.9988664197081031,0.0,1.0,0.0
Slash,1.0,0.005607476635514018,1.0,0.005607476635514018,1.0,0.005607476635514018,1.0,0.005607476635514018,1.0,0.005210988388558524,1.0,0.004644576607193455,1.0,0.004078164825828387,0.999773435287454,0.003738317757009346,0.999207023506089,0.003738317757009346,0.9986406117247238,0.003738317757009346,0.9981308411214953,0.003738317757009346,0.9981308411214953,0.003738317757009346,0.9981308411214953,0.003738317757009346,0.9981308411214953,0.003738317757009346,0.9981308411214953,0.003738317757009346,0.9981308411214953,0.003738317757009346,0.9981308411214953,0.003738317757009346,0.9981308411214953,0.0034551118663268114,0.9981308411214953,0.002888700084961796,0.9981308411214953,0.0023222883035967277,0.9980175587652225,0.001869158878504673,0.9974511469838573,0.001869158878504673,0.9968847352024923,0.001869158878504673,0.9963183234211271,0.001869158878504673,0.9962616822429906,0.001869158878504673,0.9962616822429906,0.001869158878504673,0.9962616822429906,0.001869158878504673,0.9959218351741715,0.001869158878504673,0.9953554233928066,0.001869158878504673,0.9947890116114416,0.001869158878504673,0.9940526762956671,0.001869158878504673,0.9929198527329369,0.001869158878504673,0.9917870291702068,0.001869158878504673,0.9906542056074766,0.001869158878504673,0.9900877938261117,0.001869158878504673,0.9895213820447465,0.001869158878504673,0.9889549702633815,0.001869158878504673,0.9864061172472388,0.001472670631549125,0.9830076465590484,0.0009062588501841096,0.9796091758708582,0.00033984706881904107,0.9741716227697538,0.0,0.9656754460492778,0.0,0.9571792693288019,0.0,0.9477201925800056,0.0,0.929595015576324,0.0,0.9114698385726423,0.0,0.8933446615689606,0.0,0.866156896063438,0.0,0.8367034834324553,0.0,0.8072500708014726,0.0,0.7681676578872839,0.0045312942509204415,0.7194562446898894,0.013593882752761272,0.6707448314924951,0.0226564712546021,0.6215802888700082,0.03217218918153504,0.5706032285471538,0.04350042480883599,0.5196261682242989,0.05482866043613714,0.4686491079014445,0.06615689606343808,0.42735768903993193,0.07646559048428207,0.387142452563013,0.08666100254885309,0.34692721608609456,0.09685641461342395,0.3135089209855564,0.10603228547153784,0.2846219201359389,0.11452846219201356,0.255734919286321,0.12302463891248942,0.22939677145284632,0.1308411214953271,0.20900594732370428,0.13707165109034264,0.1886151231945623,0.1433021806853583,0.16822429906542055,0.14953271028037382,0.1540640045312942,0.15406400453129426,0.13990370999716797,0.15859529878221462,0.1257434154630416,0.1631265930331351,0.11435853865760412,0.1668649107901444,0.10416312659303312,0.1702633814783348,0.09396771452846213,0.1736618521665251,0.08467856131407533,0.17660719342962336,0.07674879637496457,0.17887284055508362,0.06881903143585388,0.1811384876805437,0.06111583120928914,0.18346077598414043,0.055451713395638584,0.18629283489096576,0.0497875955819881,0.18912489379779102,0.04412347776833755,0.19195695270461624,0.03936561880487115,0.19433588218634953,0.034834324553950705,0.1966015293118097,0.030303030303030314,0.19886717643726987,0.026338147833474927,0.20084961767204765,0.022939677145284595,0.20254885301614275,0.019541206457094305,0.20424808836023786,0.016482582837723015,0.20583404134806005,0.01478334749362787,0.2069668649107902,0.013084112149532704,0.2080996884735202,0.011384876805437557,0.20923251203625046,0.009685641461342393,0.21036533559898038,0.007986406117247227,0.21149815916171064,0.006287170773152081,0.21263098272444064,0.00492778249787595,0.21342395921835175,0.0037949589351458524,0.21399037099971682,0.0026621353724157423,0.2145567827810819,0.0016992353440951524,0.21512319456244697,0.0011328235627301039,0.21568960634381193,0.0005664117813650486,0.21625601812517697,0.0,0.21682242990654205
Slash,0.001841620626151013,0.19337016574585636,0.001841620626151013,0.19337016574585636,0.001841620626151013,0.19337016574585636,0.001841620626151013,0.19337016574585636,0.001841620626151013,0.19337016574585636,0.001841620626151013,0.19337016574585636,0.001841620626151013,0.19337016574585636,0.001841620626151013,0.19337016574585636,0.001841620626151013,0.19337016574585636,0.001841620626151013,0.19337016574585636,0.001841620626151013,0.19337016574585636,0.001841620626151013,0.19337016574585636,0.001841620626151013,0.19337016574585636,0.001841620626151013,0.19337016574585636,0.001841620626151013,0.19337016574585636,0.001395167141023495,0.19337016574585636,0.0008743047417080553,0.19337016574585636,0.0003534423423926156,0.19337016574585636,0.0,0.19337016574585636,0.0,0.19337016574585636,0.0,0.19337016574585636,0.0,0.19337016574585636,0.0,0.19337016574585636,0.0,0.19337016574585636,0.0,0.19337016574585636,0.0,0.19323995014602754,0.0,0.1927190877467121,0.0,0.19219822534739664,0.0,0.1916773629480812,0.0,0.19115650054876573,0.0,0.19063563814945028,0.0,0.19011477575013483,0.00018602228546979802,0.18950090220808452,0.0012277470841006708,0.18845917740945373,0.0022694718827315505,0.18741745261082282,0.0033111966813624233,0.18637572781219192,0.0046877615938389445,0.18432948267202406,0.00625034879178525,0.1817251706754469,0.00781293598973157,0.17912085867886973,0.009710363301523504,0.1763491266253697,0.014398124895362468,0.17218222743084619,0.01908588648920139,0.16801532823632268,0.02377364808304035,0.16384842904179925,0.03114013058764437,0.15878862287702067,0.040515653775322284,0.1530591364845508,0.04989117696300015,0.14732965009208104,0.05967594917871163,0.1416001636996112,0.08051044515132909,0.1358706773071414,0.10134494112394654,0.1301411909146716,0.12217943709656413,0.1244117045222018,0.1479621258626782,0.11816135573041657,0.17869300742228914,0.11139014453931584,0.20942388898189992,0.1046189333482151,0.24015477054151085,0.09784772215711443,0.28193537585802764,0.09308555164908759,0.3241252302025783,0.08839779005524862,0.3663150845471286,0.0837100284614097,0.409621072604498,0.0792454936101345,0.45441523894562585,0.07507859441561092,0.4992094052867531,0.0709116952210875,0.5440035716278809,0.066744796026564,0.5836821251185892,0.06350800825938945,0.6227468050672472,0.06038283386349683,0.6618114850159046,0.05725765946760422,0.6977137861115761,0.05431850735718136,0.7279238052718716,0.051714195360604204,0.7581338244321667,0.049109883364027045,0.7883438435924623,0.04650557136744984,0.810852540134308,0.044329110627453226,0.8316870361069256,0.042245661030191416,0.852521532079543,0.040162211432929654,0.8715702141116505,0.0380787618356679,0.8861543612924827,0.03599531223840619,0.9007385084733152,0.03391186264114438,0.9153226556541473,0.031828413043882675,0.9267816284390871,0.029744963446620965,0.9371988764253957,0.027661513849359155,0.9476161244117045,0.025578064252097344,0.9571404654277581,0.023494614654835638,0.9633908142195435,0.02141116505757393,0.9696411630113287,0.01932771546031212,0.975891511803114,0.017244265863050414,0.9803746488829361,0.015514258608181283,0.9840206856781443,0.013951671410234925,0.9876667224733522,0.012389084212288671,0.9910151236118087,0.010900905928530234,0.9925777108097551,0.009859181129899327,0.9941402980077012,0.008817456331268528,0.9957028852056475,0.007775731532637622,0.9969492345182952,0.006734006734006716,0.9979909593169263,0.005692281935375863,0.999032684115557,0.00465055713674501,1.0,0.003646036795208065,1.0,0.003125174395892612,1.0,0.002604311996577159,1.0,0.002083449597261759,0.9997209665717953,0.0015625871979463584,0.9992001041724798,0.0010417247986309055,0.9986792417731645,0.0005208623993154527,0.998158379373849,0.0
Slash,1.0,0.0037313432835820895,1.0,0.0037313432835820895,1.0,0.0037313432835820895,1.0,0.0037313432835820895,1.0,0.00341097542590079,1.0,0.0028644655510326905,1.0,0.0023179556761646443,1.0,0.0018656716417910447,1.0,0.0018656716417910447,1.0,0.0018656716417910447,1.0,0.0018656716417910447,0.9995854063018244,0.0018656716417910447,0.9990388964269562,0.0018656716417910447,0.998492386552088,0.0018656716417910447,0.9981343283582089,0.0018656716417910447,0.9981343283582089,0.0018656716417910447,0.9981343283582089,0.0018656716417910447,0.9981343283582089,0.0018656716417910447,0.9981343283582089,0.0018656716417910447,0.9981343283582089,0.0018656716417910447,0.9981343283582089,0.0018656716417910447,0.9981343283582089,0.0018656716417910447,0.9981343283582089,0.0018656716417910447,0.9981343283582089,0.0018656716417910447,0.9980777928539123,0.0018656716417910447,0.9975312829790441,0.0018656716417910447,0.996984773104176,0.0018656716417910447,0.9964382632293081,0.0018656716417910447,0.996268656716418,0.0018656716417910447,0.996268656716418,0.0018656716417910447,0.996268656716418,0.0018656716417910447,0.9959671340268356,0.001714910296999845,0.9948741142770994,0.0011684004221317987,0.9937810945273631,0.0006218905472636993,0.992688074777627,7.53806723955999e-05,0.9882971506105834,0.0,0.9833785617367705,0.0,0.978459972862958,0.0,0.9691316146540025,0.0,0.9543758480325644,0.0,0.9396200814111262,0.0,0.9243931855872154,5.653550429669993e-05,0.8959746720940751,0.001696065128900945,0.8675561586009348,0.00333559475350519,0.8391376451077943,0.004975124378109435,0.8008819538670285,0.009667571234735424,0.7566146540027139,0.016225689733152405,0.7123473541383988,0.022783808231569436,0.66661013116237,0.029454997738579815,0.6152382029247703,0.0365596261118649,0.5638662746871701,0.04366425448515003,0.5124943464495703,0.05076888285843511,0.46805744007236555,0.05830695009799484,0.42542966983265473,0.06595808834614807,0.38280189959294436,0.07360922659430119,0.34473466003316755,0.08063847429519067,0.3141301070405547,0.08665008291873966,0.2835255540479423,0.09266169154228854,0.25292100105532944,0.09867330016583747,0.2312867480777928,0.10310191466907886,0.2099728629579377,0.1074739936680235,0.18865897783808233,0.11184607266696818,0.1700587969244685,0.11561510628674813,0.15366350067842613,0.11889416553595657,0.13726820443238355,0.12217322478516511,0.12155133423790136,0.125376903361978,0.1100746268656717,0.12810945273631844,0.09859791949344188,0.13084200211065877,0.08712121212121206,0.13357455148499922,0.07801899592944372,0.13551560379918587,0.06982134780642243,0.13715513342379013,0.06162369968340114,0.1387946630483944,0.05427408412483041,0.14060379918588875,0.04880898537614955,0.14278983868536105,0.043343886627468686,0.14497587818483346,0.037878787878787894,0.14716191768430573,0.033393637871249805,0.14885798281320664,0.029021558872305116,0.15049751243781098,0.024649479873360483,0.15213704206241513,0.02106889793456957,0.15351273933363488,0.018336348560229174,0.15460575908337096,0.015603799185888743,0.15569877883310715,0.012946630483943913,0.15679179858284337,0.011307100859339675,0.15788481833257956,0.009667571234735417,0.15897783808231575,0.008028041610131159,0.16007085783205185,0.006746570179406007,0.1608058193879089,0.005653550429669835,0.16135232926277704,0.0045605306799336625,0.1618988391376451,0.003599427106889796,0.1623134328358209,0.00305291723202171,0.1623134328358209,0.002506407357153624,0.1623134328358209,0.0019598974822855448,0.1623134328358209,0.0014133876074174587,0.1623134328358209,0.0008668777325493725,0.1623134328358209,0.000320367857681293,0.1623134328358209,0.0,0.1623134328358209,0.0,0.1623134328358209,0.0,0.1623134328358209,0.0,0.1623134328358209
Slash,0.0018214936247723133,0.15664845173041894,0.001343121561700796,0.15664845173041894,0.0008647494986292788,0.15664845173041894,0.00038637743555776144,0.15664845173041894,0.0,0.15664845173041894,0.0,0.15664845173041894,0.0,0.15664845173041894,0.0,0.15664845173041894,0.0,0.15664845173041894,0.0,0.15664845173041894,0.0,0.15664845173041894,0.0,0.15664845173041894,0.0,0.15637246784787773,0.0,0.1558940957848062,0.0,0.15541572372173468,0.0,0.15493735165866312,0.0,0.15482695810564662,0.0,0.15482695810564662,0.0,0.15482695810564662,0.0,0.15482695810564662,0.0,0.15482695810564662,0.0,0.15482695810564662,0.0,0.15482695810564662,0.0,0.15482695810564662,0.0,0.15482695810564662,0.0,0.15482695810564662,0.0,0.15482695810564662,0.0,0.15466136777612183,0.0,0.15418299571305039,0.0,0.15370462364997886,0.0,0.15322625158690734,0.0002575849570385098,0.1527478795238358,0.0007359570201100271,0.15226950746076426,0.0012143290831815444,0.15179113539769273,0.0016927011462530615,0.15131276333462132,0.002870232378429097,0.15013523210244523,0.004305348567643656,0.14870011591323065,0.005740464756858207,0.14726499972401616,0.007175580946072759,0.14582988353480156,0.009935419771485363,0.14351161892145503,0.012805652149914446,0.14111975860609738,0.01567588452834355,0.13872789829073984,0.01882210078931392,0.13622564442236573,0.024084193483100612,0.1328770399808651,0.029346286176887303,0.1295284355393645,0.03460837887067399,0.12617983109786385,0.04163676841272471,0.12238965244429721,0.052639325863369626,0.11760593181358206,0.06364188331401452,0.11282221118286692,0.07464444076465943,0.10803849055215171,0.09114827694062683,0.10325476992143658,0.11315339184191649,0.09847104929072142,0.13515850674320626,0.09368732866000623,0.15716362164449607,0.08890360802929102,0.18645471104487518,0.08312634542142731,0.21898401133373832,0.07690750860149763,0.25151331162260154,0.07068867178156789,0.28404261191146446,0.0644698349616382,0.325035417931593,0.059943699287961526,0.36713215948188654,0.05563835072031791,0.40922890103218007,0.051333002152674244,0.4511784511784513,0.04710124928704163,0.49136170447645877,0.04375264484554102,0.5315449577744662,0.040404040404040414,0.5717282110724735,0.0370554359625398,0.609850784714173,0.033964416478077665,0.6423800850030361,0.03157255616272012,0.6749093852918993,0.029180695847362517,0.7074386855807624,0.026788835532004864,0.7359938179610314,0.024838549428713344,0.759912421114607,0.023403433239498856,0.7838310242681827,0.021968317050284267,0.8077496274217586,0.020533200861069727,0.826976504572133,0.019098084671855187,0.8437195267796361,0.0176629684826406,0.8604625489871394,0.01622785229342606,0.8772055711946425,0.014792736104211468,0.8899008297915404,0.013762396276057456,0.9018601313683283,0.012805652149914394,0.913819432945116,0.011848908023771386,0.9256131441923792,0.010892163897628378,0.9332670972015235,0.009935419771485317,0.9409210502106677,0.008978675645342308,0.948575003219812,0.0080219315191993,0.9556769884638738,0.007175580946072746,0.9609390811576604,0.006697208883001216,0.9662011738514471,0.006218836819929686,0.9714632665452339,0.005740464756858207,0.9759158065168995,0.005262092693786677,0.9792644109584001,0.004783720630715199,0.9826130153999008,0.004305348567643669,0.9859616198414013,0.003826976504572138,0.9884270758587699,0.003348604441500608,0.990340564111056,0.002870232378429078,0.992254052363342,0.0023918603153575474,0.9941675406156281,0.0019134882522860172,0.9956946514323564,0.0014351161892144871,0.9971297676215708,0.0009567441261430604,0.9985648838107856,0.0004783720630715302,1.0,0.0
Slash,1.0,0.0018832391713747645,1.0,0.0018832391713747645,1.0,0.0018832391713747645,1.0,0.0018832391713747645,1.0,0.0018832391713747645,1.0,0.0018832391713747645,1.0,0.0018832391713747645,0.9996385702600392,0.0018832391713747645,0.9990488691053662,0.0018832391713747645,0.9984591679506932,0.0018832391713747645,0.9981167608286252,0.0018832391713747645,0.9981167608286252,0.0018832391713747645,0.9981167608286252,0.0018832391713747645,0.9981167608286252,0.0018832391713747645,0.9981167608286252,0.0018832391713747645,0.9981167608286252,0.0018832391713747645,0.9981167608286252,0.0018832391713747645,0.9981167608286252,0.0018832391713747645,0.9981167608286252,0.0018832391713747645,0.9981167608286252,0.0018832391713747645,0.9976221727634156,0.0018832391713747645,0.9970324716087428,0.0018832391713747645,0.9964427704540698,0.0018832391713747645,0.9962335216572504,0.0018832391713747645,0.9962335216572504,0.0018832391713747645,0.9962335216572504,0.0018832391713747645,0.9959672050067532,0.0018832391713747645,0.99537750385208,0.0018832391713747645,0.9947878026974072,0.0018832391713747645,0.9943502824858758,0.0018832391713747645,0.9943502824858758,0.0018832391713747645,0.9943502824858758,0.0018832391713747645,0.9942741920143052,0.0018832391713747645,0.993094789704959,0.0018832391713747645,0.9919153873956134,0.0018832391713747645,0.9907359850862676,0.0018832391713747645,0.9864749186783084,0.001369628488272595,0.9817573094409252,0.0007799273335996187,0.977039700203542,0.0001902261789267493,0.9671289162814586,0.0,0.9547451920333276,0.0,0.9423614677851966,0.0,0.9248416367060436,0.0,0.9018432916738002,0.0,0.8788449466415568,0.0,0.8513953090224275,0.00017120356103407438,0.8130647339686886,0.0007609047157069972,0.7747341589149498,0.0013506058703798664,0.7356617017633965,0.002396849854476988,0.6896650116989099,0.007704160246533133,0.6436683216344232,0.013011470638589331,0.5976716315699364,0.018318781030645475,0.5500770416024652,0.02415872472369652,0.5023112480739595,0.030055736270425588,0.45454545454545436,0.03595274781715466,0.4126386273278929,0.04268675455116137,0.373128649964808,0.04976316840723623,0.3336186726017231,0.05683958226331109,0.2998915710780117,0.06330727234682035,0.2715859156537123,0.06920428389354942,0.24328026022941268,0.07510129544027848,0.21782799748901427,0.08042762845022736,0.19836785938480844,0.08455553653293765,0.17890772128060264,0.088683444615648,0.15998021647739155,0.09265917175521696,0.14464798645589588,0.09560767752858153,0.12931575643440044,0.09855618330194603,0.11398352641290498,0.10150468907531054,0.10306454374250983,0.10390153892978753,0.09244992295839743,0.10626034354847916,0.08183530217428517,0.1086191481671708,0.073845802659362,0.11054043257433087,0.06676938880328707,0.11230953603834957,0.059692974947212166,0.11407863950236835,0.053586714603663724,0.11584774296638706,0.04827940421160761,0.11761684643040572,0.04297209381955142,0.11938594989442444,0.038083281021134084,0.1211550533584432,0.03395537293842376,0.12292415682246192,0.02982746485571345,0.12469326028648059,0.02588978295192983,0.126367250661036,0.022941277178565284,0.12754665297038176,0.019992771405200765,0.1287260552797276,0.017044265631836256,0.1299054575890734,0.014666438395251943,0.13108485989841925,0.012307633776560306,0.132264262207765,0.009948829157868695,0.13344366451711084,0.008503110198025453,0.1341665239970325,0.007323707888679634,0.13475622515170535,0.006144305579333815,0.1353459263063783,0.005307310392056145,0.1359356274610512,0.004717609237383249,0.13652532861572406,0.00412790808271034,0.13711502977039705,0.0035382069280374302,0.1374764595103578,0.002948505773364534,0.1374764595103578,0.0023588046186916243,0.1374764595103578,0.0017691034640187151,0.1374764595103578,0.0011794023093458054,0.1374764595103578,0.0005897011546728961,0.1374764595103578,0.0,0.1374764595103578
Slash,0.0,0.18442622950819673,0.0,0.18442622950819673,0.0,0.18442622950819673,0.0,0.18442622950819673,0.0,0.18442622950819673,0.0,0.18442622950819673,0.0,0.18442622950819673,0.0,0.18442622950819673,0.0,0.18442622950819673,0.0,0.18442622950819673,0.0,0.18442622950819673,0.0,0.18442622950819673,0.0,0.18442622950819673,0.0,0.18442622950819673,0.0,0.18442622950819673,0.0,0.18442622950819673,0.0,0.18442622950819673,0.0,0.18442622950819673,0.0,0.18442622950819673,0.0,0.18442622950819673,0.0,0.18442622950819673,0.0,0.18442622950819673,0.0,0.18442622950819673,0.0,0.18434343434343434,0.0,0.18380526577247888,0.0,0.18326709720152345,0.0,0.18272892863056792,0.0001862891207153555,0.18219076005961252,0.0007244576916708125,0.18165259148865703,0.0012626262626262695,0.18111442291770158,0.0018007948335817263,0.18057625434674615,0.002628746481205485,0.17974830269912243,0.0037050836231164136,0.1786719655572114,0.004781420765027327,0.17759562841530058,0.005857757906938255,0.17651929127338964,0.008507203179334321,0.17426312303361485,0.011736214605067062,0.17157228017883755,0.014965226030799804,0.1688814373240603,0.018194237456532546,0.16619059446928294,0.023410332836562384,0.1625062096373572,0.02879201854611691,0.15873902964066902,0.034173704255671476,0.15497184964398084,0.04036264282165926,0.15101838052657723,0.052740519953634754,0.14563669481702268,0.06511839708561028,0.1402550091074681,0.0774962742175858,0.13487332339791355,0.09500745156482866,0.12932604735883418,0.12406855439642334,0.12340619307832418,0.15312965722801802,0.11748633879781417,0.18219076005961268,0.11156648451730415,0.212597284318596,0.10510846166583868,0.24434923000496778,0.09811227024341777,0.27610117569133974,0.09111607882099676,0.30785312137771165,0.08411988739857593,0.3463114754098363,0.0782414307004471,0.3877504553734065,0.07285974499089251,0.4291894353369767,0.0674780592813379,0.4706284153005465,0.06209637357178337,0.5096870342771984,0.05766683225699614,0.5484351713859913,0.05336148368935254,0.5871833084947843,0.04905613512170889,0.625310481867859,0.04483358171882761,0.65598609041232,0.04160457029309484,0.6866616989567811,0.03837555886736213,0.7173373075012421,0.03514654744162936,0.7455497598940224,0.03206242755423081,0.7670765027322407,0.02937158469945351,0.7886032455704589,0.02668074184467627,0.8101299884086772,0.023989898989898974,0.8286761053154498,0.021547441629408814,0.8437448253022024,0.019394767345587045,0.8588135452889551,0.01724209306176516,0.873882265275708,0.015089418777943332,0.8854321907600596,0.01328862394436162,0.8951192250372578,0.011674118231495263,0.904806259314456,0.010059612518628906,0.9144932935916543,0.008445106805762551,0.921448087431694,0.007285974499089227,0.9279061102831596,0.006209637357178343,0.934364133134625,0.0051333002152674,0.9407600596125187,0.00407766186454711,0.9456035767511178,0.0035394932935916383,0.9504470938897168,0.0030013247226362253,0.955290611028316,0.0024631561516807537,0.9600099354197715,0.001924987580725282,0.9643152839874153,0.0013868190097698107,0.9686206325550588,0.0008486504388143391,0.9729259811227023,0.0003104818678589259,0.9765482695810564,0.0,0.9792391124358337,0.0,0.9819299552906111,0.0,0.9846207981453884,0.0,0.9869804603411161,0.0,0.989133134624938,0.0,0.9912858089087598,0.0,0.9934384831925815,0.0,0.9951564828614009,0.0,0.9967709885742674,0.0,0.9983854942871337,0.0,1.0,0.0
Slash,1.0,0.004106776180698152,0.9993570198909009,0.004106776180698152,0.9987140397818016,0.004106776180698152,0.9980710596727023,0.004106776180698152,0.9974280795636034,0.004106776180698152,0.9967850994545039,0.004106776180698152,0.9961421193454048,0.004106776180698152,0.9951050546533093,0.0037126915977018535,0.9938190944351109,0.0030697114886026294,0.9925331342169125,0.002426731379503464,0.9915168108186588,0.002053388090349076,0.9908738307095596,0.002053388090349076,0.9902308506004605,0.002053388090349076,0.9895878704913613,0.002053388090349076,0.9889448903822622,0.002053388090349076,0.9883019102731627,0.002053388090349076,0.9876589301640636,0.002053388090349076,0.9870159500549645,0.002053388090349076,0.9863729699458652,0.002053388090349076,0.9857299898367661,0.002053388090349076,0.9850870097276667,0.002053388090349076,0.9844440296185677,0.002053388090349076,0.9838010495094683,0.002053388090349076,0.9827432435235309,0.002053388090349076,0.9814572833053327,0.002053388090349076,0.9801713230871341,0.002053388090349076,0.9777238504137887,0.0017630099765623298,0.9738659697591935,0.0011200298674631643,0.9700080891045983,0.00047704975836388195,0.9648227656441208,0.0,0.9558210441167321,0.0,0.946819322589343,0.0,0.9373612925974322,0.0,0.921286789869952,0.0,0.9052122871424719,0.0,0.8891377844149919,0.0,0.8629830128803434,0.0005600149337315237,0.8353348681890777,0.001202995042830806,0.8076867234978117,0.0018459751519299716,0.752597847053699,0.01207143301599153,0.6844419554891832,0.02685997552527327,0.6162860639246674,0.041648518034555014,0.554974799327982,0.056748179951465465,0.5009644701636486,0.07217970256984638,0.44695414099931546,0.08761122518822728,0.3976106029494119,0.10173604629456788,0.35967477651255875,0.1126667081492544,0.32173895007570563,0.12359737000394092,0.28492315350631564,0.1342169124509987,0.25856096903324816,0.14193267376018917,0.23219878456018075,0.1496484350693797,0.20583660008711338,0.15736419637857013,0.18644349034492771,0.16275693277746667,0.16779706718105059,0.16790077365026035,0.14915064401717373,0.17304461452305397,0.134610997033995,0.17681953000228148,0.12175139485201082,0.1800344305477776,0.10889179267002665,0.18324933109327363,0.09769149399539538,0.18613237093729912,0.08804679235890737,0.18870429137369588,0.07840209072241922,0.19127621181009277,0.06958704083960751,0.19405554518490867,0.06251425963951628,0.19727044573040461,0.055441478439425054,0.20048534627590067,0.04861759276543669,0.20353431647066145,0.04347375189264301,0.20546325679795907,0.0383299110198494,0.20739219712525667,0.03318607014705578,0.2093211374525543,0.029245224317092887,0.21064858025843655,0.02538734366249763,0.211934540476635,0.021529463007902417,0.21322050069483334,0.019102731628398983,0.21450646091303177,0.017173791301101356,0.21579242113123012,0.015244850973803728,0.21707838134942856,0.013315910646506128,0.21765913757700206,0.011386970319208515,0.21765913757700206,0.009458029991910887,0.21765913757700206,0.007757243896874274,0.21765913757700206,0.00647128367867587,0.21765913757700206,0.005185323460477466,0.21765913757700206,0.0040030697114885995,0.21765913757700206,0.0033600896023893902,0.21765913757700206,0.002717109493290181,0.21765913757700206,0.0020741293841909864,0.21765913757700206,0.001431149275091777,0.21765913757700206,0.0007881691659925678,0.21765913757700206,0.00014518905689337315,0.21765913757700206,0.0,0.21765913757700206,0.0,0.21765913757700206,0.0,0.21765913757700206,0.0,0.21765913757700206,0.0,0.21765913757700206,0.0,0.21765913757700206,0.0,0.21765913757700206,0.0,0.21765913757700206,0.0,0.21765913757700206,0.0,0.21765913757700206,0.0,0.21765913757700206,0.0,0.21765913757700206,0.0,0.21765913757700206
Slash,0.0,0.21428571428571427,0.0,0.21428571428571427,0.0,0.21428571428571427,0.0,0.21428571428571427,0.0,0.21428571428571427,0.0,0.21428571428571427,0.0,0.21428571428571427,0.0,0.21428571428571427,0.0,0.21428571428571427,0.0,0.21428571428571427,0.0,0.21362433862433866,0.0,0.21296296296296294,0.0,0.2123015873015873,0.0,0.2123015873015873,0.0,0.2123015873015873,0.0,0.2123015873015873,0.0,0.2123015873015873,0.0,0.2123015873015873,0.0,0.2123015873015873,0.0,0.2123015873015873,0.0,0.2123015873015873,0.0,0.2123015873015873,0.0,0.2123015873015873,0.0,0.2123015873015873,0.0,0.2123015873015873,0.0,0.2123015873015873,0.0,0.2123015873015873,0.0,0.2123015873015873,0.0,0.21164021164021168,0.0,0.21097883597883604,0.0,0.21031746031746032,0.000661375661375652,0.20899470899470907,0.0013227513227513181,0.2076719576719577,0.001984126984126984,0.20634920634920634,0.003968253968253968,0.20370370370370375,0.005952380952380952,0.20105820105820113,0.007936507936507936,0.1984126984126984,0.011243386243386225,0.19444444444444445,0.01455026455026454,0.19047619047619047,0.017857142857142856,0.1865079365079365,0.02380952380952378,0.1812169312169313,0.02976190476190476,0.1759259259259259,0.03571428571428571,0.17063492063492064,0.04761904761904756,0.16402116402116407,0.05952380952380949,0.15740740740740736,0.07142857142857142,0.15079365079365079,0.09523809523809515,0.14285714285714285,0.11904761904761901,0.1349206349206349,0.14285714285714285,0.12698412698412698,0.1865079365079364,0.11640211640211644,0.23015873015872987,0.1058201058201059,0.27380952380952384,0.09523809523809523,0.32804232804232786,0.0873015873015873,0.3822751322751319,0.07936507936507942,0.4365079365079365,0.07142857142857142,0.48677248677248663,0.06547619047619048,0.5370370370370368,0.05952380952380958,0.5873015873015873,0.05357142857142857,0.6302910052910051,0.04894179894179898,0.6732804232804229,0.04431216931216933,0.7162698412698413,0.03968253968253968,0.7473544973544973,0.036375661375661394,0.7784391534391533,0.03306878306878311,0.8095238095238095,0.02976190476190476,0.8313492063492064,0.027116402116402153,0.8531746031746029,0.02447089947089949,0.875,0.021825396825396824,0.8902116402116401,0.019179894179894217,0.9054232804232804,0.016534391534391554,0.9206349206349206,0.013888888888888888,0.9305555555555556,0.011904761904761904,0.9404761904761905,0.00992063492063492,0.9503968253968254,0.007936507936507936,0.9576719576719578,0.0066137566137566325,0.9649470899470898,0.005291005291005329,0.9722222222222222,0.003968253968253968,0.9761904761904762,0.003306878306878288,0.9801587301587301,0.0026455026455026644,0.9841269841269841,0.001984126984126984,0.9861111111111112,0.001322751322751304,0.9880952380952381,0.0006613756613756238,0.9900793650793651,0.0,0.9920634920634921,0.0,0.9940476190476191,0.0,0.996031746031746,0.0,0.9973544973544973,0.0,0.9986772486772487,0.0,1.0,0.0,1.0,0.0,1.0,0.0,1.0,0.0,1.0,0.0,1.0,0.0,1.0,0.0,0.9993386243386245,0.0,0.9986772486772487,0.0,0.998015873015873,0.0,0.9973544973544975,0.0,0.9966931216931215,0.0,0.996031746031746,0.0
Slash,1.0,0.0,1.0,0.0,1.0,0.0,1.0,0.0,1.0,0.0,1.0,0.0,0.9997546313335787,0.0,0.9990389727231833,0.0,0.9983233141127879,0.0,0.9979757085020243,0.0,0.9979757085020243,0.0,0.9979757085020243,0.0,0.9979757085020243,0.0,0.9979757085020243,0.0,0.9979757085020243,0.0,0.9979757085020243,0.0,0.9979757085020243,0.0,0.9979757085020243,0.0,0.9979757085020243,0.0,0.9979757085020243,0.0,0.9979757085020243,0.0,0.9979757085020243,0.0,0.9979757085020243,0.0,0.9979757085020243,0.0,0.9979757085020243,0.0,0.9979757085020243,0.0,0.9979757085020243,0.0,0.9979757085020243,0.0,0.9979757085020243,0.0,0.9964421543368912,0.0,0.9942951785057047,0.0,0.9921482026745184,0.0,0.9874657506236454,0.0,0.982456140350877,0.0,0.9771193718562141,0.0,0.9663844927002821,0.0,0.9556496135443502,0.0,0.9418067312804155,0.0004907373328426099,0.91747433852697,0.002637713164028971,0.8931419457735248,0.004784688995215274,0.8607941765836502,0.00779045515887626,0.8164233427391323,0.012084406821248925,0.7720525088946142,0.01637835848362159,0.7178669283932441,0.024761787919682726,0.6563202878992352,0.03621232568600989,0.5947736474052264,0.04766286345233711,0.5353535353535352,0.05964503332924388,0.47666952930110834,0.07181122970596658,0.41798552324868127,0.08397742608268921,0.37369647895963704,0.09483498957183167,0.33075696233590957,0.10556986872776353,0.2889216047110783,0.11605937921727397,0.25886394307446936,0.12393162393162395,0.2288062814378604,0.1318038686459739,0.20095693779904314,0.13912403386087596,0.17948717948717957,0.14484930274403957,0.15801742117531586,0.15057457162720322,0.13930806036069193,0.15568641884431364,0.12427922954238743,0.1599803705066863,0.10925039872408296,0.16427432216905902,0.09722733406943937,0.16770948349895717,0.08720811352390306,0.170572117940539,0.07718889297836662,0.17343475238212078,0.06882591093117409,0.1757453073242547,0.06095366621682412,0.17789228315544103,0.05308142150247415,0.1800392589866274,0.046558704453441326,0.18218623481781376,0.04011777695988218,0.18433321064900013,0.03392221813274444,0.18639839692471272,0.029628266470371728,0.18782971414550356,0.02533431480799902,0.1892610313662945,0.021449310922995138,0.19069234858708545,0.018586676481413333,0.19212366580787626,0.0157240420398315,0.19355498302866722,0.013188565820144769,0.19498630024945815,0.011041589988958407,0.196417617470249,0.008894614157772061,0.19784893469103995,0.007197480881691411,0.19883040935672516,0.005766163660900508,0.19954606796712057,0.004334846440109577,0.2002617265775161,0.003476056107635053,0.20097738518791153,0.0027603974972395945,0.20169304379830694,0.0020447388868441506,0.20240870240870235,0.0013290802764487064,0.20242914979757085,0.0006134216660532481,0.20242914979757085,0.0,0.20242914979757085,0.0,0.20242914979757085,0.0,0.20242914979757085,0.0,0.20242914979757085,0.0,0.20242914979757085,0.0,0.20242914979757085,0.0,0.20242914979757085,0.0,0.20242914979757085,0.0,0.20242914979757085,0.0,0.20242914979757085,0.0,0.20242914979757085,0.0,0.20242914979757085,0.0,0.20242914979757085,0.0,0.20242914979757085,0.0,0.20242914979757085
Slash,0.0,0.20449897750511248,0.0,0.20449897750511248,0.0,0.20449897750511248,0.0,0.20449897750511248,0.0,0.20439569519324127,0.0,0.20385862717151065,0.0,0.20332155914978003,0.0,0.20278449112804942,0.0,0.20245398773006135,0.0,0.20245398773006135,0.0,0.20245398773006135,0.0,0.20245398773006135,0.0003098469356138156,0.2021441407944476,0.0008469149573444002,0.20160707277271686,0.001383982979075014,0.20107000475098635,0.0019210510008055984,0.20053293672925576,0.0024581190225362124,0.19958273946004004,0.0029951870442667967,0.19850860341657894,0.0035322550659974104,0.1974344673731177,0.004069323087727995,0.1963603313296565,0.006155625787527629,0.19373696060812623,0.008303897874450026,0.19105162049947327,0.010452169961372422,0.1883662803908202,0.012765693747288838,0.18559831443267025,0.015988101877672432,0.18237590630228667,0.019210510008056028,0.17915349817190312,0.02243291813843961,0.17593109004151944,0.026770775237032925,0.17233686558839928,0.033215591497800116,0.16804032141455455,0.03966040775856727,0.16374377724070976,0.04610522401933448,0.15944723306686498,0.05630951643221585,0.15457230794654106,0.06973621697548081,0.1492016277292351,0.08316291751874581,0.14383094751192907,0.09658961806201077,0.1384602672946231,0.12061308380326785,0.13151969593687382,0.148540620933259,0.12400074363264545,0.17646815806325017,0.11648179132841709,0.20439569519324133,0.10896283902418867,0.23529776290512505,0.10243539691392446,0.2664477081654996,0.09599058065315734,0.29759765342587435,0.0895457643923902,0.32980107826733607,0.08316291751874572,0.37008117989713096,0.07725516927970914,0.41036128152692597,0.07134742104067252,0.450641383156721,0.065439672801636,0.4895994711945633,0.06002767965958152,0.5255830286505133,0.05573113548573667,0.5615665861064636,0.051434591311891875,0.5975501435624138,0.04713804713804714,0.6308483609097109,0.0433785709859329,0.6614612381483548,0.040156162855549335,0.6920741153869988,0.036933754725165774,0.7226869926256431,0.033711346594782206,0.7484662576687118,0.03086075478713516,0.7720972506248582,0.02817541467848215,0.7957282435810045,0.02549007456982914,0.8193592365371507,0.022804734461176188,0.8363388486087873,0.02059449298713097,0.8524508892607052,0.018446220900208633,0.8685629299126232,0.016297948813286178,0.8843031542418046,0.014190989651112347,0.8955815826981472,0.012579785585920563,0.9068600111544898,0.010968581520728781,0.9181384396108323,0.00935737745553694,0.9285492966474562,0.007890768626964938,0.9366053169734152,0.00681663258350371,0.9446613372993742,0.005742496540042541,0.9527173576253332,0.004668360496581372,0.9592861126603458,0.003842102001611197,0.9641197248559212,0.0033050339798805835,0.9689533370514964,0.00276796595814997,0.9737869492470721,0.002230897936419414,0.9772159220011982,0.0016938299146888004,0.9799012621098512,0.0011567618929581866,0.9825866022185041,0.0006196938712276312,0.9852719423271571,8.262584949701749e-05,0.987048398091343,0.0,0.9886596021565348,0.0,0.9902708062217265,0.0,0.9918613538245439,0.0,0.9929354898680052,0.0,0.9940096259114666,0.0,0.9950837619549275,0.0,0.9960339592241432,0.0,0.9965710272458739,0.0,0.9971080952676046,0.0,0.9976451632893348,0.0,0.9981822313110656,0.0,0.9987192993327964,0.0,0.9992563673545268,0.0,0.9997934353762573,0.0,1.0,0.0,1.0,0.0,1.0,0.0,1.0,0.0,1.0,0.0,1.0,0.0,1.0,0.0,1.0,0.0
Slash,0.9822918746256738,0.0,0.9822918746256738,0.0,0.9822918746256738,0.0,0.9822918746256738,0.0,0.9822918746256738,0.0,0.9822918746256738,0.0,0.9822918746256738,0.0,0.9822918746256738,0.0,0.9822918746256738,0.0,0.9822918746256738,0.0,0.9822918746256738,0.0,0.9822918746256738,0.0,0.9822918746256738,0.0,0.9822918746256738,0.0,0.9822918746256738,0.0,0.9822918746256738,0.0,0.9822918746256738,1.9964064683570143e-05,0.9822918746256738,0.0006388500698742446,0.9822918746256738,0.0012577360750648627,0.9822918746256738,0.0018766220802555371,0.9828109403074468,0.0024955080854462118,0.9834298263126373,0.00311439409063683,0.984048712317828,0.003733280095827504,0.9850668796166899,0.004352166101018178,0.9863046516270713,0.004971052106208797,0.9875424236374525,0.005589938111399528,0.989059692553404,0.0062088241165901455,0.9909163505689759,0.006827710121780764,0.9927730085845478,0.007446596126971438,0.9944699540826513,0.008225194649630674,0.9957077260930325,0.009462966660012022,0.9969454981034139,0.010700738670393315,0.9981433419844279,0.012018366939508888,0.9987622279896188,0.01449391096027153,0.9993811139948093,0.016969454981034172,1.0,0.019444999001796814,0.9990017967658216,0.022459572769015737,0.9977640247554401,0.02555400279496905,0.9965262527450589,0.028648432820922366,0.9856458374925136,0.03132361748852071,0.970173687362747,0.0337991615092833,0.9547015372329807,0.036274705530045935,0.930844479936115,0.03845078858055497,0.8980435216610102,0.04030744659612699,0.8652425633859052,0.04216410461169896,0.8256138949890196,0.04491914553803153,0.76929526851667,0.04987023357955681,0.7129766420443201,0.05482132162108204,0.6563585546017168,0.05971251746855661,0.5969454981034137,0.06404471950489121,0.5375324416051106,0.06837692154122582,0.47811938510680757,0.07270912357756038,0.4326811738870033,0.07815931323617492,0.38874026751846635,0.08372928728289082,0.34479936114993004,0.08929926132960672,0.31008185266520266,0.09399081653024559,0.2791375524056697,0.0983230185665802,0.24819325214613666,0.10265522060291475,0.2220403274106607,0.1066679976043123,0.20037931722898786,0.11038131363545617,0.17871830704731478,0.11409462966660017,0.15905370333399865,0.1178079456977441,0.1435815532042323,0.12152126172888802,0.128109403074466,0.1252345777600319,0.11319624675583945,0.1288680375324416,0.10205629866240756,0.13196246755839494,0.09091635056897579,0.13505689758434813,0.07977640247554404,0.13815132761030144,0.07153124376122974,0.14066679976043128,0.06348572569375117,0.14314234378119386,0.055440207626272685,0.14561788780195645,0.04923138350968258,0.147634258334997,0.043661409462966635,0.14949091635056902,0.038091435416250694,0.15134757436614094,0.03353962866839687,0.15286484328209227,0.02982631263725295,0.1541026152924735,0.02611299660610899,0.1553403873028549,0.022619285286484297,0.15657815931323618,0.01952485526053104,0.15781593132361754,0.016430425234577762,0.15905370333399876,0.013535635855460163,0.16019165502096233,0.011678977839888182,0.16081054102615294,0.00982231982431623,0.16142942703134355,0.007965661808744261,0.1620483130365342,0.006707925733679372,0.1626671990417248,0.00547015372329805,0.16328608504691564,0.004232381712916743,0.16390497105210614,0.0034737472549411065,0.1640447195048912,0.0028548612497504462,0.1640447195048912,0.002235975244559786,0.1640447195048912,0.0016170892393691254,0.1640447195048912,0.000998203234178479,0.1640447195048912,0.00037931722898781867,0.1640447195048912,0.0,0.1640447195048912,0.0,0.1640447195048912,0.0,0.1640447195048912,0.0,0.1640447195048912,0.0,0.1640447195048912,0.0,0.1640447195048912,0.0,0.1640447195048912
Slash,0.0,0.13480885311871227,0.0,0.13480885311871227,0.0,0.13480885311871227,0.0,0.13480885311871227,0.0,0.13480885311871227,0.0,0.13480885311871227,0.0,0.13480885311871227,0.0,0.13480885311871227,0.0,0.13480885311871227,0.0,0.1346259374428388,0.0,0.13393492266731707,0.0,0.13324390789179522,0.0,0.13279678068410464,0.0,0.13279678068410464,0.0,0.13279678068410464,0.0,0.13249192122431563,0.0,0.1318009064487938,0.0,0.13110989167327197,0.0,0.1304188768977501,0.0,0.12972786212222834,0.0,0.1290368473467065,0.00042680324370465,0.12791902932748006,0.001117818019226473,0.12653699977643645,0.001808832794748282,0.12515497022539276,0.0039631729772574825,0.12328516553868663,0.006727232079344747,0.12121212121212123,0.009491291181432025,0.11913907688555576,0.013901591366380108,0.11651728553136997,0.018738694795032814,0.11375322642928275,0.02357579822368553,0.1109891673271955,0.03390037192854094,0.10700567038595209,0.044956608336890046,0.10285958173282117,0.0560128447452391,0.09871349307969027,0.08182427900737753,0.09322602280348762,0.10808284047720666,0.08769790459931302,0.13499176879458577,0.08212913846716663,0.17230656667276384,0.07591000548747032,0.2096213645509419,0.06969087250777395,0.24937503810743242,0.06367497916793695,0.3032741905981344,0.0588378757392842,0.357173343088836,0.054000772310631454,0.4110724955795376,0.04932626059386626,0.46497164807023955,0.045180171940735286,0.5188708005609415,0.04103408328760438,0.5700871898054997,0.03711155823831877,0.6156941649899395,0.033656484360709754,0.6613011401743796,0.030201410483100568,0.7023555474259701,0.02703087210129466,0.7369062862020609,0.02426681299920737,0.7714570249781516,0.021502753897120135,0.8011706603255898,0.01908420218279376,0.8260471922443754,0.017011157856228247,0.8509237241631608,0.01493811352966285,0.8713289840050402,0.013271548482816123,0.8886043533930859,0.011889518931772447,0.9058797227811313,0.010507489380728773,0.9198829339674409,0.009592911001361693,0.9323211999268337,0.008901896225839912,0.9447594658862264,0.008210881450318074,0.9540271934638132,0.007519866674796237,0.9623193707700749,0.006828851899274457,0.9706115480763368,0.006137837123752619,0.9765461455602302,0.005446822348230782,0.9820742637644047,0.004755807572709002,0.9876023819685792,0.004064792797187165,0.990529032782554,0.004024144869215292,0.9932930918846411,0.004024144869215292,0.9960165030587567,0.004024144869215292,0.9973985326098002,0.004024144869215292,0.9987805621608438,0.004024144869215292,1.0,0.004024144869215292,1.0,0.004024144869215292,1.0,0.004024144869215292,1.0,0.004024144869215292,1.0,0.004024144869215292,1.0,0.004024144869215292,1.0,0.004024144869215292,1.0,0.004024144869215292,1.0,0.004024144869215292,1.0,0.004024144869215292,1.0,0.004024144869215292,1.0,0.004024144869215292,1.0,0.004024144869215292,1.0,0.004024144869215292,1.0,0.004024144869215292,1.0,0.0036379895534825,1.0,0.00294697477796072,1.0,0.0022559600024388824,1.0,0.0015649452269170451,1.0,0.0008739304513952078,1.0,0.00018291567587342756,1.0,0.0,1.0,0.0,1.0,0.0,1.0,0.0,1.0,0.0,1.0,0.0,1.0,0.0,1.0,0.0,1.0,0.0
Slash,1.0,0.001968503937007874,1.0,0.0013521037143084211,1.0,0.0007357034916089684,1.0,0.00011930326890957151,1.0,0.0,1.0,0.0,1.0,0.0,1.0,0.0,1.0,0.0,1.0,0.0,1.0,0.0,1.0,0.0,1.0,0.0,1.0,0.0,1.0,0.0,1.0,0.0,1.0,0.0,1.0,0.0,1.0,0.0,1.0,0.0,0.9984490575041757,0.0,0.9965998568360772,0.0,0.9947506561679791,0.0,0.9909130676847213,0.0,0.9859818659031258,0.0,0.9810506641215303,0.0,0.9727789708104669,0.0,0.9604509663564781,0.0,0.9481229619024895,0.0,0.9335679630955221,0.0,0.9126103555237413,0.0,0.8916527479519605,0.0,0.8697407142289031,0.0,0.8339895013123358,0.0,0.7982382883957686,0.0,0.7624870754792014,0.0,0.7181460272011452,0.004831782390837534,0.672532410721387,0.010379384395132443,0.6269187942416289,0.015926986399427405,0.5767120019088521,0.024815079933190202,0.5243179829794002,0.03529388371908062,0.4719239640499482,0.04577268750497098,0.4251968503937007,0.05774278215223105,0.3845144356955379,0.07130358705161856,0.34383202099737525,0.08486439195100619,0.30672870436649957,0.09717251252684325,0.2783742941223255,0.10641851586733476,0.25001988387815155,0.11566451920782628,0.2225005965163445,0.1246719160104987,0.20277578938996257,0.13145231846019245,0.18305098226358063,0.13823272090988628,0.16332617513719871,0.14501312335958008,0.14861210530501867,0.14900978286805067,0.13443490018293155,0.15270818420424728,0.12025769506084462,0.1564065855404439,0.10914260717410326,0.1592300962379703,0.09928020361091223,0.161695697128768,0.08941780004772122,0.1641612980195657,0.0811461067366579,0.16630875685993798,0.07436570428696415,0.16815795752803628,0.06758530183727032,0.1700071581961346,0.06100373816909244,0.17165752008271695,0.05483973594209812,0.17289032052811573,0.04867573371510381,0.17412312097351465,0.042750338025928564,0.17535592141891354,0.03843553646703249,0.17658872186431235,0.034120734908136476,0.17782152230971135,0.029805933349240445,0.17905432275511016,0.026644396723136867,0.18086375566690527,0.023562395609639675,0.18271295633500356,0.020480394496142522,0.184562157003102,0.01831305177761871,0.18595402847371342,0.016463851109520394,0.18718682891911245,0.014614650441422078,0.18841962936451123,0.013103475701900893,0.18931440388133308,0.01187067525650203,0.18993080410403249,0.010637874811103152,0.19054720432673186,0.009405074365704275,0.19116360454943127,0.00817227392030541,0.19178000477213078,0.006939473474906547,0.1923964049948303,0.005806092420265646,0.19291338582677164,0.0051896921975662065,0.19291338582677164,0.004573291974866775,0.19291338582677164,0.003956891752167343,0.19291338582677164,0.0033404915294679045,0.19291338582677164,0.0027240913067684658,0.19291338582677164,0.002107691084069034,0.19291338582677164,0.0014912908613696019,0.19291338582677164,0.0008748906386701631,0.19291338582677164,0.0002584904159707243,0.19291338582677164,0.0,0.19291338582677164,0.0,0.19291338582677164,0.0,0.19291338582677164,0.0,0.19291338582677164,0.0,0.19291338582677164,0.0,0.19291338582677164,0.0,0.19291338582677164,0.0,0.19291338582677164,0.0,0.19291338582677164,0.0,0.19291338582677164
Slash,0.0018656716417910447,0.16977611940298507,0.0012626262626262588,0.16917307402382029,0.0006595808834614859,0.16857002864465548,5.653550429669993e-05,0.16796698326549078,0.0,0.16791044776119404,0.0,0.16791044776119404,0.0,0.16791044776119404,0.0,0.16791044776119404,0.0,0.16791044776119404,0.0,0.16791044776119404,0.0,0.16747700889491937,0.0,0.1668739635157546,0.0,0.16627091813658978,0.0,0.166044776119403,0.0,0.166044776119403,0.0,0.166044776119403,0.0,0.166044776119403,0.0,0.166044776119403,0.0,0.166044776119403,0.0,0.166044776119403,0.0,0.166044776119403,0.0,0.166044776119403,0.0,0.166044776119403,0.0,0.166044776119403,0.0,0.166044776119403,0.0,0.1658940147746118,0.0,0.165290969395447,0.0,0.16468792401628218,9.422584049449989e-05,0.16417910447761194,0.0006972712196592793,0.16417910447761194,0.0013003165988240586,0.16417910447761194,0.0018656716417910447,0.16414141414141414,0.0018656716417910447,0.16353836876224934,0.0018656716417910447,0.16293532338308464,0.0018656716417910447,0.16233227800391986,0.0030340720639228168,0.1611450324136891,0.004240162822252376,0.1599389416553596,0.005446253580581948,0.15873285089703001,0.006652344338911507,0.15699909543193122,0.007858435097241078,0.1551899592944369,0.009064525855570637,0.15338082315694263,0.010741745816372696,0.15110055781697568,0.012550881953867027,0.1486883763003166,0.014360018091361386,0.1462761947836575,0.01865671641791046,0.1430348258706467,0.02408412483039351,0.139416553595658,0.029511533242876555,0.13579828132066932,0.03887758178802962,0.13146389265792244,0.05093848937132521,0.12663952962460426,0.06299939695462087,0.12181516659128606,0.08078923563998197,0.11608623548922047,0.10430800542740865,0.10945273631840789,0.12782677521483504,0.1028192371475953,0.1589401477461179,0.09643072516206842,0.20115332428765295,0.0904002713704206,0.24336650082918754,0.08436981757877282,0.2884064525855575,0.07871626714910293,0.3396653098145638,0.0738919041157847,0.39092416704357,0.06906754108246646,0.4424468566259615,0.06463892657922507,0.4949118046132972,0.061623699683401124,0.5473767526006336,0.058608472787577234,0.5984848484848486,0.05566862656414894,0.6400949796472188,0.053256445047489796,0.6817051108095886,0.05084426353083066,0.7229760289461783,0.04843208201417156,0.7537313432835823,0.04601990049751242,0.784486657620986,0.04360771898085328,0.8152419719583901,0.04119553746419413,0.836951605608322,0.03878335594753504,0.8580581938790897,0.0363711744308759,0.8791647821498569,0.03395899291421681,0.8951831750339213,0.03154681139755766,0.9102593095130411,0.029134629880898516,0.9253354439921605,0.026722448364239374,0.9358887381275443,0.02431026684758023,0.9449344188150158,0.02189808533092114,0.9539800995024876,0.019485903814262046,0.9610470375395749,0.017073722297602904,0.9670774913312227,0.014661540780943758,0.9731079451228707,0.012249359264284615,0.9777815468113976,0.01017639077340567,0.9813998190863862,0.008367254635911378,0.985018091361375,0.006558118498417033,0.9877883310719132,0.005031659882406135,0.9895974672094077,0.0038255691240765364,0.9914066033469018,0.002619478365747044,0.9932157394843962,0.001639529624604245,0.9950248756218906,0.0010364842454394457,0.9968340117593848,0.00043343886627464644,0.9983039348710991,0.0,0.9989069802502637,0.0,0.9995100256294287,0.0,1.0,0.0,1.0,0.0,1.0,0.0,1.0,0.0,1.0,0.0,1.0,0.0,1.0,0.0
Slash,1.0,0.007547169811320755,1.0,0.007547169811320755,1.0,0.007547169811320755,1.0,0.007547169811320755,1.0,0.007547169811320755,1.0,0.007547169811320755,1.0,0.007547169811320755,0.9996378883171336,0.007547169811320755,0.9990470745187725,0.007547169811320755,0.9984562607204118,0.007547169811320755,0.9978654469220506,0.007547169811320755,0.9972746331236897,0.007547169811320755,0.9966838193253288,0.007547169811320755,0.9960930055269679,0.007547169811320755,0.9955021917286069,0.007547169811320755,0.9949113779302458,0.007547169811320755,0.9943205641318851,0.007528111301696207,0.993729750333524,0.006937297503335222,0.9931389365351629,0.006346483704974291,0.992548122736802,0.005755669906613306,0.9914617876882027,0.005660377358490566,0.9902801600914809,0.005660377358490566,0.989098532494759,0.005660377358490566,0.987916904898037,0.005660377358490566,0.986735277301315,0.005660377358490566,0.9855536497045932,0.005660377358490566,0.9843720221078711,0.005660377358490566,0.9831903945111491,0.005660377358490566,0.9820087669144272,0.005660377358490566,0.980674671240709,0.005660377358490566,0.9789022298456261,0.005660377358490566,0.9771297884505432,0.005660377358490566,0.975281113016962,0.005660377358490566,0.9723270440251571,0.005660377358490566,0.9693729750333524,0.005660377358490566,0.9664189060415473,0.005660377358490566,0.960377358490566,0.005145797598627827,0.9538784067085954,0.004554983800266788,0.9473794549266247,0.003964170001905856,0.9356775300171526,0.0033733562035448716,0.9214979988564894,0.0027825424051838863,0.9073184676958261,0.002191728606822955,0.8851343624928529,0.0016009148084620238,0.8544120449780827,0.0010101010101009852,0.8236897274633124,0.00041928721174005383,0.7917667238421955,0.0,0.7569087097388985,0.0,0.7220506956356011,0.0,0.6854202401372211,0.00045740423098914964,0.632246998284734,0.005183914617876922,0.5790737564322469,0.00991042500476464,0.5259005145797598,0.01463693539165236,0.4796645702306079,0.01936344577854013,0.434171907756813,0.024089956165427903,0.3886792452830188,0.028816466552315623,0.35157232704402525,0.03270440251572329,0.3178959405374499,0.03624928530588909,0.2842195540308745,0.03979416809605489,0.25542214598818364,0.0433390508862207,0.23119878025538412,0.0468839336763865,0.20697541452258422,0.050428816466552354,0.18503906994473016,0.05378311416047268,0.1679054697922622,0.05673718315227749,0.15077186963979422,0.059691252144082316,0.13432437583380974,0.0624928530588908,0.12250809986659032,0.0642652944539737,0.11069182389937103,0.0660377358490566,0.09887554793215172,0.0678101772441395,0.08982275586049168,0.06958261863922241,0.0809605488850771,0.0713550600343053,0.07209834190966262,0.0731275014293882,0.0654278635410711,0.07446159710310651,0.059519725557461385,0.07564322469982848,0.05361158757385167,0.0768248522965504,0.04802744425385933,0.0780064798932723,0.04271012006861064,0.07918810748999427,0.0373927958833619,0.08036973508671626,0.032704402515723235,0.08155136268343817,0.029159519725557446,0.08273299028016008,0.025614636935391656,0.083914617876882,0.022260339241471305,0.08509624547360398,0.01989708404802742,0.08627787307032594,0.01753382885458356,0.08745950066704786,0.015170573661139702,0.08864112826376977,0.013379073756432238,0.08925100057175525,0.011606632361349324,0.08984181437011629,0.009834190966266422,0.09043262816847722,0.00851915380217267,0.0910234419668382,0.007337526205450728,0.09161425576519913,0.006155898608728784,0.09220506956356012,0.004974271012006855,0.09245283018867924,0.0037926434152849254,0.09245283018867924,0.002611015818562982,0.09245283018867924,0.001658090337335614,0.09245283018867924,0.0010672765389746557,0.09245283018867924,0.00047646274061368413,0.09245283018867924,0.0,0.09245283018867924,0.0,0.09245283018867924,0.0,0.09245283018867924,0.0,0.09245283018867924
Slash,0.0019267822736030828,0.10597302504816955,0.0019267822736030828,0.10597302504816955,0.0019267822736030828,0.10597302504816955,0.0019267822736030828,0.10597302504816955,0.0019267822736030828,0.10597302504816955,0.0019267822736030828,0.10597302504816955,0.0019267822736030828,0.10597302504816955,0.0019267822736030828,0.10597302504816955,0.0019267822736030828,0.10597302504816955,0.0019267822736030828,0.10597302504816955,0.0012845215157353976,0.10597302504816955,0.0006422607578676988,0.10597302504816955,0.0,0.10597302504816955,0.0,0.10597302504816955,0.0,0.10597302504816955,0.0,0.10597302504816955,0.0,0.10597302504816955,0.0,0.10597302504816955,0.0,0.10597302504816955,0.0,0.10597302504816955,0.0,0.10597302504816955,0.0,0.10597302504816955,0.0,0.10597302504816955,0.0,0.10597302504816955,0.0,0.10597302504816955,0.0,0.10597302504816955,0.0,0.10597302504816955,0.0,0.10597302504816955,0.0,0.10533076429030185,0.0,0.10468850353243413,0.0,0.10404624277456648,0.0006422607578676851,0.10404624277456648,0.001284521515735384,0.10404624277456648,0.0019267822736030828,0.10404624277456648,0.002569043031470768,0.10340398201669881,0.003211303789338467,0.10276172125883111,0.0038535645472061657,0.10211946050096339,0.007064868336544619,0.09955041746949266,0.0102761721258831,0.0969813744380218,0.01348747591522158,0.09441233140655106,0.02183686576750157,0.08927424534360952,0.030186255619781614,0.08413615928066799,0.038535645472061654,0.0789980732177264,0.05394990366088626,0.07257546563904949,0.06936416184971096,0.06615285806037254,0.08477842003853564,0.05973025048169557,0.1117533718689787,0.05330764290301866,0.13872832369942192,0.0468850353243417,0.16570327552986513,0.04046242774566474,0.20423892100192662,0.03532434168272326,0.24277456647398818,0.03018625561978167,0.2813102119460501,0.025048169556840076,0.3269107257546562,0.02119460500963391,0.3725112395632623,0.017341040462427744,0.41811175337186895,0.01348747591522158,0.4656390494540782,0.010918432883750785,0.5131663455362874,0.008349389852280044,0.5606936416184971,0.005780346820809248,0.6024405908798971,0.004495825305073879,0.644187540141297,0.0032113037893385077,0.6859344894026975,0.0019267822736030828,0.7174052665382143,0.0012845215157353703,0.7488760436737313,0.0006422607578677126,0.7803468208092486,0.0,0.8034682080924854,0.0,0.8265895953757224,0.0,0.8497109826589595,0.0,0.8657675016056517,0.0,0.8818240205523442,0.0,0.8978805394990366,0.0,0.909441233140655,0.0,0.9210019267822734,0.0,0.9325626204238922,0.0,0.9402697495183044,0.0,0.9479768786127167,0.0,0.9556840077071291,0.0,0.9614643545279383,0.0,0.9672447013487476,0.0,0.9730250481695568,0.0,0.9762363519588952,0.0,0.9794476557482339,0.0,0.9826589595375722,0.0,0.9845857418111753,0.0,0.9865125240847784,0.0,0.9884393063583815,0.0,0.9897238278741171,0.0,0.9910083493898524,0.0,0.9922928709055877,0.0,0.9929351316634553,0.0,0.993577392421323,0.0,0.9942196531791907,0.0,0.9948619139370585,0.0,0.995504174694926,0.0,0.9961464354527938,0.0,0.9967886962106614,0.0,0.9974309569685293,0.0,0.9980732177263969,0.0,0.9987154784842645,0.0,0.9993577392421322,0.0,1.0,0.0
Slash,1.0,0.0037593984962406013,1.0,0.0037593984962406013,1.0,0.0037593984962406013,1.0,0.0037593984962406013,1.0,0.0037593984962406013,1.0,0.0037593984962406013,1.0,0.0037593984962406013,1.0,0.0037593984962406013,1.0,0.0037593984962406013,1.0,0.0037593984962406013,1.0,0.0037593984962406013,1.0,0.0037593984962406013,0.9993164730006835,0.0037593984962406013,0.998632946001367,0.0037593984962406013,0.9981203007518797,0.003588516746411532,0.9981203007518797,0.0029049897470950392,0.9981203007518797,0.002221462747778547,0.9981203007518797,0.0018796992481203006,0.9981203007518797,0.0018796992481203006,0.9981203007518797,0.0018796992481203006,0.9981203007518797,0.0018796992481203006,0.9981203007518797,0.0018796992481203006,0.9981203007518797,0.0018796992481203006,0.9981203007518797,0.0018796992481203006,0.9981203007518797,0.0018796992481203006,0.9981203007518797,0.0018796992481203006,0.9981203007518797,0.0018796992481203006,0.9981203007518797,0.0018796992481203006,0.9981203007518797,0.0018796992481203006,0.9981203007518797,0.0018796992481203006,0.9981203007518797,0.0018796992481203006,0.9976076555023924,0.0018796992481203006,0.9969241285030759,0.0018796992481203006,0.9962406015037594,0.0018796992481203006,0.9935064935064934,0.0011961722488038084,0.9907723855092276,0.0005126452494873693,0.9870129870129871,0.0,0.9801777170198224,0.0,0.9733424470266574,0.0,0.9627477785372521,0.0,0.9483937115516062,0.0,0.9340396445659603,0.0,0.910457963089542,0.0010252904989746852,0.8838004101161995,0.002392344497607617,0.8571428571428571,0.0037593984962406013,0.8140806561859194,0.007177033492822957,0.7710184552289817,0.010594668489405313,0.7235133287764868,0.015550239234449722,0.6626794258373208,0.025119617224880347,0.6018455228981542,0.03468899521531108,0.5420369104579628,0.044600136705399904,0.48325358851674616,0.054853041695146966,0.42447026657552955,0.06510594668489408,0.37747778537252213,0.07330827067669173,0.33441558441558433,0.08082706766917293,0.29135338345864664,0.08834586466165413,0.2605946684894054,0.09381408065618592,0.22983595352016412,0.0992822966507177,0.20129870129870137,0.10440874914559123,0.17942583732057402,0.10850991114149013,0.15755297334244692,0.11261107313738898,0.13875598086124397,0.11568694463431309,0.12303485987696508,0.1177375256322625,0.10731373889268621,0.11978810663021187,0.09518113465481885,0.1218386876281613,0.08424470266575529,0.12388926862611067,0.07330827067669173,0.12593984962406016,0.06510594668489406,0.1273069036226931,0.056903622693096394,0.12867395762132608,0.049213943950786064,0.1302118933697881,0.04306220095693777,0.13226247436773755,0.03691045796308951,0.1343130553656869,0.03178400546821598,0.13602187286397815,0.027682843472317142,0.13738892686261103,0.023581681476418308,0.13875598086124402,0.020505809979494184,0.13961038961038957,0.017771701982228296,0.14029391660970605,0.015037593984962405,0.14097744360902256,0.01298701298701299,0.14166097060833904,0.010936431989063572,0.14234449760765555,0.009056732740943258,0.14302802460697203,0.007689678742310313,0.1437115516062885,0.006322624743677368,0.1443950786056049,0.0052973342447026625,0.14473684210526316,0.004613807245386191,0.14473684210526316,0.003930280246069718,0.14473684210526316,0.0032467532467532457,0.14473684210526316,0.002563226247436773,0.14473684210526316,0.0018796992481203006,0.14473684210526316,0.0011961722488038216,0.14473684210526316,0.000512645249487356,0.14473684210526316,0.0,0.14473684210526316,0.0,0.14473684210526316,0.0,0.14473684210526316,0.0,0.14473684210526316,0.0,0.14473684210526316,0.0,0.14473684210526316,0.0,0.14473684210526316,0.0,0.14473684210526316,0.0,0.14473684210526316
Slash,0.0,0.1640625,0.0,0.1640625,0.0,0.1640625,0.0,0.1640625,0.0,0.1640625,0.0,0.1640625,0.0,0.1640625,0.0,0.1640625,0.0,0.1640625,0.0,0.16388494318181823,0.0,0.163214172979798,0.0,0.1625434027777778,0.0,0.162109375,0.0,0.162109375,0.0,0.162109375,0.0,0.162109375,0.0,0.162109375,0.0,0.162109375,0.0,0.162109375,0.0,0.162109375,0.0,0.162109375,0.0,0.162109375,0.0,0.162109375,0.0,0.162109375,0.0,0.162109375,0.0,0.162109375,0.0,0.162109375,0.0,0.16157670454545459,0.0,0.16090593434343436,0.0,0.16023516414141414,0.0005918560606060635,0.15956439393939392,0.0012626262626262638,0.1588936237373737,0.001933396464646464,0.1582228535353536,0.003906249999999993,0.15690104166666663,0.005918560606060608,0.1555595012626263,0.008088699494949503,0.1541390467171717,0.012784090909090912,0.15145596590909088,0.017479482323232307,0.1487728851010101,0.022964015151515138,0.1457938762626263,0.033025568181818205,0.14109848484848486,0.0430871212121212,0.13640309343434348,0.05504261363636356,0.13154987373737376,0.07315340909090907,0.12618371212121215,0.09126420454545459,0.1208175505050505,0.11501736111111108,0.11480034722222227,0.15056818181818168,0.107421875,0.18611900252525249,0.10004340277777779,0.22443181818181823,0.09294113005050503,0.26669034090909083,0.08623342803030304,0.3089488636363634,0.079525726010101,0.35623816287878757,0.07382417929292928,0.40855823863636365,0.06912878787878785,0.46087831439393934,0.06443339646464646,0.5100418244949493,0.060132575757575746,0.5569957386363638,0.05610795454545453,0.6039496527777778,0.05208333333333337,0.6454584911616161,0.048512468434343425,0.6843631628787876,0.04515861742424243,0.7232678345959593,0.04180476641414144,0.7549913194444444,0.03845091540404044,0.7845052083333333,0.03509706439393945,0.8140190972222221,0.0317432133838384,0.8360953282828283,0.028961489898989834,0.8568892045454546,0.02627840909090906,0.8776830808080808,0.023595328282828287,0.8927951388888888,0.021543560606060608,0.9075520833333333,0.01953125,0.9221511994949495,0.017518939393939392,0.9315419823232323,0.015506628787878785,0.9409327651515151,0.013494318181818177,0.9499289772727273,0.011560921717171713,0.9559659090909092,0.010219381313131326,0.9620028409090908,0.00887784090909094,0.9676254734848484,0.007674400252525249,0.9716500946969697,0.007003630050505083,0.9756747159090908,0.006332859848484862,0.9793047664141414,0.005662089646464641,0.9819878472222223,0.00499131944444442,0.984670928030303,0.004320549242424254,0.9870975378787878,0.003649779040404033,0.9891098484848484,0.0029790088383838675,0.991122159090909,0.0023082386363636465,0.9928188131313131,0.0016374684343434254,0.9941603535353536,0.0009666982323232043,0.995501893939394,0.0002959280303030387,0.9964685921717171,0.0,0.9971393623737375,0.0,0.9978101325757576,0.0,0.9984809027777777,0.0,0.999151672979798,0.0,0.9998224431818181,0.0,1.0,0.0,1.0,0.0,1.0,0.0,1.0,0.0,1.0,0.0,1.0,0.0,1.0,0.0,1.0,0.0,1.0,0.0
Slash,1.0,0.0020833333333333333,1.0,0.0014309764309764716,1.0,0.0007786195286195507,1.0,0.00012626262626262984,1.0,0.0,1.0,0.0,1.0,0.0,1.0,0.0,1.0,0.0,1.0,0.0,1.0,0.0,1.0,0.0,1.0,0.0,0.9998526936026937,0.0,0.9992003367003368,0.0,0.9985479797979797,0.0,0.9979166666666667,0.0,0.9979166666666667,0.0,0.9979166666666667,0.0,0.9979166666666667,0.0,0.9979166666666667,0.0,0.9979166666666667,0.0,0.9979166666666667,0.0,0.9979166666666667,0.0,0.9979166666666667,0.0,0.9979166666666667,0.0,0.9976220538720539,0.0,0.9969696969696968,0.0,0.9963173400673401,0.0,0.9956649831649832,0.0,0.9950126262626263,0.0,0.9943602693602694,0.0,0.9936658249158249,0.0,0.9923611111111109,0.0,0.9910563973063973,0.0,0.9897516835016835,0.0,0.9861742424242422,0.0,0.9822601010101011,0.0,0.9783459595959596,0.0,0.9717803030303028,0.0,0.9639520202020203,0.0,0.9561237373737372,0.0,0.9448232323232323,0.00031565656565657463,0.9298190235690236,0.0009680134680134956,0.9148148148148147,0.0016203703703704165,0.8954545454545454,0.002272727272727219,0.8654461279461277,0.002925084175084199,0.8354377104377105,0.0035774410774410607,0.8015151515151513,0.00523989898989902,0.7310606060606059,0.01632996632996632,0.6606060606060604,0.02742003367003368,0.590151515151515,0.038510101010101036,0.5320707070707069,0.04901094276094279,0.47531565656565605,0.05944865319865329,0.41856060606060586,0.06988636363636366,0.37384259259259267,0.07800925925925922,0.33404882154882143,0.08518518518518524,0.2942550505050502,0.09236111111111119,0.2605218855218855,0.09852693602693599,0.23247053872053874,0.10374579124579124,0.2044191919191918,0.10896464646464649,0.17973484848484833,0.11271043771043772,0.1621212121212121,0.11336279461279458,0.1445075757575758,0.1140151515151515,0.12756734006734002,0.11466750841750842,0.11517255892255882,0.11531986531986534,0.10277777777777773,0.11597222222222227,0.09038299663299666,0.11662457912457912,0.0816498316498316,0.11666666666666667,0.07316919191919184,0.11666666666666667,0.06468855218855216,0.11666666666666667,0.0576599326599327,0.1176346801346801,0.05113636363636361,0.11893939393939389,0.04461279461279452,0.12024410774410779,0.0391624579124579,0.12154882154882157,0.034595959595959604,0.12285353535353535,0.030029461279461246,0.12415824915824913,0.025925925925925894,0.12546296296296297,0.022664141414141407,0.12676767676767675,0.01940235690235692,0.1280723905723906,0.016351010101010092,0.12927188552188554,0.014393939393939374,0.12992424242424244,0.012436868686868685,0.13057659932659937,0.010479797979797981,0.13122895622895622,0.009154040404040397,0.13125,0.007849326599326585,0.13125,0.006544612794612788,0.13125,0.005239898989898991,0.13125,0.003935185185185179,0.13125,0.0026304713804713663,0.13125,0.0017045454545454438,0.13125,0.0010521885521885524,0.13125,0.0003998316498316464,0.13125,0.0,0.13099747474747475,0.0,0.13034511784511787,0.0,0.12969276094276097,0.00012626262626262984,0.12904040404040404,0.000778619528619536,0.12838804713804716,0.001430976430976442,0.12773569023569026,0.0020833333333333333,0.12708333333333333
Slash,0.0038314176245210726,0.08620689655172414,0.0038314176245210726,0.08620689655172414,0.0038314176245210726,0.08620689655172414,0.0038314176245210726,0.08620689655172414,0.0038314176245210726,0.08620689655172414,0.0038314176245210726,0.08620689655172414,0.0038314176245210726,0.08620689655172414,0.0038314176245210726,0.08620689655172414,0.0038314176245210726,0.08620689655172414,0.0038314176245210726,0.08620689655172414,0.0038314176245210726,0.08620689655172414,0.0038314176245210726,0.08620689655172414,0.0038314176245210726,0.08620689655172414,0.0038314176245210726,0.08620689655172414,0.0038314176245210726,0.08620689655172414,0.0038314176245210726,0.08620689655172414,0.0038314176245210726,0.08620689655172414,0.0038314176245210726,0.08620689655172414,0.003308951584813639,0.08620689655172414,0.0027477843569797557,0.08620689655172414,0.0021866171291458725,0.08620689655172414,0.001625449901311962,0.08620689655172414,0.0010642826734780788,0.08620689655172414,0.000503115445644182,0.08620689655172414,0.0,0.08620689655172414,0.0,0.08620689655172414,0.0,0.08620689655172414,0.0,0.08620689655172414,0.0,0.08620689655172414,0.0,0.08620689655172414,0.0,0.08620689655172414,0.00015480475250590633,0.08605209179921823,0.0007159719803397895,0.08549092457138432,0.0012771392081736865,0.0849297573435504,0.0018383064360075832,0.08436859011571655,0.003850768218584311,0.08283989318472078,0.006095437129919898,0.0811563915012191,0.008340106041255485,0.07947288981771737,0.012848794457989872,0.07703471496574946,0.020143968419830464,0.0736677115987461,0.02743914238167108,0.07030070823174275,0.03502457525446033,0.0669143542706761,0.05073725763380933,0.06298618367583884,0.06644994001315836,0.05905801308100163,0.08216262239250748,0.055129842486164315,0.10484151863462207,0.051898293277603626,0.13177754557064894,0.04909245713843419,0.158713572506676,0.046286620999264685,0.18936491350284454,0.04359688842447467,0.234258291729556,0.04135221951313908,0.2791516699562678,0.0391075506018035,0.32404504818297925,0.03686288169046786,0.3720538720538719,0.035063276442586805,0.42087542087542096,0.03337977475908513,0.4696969696969697,0.03169627307558345,0.5157513835674754,0.03022562792677734,0.5572777584271839,0.02910329347110952,0.5988041332868917,0.027980959015441752,0.6403305081466001,0.026858624559773985,0.6726460002322072,0.025194473470335495,0.704632532218739,0.023510971786833815,0.7366190642052711,0.021827470103332195,0.7636518441116142,0.020143968419830464,0.7866597004528038,0.018460466736328784,0.8096675567939936,0.01677696505282711,0.8317465846201479,0.015170865745578384,0.8480204342273308,0.014048531289910564,0.8642942838345137,0.012926196834242853,0.8805681334416967,0.01180386237857503,0.8931847207709277,0.01068152792290721,0.9044080653276056,0.009559193467239444,0.9156314098842835,0.008436859011571677,0.9256356670149775,0.007314524555903856,0.9329308409768179,0.00619219010023609,0.9402260149386589,0.005069855644568269,0.9475211889004991,0.003947521188900503,0.9528039010797632,0.0033283021788769315,0.9578544061302682,0.0027671349510430213,0.9629049111807733,0.0022059677232091107,0.9671426912806224,0.0016448004953752004,0.9705096946476255,0.0010836332675413444,0.9738766980146291,0.0005224660397074338,0.9772050001935059,0.0,0.9800108363326755,0.0,0.9828166724718448,0.0,0.9856225086110144,0.0,0.9876930221757807,0.0,0.9893765238592825,0.0,0.9910600255427843,0.0,0.992608073067843,0.0,0.993730407523511,0.0,0.9948527419791787,0.0,0.9959750764348466,0.0,0.9966329966329966,0.0,0.9971941638608306,0.0,0.9977553310886643,0.0,0.9983164983164983,0.0,0.9988776655443323,0.0,0.999438832772166,0.0,1.0,0.0
Slash,1.0,0.0035842293906810036,0.9995655479526447,0.0035842293906810036,0.9991310959052895,0.0035842293906810036,0.9986966438579341,0.0035842293906810036,0.9982621918105788,0.0035842293906810036,0.9982078853046595,0.0035842293906810036,0.9982078853046595,0.0035842293906810036,0.9982078853046595,0.0035842293906810036,0.9982078853046595,0.0035842293906810036,0.9982078853046595,0.0035842293906810036,0.9982078853046595,0.0035842293906810036,0.9982078853046595,0.0035842293906810036,0.9982078853046595,0.0035842293906810036,0.9979363527750625,0.00331269686108395,0.9975019007277072,0.0028782448137286646,0.9970674486803519,0.00244379276637343,0.9966329966329966,0.0020093407190181446,0.9959813185619637,0.001574888671662859,0.9951124144672532,0.0011404366243075736,0.9942435103725425,0.000705984576952288,0.993374606277832,0.00027153252959705344,0.9925057021831216,0.0,0.9916367980884111,0.0,0.9907678939937005,0.0,0.98989898989899,0.0,0.9889214727924406,0.0,0.9876181166503748,0.0,0.9863147605083087,0.0,0.985011404366243,0.0,0.9837080482241775,0.0,0.9824046920821116,0.0,0.9811013359400457,0.0,0.9797979797979799,0.0,0.978494623655914,0.0,0.975453459324427,0.0,0.9724122949929402,0.0,0.9693711306614534,0.0,0.9663299663299664,0.0,0.9594873465841207,0.0,0.9521016617790811,0.0,0.9447159769740414,0.0,0.9373302921690018,0.0,0.9237536656891496,0.0,0.9081133919843598,0.0,0.8924731182795699,0.0,0.8768328445747801,0.0,0.85386119257087,0.0005430650591941069,0.8264907135874877,0.001411969153904678,0.7991202346041055,0.0022808732486151472,0.7717497556207233,0.003149777343325718,0.7387314000217227,0.005973715651134972,0.7000651678071033,0.010752688172043012,0.6613989355924841,0.015531660692950998,0.6227327033778645,0.020310633213859088,0.5834147930922122,0.02541544477028349,0.5430107526881719,0.031063321385901996,0.5026067122841316,0.036711198001520604,0.4622026718800912,0.042359074617139114,0.424079504724666,0.04800695123275772,0.39279895731508635,0.05365482784837623,0.3615184099055065,0.05930270446399484,0.33023786249592685,0.06495058107961335,0.30009775171065484,0.07043553817747368,0.27794069729553594,0.07478005865102642,0.255783642880417,0.07912457912457914,0.2336265884652981,0.08346909959813184,0.2114695340501792,0.08781362007168458,0.1953948082980341,0.09128923645052676,0.17932008254588902,0.09476485282936896,0.16324535679374394,0.09824046920821114,0.14717063104159883,0.10171608558705332,0.13527750624524826,0.10443141088302375,0.12398175301401114,0.10703812316715541,0.1126859997827739,0.10964483545128707,0.10139024655153678,0.11225154773541873,0.09270120560443135,0.11453242098403393,0.08488106875203646,0.11670468122081026,0.07706093189964153,0.11887694145758669,0.06924079504724664,0.121049201694363,0.06277832084283697,0.12294992940154234,0.0571304442272184,0.12468773759096338,0.051482567611599854,0.12642554578038442,0.04583469099598132,0.12816335396980555,0.04083849245139568,0.12968393613554904,0.03649397197784295,0.13098729227761483,0.03214945150429022,0.13229064841968066,0.027804931030737497,0.13359400456174653,0.024112088628217673,0.1348973607038124,0.021505376344085995,0.13620071684587814,0.01889866405995436,0.13750407298794398,0.01629195177582272,0.13880742913000985,0.013793852503529908,0.14000217226023678,0.011621592266753543,0.14087107635494736,0.00944933202997718,0.14173998044965794,0.007277071793200816,0.1426088845443684,0.005213424568263274,0.1434234821331596,0.003910068426197455,0.1438579341805148,0.002606712284131637,0.14429238622787008,0.0013033561420658184,0.14472683827522537,0.0,0.14516129032258066
Slash,0.0,0.13240418118466898,0.0,0.13240418118466898,0.0,0.13240418118466898,0.0,0.13240418118466898,0.0,0.13240418118466898,0.0,0.13240418118466898,0.0,0.13240418118466898,0.0,0.13240418118466898,0.0,0.13240418118466898,0.0,0.13240418118466898,0.0,0.13240418118466898,0.0,0.13240418118466898,0.0,0.13240418118466898,0.0,0.13240418118466898,0.0,0.13240418118466898,0.0,0.13240418118466898,0.0,0.13240418118466898,0.0,0.13240418118466898,0.0,0.13240418118466898,0.0,0.13240418118466898,0.0,0.13240418118466898,0.0,0.13240418118466898,0.0,0.13240418118466898,0.0,0.13240418118466898,0.0,0.13240418118466898,0.0,0.13240418118466898,0.0,0.13240418118466898,0.0,0.13240418118466898,0.0,0.13240418118466898,0.0,0.13240418118466898,0.0,0.13240418118466898,0.0,0.13240418118466898,0.0,0.13240418118466898,0.0,0.13240418118466898,0.0,0.13240418118466898,0.0,0.13240418118466898,0.00031675641431738657,0.1320874247703516,0.0008094886143666614,0.1315946925703024,0.0013022208144159361,0.131101960370253,0.0019005384859043318,0.1305564354344843,0.003378735086052156,0.12957097103438572,0.0048569316861999745,0.12858550663428717,0.006335128286347799,0.12760004223418858,0.008658008658008644,0.12576989406257694,0.011614401858304299,0.12330623306233061,0.01457079505859993,0.12084257206208428,0.01768556646605428,0.11832611832611832,0.02507654946679335,0.11438426072572412,0.03246753246753242,0.11044240312532992,0.03985851546827156,0.10650054552493572,0.05193045436947868,0.10231232182451698,0.06868334917115403,0.0978777320240735,0.08543624397282927,0.09344314222363001,0.10218913877450461,0.08900855242318657,0.13224580297751018,0.0826734241368388,0.16279519938056522,0.07626790553619821,0.19334459578362007,0.06986238693555773,0.23086263330165765,0.06409038116355194,0.27767219230633877,0.05916305916305916,0.3244817513110193,0.05423573716256649,0.3712913103157004,0.04930841516207372,0.4163411114630627,0.0457009115545701,0.4611797416675467,0.04225178615422514,0.5060183718720301,0.03880266075388033,0.5487452926477315,0.03552951113926726,0.5876711364516243,0.03257311793897158,0.6265969802555165,0.029616724738676006,0.6655228240594092,0.026660331538380332,0.6963537817196354,0.024108682645268054,0.7254249815225425,0.021645021645021665,0.7544961813254494,0.01918136064477528,0.7810333298138176,0.016858480273114405,0.8012353500158378,0.014887551472917305,0.821437370217858,0.012916622672720205,0.8416393904198781,0.010945693872523156,0.8574068208214549,0.009344314222363021,0.8716960546228839,0.007866117622215158,0.885985288424313,0.006387921022067347,0.8994298384542286,0.005015309893358668,0.9097772146552635,0.004029845493260143,0.9201245908562983,0.0030443810931615684,0.9304719670573328,0.0020589166930630436,0.9384788653081336,0.0014078062858550568,0.9453771161088235,0.0009150740858058191,0.9522753669095133,0.0004223418857565319,0.9588920564530321,0.0,0.9638193784535247,0.0,0.9687467004540175,0.0,0.9736740224545103,0.0,0.9777038679477704,0.0,0.9811529933481152,0.0,0.9846021187484603,0.0,0.987945658677366,0.0,0.9899165874775632,0.0,0.9918875162777603,0.0,0.9938584450779573,0.0,0.9955654101995566,0.0,0.9970436067997043,0.0,0.9985218033998522,0.0,1.0,0.0
Slash,1.0,0.06513409961685823,1.0,0.06513409961685823,1.0,0.06513409961685823,1.0,0.06513409961685823,0.999825844653431,0.06513409961685823,0.9993033786137234,0.06513409961685823,0.998780912574016,0.06513409961685823,0.9982584465343086,0.06513409961685823,0.9977359804946011,0.06513409961685823,0.9972135144548937,0.06513409961685823,0.9966910484151863,0.06513409961685823,0.9961685823754789,0.06513409961685823,0.9956461163357716,0.06513409961685823,0.9951236502960642,0.06513409961685823,0.9946011842563568,0.06513409961685823,0.9940787182166494,0.06513409961685823,0.9935562521769418,0.06513409961685823,0.9930337861372345,0.06513409961685823,0.9925113200975271,0.06513409961685823,0.9919888540578194,0.06513409961685823,0.991466388018112,0.06513409961685823,0.9909439219784048,0.06513409961685823,0.9904214559386973,0.06513409961685823,0.9904214559386973,0.06513409961685823,0.9904214559386973,0.06513409961685823,0.9904214559386973,0.06513409961685823,0.9904214559386973,0.06513409961685823,0.9904214559386973,0.06513409961685823,0.9904214559386973,0.06513409961685823,0.9904214559386973,0.06513409961685823,0.9900731452455591,0.06513409961685823,0.9895506792058515,0.06513409961685823,0.9890282131661442,0.06513409961685823,0.9885057471264368,0.06513409961685823,0.9885057471264368,0.06461163357715086,0.9885057471264368,0.06408916753744337,0.9885057471264368,0.063566701497736,0.9879832810867294,0.06304423545802855,0.9864158829676073,0.06252176941832112,0.9848484848484849,0.06199930337861374,0.9832810867293628,0.06147683733890626,0.9782305816788576,0.059909439219784005,0.9714385231626609,0.05781957506095438,0.9646464646464645,0.0557297109021247,0.9578544061302682,0.05363984674329502,0.9395680947405086,0.049460118425635656,0.9212817833507491,0.0452803901079763,0.9029954719609892,0.041100661790316934,0.8800069662138628,0.03726924416579586,0.8476140717520029,0.03413444792755137,0.815221177290143,0.03099965168930687,0.7828282828282829,0.027864855451062324,0.7351097178683389,0.025426680599094406,0.6797283176593525,0.023336816440264727,0.6243469174503659,0.021246952281435045,0.5689655172413798,0.019157088122605363,0.523510971786834,0.017589690003483118,0.47805642633228856,0.01602229188436087,0.43260188087774326,0.014454893765238622,0.39115290839428785,0.012887495646116376,0.35771508185301293,0.011320097526994075,0.324277255311738,0.009752699407871827,0.2908394287704636,0.008185301288749579,0.26401950539881597,0.006966213862765622,0.24050853361198202,0.005921281783350754,0.2169975618251481,0.0048763497039358865,0.19348659003831417,0.0038314176245210726,0.17676767676767693,0.003308951584813693,0.1600487634970395,0.002786485545106205,0.14332985022640204,0.0022640195053988256,0.12817833507488685,0.0017415534656913918,0.1161616161616162,0.001219087425983958,0.10414489724834568,0.0006966213862765785,0.092128178335075,0.00017415534656914461,0.08254963427377227,0.0,0.07419017763845354,0.0,0.06583072100313482,0.0,0.05747126436781609,0.0,0.05172413793103454,0.0,0.04597701149425293,0.0,0.04022988505747129,0.0,0.035179380006966236,0.0,0.031522117729014275,0.0,0.027864855451062376,0.0,0.02420759317311045,0.0,0.021246952281435045,0.0,0.018634622082897956,0.0,0.01602229188436087,0.0,0.013409961685823755,0.0,0.0113200975269941,0.0,0.00923023336816442,0.0,0.007140369209334739,0.0,0.00539881574364332,0.0,0.004353883664228507,0.0,0.0033089515848136663,0.0,0.0022640195053988256,0.0,0.0015673981191222472,0.0,0.0010449320794148405,0.0,0.0005224660397074338,0.0,0.0,0.0
Slash,0.0054329177627816475,0.03551412558618322,0.004517900034313159,0.03551412558618322,0.0036028823058446707,0.03551412558618322,0.0026878645773761828,0.03551412558618322,0.0017728468489076944,0.03551412558618322,0.00165846963284913,0.03551412558618322,0.00165846963284913,0.03551412558618322,0.00165846963284913,0.03551412558618322,0.00165846963284913,0.03551412558618322,0.00165846963284913,0.03551412558618322,0.00165846963284913,0.03551412558618322,0.00165846963284913,0.03551412558618322,0.00165846963284913,0.03551412558618322,0.001372526592702719,0.03551412558618322,0.0009150177284684883,0.03551412558618322,0.0004575088642342307,0.03551412558618322,0.0,0.03551412558618322,0.0,0.035285371154066096,0.0004575088642342307,0.03482786228983183,0.0009150177284684883,0.03437035342559758,0.001372526592702719,0.03391284456136338,0.0018300354569369766,0.033626901521216966,0.002287544321171234,0.033626901521216966,0.0027450531854054648,0.033626901521216966,0.0032025620496396955,0.033626901521216966,0.003660070913873953,0.033626901521216966,0.00411757977810821,0.033626901521216966,0.004575088642342441,0.033626901521216966,0.005032597506576672,0.033626901521216966,0.005604483586869494,0.03356971291318768,0.006977010179572213,0.033112204048953424,0.008349536772274959,0.032654695184719223,0.009722063364977704,0.03219718632048496,0.011094589957680423,0.031739677456250705,0.013382134278851657,0.030367150863547986,0.015669678600022864,0.028994624270845266,0.01795722292119407,0.027622097678142495,0.020244767242365333,0.026249571085439776,0.026135193869381238,0.024076403980327107,0.03254031796866066,0.021788859659155925,0.038945442067940074,0.01950131533798469,0.04535056616721946,0.017213771016813456,0.05621640169278279,0.015269358343817863,0.06856914102710736,0.01343932288688094,0.08092188036143205,0.01160928742994391,0.09327461969575665,0.009779251973006987,0.11020244767242372,0.008235159556216367,0.12987532883449615,0.006862632963513649,0.1495482099965687,0.0054901063708109295,0.16922109115864117,0.00411757977810821,0.19278279766670475,0.0029738076175226205,0.22023332952075944,0.002058789889054105,0.24768386137481405,0.0011437721605855903,0.2751343932288689,0.00022875443211712877,0.3039574516756263,0.0,0.33506805444355486,0.0009150177284685151,0.3661786572114835,0.0018300354569369766,0.39728925997941206,0.002745053185405438,0.42897174882763356,0.004231956994166721,0.4623698959167334,0.00743451904380647,0.4957680430058333,0.010637081093446165,0.5291661900949332,0.013839643143085915,0.5621640169278281,0.017156582408784177,0.5923596019672881,0.021274162186892386,0.6225551870067483,0.025391741965000544,0.6527507720462085,0.029509321743108753,0.6829463570856685,0.033626901521216966,0.7062793091616151,0.03774448129932517,0.7296122612375614,0.041862061077433385,0.7529452133135078,0.04597964085554154,0.7762781653894543,0.050097220633649756,0.7944069541347363,0.053414159899348064,0.8117922909756375,0.056616721948987765,0.829177627816539,0.05981928399862751,0.8465629646574403,0.0630218460482672,0.8605169850165848,0.06588127644973127,0.8733272332151437,0.0686263296351367,0.8861374814137025,0.07137138282054215,0.8989477296122613,0.07411643600594758,0.9091844904495024,0.07657554615120665,0.9178771588699531,0.0788630904723779,0.9265698272904038,0.08115063479354913,0.9352624957108545,0.08343817911472036,0.9428113919707195,0.08549696900377446,0.9492165160699989,0.08732700446071139,0.9556216401692783,0.08915703991764842,0.9620267642685577,0.09098707537458534,0.967574059247398,0.09264554500743447,0.9716916390255061,0.09401807160013724,0.9758092188036145,0.09539059819284001,0.9799267985817225,0.09676312478554273,0.9837012467116548,0.09790689694612832,0.9864462998970603,0.09836440581036258,0.989191353082466,0.09882191467459683,0.9919364062678715,0.09927942353883104,0.9945098936291892,0.09967974379503602,0.9958824202218919,0.09967974379503602,0.9972549468145945,0.09967974379503602,0.9986274734072972,0.09967974379503602,1.0,0.09967974379503602
Slash,1.0,0.0035971223021582736,1.0,0.0031247729089455573,1.0,0.0026524235157328415,1.0,0.0021800741225201765,0.9999091635782282,0.0017077247293074604,0.9994368141850156,0.0012353753360947446,0.998964464791803,0.0007630259428820797,0.9984921153985902,0.0002906765496693637,0.9980197660053775,0.0,0.9975474166121648,0.0,0.9970750672189522,0.0,0.9966027178257394,0.0,0.9961303684325268,0.0,0.9956580190393142,0.0,0.9951856696461013,0.0,0.9947133202528885,0.0,0.9942409708596759,0.0,0.9937686214664633,0.0,0.9932962720732504,0.0,0.9928239226800378,0.0,0.992351573286825,0.0,0.9918792238936124,0.0,0.9914068745003995,0.0,0.9909345251071869,0.0,0.9904621757139743,0.0,0.9899898263207615,0.0,0.9895174769275488,0.0,0.9890451275343363,0.0,0.9885727781411235,0.0,0.9881004287479107,0.0,0.9876280793546981,0.0,0.9869013879805246,0.0002543419809606932,0.9859566891940992,0.0007266913741734092,0.985011990407674,0.0011990407673861253,0.9840672916212486,0.0016713901605987902,0.982087057626626,0.0024889179565438244,0.9797253106605625,0.0034336167429692564,0.9773635636944991,0.0043783155293946885,0.9750018167284353,0.00532301431582012,0.9678439066928276,0.0058316982777414554,0.9602863164014243,0.006304047670954172,0.952728726110021,0.006776397064166837,0.9436995857859166,0.007248746457379552,0.9233885618777705,0.007721095850592217,0.9030775379696242,0.008193445243804933,0.882766514061478,0.00866579463701765,0.8576593270837874,0.009283482305065047,0.821760773199622,0.010228181091490427,0.7858622193154565,0.01117287987791581,0.749963665431291,0.01211757866434124,0.7041457742896587,0.01566019911343656,0.6484085458905602,0.02180074122520166,0.5926713174914612,0.027941283336966816,0.5369340890923623,0.03408182544873192,0.4910071942446041,0.03924133420536297,0.4494404476418861,0.04396482813749003,0.40787370103916826,0.04868832206961709,0.36630695443645067,0.05341181600174404,0.33560424387762505,0.05729961485357173,0.30631858149843744,0.06107840999927336,0.2770329191192499,0.06485720514497498,0.2484012789768185,0.06856333115325922,0.22761790567545956,0.07139742751253542,0.20683453237410063,0.07423152387181166,0.18605115907274167,0.07706562023108784,0.16692100864762724,0.07951820361892305,0.15227817745803346,0.08093525179856115,0.13763534626843965,0.08235229997819925,0.12299251507884583,0.08376934815783735,0.11031175059952025,0.08518639633747549,0.0999200639488409,0.08660344451711359,0.08952837729816146,0.08802049269675169,0.07913669064748197,0.08943754087638979,0.07090691083496833,0.09054574522200423,0.06382166993677779,0.09149044400842961,0.056736429038587236,0.09243514279485504,0.0496511881403967,0.09337984158128043,0.04456434852118302,0.09392486011191048,0.03984085458905596,0.0943972095051232,0.03511736065692895,0.09486955889833587,0.030466535862219313,0.09532374100719425,0.02763243950294309,0.09532374100719425,0.024798343143666874,0.09532374100719425,0.021964246784390653,0.09532374100719425,0.019239154131240447,0.09532374100719425,0.01687740716517693,0.09532374100719425,0.014515660199113415,0.09532374100719425,0.0121539132330499,0.09532374100719425,0.010191846522781758,0.09532374100719425,0.008774798343143647,0.09532374100719425,0.007357750163505539,0.09532374100719425,0.005940701983867454,0.09532374100719425,0.004814330353898708,0.09532374100719425,0.003869631567473289,0.09532374100719425,0.0029249327810478825,0.09532374100719425,0.0019802339946224635,0.09532374100719425,0.001417048179638097,0.09532374100719425,0.0009446987864254065,0.09532374100719425,0.00047234939321269044,0.09532374100719425,0.0,0.09532374100719425
Slash,0.0018867924528301887,0.11320754716981132,0.0018867924528301887,0.11320754716981132,0.0018867924528301887,0.11320754716981132,0.0018867924528301887,0.11320754716981132,0.0014865637507146827,0.11320754716981132,0.0009148084619782725,0.11320754716981132,0.0003430531732418622,0.11320754716981132,0.0,0.11320754716981132,0.0,0.11320754716981132,0.0,0.11320754716981132,0.0,0.11320754716981132,0.0,0.11320754716981132,0.0,0.11320754716981132,0.0,0.11320754716981132,0.0,0.11320754716981132,0.0,0.11320754716981132,0.0,0.11320754716981132,0.0,0.11320754716981132,0.0,0.11320754716981132,0.0,0.11320754716981132,0.0,0.11332189822755862,0.0,0.11389365351629505,0.0,0.11446540880503144,0.0,0.11503716409376787,0.0,0.1156089193825043,0.0,0.11618067467124074,0.0,0.11675242995997712,0.0,0.11766723842195542,0.0,0.1188107489994283,0.0,0.11995425957690106,0.00034305317324184883,0.12092624356775296,0.0014865637507146961,0.12149799885648939,0.0026300743281875436,0.12206975414522583,0.0037735849056603774,0.12264150943396226,0.007204116638078906,0.1232132647226987,0.010634648370497421,0.12378502001143514,0.01406518010291595,0.12435677530017147,0.021497998856489443,0.12372784448256144,0.03064608347627217,0.12258433390508856,0.03979416809605489,0.1214408233276158,0.05420240137221268,0.1196112064036592,0.07650085763293309,0.11675242995997712,0.0987993138936536,0.11389365351629505,0.12298456260720424,0.11057747284162377,0.16415094339622652,0.10314465408805035,0.20531732418524876,0.09571183533447689,0.246483704974271,0.08827901658090337,0.29313893653516293,0.08130360205831905,0.3411663807890225,0.07444253859348196,0.3891938250428818,0.06758147512864493,0.4377930245854775,0.061863922241280664,0.4869639794168097,0.057289879931389384,0.5361349342481417,0.05271583762149799,0.5835906232132649,0.048256146369353894,0.6241852487135506,0.04425385934819894,0.6647798742138367,0.040251572327044044,0.7053744997141222,0.03624928530588909,0.73516295025729,0.03327615780445967,0.7637507146941112,0.030417381360777592,0.7923384791309319,0.027558604917095515,0.8157804459691252,0.025042881646655194,0.8357918810749,0.02275586049170955,0.8558033161806747,0.020468839336763855,0.8740994854202401,0.018353344768439094,0.8883933676386507,0.016638078902229837,0.9026872498570613,0.014922813036020579,0.9169811320754717,0.013207547169811321,0.926700971983991,0.012064036592338446,0.9364208118925099,0.010920526014865626,0.9461406518010292,0.009777015437392806,0.9534591194968552,0.009033733562035491,0.9597484276729561,0.008461978273299054,0.9660377358490566,0.007890222984562618,0.971412235563179,0.00731846769582618,0.9754145225843339,0.006746712407089743,0.9794168096054887,0.006174957118353359,0.9832475700400231,0.005603201829616922,0.9855345911949684,0.0050314465408804855,0.9878216123499142,0.004459691252144102,0.9901086335048599,0.0038879359634076648,0.9914808461978274,0.003316180674671228,0.9926243567753003,0.0027444253859347906,0.9937678673527731,0.002172670097198407,0.9946255002858778,0.00160091480846197,0.9951972555746141,0.0010291595197255868,0.9957690108633505,0.00045740423098914964,0.996340766152087,0.0,0.9969125214408233,0.0,0.9974842767295599,0.0,0.9980560320182962,0.0,0.9986277873070325,0.0,0.999199542595769,0.0,0.9997712978845055,0.0,1.0,0.0,1.0,0.0,1.0,0.0,1.0,0.0,1.0,0.0,1.0,0.0,1.0,0.0
Slash,1.0,0.001890359168241966,1.0,0.0013366175937064247,1.0,0.0007828760191708837,1.0,0.00022913444463539632,1.0,0.0,1.0,0.0,1.0,0.0,1.0,0.0,1.0,0.0,1.0,0.0,1.0,0.0,1.0,0.0,1.0,0.0,1.0,0.0,1.0,0.0,1.0,0.0,1.0,0.0,1.0,0.0,0.9994844474995704,0.0,0.9989307059250349,0.0,0.9983769643504993,0.0,0.9978232227759636,0.0,0.9972694812014282,0.0,0.9967157396268926,0.0,0.9961619980523573,0.0,0.9956082564778217,0.0,0.9950545149032861,0.0,0.9945007733287508,0.0,0.9931832502720971,0.0,0.9915220255484906,0.0,0.989860800824884,0.0,0.9880468198048538,0.00015275629642359754,0.9858318535067119,0.000706497870959085,0.9836168872085697,0.001260239445494626,0.9814019209104275,0.0018139810200301673,0.976322774054343,0.0023677225945657084,0.9707853583089877,0.0029214641691012494,0.9652479425636327,0.0034752057436367905,0.9557388631112638,0.004277176299860624,0.9413415821733403,0.005384659448931652,0.9269443012354165,0.0064921425980026815,0.9120887514082222,0.007637814821179663,0.8844016726814459,0.009852781119321719,0.8567145939546696,0.012067747417463831,0.8290275152278933,0.014282713715605995,0.7851864581543221,0.020622100017185133,0.7314735254243763,0.029481965209753467,0.67776059269443,0.03834183040232191,0.6241622271868019,0.046743426705619505,0.5710030360313916,0.053388325600045784,0.5178438448759809,0.060033224494472175,0.46468465372057055,0.06667812338889845,0.422504821370606,0.07244467357888905,0.3831891695785835,0.07798208932424434,0.3438735177865612,0.0835195050695996,0.3085486242386054,0.0886368409997899,0.27975406236275796,0.09306677359607422,0.25095950048691085,0.09749670619235834,0.2221649386110634,0.10192663878864257,0.20139008229745461,0.1058219243474442,0.18090164403964035,0.10969811536919283,0.16041320578182583,0.11357430639094156,0.14328540604533038,0.1168394722269959,0.12888812510740683,0.11960818009967344,0.11449084416948309,0.12237688797235109,0.10070458841725378,0.12499283954860516,0.09073724007561441,0.1266540642722117,0.08076989173397489,0.1283152889958183,0.07080254339233542,0.12997651371942487,0.06284012144125567,0.13163773844303142,0.05564148097229382,0.133298963166638,0.04844284050333196,0.13496018789024466,0.041931603368276345,0.13627771094689814,0.03694792919745661,0.13683145252143364,0.03196425502663686,0.13738519409596914,0.026980580855817164,0.1379389356705046,0.02348628057512745,0.13849267724504022,0.020163831127914287,0.1390464188195757,0.016841381680701175,0.1396001603941113,0.014053579270970572,0.13988657844990549,0.011838612972828488,0.13988657844990549,0.009623646674686378,0.13988657844990549,0.007446869450650166,0.13988657844990549,0.005785644727043596,0.13988657844990549,0.004124420003437026,0.13988657844990549,0.0024631952798304297,0.13988657844990549,0.0015275629642359351,0.13952378224589948,0.0009738213897004075,0.1389700406713639,0.00042007981516487984,0.1384162990968284,0.0,0.13786255752229293,0.0,0.13730881594775732,0.0,0.13675507437322185,0.0,0.13620133279868635,0.0,0.13610586011342155,0.0,0.13610586011342155,0.0,0.13610586011342155,0.0,0.13610586011342155,0.0,0.13610586011342155,0.0,0.13610586011342155,0.0,0.13610586011342155
Slash,0.0,0.11173184357541899,0.0,0.11173184357541899,0.0,0.11173184357541899,0.0,0.11173184357541899,0.0,0.11173184357541899,0.0,0.11173184357541899,0.0,0.11173184357541899,0.0,0.11173184357541899,0.0,0.11124278163384307,0.0,0.11071609954291516,0.0,0.11018941745198735,0.0,0.10986964618249534,0.0,0.10986964618249534,0.0,0.10986964618249534,0.0,0.10986964618249534,0.0,0.10986964618249534,0.0,0.10986964618249534,0.0,0.10986964618249534,0.0,0.10986964618249534,0.0,0.10986964618249534,0.0,0.10986964618249534,0.0,0.10986964618249534,0.0,0.10986964618249534,0.0,0.10986964618249534,0.0,0.10986964618249534,0.0,0.10986964618249534,0.0,0.10986964618249534,0.0,0.10986964618249534,0.0,0.10986964618249534,0.00037620149351992675,0.10986964618249534,0.0009028835844478295,0.10986964618249534,0.0014295656753757322,0.10986964618249534,0.0021443485130635915,0.10977559580911542,0.0037243947858473,0.10924891371818739,0.005304441058630995,0.10872223162725958,0.006884487331414703,0.10819554953633166,0.01049602166920602,0.10699170475706796,0.015236160487557118,0.10541165848428422,0.019976299305908243,0.10383161221150047,0.02539360081259518,0.1020822752666328,0.03645392472208115,0.09892218272106541,0.047514248631567044,0.09576209017549801,0.058574572541052985,0.09260199762993057,0.0804694994639128,0.08763613791546752,0.11049037864680325,0.08131595282433275,0.14051125782969354,0.07499576773319791,0.17068261760999195,0.06869439271673908,0.20491695352030542,0.06290088971653217,0.23915128943061886,0.0571073867163253,0.2733856253409325,0.05131388371611833,0.3110433948422774,0.0465737448977673,0.3521245979346537,0.042886970261271994,0.3932058010270299,0.03920019562477663,0.4342870041194063,0.03551342098828133,0.47638395124428634,0.03233451836803794,0.5185185185185185,0.02917442582247055,0.5606530857927504,0.02601433327690311,0.5991761187291913,0.023305682523559593,0.6328837725485771,0.021198954159848037,0.6665914263679624,0.019092225796136425,0.7002990801873482,0.016985497432424813,0.7274232078701351,0.01581927280251305,0.7537573124165303,0.01476590862065722,0.7800914169629252,0.013712544438801441,0.8036040103079208,0.012659180256945662,0.8220378834903974,0.01160581607508983,0.8404717566728739,0.010552451893234052,0.8589056298553505,0.00949908771137822,0.8730131858623478,0.008878355247070372,0.8861802381355454,0.008351673156142455,0.8993472904087428,0.00782499106521454,0.9113104979026767,0.0072983089742866235,0.9202640934484511,0.006771626883358708,0.9292176889942254,0.006244944792430792,0.9381712845399997,0.005718262701502929,0.9451498222447943,0.005191580610575013,0.9514700073359292,0.00466489851964715,0.957790192427064,0.004138216428719234,0.9636589357259748,0.003611534337791318,0.967872392453398,0.003084852246863402,0.9720858491808211,0.002558170155935539,0.9762993059082444,0.0020314880650076227,0.9794405883791358,0.00150480597407976,0.9820739988337754,0.000978123883151844,0.9847074092884148,0.00045144179222392797,0.9871903391456465,0.0,0.9887703854184302,0.0,0.9903504316912137,0.0,0.9919304779639975,0.0,0.9931907529672892,0.0,0.9942441171491453,0.0,0.9952974813310008,0.0,0.9963132253635048,0.0,0.9968399074544325,0.0,0.9973665895453604,0.0,0.9978932716362884,0.0,0.9984199537272163,0.0,0.9989466358181441,0.0,0.9994733179090721,0.0,1.0,0.0
Slash,1.0,0.003669724770642202,1.0,0.0031693077564637576,1.0,0.002668890742285209,1.0,0.002168473728106765,0.9998331943286071,0.001834862385321101,0.9993327773144287,0.001834862385321101,0.9988323603002502,0.001834862385321101,0.9983319432860718,0.001834862385321101,0.9978315262718933,0.001834862385321101,0.9973311092577147,0.001834862385321101,0.9968306922435363,0.001834862385321101,0.9963302752293578,0.001834862385321101,0.9958298582151793,0.001834862385321101,0.9953294412010009,0.001834862385321101,0.9948290241868223,0.001834862385321101,0.9944954128440368,0.001834862385321101,0.9944954128440368,0.001834862385321101,0.9944954128440368,0.001834862385321101,0.9944954128440368,0.001834862385321101,0.9944954128440368,0.0015012510425354366,0.9944954128440368,0.0010008340283569927,0.9944954128440368,0.0005004170141784442,0.9944954128440368,0.0,0.9944954128440368,0.0,0.9944954128440368,0.0,0.9944954128440368,0.0,0.9943286071726438,0.0,0.9938281901584654,0.0,0.9933277731442869,0.0,0.9928273561301085,0.0,0.9919933277731443,0.0,0.9909924937447872,0.0,0.9899916597164303,0.0,0.9889908256880734,0.0,0.9859883236030025,0.0,0.9829858215179317,0.0,0.9799833194328608,0.0,0.9744787322768975,0.0,0.9639699749791493,0.0,0.9534612176814014,0.0,0.942952460383653,0.0,0.923769808173478,0.0003336113427856642,0.9002502085070895,0.0008340283569641083,0.8767306088407005,0.0013344453711426568,0.8532110091743119,0.001834862385321101,0.788657214345288,0.010341951626355225,0.7241034195162637,0.018849040867389453,0.6595496246872398,0.02735613010842363,0.6000000000000002,0.035696413678065024,0.5504587155963303,0.04370308590492076,0.5009174311926607,0.05170975813177649,0.451376146788991,0.05971643035863217,0.4111759799833197,0.06638865721434524,0.37564637197664735,0.07239366138448704,0.34011676396997503,0.07839866555462885,0.304587155963303,0.08440366972477059,0.27956630525437876,0.08840700583819845,0.2545454545454546,0.09241034195162633,0.22952460383653062,0.09641367806505413,0.20683903252710595,0.10008340283569633,0.1888240200166806,0.10308590492076732,0.17080900750625516,0.10608840700583819,0.15279399499583002,0.10909090909090906,0.13844870725604677,0.11142618849040861,0.1259382819015847,0.11342785654712259,0.11342785654712265,0.11542952460383647,0.10091743119266056,0.11743119266055047,0.09241034195162645,0.1189324437030859,0.08390325271059222,0.12043369474562134,0.07539616346955802,0.12193494578815676,0.06772310258548793,0.12326939115929943,0.06171809841534613,0.12427022518765642,0.05571309424520441,0.1252710592160133,0.04970809007506261,0.1262718932443703,0.04470391993327776,0.1272727272727273,0.040200166805671414,0.1282735613010842,0.035696413678065066,0.12927439532944118,0.031192660550458717,0.13027522935779817,0.028190158465387843,0.1307756463719766,0.025187656380316954,0.13127606338615516,0.02218515429524604,0.1317764804003336,0.019516263552960808,0.13227689741451215,0.017514595496246874,0.1327773144286906,0.015512927439532968,0.13327773144286903,0.013511259382819035,0.1337781484570475,0.011843202668890752,0.13394495412844037,0.010341951626355303,0.13394495412844037,0.008840700583819854,0.13394495412844037,0.007339449541284404,0.13394495412844037,0.00633861551292745,0.13394495412844037,0.005337781484570483,0.13394495412844037,0.004336947456213517,0.13394495412844037,0.0035029190992493763,0.13394495412844037,0.003002502085070893,0.13394495412844037,0.0025020850708924163,0.13394495412844037,0.002001668056713933,0.13394495412844037,0.0015012510425354497,0.13394495412844037,0.0010008340283569664,0.13394495412844037,0.0005004170141784832,0.13394495412844037,0.0,0.13394495412844037
Slash,0.0,0.21863117870722434,0.0,0.21863117870722434,0.0,0.21863117870722434,0.0,0.21863117870722434,0.0,0.21863117870722434,0.0,0.21863117870722434,0.0,0.21863117870722434,0.0,0.21863117870722434,0.0,0.21863117870722434,0.00034566194262011384,0.2182855167646042,0.0008065445327802702,0.21782463417444403,0.0012674271229404265,0.21736375158428387,0.0017283097131005826,0.2169028689941237,0.002189192303260746,0.21644198640396364,0.002650074893420902,0.21598110381380348,0.003110957483581058,0.2155202212236433,0.0035718400737412147,0.21505933863348312,0.004263163958981449,0.21436801474824288,0.0051849291393017615,0.21344624956792252,0.006106694319622075,0.21252448438760219,0.007028459499942387,0.21160271920728196,0.008123055651572763,0.21068095402696163,0.009505703422053232,0.20975918884664127,0.010888351192533714,0.20883742366632105,0.01227099896301417,0.20791565848600072,0.01388408802857471,0.20699389330568038,0.016188500979375506,0.20607212812536002,0.0184929139301763,0.2051503629450397,0.02079732688097708,0.20422859776471947,0.023332181126857934,0.20324922226062916,0.027480124438299353,0.20186657449014864,0.03162806774974076,0.20048392671966814,0.03577601106118217,0.19910127894918772,0.039923954372623575,0.19771863117870722,0.048219840995506386,0.1935706878672658,0.0565157276183892,0.1894227445558244,0.06481161424127202,0.18527480124438306,0.0731075008641549,0.18112685793294153,0.08946883281484047,0.17455928102315935,0.10698237124092641,0.16764604217075701,0.12449590966701235,0.16073280331835468,0.14200944809309826,0.15381956446595235,0.17058416868302798,0.144141030072589,0.2028459499942389,0.1335407304989054,0.23510773130545007,0.12294043092522172,0.26736951261666103,0.11234013135153814,0.3030879133540732,0.10346814149095515,0.340880285747206,0.09563313745823247,0.37867265814033874,0.08779813342550986,0.4164650305334716,0.07996312939278719,0.45402696163152434,0.07328033183546495,0.491358451434497,0.06774974075354301,0.5286899412374697,0.06221914967162119,0.5660214310404426,0.05668855858969926,0.6007604562737644,0.051676460421707524,0.6311787072243346,0.04752851711026616,0.6615969581749049,0.04338057379882474,0.6920152091254753,0.03923263048738332,0.7203594884203249,0.035430349118562084,0.7424818527480124,0.03266505357760112,0.7646042170757,0.02989975803664015,0.7867265814033876,0.027134462495679187,0.8079847908745247,0.02448438760225832,0.8231939163498099,0.02264085724161769,0.8384030418250951,0.020797326880977067,0.8536121673003803,0.018953796520336443,0.8688212927756654,0.017110266159695818,0.8798824749395091,0.015727618389215308,0.8909436571033529,0.014344970618734907,0.9020048392671965,0.012962322848254397,0.9130660214310404,0.011579675077773941,0.9209010254637631,0.010600299573683636,0.9282751469063256,0.009678534393363296,0.9356492683488883,0.008756769213042956,0.9430233897914508,0.00783500403272267,0.9486692015209125,0.006913238852402385,0.9537389100126744,0.005991473672081991,0.9588086185044361,0.00506970849176176,0.9638783269961977,0.00414794331144142,0.9680838806314093,0.0035142297499711865,0.9717709413526904,0.0030533471598110707,0.9754580020739715,0.002592464569650901,0.9791450627952528,0.002131581979490731,0.982140799631294,0.0016706993893305616,0.9844452125820946,0.0012098167991703916,0.9867496255328955,0.0007489342090102219,0.9890540384836963,0.00028805161885010614,0.9910127894918769,0.0,0.9923954372623575,0.0,0.9937780850328379,0.0,0.9951607328033184,0.0,0.9964281599262588,0.0,0.9973499251065792,0.0,0.9982716902868994,0.0,0.9991934554672198,0.0,1.0,0.0,1.0,0.0,1.0,0.0,1.0,0.0,1.0,0.0
Slash,1.0,0.0,1.0,0.0,1.0,0.0,0.9998752961715925,0.0,0.9991478571725487,0.0,0.9984204181735046,0.0,0.9979423868312757,0.0,0.9979423868312757,0.0,0.9979423868312757,0.0,0.9979423868312757,0.0,0.9979423868312757,0.0,0.9979423868312757,0.0,0.9979423868312757,0.0,0.9979423868312757,0.0,0.9979423868312757,0.0,0.9973188676892382,0.0,0.9965914286901942,0.0,0.9958847736625515,0.0,0.9958847736625515,0.0,0.9958847736625515,0.0,0.9957392858627427,0.0,0.9950118468636986,0.0,0.9942844078646547,0.0,0.9938271604938271,0.0,0.9938271604938271,0.0,0.9938271604938271,0.0,0.9930373695805795,0.0,0.9915824915824918,0.0,0.9901276135844037,0.0,0.987633537016253,0.0,0.9847237810200772,0.0,0.9818140250239016,0.0,0.9769713596874091,0.0,0.9718792866941016,0.0,0.9663715342727689,4.1567942802511886e-05,0.9540050712890219,0.0007690069418464699,0.9416386083052749,0.001496445940890428,0.9266117969821673,0.00272270025356447,0.9026063100137175,0.005632456249740185,0.8786008230452675,0.008542212245915958,0.8470299704867605,0.012324895040944424,0.8041110695431682,0.017416968034252012,0.7611921685995762,0.022509041027559542,0.7087126408114062,0.03258926715716838,0.6490626428898034,0.046410608139003176,0.5894126449682006,0.06023194912083803,0.5340857130980587,0.07243214033337492,0.4802552271688074,0.08407116431807789,0.4264247412395562,0.09571018830278087,0.38390073575258776,0.10535395103296333,0.34243671280708304,0.11481065802053456,0.30190796857463514,0.12408030926549447,0.27135553061478984,0.13135469925593382,0.24080309265494457,0.13862908924637315,0.21212121212121218,0.14552936775158995,0.18884316415180624,0.15134887974394146,0.16556511618240005,0.157168391736293,0.1454046639231824,0.1623643845866068,0.1294010059442158,0.16672901858087044,0.11339734796524921,0.17109365257513406,0.10044893378226713,0.174585359770545,0.08953734879660809,0.17749511576672072,0.07862576381094898,0.18040487176289643,0.06995884773662552,0.1827534605312383,0.06195701874714221,0.18493577752837012,0.05395518975765891,0.18711809452550193,0.04801097393689988,0.18861454046639237,0.042191461944548335,0.19006941846448028,0.03653822172340689,0.19152429646256808,0.03217358772914326,0.192979174460656,0.02780895373487966,0.1944340524587438,0.02385999916864115,0.1958889304568317,0.020950243172465407,0.1973438084549196,0.018040487176289633,0.1987986864530074,0.015463274722533954,0.19992102090867525,0.013280957725402167,0.20064845990771915,0.011098640728270352,0.20137589890676316,0.009373571101966167,0.20210333790580706,0.007918693103878294,0.20283077690485096,0.006463815105790408,0.20355821590389497,0.0055908883069376875,0.2037037037037037,0.004863449307893744,0.2037037037037037,0.004136010308849815,0.2037037037037037,0.0034085713098058724,0.2037037037037037,0.0026811323107619437,0.2037037037037037,0.001953693311718,0.2037037037037037,0.0012262543126740713,0.2037037037037037,0.000498815313630128,0.2037037037037037,0.0,0.2037037037037037,0.0,0.2037037037037037,0.0,0.2037037037037037,0.0,0.2037037037037037,0.0,0.2037037037037037,0.0,0.2037037037037037,0.0,0.2037037037037037,0.0,0.2037037037037037,0.0,0.2037037037037037,0.0,0.2037037037037037,0.0,0.2037037037037037,0.0,0.2037037037037037
Slash,0.0,0.2053941908713693,0.0,0.2053941908713693,0.0,0.2053941908713693,0.0,0.2053941908713693,0.0,0.2053941908713693,0.0,0.2053941908713693,0.0,0.2053941908713693,0.0,0.2053941908713693,0.0,0.2053941908713693,0.0,0.2053941908713693,0.0,0.2053941908713693,0.0,0.2053941908713693,0.0,0.20507984408399352,0.0,0.20453497631920872,0.0,0.20399010855442393,0.0,0.20344524078963913,0.0,0.2033195020746888,0.0,0.2033195020746888,0.0,0.2033195020746888,0.0,0.2033195020746888,0.0,0.2033195020746888,0.0,0.2033195020746888,0.0,0.2033195020746888,0.0,0.2033195020746888,0.0,0.2033195020746888,0.0,0.2033195020746888,0.0,0.2033195020746888,0.0,0.2033195020746888,0.0,0.2033195020746888,0.0,0.2033195020746888,0.0,0.2033195020746888,0.0,0.2033195020746888,0.0,0.2033195020746888,0.0,0.2033195020746888,0.0,0.2033195020746888,0.0027872081813990583,0.2013286390879752,0.006601282534892504,0.19860430026405135,0.01041535688838595,0.19587996144012737,0.014229431241879396,0.19315562261620342,0.024078963912988874,0.1884194643530743,0.034431451443899586,0.18351565447001128,0.04478393897481038,0.17861184458694826,0.058719979881805745,0.1728278636992329,0.10012993000544887,0.16029590510918307,0.141539880129092,0.14776394651913313,0.18294983025273517,0.13523198792908325,0.22553334171591444,0.12370593905863614,0.27075736619305096,0.11444318705729489,0.31598139067018755,0.10518043505595372,0.3612054151473241,0.09591768305461247,0.4050672702124987,0.08774466658284082,0.4475669558657111,0.08066138564063874,0.4900666415189239,0.07357810469843667,0.5325663271721365,0.06649482375623449,0.5701622029422861,0.06054319124858545,0.6055786076532967,0.05509451360073764,0.6409950123643073,0.04964583595288983,0.6764114170753177,0.04419715830504208,0.7036338488620648,0.04019447587912314,0.7297875015717341,0.03638040152562971,0.7559411542814035,0.032566327172136283,0.7815080263213043,0.028794165723626298,0.8000335303239868,0.02552495913491766,0.8185590343266693,0.02225575254620896,0.8370845383293517,0.018986545957500264,0.8541430906576136,0.016010729703675744,0.8672199170124483,0.013831258644536633,0.8802967433672829,0.01165178758539752,0.8933735697221176,0.00947231652625841,0.9046900540676476,0.007544322897019971,0.9139528060689887,0.005909719602665652,0.92321555807033,0.004275116308311333,0.932478310071671,0.0026405130139569547,0.9399597636112159,0.0017184291043212104,0.9464981767886332,0.0011735613395364767,0.9530365899660506,0.0006286935747516839,0.9595750031434679,8.382580996689118e-05,0.9642692485016138,0.0,0.9686281906198918,0.0,0.97298713273817,0.0,0.9772832054989732,0.0,0.980007544322897,0.0,0.9827318831468209,0.0,0.9854562219707448,0.0,0.9879290833647681,0.0,0.9895636866591224,0.0,0.9911982899534767,0.0,0.992832893247831,0.0,0.9942369755647763,0.0,0.9953267110943459,0.0,0.9964164466239155,0.0,0.9975061821534851,0.0,0.998260614443187,0.0,0.9988054822079719,0.0,0.9993503499727566,0.0,0.9998952177375413,0.0,1.0,0.0,1.0,0.0,1.0,0.0,1.0,0.0
Slash,1.0,0.0,1.0,0.0,1.0,0.0,1.0,0.0,0.9998065764023211,0.0,0.9992263056092843,0.0,0.9986460348162476,0.0,0.9980657640232109,0.0,0.9974854932301742,0.0,0.9969052224371372,0.0,0.9963249516441005,0.0,0.9957446808510638,0.0,0.9957446808510638,0.0,0.9957446808510638,0.0,0.9957446808510638,0.0,0.9957446808510638,0.0,0.9957446808510638,0.0,0.9957446808510638,0.0,0.9957446808510638,0.0,0.9957446808510638,0.0,0.9957446808510638,0.0,0.9957446808510638,0.0,0.9957446808510638,0.0,0.9951644100580271,0.0,0.9945841392649905,0.0,0.9940038684719537,0.0,0.9936170212765958,0.0,0.9936170212765958,0.0,0.9936170212765958,0.0,0.9936170212765958,0.0,0.9936170212765958,0.0,0.9936170212765958,0.0,0.9936170212765958,0.0,0.9936170212765958,0.0,0.9936170212765958,0.0005802707930367065,0.9936170212765958,0.0011605415860735338,0.9936170212765958,0.0017408123791102404,0.9932301740812378,0.0023210831721470074,0.9920696324951643,0.0029013539651837742,0.990909090909091,0.0034816247582204808,0.9897485493230173,0.004061895551257248,0.9858800773694391,0.005029013539651859,0.9806576402321082,0.006189555125725333,0.9754352030947776,0.007350096711798806,0.9702127659574468,0.00851063829787234,0.9574468085106383,0.009671179883945875,0.9446808510638298,0.010831721470019347,0.9319148936170214,0.011992263056092821,0.9139264990328821,0.013152804642166355,0.8854932301740811,0.01431334622823983,0.8570599613152806,0.015473887814313362,0.8286266924564798,0.016634429400386837,0.7781431334622828,0.020502901353965163,0.7166344294003871,0.025725338491295883,0.6551257253384914,0.030947775628626665,0.5936170212765961,0.036170212765957444,0.5466150870406191,0.04139264990328817,0.4996131528046423,0.04661508704061895,0.45261121856866565,0.05183752417794967,0.40986460348162485,0.057059961315280454,0.3756286266924565,0.06228239845261117,0.34139264990328816,0.06750483558994201,0.30715667311412026,0.07272727272727268,0.27911025145067714,0.07756286266924561,0.2541586073500968,0.08220502901353963,0.22920696324951648,0.08684719535783364,0.20425531914893616,0.09148936170212765,0.18684719535783384,0.09555125725338484,0.1694390715667313,0.09961315280464215,0.15203094777562873,0.10367504835589934,0.13636363636363644,0.1073500967117988,0.12417794970986462,0.11025145067698258,0.111992263056093,0.11315280464216629,0.0998065764023212,0.11605415860735006,0.0899419729206964,0.11895551257253384,0.0812379110251451,0.12185686653771756,0.07253384912959382,0.12475822050290133,0.06382978723404255,0.1276595744680851,0.05744680851063836,0.12940038684719535,0.0510638297872341,0.1311411992263056,0.04468085106382982,0.13288201160541582,0.03907156673114122,0.1344294003868472,0.035009671179883975,0.13558994197292068,0.030947775628626724,0.13675048355899416,0.026885880077369476,0.1379110251450677,0.023597678916827857,0.13868471953578332,0.020696324951644113,0.1392649903288201,0.01779497098646037,0.1398452611218569,0.014893617021276596,0.14042553191489363,0.013152804642166355,0.1410058027079303,0.011411992263056114,0.14158607350096716,0.009671179883945844,0.14216634429400385,0.008123791102514495,0.1425531914893617,0.006963249516441022,0.1425531914893617,0.005802707930367519,0.1425531914893617,0.004642166344294015,0.1425531914893617,0.003481624758220511,0.1425531914893617,0.0023210831721470074,0.1425531914893617,0.0011605415860735037,0.1425531914893617,0.0,0.1425531914893617
Slash,0.008968609865470852,0.1210762331838565,0.008968609865470852,0.12046473705666529,0.008968609865470852,0.11985324092947408,0.008968609865470852,0.11924174480228293,0.008968609865470852,0.11883408071748879,0.008968609865470852,0.11883408071748879,0.008968609865470852,0.11883408071748879,0.008968609865470852,0.11883408071748879,0.008968609865470852,0.11883408071748879,0.008968609865470852,0.11883408071748879,0.008968609865470852,0.11883408071748879,0.008968609865470852,0.11883408071748879,0.008968609865470852,0.11883408071748879,0.008968609865470852,0.11883408071748879,0.008968609865470852,0.11883408071748879,0.008764777823073814,0.11883408071748879,0.008153281695882602,0.11883408071748879,0.007541785568691422,0.11883408071748879,0.00693028944150021,0.11883408071748879,0.006318793314308998,0.11924174480228293,0.005707297187117818,0.11985324092947408,0.005095801059926638,0.12046473705666529,0.004484304932735426,0.1210762331838565,0.003872808805544246,0.1210762331838565,0.003261312678353034,0.1210762331838565,0.002649816551161854,0.1210762331838565,0.0020383204239706426,0.1210762331838565,0.0014268242967794306,0.1210762331838565,0.0008153281695882825,0.1210762331838565,0.00020383204239707062,0.1210762331838565,0.0,0.1210762331838565,0.0,0.1210762331838565,0.0,0.1210762331838565,0.0,0.1210762331838565,0.00122299225438236,0.1210762331838565,0.0024459845087647838,0.1210762331838565,0.0036689767631471436,0.1210762331838565,0.006726457399103107,0.12005707297187115,0.013452914798206279,0.11699959233591521,0.020179372197309385,0.11394211169995923,0.026905829596412557,0.11088463106400329,0.04015491235222177,0.10660415817366486,0.05666530778638394,0.10171218915613536,0.07317570322054624,0.0968202201386058,0.08968609865470852,0.09192825112107623,0.11781492050550334,0.08520179372197316,0.14594374235629834,0.07847533632286996,0.17407256420709322,0.07174887892376682,0.20627802690582947,0.06563391765185489,0.24663677130044837,0.06074194863432532,0.2869955156950671,0.05584997961679582,0.327354260089686,0.05095801059926619,0.368935996738687,0.046881369751324904,0.4111292295148795,0.04321239298817776,0.45332246229107204,0.039543416225030555,0.49551569506726434,0.03587443946188341,0.5346514472075009,0.034039951080309834,0.5737871993477374,0.03220546269873627,0.6129229514879737,0.030370974317162694,0.6494088870770484,0.028740317977986127,0.6805951895637994,0.02751732572360377,0.7117814920505504,0.026294333469221345,0.742967794537301,0.025071341214838984,0.7688544639217283,0.023848348960456626,0.7920913167549939,0.022625356706074202,0.8153281695882593,0.021402364451691778,0.8385650224215246,0.020179372197309416,0.8550754178556866,0.01956787607011827,0.8715858132898491,0.018956379942926992,0.8880962087240114,0.018344883815735846,0.902975947818997,0.017733387688544634,0.9145943742356297,0.017121891561353422,0.9262128006522623,0.016510395434162273,0.9378312270688952,0.01589889930697106,0.946596004891969,0.01528740317977985,0.9539339584182632,0.014675907052588701,0.9612719119445576,0.014064410925397427,0.968609865470852,0.013452914798206279,0.9728903383611903,0.012229922543823919,0.9771708112515287,0.011006930289441495,0.9814512841418671,0.009783938035059135,0.9851202609050143,0.00876477782307378,0.9875662454137791,0.00815328169588257,0.9900122299225438,0.007541785568691422,0.9924582144313085,0.00693028944150021,0.9940888707704851,0.006318793314308998,0.9953118630248677,0.00570729718711785,0.99653485527925,0.005095801059926638,0.9977578475336323,0.004484304932735426,0.9983693436608234,0.0038728088055442144,0.9989808397880146,0.003261312678353066,0.9995923359152057,0.002649816551161854,1.0,0.002038320423970706,1.0,0.0014268242967794306,1.0,0.0008153281695882825,1.0,0.00020383204239707062,1.0,0.0,1.0,0.0,1.0,0.0,1.0,0.0
Slash,1.0,0.0,0.9995444642503466,0.0,0.9990889285006933,0.0,0.9986333927510397,0.0,0.9981778570013864,0.0,0.9974054268171915,0.0,0.9964943553178848,0.0,0.9955832838185779,0.0,0.9946722123192712,0.0,0.9934046345811052,0.0,0.9915824915824916,0.0,0.9897603485838781,0.0,0.9879382055852645,0.0,0.9859576153693801,0.0,0.982313329372153,0.0,0.9786690433749258,0.0,0.9750247573776986,0.0,0.9713804713804715,0.0,0.9663101604278075,0.0007130124777183803,0.9608437314319667,0.0016240839770251439,0.955377302436126,0.0025351554763319633,0.9499108734402852,0.0034462269756387266,0.9424836601307188,0.005010893246187339,0.9329174093879977,0.007288571994454332,0.9233511586452763,0.009566250742721324,0.913784907902555,0.011843929490988317,0.9031095266389383,0.014517726282432131,0.8871657754010694,0.01907308377896612,0.8712220241632006,0.023628441275500102,0.8552782729253318,0.02818379877203403,0.8393345216874629,0.032739156268568013,0.8150722915428799,0.03769063180827888,0.7895622895622896,0.04270152505446622,0.7640522875816993,0.04771241830065361,0.7385422856011092,0.052723311546840894,0.7086551792434145,0.05747672806496338,0.6754010695187167,0.06203208556149731,0.6421469597940187,0.06658744305803128,0.6088928500693206,0.07114280055456527,0.5754010695187166,0.07534165181224008,0.5412358882947119,0.07853040205981383,0.507070707070707,0.08171915230738758,0.47290552584670226,0.08490790255496139,0.4387403446226976,0.08809665280253515,0.4111111111111112,0.0908496732026144,0.38377896613190726,0.0935828877005348,0.3564468211527035,0.09631610219845514,0.32911467617349976,0.09904931669637555,0.3071301247771836,0.10178253119429595,0.28799762329174095,0.10451574569221624,0.2688651218062983,0.10724896019013665,0.2497326203208557,0.10998217468805699,0.2325014854426619,0.11271538918597745,0.21883541295306003,0.1154486036838978,0.20516934046345814,0.11818181818181814,0.19150326797385628,0.1209150326797386,0.1779758367993662,0.12362844127550016,0.16749851455733808,0.12590612002376714,0.15702119231531,0.12818379877203404,0.14654387007328182,0.13046147752030102,0.13606654783125371,0.13273915626856803,0.12760942760942762,0.1346801346801346,0.11986531986531987,0.13650227767874826,0.11212121212121214,0.13832442067736178,0.10437710437710437,0.14014656367597542,0.09722717369776193,0.14196870667458905,0.09084967320261436,0.14379084967320258,0.08447217270746682,0.1456129926718162,0.07809467221231928,0.14743513567042973,0.07189542483660129,0.14925727866904337,0.06688453159041394,0.15107942166765703,0.06187363834422658,0.15290156466627056,0.05686274509803923,0.15472370766488408,0.05185185185185188,0.15654585066349772,0.04796989502871858,0.15836799366211124,0.04432560903149136,0.16019013666072487,0.040681323034264194,0.1620122796593385,0.03703703703703703,0.16383442265795203,0.0338680926916221,0.16541889483065955,0.03113487819370173,0.16678550207961973,0.028401663695781357,0.1681521093285799,0.02566844919786098,0.16951871657754009,0.023133293721529006,0.17078629431570608,0.021311150722915423,0.1716973658150129,0.01948900772430184,0.1726084373143196,0.017666864725688257,0.17351950881362643,0.015844721727074674,0.17443058031293326,0.014438502673796798,0.17534165181223996,0.01307189542483661,0.1762527233115469,0.011705288175876403,0.1771637948108536,0.010338680926916215,0.17807486631016042,0.008972073677956029,0.17870865517924342,0.0076054664289958405,0.17916419092889688,0.006238859180035654,0.17961972667855025,0.004872251931075467,0.1800752624282036,0.00364428599722718,0.18053079817785705,0.0027332144979203745,0.18098633392751043,0.001822142998613583,0.1814418696771639,0.0009110714993067915,0.18189740542681723,0.0,0.18235294117647058
Slash,0.0034662045060658577,0.18370883882149047,0.0034662045060658577,0.18370883882149047,0.0034662045060658577,0.18370883882149047,0.0034662045060658577,0.18370883882149047,0.0034662045060658577,0.18370883882149047,0.0034662045060658577,0.18370883882149047,0.0034662045060658577,0.18370883882149047,0.0034662045060658577,0.18370883882149047,0.0031510950055144166,0.18370883882149047,0.002678430754687256,0.18370883882149047,0.0022057665038600926,0.18370883882149047,0.0017331022530329288,0.18370883882149047,0.0012604380022057653,0.18370883882149047,0.0007877737513786049,0.18370883882149047,0.00031510950055144133,0.18370883882149047,0.0,0.18370883882149047,0.0,0.18370883882149047,0.0,0.18370883882149047,0.0,0.18370883882149047,0.0,0.18370883882149047,0.0,0.18370883882149047,0.0,0.18370883882149047,0.0,0.18370883882149047,0.0,0.18370883882149047,0.0,0.18370883882149047,0.0,0.18370883882149047,0.0,0.18370883882149047,0.0,0.18370883882149047,0.0,0.18370883882149047,0.0,0.18370883882149047,0.0006302190011028827,0.18370883882149047,0.0015755475027572035,0.18370883882149047,0.0025208760044115306,0.18370883882149047,0.0034662045060658577,0.18370883882149047,0.004411533007720179,0.18370883882149047,0.005356861509374506,0.18370883882149047,0.006302190011028827,0.18370883882149047,0.00787773751378603,0.18323617457066335,0.010713723018749012,0.18181818181818177,0.013549708523711975,0.18040018906570038,0.01638569402867495,0.1789821963132188,0.022687884039703794,0.17630376555853164,0.03072317630376552,0.17299511580274154,0.0387584685678273,0.16968646604695137,0.04679376083188908,0.1663778162911612,0.06428233811249402,0.16212383803371674,0.08177091539309907,0.1578698597762723,0.09925949267370403,0.15361588151882777,0.12289270521506211,0.14841657475972908,0.15881518827792654,0.1413266109973216,0.19473767134079073,0.1342366472349142,0.23066015440365512,0.1271466834725067,0.2716243894753424,0.12037182921065077,0.31510950055144143,0.1137545296990704,0.35859461162754047,0.10713723018749015,0.40207972270363923,0.10051993067590988,0.44651016228139256,0.09579328816763831,0.4909406018591459,0.09106664565936666,0.5353710414368991,0.08634000315109505,0.5777532692610682,0.08192847014337484,0.6160390735780683,0.07814715613675757,0.6543248778950685,0.07436584213014028,0.6926106822120682,0.07058452812352296,0.7239640775169369,0.0671183236174571,0.7518512683157396,0.06380967386166692,0.7797384591145422,0.06050102410587679,0.8076256499133448,0.05719237435008666,0.8274775484480855,0.05388372459429657,0.8473294469828264,0.05057507483850639,0.8671813455175672,0.04726642508271626,0.8849850322987238,0.04411533007720185,0.8986922955727115,0.04127934457223884,0.9123995588466989,0.03844335906727594,0.9261068221206867,0.03560737356231293,0.9363478808886088,0.03277138805734997,0.9448558374034979,0.02993540255238697,0.9533637939183867,0.02709941704742396,0.9618717504332756,0.024263431542461005,0.9670710571923743,0.021900110288325225,0.9722703639514731,0.019536789034189393,0.9774696707105719,0.017173467780053613,0.981881203718292,0.015125256026469185,0.984717189223255,0.013707263273987707,0.9875531747282179,0.012289270521506229,0.9903891602331811,0.010871277769024749,0.9922798172364896,0.009453285016543222,0.993697809988971,0.008035292264061744,0.9951158027414526,0.006617299511580265,0.9965337954939342,0.005199306759098787,0.9974791239955884,0.004253978257444484,0.9984244524972427,0.0033086497557901326,0.9993697809988971,0.0023633212541358303,1.0,0.0015755475027572035,1.0,0.0011028832519300279,1.0,0.0006302190011029012,1.0,0.0001575547502757253,1.0,0.0,1.0,0.0,1.0,0.0,1.0,0.0
Slash,1.0,0.0,0.9994824909435915,0.0,0.9989649818871831,0.0,0.9984474728307744,0.0,0.997929963774366,0.0,0.9974124547179576,0.0,0.9968949456615491,0.0,0.9963774366051407,0.0,0.9958599275487322,0.0,0.9953424184923235,0.0,0.9948249094359151,0.0,0.9943074003795066,0.0,0.9937898913230981,0.0,0.9932723822666898,0.0,0.9927548732102813,0.0,0.9922373641538729,0.0,0.9917198550974642,0.0,0.9912023460410557,0.0,0.9906848369846473,0.0,0.989822321890633,0.0,0.988787303777816,0.0,0.9877522856649991,0.0,0.9867172675521821,0.0,0.9856822494393652,0.0,0.9846472313265482,0.0,0.9836122132137313,0.0,0.9824046920821115,0.0,0.9808521649128862,0.0,0.9792996377436604,0.0,0.977747110574435,0.0,0.9758495773676039,0.0,0.9737795411419701,0.0,0.9717095049163361,0.0,0.969639468690702,0.0,0.9665344143522512,0.0,0.9634293600138003,0.0,0.9603243056753494,0.0,0.9561842332240814,0.0,0.9499741245471796,0.0,0.9437640158702777,0.0,0.937553907193376,0.0,0.9254786958771779,0.0,0.9104709332413317,0.0,0.8954631706054857,0.0,0.8804554079696395,0.0,0.8587200276004832,0.0010350181128169498,0.8369846472313266,0.0020700362256339533,0.8152492668621703,0.0031050543384509035,0.789201311022943,0.004140072451267853,0.7545282042435744,0.005175090564084857,0.7198550974642057,0.006210108676901807,0.6851819906848371,0.0072451267897188105,0.6405037088149046,0.010350181128169714,0.5908228393996897,0.014490253579437621,0.5411419699844748,0.018630326030705528,0.4914611005692603,0.022770398481973382,0.4521304122822151,0.02691047093324134,0.41279972399517006,0.031050543384509247,0.3734690357081251,0.03519061583577716,0.33793341383474224,0.03898568224943939,0.3099879247886838,0.042090736587890296,0.2820424357426255,0.0451957909263412,0.25409694669656746,0.04830084526479211,0.23132654821459386,0.051060893565637394,0.21114369501466282,0.053648438847679794,0.19096084181473186,0.05623598412972225,0.17077798861480076,0.058823529411764705,0.15628773503536325,0.061411074693807105,0.14179748145592563,0.06399861997584956,0.12730722787648793,0.06658616525789202,0.11419699844747287,0.06917371053993447,0.1038468173193031,0.07176125582197687,0.09349663619113346,0.07434880110401927,0.0831464550629637,0.07693634638606173,0.07486631016042788,0.07917888563049846,0.06762118337070902,0.08124892185613247,0.060376056580990184,0.08331895808176648,0.05313092979127135,0.08538899430740038,0.04795583922718655,0.08694152147662583,0.042780748663101636,0.08849404864585128,0.037605658099016774,0.09004657581507673,0.032948076591340365,0.09159910298430218,0.029325513196480937,0.09315163015352763,0.025702949801621557,0.09470415732275314,0.022080386406762152,0.09625668449197859,0.01914783508711403,0.09746420562359843,0.016560289805071602,0.09849922373641538,0.013972744523029173,0.09953424184923239,0.011385199240986717,0.10056925996204934,0.009832672071761266,0.10108676901845778,0.008280144902535813,0.10160427807486634,0.006727617733310335,0.10212178713127479,0.0053475935828877046,0.10246679316888045,0.004312575470070727,0.10246679316888045,0.0032775573572537643,0.10246679316888045,0.0022425392444367876,0.10246679316888045,0.0015525271692254652,0.10246679316888045,0.0010350181128169766,0.10246679316888045,0.0005175090564084883,0.10246679316888045,0.0,0.10246679316888045
Slash,0.0,0.1340782122905028,0.0,0.13355153019957489,0.0,0.13302484810864695,0.0,0.13249816601771905,0.0,0.13221601489757914,0.0,0.13221601489757914,0.0,0.13221601489757914,0.0,0.13221601489757914,0.0,0.13221601489757914,0.0,0.13221601489757914,0.0,0.13221601489757914,0.0,0.13221601489757914,0.0,0.13221601489757914,0.0,0.13221601489757914,0.0,0.13221601489757914,0.0,0.13221601489757914,0.0,0.13221601489757914,0.0,0.13221601489757914,0.0,0.13221601489757914,0.0,0.13221601489757914,0.0,0.13221601489757914,0.0,0.13221601489757914,0.0,0.13221601489757914,0.0,0.13221601489757914,0.0,0.13221601489757914,0.0,0.13221601489757914,0.0,0.13221601489757914,0.0,0.13221601489757914,0.0,0.13221601489757914,0.0,0.13221601489757914,0.0,0.13221601489757914,0.0,0.13221601489757914,0.0,0.13221601489757914,0.0,0.13221601489757914,0.0,0.13221601489757914,0.0,0.13221601489757914,0.0003385813441679327,0.13221601489757914,0.0008652634350958355,0.13221601489757914,0.0013919455260237381,0.13221601489757914,0.002087918289035601,0.13210315444952317,0.004194646652747211,0.13104979026766733,0.006301375016458809,0.12999642608581155,0.00840810338017042,0.12894306190395577,0.012019637717961724,0.12758873652728403,0.01675977653631285,0.12600869025450034,0.021499915354663935,0.12442864398171664,0.026428154919775043,0.12279216748490492,0.03643511464740513,0.11963207493933752,0.04644207437503521,0.11647198239377013,0.05644903410266538,0.11331188984820269,0.0748829072851418,0.10883509207531557,0.10174369392246482,0.10304158907510864,0.1286044805597877,0.09724808607490174,0.15546526719711073,0.09145458307469481,0.22194007110208197,0.08667682410699173,0.2898820608317814,0.08193668528864059,0.3578240505614805,0.07719654647028956,0.41989729699226896,0.0729078494441623,0.47414555235784295,0.06922107480766694,0.5283938077234163,0.06553430017117169,0.5826420630889902,0.06184752553467639,0.622312510580667,0.05816075089818103,0.660233621127476,0.05447397626168572,0.6981547316742845,0.05078720162519052,0.7321257265391343,0.04728852773545513,0.7589865131764574,0.04412843518988769,0.7858472998137801,0.040968342644320296,0.812708086451103,0.03780825009875291,0.8322141338901115,0.035080789270733395,0.8501213249816603,0.03244737881609392,0.8680285160732086,0.029813968361454394,0.8842804205932696,0.027331038504222846,0.8963941086846114,0.025224310140511286,0.9085077967759532,0.023117581776799623,0.9206214848672948,0.021010853413088063,0.9295750804130694,0.01929913661757239,0.9374753117769876,0.017719090344788642,0.9453755431409064,0.01613904407200495,0.9527114722645447,0.014558997799221306,0.9579782931738239,0.01297895152643756,0.9632451140831029,0.011398905253653863,0.968511934992382,0.009818858980870168,0.9723491902262852,0.008596204126930363,0.9755092827718524,0.0075428399450745845,0.9786693753174199,0.006489475763218806,0.9816789872655795,0.005511351880066961,0.9837857156292911,0.0049846697891390455,0.9858924439930026,0.00445798769821113,0.9879991723567142,0.003931305607283267,0.9897861294509339,0.0034046235163554036,0.9913661757237177,0.0028779414254274877,0.9929462219965014,0.0023512593344995718,0.994488648119933,0.0018245772435716559,0.9955420123017888,0.00129789515264374,0.9965953764836447,0.000771213061715824,0.9976487406655006,0.00024453097078790803,0.9984199537272163,0.0,0.9989466358181441,0.0,0.9994733179090721,0.0,1.0,0.0
Slash,0.984515126150903,0.0,0.984515126150903,0.0,0.984515126150903,0.0,0.984515126150903,0.0,0.984515126150903,0.0,0.9853521463589622,0.0008370202080592767,0.9863087408824586,0.001793614731555657,0.987265335405955,0.002750209255052037,0.9882219299294513,0.0037068037785483615,0.9895372473992587,0.005380844194666971,0.9909721391845033,0.007294033241659676,0.9924070309697479,0.00920722228865238,0.9938419227549924,0.011120411335645085,0.9949778787516442,0.013332536171230409,0.9959344732751406,0.015724022479971303,0.996891067798637,0.0181155087887122,0.9978476623221334,0.020506995097453094,0.9985651082147556,0.022659332775319892,0.9990434054765038,0.02457252182231254,0.999521702738252,0.0264857108693053,1.0,0.028398899916298008,0.9985053210570372,0.02995336601697957,0.9937223484395553,0.030909960540475893,0.9889393758220736,0.031866555063972214,0.9841564032045917,0.0328231495874686,0.9754274781776876,0.03354059548009088,0.9548606959225161,0.03354059548009088,0.9342939136673444,0.03354059548009088,0.9137271314121729,0.03354059548009088,0.8905297142173862,0.03324165969149826,0.8489178524452948,0.03085017338275737,0.8073059906732034,0.02845868707401653,0.7656941289011122,0.026067200765275637,0.7240822671290208,0.02367571445653474,0.678165730001196,0.021762525409542037,0.632249192873371,0.019849336362549333,0.586332655745546,0.017936147315556625,0.5404161186177209,0.01602295826856392,0.4995217027382518,0.014528279325600885,0.45934473275140497,0.013093387540356313,0.4191677627645582,0.011658495755111799,0.37899079277771136,0.010223603969867285,0.3470644505560206,0.010223603969867285,0.31788831758938185,0.010701901231615475,0.28871218462274295,0.01118019849336361,0.2595360516561042,0.011658495755111799,0.2357407628841325,0.012136793016859989,0.2151739806289609,0.012615090278608123,0.19460719837378931,0.013093387540356313,0.1740404161186177,0.013571684802104503,0.15658256606480933,0.014049982063852693,0.14223364821236406,0.014528279325600885,0.1278847303599187,0.015006576587349017,0.11353581250747333,0.015484873849097264,0.10080114791342822,0.015783809637689827,0.09075690541671651,0.015783809637689827,0.0807126629200048,0.015783809637689827,0.07066842042329308,0.015783809637689827,0.061461198134640696,0.015783809637689827,0.05476503647016621,0.015783809637689827,0.04806887480569171,0.015783809637689827,0.04137271314121722,0.015783809637689827,0.0349754872653354,0.015783809637689827,0.030670811909601796,0.015783809637689827,0.026366136553868227,0.015783809637689827,0.022061461198134655,0.015783809637689827,0.017756785842401056,0.015783809637689827,0.01536529953366016,0.015305512375941637,0.012973813224919294,0.014827215114193446,0.010582326916178428,0.014348917852445256,0.008190840607437532,0.013870620590697122,0.00663637450675597,0.013392323328948932,0.005201482721511428,0.012914026067200797,0.0037665909362668854,0.012435728805452552,0.002331699151022343,0.011957431543704418,0.0016142532584000858,0.011479134281956228,0.0011359559966519237,0.011000837020208038,0.0006576587349037334,0.010522539758459848,0.00017936147315557132,0.010044242496711714,0.0,0.009565945234963524,0.0,0.00908764797321539,0.0,0.0086093507114672,0.0,0.008131053449719008,0.0,0.007891904818844914,0.0,0.007891904818844914,0.0,0.007891904818844914,0.0,0.007891904818844914,0.0,0.007891904818844914,0.0,0.007891904818844914,0.0,0.007891904818844914,0.0,0.007891904818844914,0.00011957431543704754,0.007891904818844914,0.0005978715771852377,0.007891904818844914,0.0010761688389334,0.007891904818844914,0.001554466100681562,0.007891904818844914,0.002032763362429752,0.007891904818844914,0.0025110606241779423,0.007891904818844914,0.0029893578859261044,0.007891904818844914,0.0034676551476742665,0.007891904818844914,0.003945952409422457,0.007891904818844914
Slash,0.0,0.057494866529774126,0.0003940845829962693,0.057494866529774126,0.0007881691659925386,0.057494866529774126,0.0011822537489888372,0.057494866529774126,0.0015763383319851356,0.057494866529774126,0.0019704229149814343,0.057494866529774126,0.0026756269056063893,0.057805985937402785,0.003463796071598928,0.058200070520399085,0.004251965237591525,0.05859415510339532,0.005040134403584093,0.05898823968639162,0.00582830356957669,0.05938232426938792,0.007072781200091259,0.059776408852384215,0.008649119532076423,0.060170493435380515,0.010225457864061559,0.06056457801837676,0.011801796196046694,0.060958662601373115,0.01337813452803186,0.06135274718436935,0.015535229087590459,0.061601642710472276,0.018687905751560787,0.061601642710472276,0.021840582415531058,0.061601642710472276,0.02499325907950139,0.061601642710472276,0.02814593574347166,0.061601642710472276,0.032107522867276465,0.061601642710472276,0.040383299110198535,0.061601642710472276,0.04865907535312051,0.061601642710472276,0.05693485159604254,0.061601642710472276,0.06521062783896459,0.061601642710472276,0.07348640408188661,0.061601642710472276,0.09221579242113122,0.05861489639723729,0.11152593698794933,0.05546221973326696,0.1308360815547673,0.05230954306929663,0.1501462261215854,0.04915686640532642,0.16945637068840347,0.04600418974135609,0.19660672432746348,0.043432269304959255,0.22655715263518134,0.04106776180698152,0.2565075809428992,0.03870325430900379,0.28645800925061704,0.03633874681102606,0.3164084375583347,0.03397423931304838,0.35009229875759634,0.032024557691908796,0.38713624955924736,0.03044821935992372,0.4241802003608985,0.028871881027938525,0.4612241511625495,0.027295542695953332,0.4982681019642004,0.0257192043639682,0.5333208885570281,0.02451620932113745,0.5640594860307386,0.02412212473814115,0.5947980835044491,0.02372804015514485,0.6255366809781592,0.023333955572148613,0.6562752784518696,0.022939870989152254,0.6860597764088522,0.022587268993839837,0.7077344284736481,0.022587268993839837,0.7294090805384439,0.022587268993839837,0.7510837326032397,0.022587268993839837,0.7727583846680356,0.022587268993839837,0.7944330367328313,0.022587268993839837,0.8104660568726277,0.022587268993839837,0.8258353556094828,0.022587268993839837,0.8412046543463381,0.022587268993839837,0.8565739530831933,0.022587268993839837,0.8719432518200485,0.022587268993839837,0.8832679982577313,0.022047995353950224,0.8927260282496422,0.02125982618795757,0.9021840582415531,0.020471657021965028,0.911642088233464,0.01968348785597243,0.921100118225375,0.018895318689979894,0.9288781034160911,0.018107149523987294,0.9347893721610354,0.017318980357994757,0.9407006409059797,0.01653081119200216,0.946611909650924,0.015742642026009564,0.9525231783958683,0.014954472860017025,0.9578122083255555,0.014166303694024428,0.9613589695725221,0.013378134528031889,0.9649057308194885,0.012589965362039292,0.9684524920664551,0.011801796196046753,0.9719992533134217,0.011013627030054155,0.9754630493850205,0.010225457864061559,0.9774334723000021,0.009437288698068962,0.9794038952149836,0.008649119532076364,0.981374318129965,0.007860950366083827,0.9833447410449464,0.0070727812000912875,0.9853151639599277,0.00628461203409869,0.9866218654719682,0.005828303569576661,0.9878041192209571,0.005434218986580362,0.9889863729699458,0.005040134403584064,0.9901686267189348,0.004646049820587824,0.9913508804679235,0.004251965237591525,0.9922842386908095,0.0038578806545952267,0.9930724078568021,0.0034637960715989866,0.9938605770227945,0.0030697114886026294,0.9946487461887872,0.0026756269056063893,0.99543691535478,0.002281542322610091,0.9960591541700371,0.0018874577396137925,0.9964532387530334,0.0014933731566175521,0.9968473233360297,0.0010992885736211954,0.9972414079190258,0.0007052039906249553,0.9976354925020223,0.00031111940762865674,0.9980295770850186,0.0,0.9984236616680148,0.0,0.9988177462510113,0.0,0.9992118308340076,0.0,0.9996059154170037,0.0,1.0,0.0
Slash,1.0,0.0,1.0,0.0,1.0,0.0,1.0,0.0,1.0,0.0,1.0,0.0,1.0,0.0,1.0,0.0,1.0,0.0,1.0,0.0,1.0,0.0,1.0,0.00020576131687243383,1.0,0.000729517396184031,1.0,0.0012532734754956807,1.0,0.0017770295548073304,1.0,0.002749719416386056,1.0,0.0037972315750093555,1.0,0.004844743733632655,1.0,0.006060606060606075,1.0,0.007631874298540972,1.0,0.009203142536475868,1.0,0.010774410774410765,0.9991769547325102,0.012345679012345715,0.9981294425738869,0.013916947250280557,0.9970819304152637,0.015488215488215508,0.9953797231575009,0.017059483726150352,0.9917134306023195,0.018630751964085302,0.988047138047138,0.020202020202020197,0.9843808454919566,0.021773288439955095,0.976225215114104,0.023718668163112598,0.9662738496071829,0.025813692480359144,0.956322484100262,0.02790871679760569,0.943939393939394,0.03019079685746354,0.9203703703703706,0.03333333333333333,0.8968013468013467,0.03647586980920313,0.8732323232323234,0.03961840628507292,0.8375420875420875,0.04242424242424242,0.7951178451178452,0.04504302282080062,0.7526936026936027,0.04766180321735876,0.7085858585858588,0.05084175084175081,0.6504489337822671,0.05869809203142535,0.5923120089786758,0.06655443322109988,0.5341750841750842,0.07441077441077441,0.48471754582865706,0.08136924803591469,0.4417695473251029,0.08765432098765434,0.39882154882154897,0.09393939393939398,0.35632248410026185,0.10016835016835017,0.3259446315001871,0.10488215488215487,0.29556677890011235,0.10959595959595961,0.2651889263000375,0.11430976430976429,0.2392630003741116,0.11823793490460156,0.21778900112233449,0.12138047138047141,0.19631500187055753,0.12452300785634116,0.1748410026187804,0.127665544332211,0.15942760942760947,0.1303030303030303,0.14423868312757207,0.13292181069958847,0.12904975682753464,0.1355405910961466,0.11565656565656568,0.13771043771043767,0.10465768799102129,0.13928170594837264,0.09365881032547707,0.14085297418630752,0.0826599326599327,0.14242424242424243,0.07493453049008604,0.1439955106621773,0.06760194537972312,0.14556677890011227,0.0602693602693603,0.1471380471380471,0.05368499812944257,0.14852225963337076,0.048447437336326234,0.14956977179199404,0.04320987654320992,0.15061728395061724,0.037972315750093556,0.15166479610924055,0.03402543958099516,0.1522820800598578,0.030359147025813688,0.15280583613916945,0.02669285447063227,0.1533295922184811,0.023325851103628913,0.15385334829779274,0.020707070707070716,0.1543771043771044,0.018088290310512522,0.15490086045641605,0.015469509913954377,0.1554246165357277,0.013636363636363655,0.15594837261503924,0.012065095398428732,0.1564721286943509,0.01049382716049381,0.15699588477366255,0.00903479236812572,0.1574074074074074,0.007987280209502422,0.1574074074074074,0.006939768050879175,0.1574074074074074,0.005892255892255902,0.1574074074074074,0.004844743733632629,0.1574074074074074,0.0037972315750093555,0.1574074074074074,0.002749719416386082,0.1574074074074074,0.0017770295548073436,0.1574074074074074,0.0012532734754956939,0.1574074074074074,0.0007295173961840573,0.1574074074074074,0.00020576131687243383,0.1574074074074074,0.0,0.1574074074074074,0.0,0.1574074074074074,0.0,0.1574074074074074,0.0,0.1574074074074074,0.0,0.1574074074074074,0.0,0.1574074074074074,0.0,0.1574074074074074,0.0,0.1574074074074074,0.0,0.1574074074074074,0.0,0.1574074074074074,0.0,0.1574074074074074
Slash,0.0,0.16353383458646617,0.0,0.16353383458646617,0.0,0.16353383458646617,0.0,0.16353383458646617,0.0,0.16353383458646617,0.0,0.16353383458646617,0.0,0.16353383458646617,0.0,0.16353383458646617,0.0,0.16353383458646617,0.0,0.16353383458646617,0.0,0.16353383458646617,0.0,0.16353383458646617,0.0,0.16353383458646617,0.0,0.16353383458646617,0.00041771094402674535,0.16353383458646617,0.0012531328320801827,0.16353383458646617,0.0020885547201336735,0.16353383458646617,0.0029239766081871374,0.16353383458646617,0.0037593984962406013,0.16353383458646617,0.00543024227234753,0.1631161236424394,0.007101086048454485,0.16269841269841268,0.008771929824561412,0.16228070175438594,0.01044277360066834,0.16186299081035918,0.013157894736842105,0.16102756892230569,0.016917293233082706,0.15977443609022557,0.020676691729323307,0.15852130325814542,0.02443609022556391,0.1572681704260652,0.02819548872180451,0.15601503759398497,0.034878863826232225,0.1535087719298246,0.04156223893065996,0.15100250626566422,0.0482456140350877,0.14849624060150377,0.05492898913951544,0.1459899749373434,0.06453634085213032,0.14243943191311612,0.07706766917293233,0.13784461152882208,0.08959899749373432,0.13324979114452798,0.10213032581453636,0.12865497076023394,0.11466165413533834,0.12406015037593984,0.14055973266499572,0.11570593149540521,0.16645781119465328,0.10735171261487046,0.19235588972431075,0.09899749373433588,0.21825396825396826,0.09064327485380112,0.2477025898078529,0.08354218880534667,0.28070175438596473,0.07769423558897245,0.3137009189640768,0.07184628237259817,0.3467000835421887,0.06599832915622396,0.37969924812030076,0.06015037593984962,0.41812865497076,0.05597326649958228,0.4565580618212198,0.05179615705931493,0.49498746867167903,0.04761904761904758,0.5334168755221385,0.043441938178780344,0.5689223057644109,0.04030910609857975,0.601503759398496,0.038220551378446134,0.6340852130325814,0.03613199665831246,0.6666666666666666,0.034043441938178785,0.6992481203007519,0.03195488721804511,0.7222222222222221,0.03070175438596493,0.7451963241436924,0.02944862155388475,0.7681704260651628,0.02819548872180451,0.791144527986633,0.02694235588972433,0.8107769423558897,0.025898078529657465,0.8270676691729323,0.025062656641603974,0.8433583959899749,0.024227234753550538,0.8596491228070174,0.0233918128654971,0.8759398496240601,0.022556390977443608,0.8863826232247285,0.021303258145363373,0.8968253968253967,0.020050125313283245,0.9072681704260651,0.018796992481203006,0.9177109440267334,0.017543859649122823,0.9262740183792815,0.016290726817042644,0.9329573934837093,0.015037593984962405,0.939640768588137,0.013784461152882224,0.9463241436925648,0.01253132832080204,0.9530075187969925,0.011278195488721804,0.9571846282372597,0.010442773600668366,0.9613617376775272,0.009607351712614877,0.9655388471177944,0.008771929824561386,0.9697159565580619,0.007936507936507948,0.9730576441102756,0.007101086048454458,0.9755639097744361,0.00626566416040102,0.9780701754385963,0.00543024227234753,0.9805764411027568,0.0045948203842940925,0.9830827067669173,0.0037593984962406013,0.9847535505430243,0.003341687552213856,0.9864243943191312,0.002923976608187111,0.988095238095238,0.0025062656641604186,0.989766081871345,0.0020885547201336735,0.9912280701754387,0.001670843776106928,0.9924812030075187,0.0012531328320801827,0.9937343358395989,0.0008354218880534907,0.9949874686716791,0.00041771094402674535,0.9962406015037594,0.0,0.996658312447786,0.0,0.9970760233918127,0.0,0.9974937343358398,0.0,0.9979114452798664,0.0,0.9983291562238931,0.0,0.9987468671679196,0.0,0.9991645781119465,0.0,0.9995822890559733,0.0,1.0,0.0
