label,x0,y0,x1,y1,x2,y2,x3,y3,x4,y4,x5,y5,x6,y6,x7,y7,x8,y8,x9,y9,x10,y10,x11,y11,x12,y12,x13,y13,x14,y14,x15,y15,x16,y16,x17,y17,x18,y18,x19,y19,x20,y20,x21,y21,x22,y22,x23,y23,x24,y24,x25,y25,x26,y26,x27,y27,x28,y28,x29,y29
Circle,0.19590873328088138,0.14260424862313142,0.19590873328088138,0.13690007867820617,0.19590873328088138,0.12214791502753745,0.22482297403619225,0.08123524783634933,0.2877655389457124,0.03225806451612908,0.4055861526357201,0.00019669551534229497,0.5692368214004723,0.018686073957513805,0.7541306058221874,0.08988985051140837,0.9016522423288752,0.23544453186467357,0.9891817466561766,0.4535798583792291,0.9614476789929193,0.6750590086546027,0.8442171518489381,0.8389063729346974,0.6410306845003934,0.9472856018882773,0.38001573564122765,1.0,0.16581431943351704,0.9647915027537376,0.05251770259638108,0.8597560975609759,0.0,0.6890243902439027,0.025963808025177098,0.48288749016522453,0.0987411487018097,0.2913060582218724,0.1862706530291112,0.1522423288749016,0.29425649095200646,0.07081038552321015,0.40853658536585424,0.025767112509834725,0.4887883556254921,0.01711250983477577,0.5281274586939421,0.01711250983477577,0.5468135326514558,0.01711250983477577,0.5576317859952794,0.011408339889850514,0.5666797797010231,0.003933910306845007,0.5654996066089696,0.0,0.5546813532651457,0.0,0.5438630999213221,0.0
Circle,0.580550853977535,0.08478227419603016,0.590244653023542,0.0821664871518695,0.633482074165256,0.07585782428065857,0.6979535313125094,0.07585782428065857,0.8070472380366213,0.11940298507462688,0.9293737498076629,0.2714263732881982,1.0,0.5282351130943224,0.9216802585013079,0.7565779350669335,0.6910293891367902,0.9067548853669795,0.31281735651638737,0.9442991229419913,0.06770272349592238,0.8341283274349901,0.0,0.5920910909370669,0.07785813202031089,0.3406677950453916,0.22049546084012905,0.14417602708108945,0.40344668410524726,0.040006154793044986,0.565933220495461,0.0018464379135251336,0.6453300507770426,0.0,0.6784120633943685,0.0,0.6990306200953993,0.0,0.7099553777504232,0.005077704262194197,0.7099553777504232,0.008924449915371595,0.7099553777504232,0.008924449915371595,0.7099553777504232,0.008924449915371595,0.7099553777504232,0.008924449915371595,0.7099553777504232,0.008924449915371595,0.7099553777504232,0.008924449915371595,0.7099553777504232,0.008924449915371595,0.7099553777504232,0.008924449915371595,0.7099553777504232,0.008924449915371595,0.7099553777504232,0.008924449915371595
Circle,0.682470455824423,0.07751828925154755,0.6783905458638153,0.07442318514350027,0.6783905458638153,0.07343837929093978,0.6783905458638153,0.06935846933033202,0.6783905458638153,0.06935846933033202,0.6783905458638153,0.06935846933033202,0.6914743950478333,0.06935846933033202,0.7346651660101291,0.07850309510410804,0.8128868880135057,0.12169386606640399,0.8998311761395607,0.22805289814293753,0.9449915588069777,0.3902644907146875,0.952729319077096,0.5862408553742262,0.8498874507597073,0.7967079347214403,0.6959763646595385,0.9334552616769837,0.4255768148564996,1.0,0.20723128868880125,0.9734102419808666,0.06781091727630814,0.8642374788970174,0.0,0.6845807540799101,0.02391671356218344,0.490855374226224,0.09243106359032055,0.31133933595948204,0.20624648283624053,0.17234102419808686,0.3501688238604386,0.07273494653911093,0.5049240292628023,0.019836803601575675,0.6460326392796848,0.0,0.7521102982554865,0.00984805852560493,0.8120427687113111,0.028137310073156993,0.8452447945976362,0.04262802476083287,0.8618458075407989,0.048958919527293185,0.8711311198649407,0.048958919527293185,0.8783061339335958,0.048958919527293185
Circle,0.5071419036176745,0.015485248965425176,0.5071419036176745,0.01348284608196501,0.5071419036176745,0.011480443198504841,0.5071419036176745,0.007742624482712588,0.5071419036176745,0.007742624482712588,0.5071419036176745,0.00547323454812445,0.542918168468829,0.0,0.696969696969697,0.017354158323321302,0.8917367507675878,0.1141369643572286,1.0,0.3317314110265651,0.9203043652382858,0.5708183153117075,0.6760112134561472,0.7392871445734881,0.32211987718595664,0.817647844079562,0.0917100520624748,0.7733279935923107,0.0,0.6104658924042186,0.05353090375116813,0.3990121479108261,0.20824989987985573,0.22507008410092122,0.40822320117474276,0.11560539313843293,0.6255506607929516,0.06728073688426112,0.7527699906554531,0.0619409958617007,0.7858763849953276,0.065812308103057,0.7858763849953276,0.065812308103057,0.7858763849953276,0.065812308103057,0.7858763849953276,0.065812308103057,0.7858763849953276,0.065812308103057,0.7858763849953276,0.065812308103057,0.7802696569216393,0.065812308103057,0.7742624482712588,0.065812308103057,0.7646509144306501,0.065812308103057,0.7626485115471899,0.065812308103057
Circle,0.5555716562816982,0.07143892189537748,0.5555716562816982,0.07143892189537748,0.5555716562816982,0.07143892189537748,0.5555716562816982,0.07143892189537748,0.5555716562816982,0.07143892189537748,0.5567309085639762,0.06723663237211998,0.5754238516157079,0.06723663237211998,0.6464280539052312,0.06723663237211998,0.7543834226923635,0.09317490218808873,0.8847993044486304,0.17461237501811325,0.9630488335023909,0.3161860599913057,1.0,0.5067381538907406,0.9329082741631648,0.6800463700912912,0.8104622518475585,0.7951021591073759,0.6073032893783508,0.8608897261266482,0.38124909433415444,0.8748007535139837,0.19576872916968563,0.8285755687581512,0.07433705260107237,0.74235618026373,0.00782495290537602,0.6107810462251849,0.0,0.4605129691349081,0.04723953050282567,0.3157513403854513,0.13273438632082316,0.19374003767569903,0.24648601651934493,0.10447761194029843,0.3803796551224463,0.044776119402985044,0.5094913780611505,0.0130415881756267,0.6183161860599912,0.0,0.6907694537023621,0.004347196058542274,0.7197507607593103,0.011302709752209827,0.734965946964208,0.012606868569772497,0.7446746848282857,0.012606868569772497
Circle,0.7486025903203817,0.08616223585548742,0.7486025903203817,0.0823449216087253,0.7486025903203817,0.07852760736196322,0.7525562372188138,0.0747102931152011,0.7559645535105658,0.07430129516019089,0.7565098841172461,0.07430129516019089,0.7565098841172461,0.07430129516019089,0.7565098841172461,0.07430129516019089,0.7565098841172461,0.07430129516019089,0.7565098841172461,0.07430129516019089,0.7565098841172461,0.07430129516019089,0.7589638718473075,0.07430129516019089,0.7783231083844581,0.07661895023858213,0.8599863667348329,0.11152010906612128,0.9627811860940696,0.2299931833674165,1.0,0.4494887525562371,0.8594410361281527,0.6826175869120652,0.5978186775732787,0.8013633265167007,0.320109066121336,0.8046353101567825,0.11915473755964552,0.7299250170415813,0.01376959781867778,0.5889570552147237,0.0,0.41799591002044995,0.08684389911383772,0.25385139740967977,0.2091342876618949,0.1277436946148604,0.3847307430129511,0.049761417859577495,0.5596455351056575,0.00599863667348337,0.6997955010224945,0.0,0.810633946830266,0.019768234492160926,0.883844580777096,0.042944785276073656,0.9225630538513974,0.058486707566462195
Circle,0.7157246782316731,0.019026301063234417,0.7116675993284834,0.019026301063234417,0.7116675993284834,0.019026301063234417,0.7116675993284834,0.019026301063234417,0.7116675993284834,0.019026301063234417,0.7129266927811972,0.019026301063234417,0.7368494683827643,0.025181869054280877,0.8108561835478454,0.060996082820369196,0.9199776161163962,0.15109121432568545,1.0,0.3038612199216562,0.9988808058198095,0.5240626748740905,0.8580022383883604,0.7276161163961946,0.5895355344152211,0.838975937325126,0.31645215444879665,0.8496082820369334,0.1229714605484052,0.7523782876329044,0.02098489087856736,0.5937325125909346,0.0,0.4010912143256856,0.04994404029099031,0.23768886401790706,0.15095131505316145,0.1175153889199777,0.29616675993284836,0.040710688304420733,0.44725797425853364,0.0008393956351426575,0.5917739227756015,0.0,0.6818690542809178,0.030498041410184567,0.7284555120313373,0.06491326245103514,0.7565752658086178,0.08268047006155563,0.7707050923335198,0.08393956351426968,0.772523782876329,0.08393956351426968,0.772523782876329,0.07988248461107997,0.772523782876329,0.07988248461107997,0.7765808617795187,0.07988248461107997
Circle,0.728148930551888,0.15236334829680487,0.7215473989965672,0.15236334829680487,0.713229469236863,0.15236334829680487,0.7045154475838395,0.15236334829680487,0.7013467124372854,0.15236334829680487,0.7318457882228676,0.15236334829680487,0.8115922894111434,0.16794296276736206,0.8997887509902298,0.2293372062318458,0.9668603115922892,0.350145233694217,0.9902297332981251,0.5257459730657511,0.9156324267229997,0.7286770530763136,0.7395035648270398,0.8773435437021391,0.45642989173488246,0.9413783997887512,0.21890678637443903,0.89978875099023,0.06601531555320835,0.7911275415896489,0.0,0.6194877211513075,0.014127277528386535,0.4325323475046213,0.07380512278848696,0.27409559017692114,0.1840506997623445,0.15038288883020878,0.34988117243200395,0.06297861103776102,0.5141272775283862,0.016767890150515007,0.6597570636387641,0.0,0.7739635595458146,0.017296012674940575,0.8426194877211513,0.061394243464483765,0.8929231581726961,0.11948772115130715,0.9368893583311328,0.1700554528650646,0.9667282809611828,0.2064959070504357,0.985080538684975,0.2255083179297597,0.9933984684446794,0.23765513599155008,1.0,0.2442566675468709
Circle,0.9651087658841265,0.3411587335774283,0.9598320051690715,0.3411587335774283,0.9588628042214085,0.3411587335774283,0.9588628042214085,0.3411587335774283,0.9612319620934742,0.3411587335774283,0.9651087658841265,0.34848158518199435,0.963816497953909,0.37357312082705135,0.9298944647856989,0.4496015507215162,0.8295283222054706,0.5656902864527243,0.6617488692655609,0.6574413094981693,0.40878742192547907,0.7070859358173595,0.20697824682317448,0.6869480939048028,0.07602842989446484,0.6183502046090891,0.0013999569244024666,0.5030152918371742,0.0,0.36086581951324576,0.06009045875511521,0.22162395003230664,0.1683178979108334,0.10844281714408786,0.3070213224208488,0.03833728192978672,0.45864742623303917,0.0,0.6191040275683826,0.0033383588197286942,0.780206762868835,0.05545983200516918,0.8939263407279776,0.13418048675425387,0.9631703639888005,0.22227008399741563,1.0,0.31197501615334927,0.9908464354942925,0.39511091966401013,0.9435709670471677,0.4688778806805943,0.8802498384665087,0.529291406418264,0.8258668964031874,0.5733362050398448,0.7925909972000861,0.6042429463708808,0.7746069351712254,0.6222270083997414
Circle,0.8110389610389611,0.822987012987013,0.8110389610389611,0.822987012987013,0.8110389610389611,0.822987012987013,0.8110389610389611,0.8196103896103895,0.8072727272727274,0.8154545454545454,0.8035064935064936,0.8154545454545454,0.8035064935064936,0.8154545454545454,0.8035064935064936,0.8240259740259741,0.7632467532467532,0.860909090909091,0.61,0.8948051948051948,0.37051948051948064,0.8872727272727273,0.16272727272727291,0.8015584415584416,0.02909090909090928,0.6472727272727273,0.0,0.44259740259740277,0.07363636363636389,0.23584415584415577,0.21818181818181834,0.08766233766233764,0.4142857142857141,0.005194805194805198,0.6377922077922081,0.0,0.8132467532467534,0.08129870129870131,0.9257142857142859,0.21623376623376622,0.9727272727272728,0.36922077922077917,0.9592207792207792,0.5305194805194804,0.8914285714285716,0.6962337662337661,0.785714285714286,0.818051948051948,0.6663636363636367,0.9003896103896102,0.5574025974025978,0.9611688311688311,0.45350649350649386,0.993246753246753,0.39948051948051955,1.0,0.3815584415584416,1.0,0.377922077922078,1.0
Circle,0.46404357007891517,0.8403912415249527,0.46404357007891517,0.8403912415249527,0.46404357007891517,0.8403912415249527,0.466377681449372,0.8403912415249527,0.46726686673335555,0.8467266866733355,0.4153606757808157,0.8526175391797266,0.2746471045904192,0.8116038679559854,0.12081805046126486,0.7200177837056798,0.021451594976103168,0.5777481382683118,0.0,0.39402022896521083,0.06235411803934634,0.2147382460820275,0.19562076247638097,0.0834722685339558,0.39313104368122687,0.014338112704234822,0.5944203623430028,0.0,0.7649216405468489,0.03956874513726791,0.9054129154162498,0.15316216516616646,0.9826608869623207,0.3112148493942423,1.0,0.47382460820273387,0.9309769923307771,0.6305435145048345,0.8240524619317552,0.7610314549294208,0.6696676670001114,0.8391686117594753,0.5185061687229079,0.8726242080693565,0.40591308213849053,0.8569523174391465,0.3205512948760699,0.8136045348449484,0.2649772146270979,0.778592864288096,0.23830165610759138,0.7595865288429476,0.23518950761364896,0.7492497499166388,0.23518950761364896,0.746915638546182,0.23518950761364896,0.746915638546182,0.23518950761364896,0.746915638546182
Circle,0.12850254137886097,0.8974325557148444,0.12850254137886097,0.8974325557148444,0.12850254137886097,0.8974325557148444,0.124723054867718,0.8974325557148444,0.1146878665450279,0.8911768539032973,0.07480776749641606,0.835657500325818,0.026586732699074602,0.7289195881662976,0.008862244233024976,0.5413788609409621,0.061253746904730844,0.32412355011077815,0.179590772839828,0.14766062817672354,0.3812068291411446,0.037403883748207974,0.6070637299622051,0.0,0.8035970285416397,0.0668578131109084,0.9421347582431906,0.22911507884790833,1.0,0.43034015378600277,0.973804248664147,0.6380815847777924,0.851948390460055,0.8103740388374822,0.692297667144533,0.9092923237325687,0.5159650723315521,0.9547764889873586,0.34966766584126185,0.9581649941352797,0.19575133585299087,0.92506190538251,0.08784047960380556,0.8769711977062429,0.037012902384986356,0.8206698814023199,0.0169425257396064,0.786784829923107,0.007689300143359757,0.7728398279682003,0.0,0.7689300143359834,0.0,0.7637169294930277,0.0,0.7575915548025545,0.0,0.7575915548025545,0.0,0.7575915548025545
Circle,0.04247104247104247,0.4749034749034749,0.03395020636399951,0.47410464651843964,0.02702702702702703,0.47104247104247104,0.02702702702702703,0.4647849820263613,0.02702702702702703,0.46332046332046334,0.02702702702702703,0.46332046332046334,0.02702702702702703,0.46332046332046334,0.023565437358540896,0.46158966848622024,0.012914392224737026,0.43016908534149906,0.03594727732658762,0.327919052056983,0.13606710158434318,0.18958860338170674,0.3095459992011713,0.10065237651444554,0.5386766076421249,0.06936493143389695,0.7654107309279725,0.12581547064305687,0.9171881240846759,0.28078817733990136,0.9872187458394355,0.5266941818665959,0.9368925575822129,0.7852483024896817,0.7608840367461059,0.952602849154573,0.5334842231393953,1.0,0.31913193982159516,0.9483424311010519,0.15470643056849936,0.8414325655704965,0.0459326321395286,0.7070962588203966,0.0,0.5523898282518974,0.02529623219278396,0.40194381573691906,0.11037145519904137,0.2684063373718547,0.23392357875116482,0.1593662628145388,0.36559712421781404,0.08094794301690851,0.4843562774597257,0.029556650246305445,0.5511915856743441,0.005458660631074458,0.583011583011583,0.0
Circle,0.6455730581205866,0.020505160239000533,0.6416349809885932,0.016567083107007052,0.6395980445410103,0.016567083107007052,0.6376969038565996,0.016567083107007052,0.6376969038565996,0.016567083107007052,0.6439435089625204,0.016567083107007052,0.678299837045084,0.016567083107007052,0.7493210211841391,0.04087452471482888,0.8504888647474197,0.10755024443237368,0.9380771319934816,0.23139598044541004,0.9839760999456816,0.40181966322650714,0.9918522542096686,0.6046985334057577,0.9410646387832702,0.7978001086366104,0.7721347093970667,0.9333242802824553,0.5491580662683324,1.0,0.33351439435089597,0.9985062466051058,0.16716458446496466,0.9265344921238459,0.06015752308527988,0.8119228680065184,0.00393807713199337,0.6491037479630636,0.0,0.47759369907658866,0.051195002715915046,0.3173546985334061,0.13063552417164578,0.18291689299293873,0.2521727322107551,0.09030418250950567,0.3951656708310702,0.02960347637153714,0.5294676806083648,0.0,0.635795763172189,0.0006789788158609317,0.6998913633894622,0.014394350896252036,0.7398153177620858,0.026344378055404648,0.7567897881586094,0.03231939163498098,0.7597772949483976,0.03231939163498098
Circle,0.7481289971424683,0.011838345353109264,0.7481289971424683,0.011838345353109264,0.7481289971424683,0.011838345353109264,0.7515308205197987,0.011838345353109264,0.7734385630698053,0.013743366444414188,0.8192951421962171,0.030072118655599365,0.891822016600898,0.08273234453667161,0.9602667029527826,0.18369846237583345,1.0,0.3204517621445094,0.9946931555313647,0.48863790991971673,0.906109674785685,0.643761055925976,0.742822152673833,0.7520751122601714,0.498979452986801,0.8077289427132942,0.29119608109946954,0.8073207239080147,0.14124370662675195,0.74989794529868,0.049258402503741985,0.6372295550415021,0.0,0.4992515988569874,0.03374608790311611,0.352428901891414,0.12300993332426172,0.21268199755068737,0.22520070757926253,0.11008300449040687,0.34834671383861726,0.04776160021771684,0.4864607429582258,0.011430126547829626,0.609198530412301,0.0,0.7098925023812762,0.0111579806776432,0.7760239488365764,0.03034426452578579,0.8115389848959043,0.04354333922982716,0.8320859980949786,0.05184378827051297,0.8448768539937406,0.05524561164784324,0.852224792488774,0.05524561164784324,0.8546741053204517,0.05524561164784324
Circle,0.8482679645004296,0.10721442885771547,0.8441168050386488,0.10721442885771547,0.8330947609504724,0.10721442885771547,0.8376753507014029,0.10921843687374752,0.9138276553106213,0.1750644145433725,1.0,0.42212997423418275,0.9251359862582309,0.7347552247351848,0.5944746636129403,0.9122530775837391,0.2125679931291155,0.9292871457200118,0.030346407099914176,0.7595190380761526,0.0,0.4876896650443747,0.10993415402233027,0.2456341253936446,0.29072430575436586,0.08960778700257668,0.5261952476381336,0.01159461780704264,0.7204408817635272,0.0,0.8388204981391353,0.041082164328657224,0.9238476953907817,0.09977097051245347,0.9692241626109362,0.14514743773260813,0.984826796450043,0.15702834239908392,0.9852562267391929,0.15702834239908392,0.9852562267391929,0.15702834239908392,0.9852562267391929,0.15702834239908392,0.9852562267391929,0.15702834239908392,0.9852562267391929,0.15702834239908392,0.9852562267391929,0.15702834239908392,0.9852562267391929,0.15702834239908392,0.9852562267391929,0.15702834239908392,0.9852562267391929,0.15702834239908392,0.9803893501288293,0.15702834239908392,0.9769539078156314,0.16117950186086463
Circle,0.29070152217074785,0.01406353408338848,0.29070152217074785,0.009265387160820643,0.29070152217074785,0.009265387160820643,0.29070152217074785,0.009265387160820643,0.29070152217074785,0.009265387160820643,0.29334877564526807,0.00794176042356052,0.3271012574454002,0.0,0.43729318332230316,0.005294506949040347,0.6088682991396427,0.03408338848444736,0.8050959629384513,0.1270681667769689,0.9440767703507613,0.28656518861681024,0.9768365320979484,0.5334215751158176,0.9106551952349438,0.7824288550628724,0.6929185969556584,0.9316677696889477,0.3985771012574454,1.0,0.17620780939774996,0.9523494374586368,0.051786896095301044,0.8125413633355396,0.0,0.6068828590337526,0.03524156187954994,0.41594970218398414,0.11234281932495015,0.2627399073461285,0.22137657180675052,0.15883520847121105,0.3368630046326937,0.10258107213765713,0.41495698213103893,0.07048312375909994,0.4596293845135674,0.05211780277961614,0.47998014559894103,0.044176042356055614,0.49404367968232943,0.036234281932495026,0.5018199867637326,0.028292521508934437,0.5018199867637326,0.020350761085373918,0.5018199867637326,0.012409000661813396,0.5018199867637326,0.009265387160820643
Circle,0.5723387723387724,0.10365190365190366,0.5723387723387724,0.10365190365190366,0.5723387723387724,0.10365190365190366,0.5723387723387724,0.10365190365190366,0.5723387723387724,0.10365190365190366,0.5723387723387724,0.10365190365190366,0.5723387723387724,0.09914529914529915,0.586946386946387,0.09914529914529915,0.678010878010878,0.10318570318570315,0.7961149961149961,0.12867132867132866,0.9241647241647243,0.22222222222222218,1.0,0.387878787878788,0.9818181818181818,0.6158508158508159,0.8537684537684538,0.8170940170940172,0.5972027972027976,0.9257187257187257,0.3202797202797204,0.9466977466977468,0.12944832944832957,0.8773892773892775,0.027505827505827616,0.7146853146853148,0.0,0.5209013209013214,0.044133644133644186,0.3308469308469308,0.13581973581973572,0.1785547785547787,0.2553224553224555,0.0823620823620823,0.39393939393939387,0.032323232323232344,0.5291375291375289,0.006060606060606094,0.6228438228438229,0.0,0.6724164724164724,0.006993006993006983,0.6996114996114997,0.01351981351981352,0.7177933177933179,0.01351981351981352,0.7255633255633256,0.01351981351981352,0.7255633255633256,0.01351981351981352
Circle,0.6332108743570903,0.008523144746509918,0.6332108743570903,0.008523144746509918,0.6289493019838354,0.008523144746509918,0.6289493019838354,0.008523144746509918,0.6289493019838354,0.008523144746509918,0.6329169728141072,0.008523144746509918,0.6802351212343865,0.014254224834680381,0.7728141072740632,0.048493754592211544,0.9206465833945627,0.15870683321087434,1.0,0.3654665686994854,0.9807494489346069,0.6216017634092577,0.810139603232917,0.8168993387215281,0.5034533431300515,0.9209404849375459,0.2285084496693606,0.9347538574577516,0.0714180749448937,0.8464364437913299,0.0,0.6718589272593681,0.003232916972814115,0.4814107274063189,0.08420279206465846,0.31065393093313737,0.21689933872152817,0.17590007347538586,0.3698750918442324,0.09360764144011752,0.5112417340191034,0.04276267450404117,0.6022042615723733,0.016164584864070516,0.6454077883908889,0.004408523144746513,0.6658339456282146,0.0,0.6787656135194708,0.0,0.6843497428361499,0.0,0.6843497428361499,0.0,0.6843497428361499,0.0,0.6843497428361499,0.0,0.6843497428361499,0.0
Circle,0.7123732778788667,0.026124252664413827,0.7123732778788667,0.022355081881985962,0.7123732778788667,0.022355081881985962,0.7123732778788667,0.021185339225370418,0.7223810761632443,0.014816740317130228,0.7581232128931638,0.016766311411489484,0.8506628541720824,0.05471796204834933,0.9507408370158567,0.1722121133350662,1.0,0.3766571354302054,0.9750454899922021,0.625162464257863,0.7869768650896802,0.8158305172861972,0.46971666233428666,0.9139589290356123,0.19677670912399292,0.9036911879386537,0.05224850532882765,0.7941252924356642,0.0,0.6024174681570056,0.03210293735378219,0.3962828177800884,0.13504029113595006,0.2179620483493632,0.278658695087081,0.09448921237327779,0.4521705224850529,0.02924356641538868,0.600857811281518,0.0,0.6837795684949314,0.0,0.7218611905380817,0.0072783987522744955,0.7397972446061866,0.0072783987522744955,0.7425266441382897,0.0072783987522744955,0.7425266441382897,0.0072783987522744955,0.7425266441382897,0.0072783987522744955,0.7425266441382897,0.0072783987522744955,0.7425266441382897,0.0072783987522744955,0.7459059007018458,0.0072783987522744955,0.7462958149207176,0.0072783987522744955
Circle,0.39762823260465774,0.041434490641520216,0.3956279468495499,0.041434490641520216,0.3934847835405057,0.041434490641520216,0.3934847835405057,0.041434490641520216,0.3934847835405057,0.041434490641520216,0.3934847835405057,0.041434490641520216,0.3934847835405057,0.041434490641520216,0.4143449064152021,0.041434490641520216,0.4884983569081296,0.041434490641520216,0.6013716245177884,0.056865266466638094,0.7209601371624517,0.11158736962423202,0.8382626089441348,0.2256036576653807,0.9111301614516357,0.39605657951135903,0.8852693241891697,0.6283754822117449,0.7926846692384624,0.8182597513930563,0.5987998285469348,0.937991141591656,0.38976996713816237,1.0,0.21717388198314036,0.9841405915130732,0.09915702243177589,0.9047006715245033,0.02871838834119153,0.7818259751393055,0.0,0.6228032576082297,0.0032861837405344023,0.4627803971995996,0.04786398056865259,0.3204743534790685,0.12687526789541373,0.1965995142163165,0.22760394342048904,0.11415916559508475,0.33147592513216173,0.06043720531504496,0.4122017431061582,0.028146878125446414,0.4604943563366194,0.012287469638519784,0.48692670381483066,0.0061437348192598775,0.5053579082726103,0.0
Circle,0.5919624523320622,0.0,0.5877090055734819,0.0,0.5877090055734819,0.0,0.5877090055734819,0.0,0.5877090055734819,0.0,0.5896157230859489,0.0,0.6082428864769728,0.0,0.6619243179818128,0.0,0.7396597242593136,0.015253740099736018,0.8374889997066591,0.08125550014667068,0.9439718392490469,0.20431211498973323,1.0,0.3870636550308011,0.9548254620123204,0.6299501320035199,0.8285420944558524,0.8260486946318568,0.5626283367556469,0.919771193898504,0.31842182458198875,0.9127310061601644,0.1386036960985625,0.8351422704605457,0.031827515400410546,0.6862716339102376,0.0,0.5107069521853915,0.043414491053094834,0.34379583455558804,0.12540334408917583,0.19961865649750643,0.23775300674684677,0.0965092402464064,0.3569961865649753,0.03886770313875029,0.4683191551774718,0.010266940451745327,0.5492813141683778,0.0,0.5960692285127603,0.0,0.6208565561748314,0.0,0.6328835435611617,0.0,0.6387503666764447,0.0,0.6387503666764447,0.0
Circle,0.6818978298962124,0.007817765197465965,0.6818978298962124,0.003908882598732982,0.6779889472974794,0.003908882598732982,0.6779889472974794,0.003908882598732982,0.6767758458013208,0.003908882598732982,0.6740800646987464,0.003908882598732982,0.6740800646987464,0.003908882598732982,0.6740800646987464,0.0,0.6852675562744304,0.0,0.7289392101361369,0.0017522577166734154,0.7979512063620435,0.031405849844992666,0.9216875589702116,0.13788920339668437,1.0,0.3168890686076293,0.9875994069281573,0.5737970076829763,0.8660196792020486,0.7758458013209327,0.6452352069011993,0.8933818573931795,0.3635260816821672,0.9498584714921147,0.1532551556813586,0.9192613559778944,0.04218897425529028,0.812508424315945,0.0,0.6484701442242887,0.0328885294514088,0.46596576357999675,0.12804960237228746,0.3040841083704002,0.2508424315945547,0.18493058363660844,0.38347486184121865,0.10850518937862239,0.5158377139776255,0.06523790268230213,0.6165251381587815,0.04542391157837982,0.6843240328885295,0.03706699016039895,0.7211214449386709,0.029923170238576623,0.7372961315541177,0.022779350316754262,0.7444399514759401,0.01954441299366491
Circle,0.6733311302048908,0.004791804362194315,0.6733311302048908,0.0,0.6733311302048908,0.0,0.6733311302048908,0.0,0.6688697951090549,0.0,0.6685393258426965,0.0,0.6685393258426965,0.0,0.6872108393919363,0.0,0.7227362855254461,0.0,0.7714805023132847,0.034038334434897524,0.8757435558493059,0.10988103106411108,0.958360872438863,0.2199272967614011,1.0,0.3777263714474557,0.962822207534699,0.5675809649702579,0.8522802379378714,0.7485128883013881,0.6832452081956372,0.871612690019828,0.4307666886979509,0.9360541969596826,0.2192663582286847,0.9332452081956376,0.07898215465961662,0.8641771315267677,0.0,0.7341374752148049,0.006939854593522881,0.5715465961665565,0.04742233972240597,0.4132518175809646,0.12442167878387303,0.27709847984137476,0.2217448777263717,0.16754791804362187,0.34253139458030446,0.1049239920687374,0.4626569729015204,0.06576338400528747,0.5639458030403174,0.03998678122934563,0.645736946463979,0.023793787177792458,0.6905155320555189,0.016688697951090525,0.721249173826834,0.00958360872438863
Circle,0.5173574211831385,0.061636556854410204,0.5173574211831385,0.061636556854410204,0.5173574211831385,0.05650017711654269,0.5173574211831385,0.05650017711654269,0.5173574211831385,0.05650017711654269,0.5173574211831385,0.05242649663478571,0.5201912858661,0.0485299326957138,0.5292242295430394,0.041091037902940136,0.5382571732199786,0.041091037902940136,0.5472901168969183,0.041091037902940136,0.5756287637265319,0.041091037902940136,0.6344314558979809,0.05154091392136026,0.7467233439603258,0.09883103081827835,0.8912504427913568,0.2249380092100603,0.9845908607863975,0.4174636911087495,1.0,0.6432872830322354,0.8761955366631246,0.8639744952178534,0.6006021962451299,0.990081473609635,0.3561813673397097,0.9932695713779668,0.17304286220332973,0.8978037548707049,0.053134962805526154,0.727948990435707,0.0,0.5371944739638683,0.02143110166489541,0.3574211831385051,0.1055614594403118,0.21431101664895486,0.23645058448459064,0.10857244066595836,0.3809776833156216,0.037194473963868255,0.5003542330853701,0.007970244420828894,0.5809422600070845,0.0,0.6289408430747432,0.0,0.6560396741055615,0.0
Circle,0.7593723965565119,0.0,0.7593723965565119,0.0,0.7593723965565119,0.0,0.7593723965565119,0.0,0.7593723965565119,0.0,0.7593723965565119,0.0,0.7599277978339349,0.0,0.7767286864759787,0.0,0.8163010274923631,0.010274923632324344,0.8869758400444321,0.04457095251319084,0.9609830602610384,0.13426825881699536,1.0,0.2781171896695364,0.9912524298805886,0.46459316856428756,0.86295473479589,0.6764787559011385,0.6617606220494305,0.7979727853374062,0.41294084976395423,0.8496251041377394,0.2127186892529851,0.8158844765342959,0.08344904193279619,0.7206331574562621,0.015828936406553442,0.572063315745626,0.0,0.41405165231880015,0.04318244931963341,0.280755345737295,0.11830047209108592,0.1760622049430712,0.2296584282143849,0.10316578728131062,0.3657317411830048,0.05567897806164944,0.48930852540960795,0.03401832824215496,0.6038600388780891,0.03318522632602054,0.6878644820883083,0.04373785059705636,0.7381282976950843,0.050819216884198826,0.7631213551791168,0.05234657039711191,0.7795056928630933,0.05234657039711191
Circle,0.8384356467382593,0.004648180798204841,0.8384356467382593,0.0011219746754287457,0.8384356467382593,0.0,0.8384356467382593,0.0,0.8384356467382593,0.0,0.8384356467382593,0.0,0.8384356467382593,0.0,0.8535021638083028,0.0014425388684083968,0.9014265106587595,0.025805417534861347,0.9629748357108512,0.11428113479724318,1.0,0.2663888443660841,0.9977560506491425,0.4742747235133836,0.9152107709568841,0.7185446385638723,0.7070043276166049,0.8948549447026768,0.40743708927712796,0.9852540471229364,0.1867286424106424,0.9706683763423625,0.061067478762622106,0.8544638563872418,0.0,0.65811828818721,0.02292033979804449,0.4630549767590962,0.11043436448148718,0.292675108190415,0.24010258054175315,0.17246353582304877,0.4083987818560663,0.09552812950793403,0.5571405673986217,0.06331142811347973,0.7023561468184005,0.06924186568360317,0.8042955601859274,0.09120051290270878,0.8607148581503447,0.11123577496393654,0.8903670460009618,0.11957044398140726,0.9057541272639845,0.12085270075332587,0.9139285141849655,0.12085270075332587,0.9174547203077416,0.12085270075332587
Circle,0.7877142372306125,0.0,0.7877142372306125,0.0,0.7877142372306125,0.0,0.7858476158153742,0.0,0.7827931444086202,0.0,0.7827931444086202,0.0,0.8113015442049889,0.0037332428304768456,0.8667911080943492,0.038689971152214536,0.9521466146275239,0.13371797047344294,1.0,0.2849143051077548,0.985915492957746,0.4839640251145424,0.8649244866791104,0.6801289665705074,0.641948073986085,0.8079076870863736,0.36110639742066863,0.8372645511623957,0.1550992703207195,0.7497030375021209,0.044798913965721866,0.5908705243509245,0.0,0.41438995418292873,0.03902935686407594,0.24249109112506362,0.1450873918208043,0.11929407771932798,0.29679280502290883,0.04751399966061424,0.4513829967758356,0.011878499915153613,0.5818768029865944,0.01306634990666896,0.679619888002715,0.031223485491260847,0.7395214661462751,0.050398778211437276,0.7731206516205668,0.05905311386390632,0.7819446801289666,0.05905311386390632,0.7877142372306125,0.05905311386390632,0.7877142372306125,0.05905311386390632,0.7877142372306125,0.05905311386390632,0.7877142372306125,0.05905311386390632
Circle,0.881763180639585,0.15799481417458947,0.8788245462402764,0.15799481417458947,0.875885911840968,0.15799481417458947,0.8679343128781329,0.15799481417458947,0.8599827139152982,0.15799481417458947,0.8566983578219532,0.15799481417458947,0.8618841832324978,0.15799481417458947,0.8993949870354364,0.17009507346585998,0.9391529818496109,0.21573033707865172,0.976145203111495,0.3118409680207434,1.0,0.46430423509075197,0.9628349178910974,0.655834053586863,0.8214347450302505,0.806741573033708,0.5735522904062229,0.8928262748487469,0.3524632670700084,0.9187554019014693,0.16162489196197033,0.8432152117545376,0.045635263612791535,0.718409680207433,0.0,0.5479688850475368,0.005531547104580646,0.37510803802938614,0.05790838375108044,0.227830596369922,0.1642178046672429,0.11944684528954187,0.29818496110630943,0.04840103716508214,0.41884183232497846,0.005185825410544408,0.5521175453759725,0.0,0.6703543647363872,0.02437337942955926,0.7559204840103715,0.07070008643042348,0.8126188418323248,0.12636127917026788,0.8440795159896283,0.1820224719101125,0.8729472774416597,0.22644770959377708,0.8917891097666377,0.25324114088159033
Circle,0.993177554153164,0.4129285348797544,0.9882312809142079,0.4129285348797544,0.9882312809142079,0.4129285348797544,0.9882312809142079,0.4129285348797544,0.9882312809142079,0.4129285348797544,0.9849906191369605,0.4129285348797544,0.9832850076752517,0.40798226164079826,0.9832850076752517,0.40798226164079826,0.9904485758144296,0.4146341463414634,1.0,0.47313661947808294,0.9984649496844621,0.6068565580760703,0.9172778441071124,0.7907214736483031,0.6972539655466488,0.8986866791744841,0.42640286542725536,0.9292171243390754,0.20365000852805723,0.8505884359542897,0.055602933651714134,0.6786628006140198,0.0,0.478082892717039,0.04246972539655477,0.29558246631417334,0.12178065836602436,0.1477059525840012,0.26812212178065836,0.04929217124339072,0.45369264881460003,0.0,0.6114617090226852,0.0034112229234181182,0.7424526692819378,0.06344874637557574,0.848371141054068,0.15640457103871747,0.9126726931604978,0.25191881289442275,0.9478082892717038,0.3411222923418045,0.9694695548354089,0.4200921030189325,0.9733924611973394,0.4813235544942863,0.977656489851612,0.5277161862527716,0.9634999147194271,0.5514241855705271
Circle,0.4786388015535417,0.037543924542260035,0.4786388015535417,0.037543924542260035,0.4786388015535417,0.037543924542260035,0.4786388015535417,0.037543924542260035,0.47364527464398015,0.037543924542260035,0.4656926206769004,0.037543924542260035,0.46254854817828744,0.037543924542260035,0.4551507305344925,0.03014610689846495,0.45182171259478454,0.02219345293138526,0.46106898464952867,0.014240798964305568,0.5407804697614205,0.006288144997225876,0.6289994451636768,0.0,0.7408914370260778,0.01276123543554652,0.8611059737377474,0.07138894026262275,0.9443314222304422,0.18309598668392843,1.0,0.3275383761790273,0.9970408729424822,0.5139633808026635,0.9134455335675974,0.7120399482152765,0.7697429258368782,0.8690586277048272,0.5825781394488625,0.9602367301646015,0.40854447937858324,0.9868688736822638,0.24394303680414248,0.9587571666358422,0.10486406510079534,0.8705381912335862,0.01941927131496193,0.7403366007027925,0.0,0.5923802478268906,0.04753097836138353,0.4431292768633252,0.12206399112261915,0.29887183280932095,0.2130571481412986,0.1912335860921028,0.3271684852968378,0.11725540965415186,0.4464582948030331,0.06972443129276863
Circle,0.5964110377518198,0.030303030303030352,0.5915016082613848,0.025393600812595278,0.5893008295242932,0.025393600812595278,0.5808362959200948,0.025393600812595278,0.5723717623158965,0.025393600812595278,0.5718638902996445,0.025393600812595278,0.5718638902996445,0.025393600812595278,0.5722024716438124,0.025393600812595278,0.5962417470797358,0.025393600812595278,0.6412730658540713,0.02793296089385482,0.7394616556627728,0.0594210259014728,0.8589808701540544,0.1413577111901134,0.9392246487218554,0.2695107499576773,0.9674961909598782,0.4492974437108514,0.9290672083968176,0.6664973759945827,0.8020992043338415,0.8654139156932449,0.5693245302183855,0.9849331301845268,0.31471135940409695,1.0,0.12781445742339628,0.9058743863213138,0.03267309971220603,0.7338750634840027,0.0,0.5427458947012024,0.02522431014051113,0.3477230404604708,0.10208227526663285,0.18825122735737276,0.2094125613678688,0.08159810394447271,0.34332148298628734,0.022854240731335736,0.4748603351955304,0.00033858134416801333,0.5723717623158961,0.0,0.6372100897240559,0.00846453360419845,0.6678517013712544,0.015574741831725124,0.6798713390892162,0.015574741831725124
Circle,0.6197342380548486,0.08608990670059369,0.6197342380548486,0.07972858354537742,0.6193101498445008,0.07789086796720382,0.6156347186881537,0.07789086796720382,0.6106870229007633,0.07789086796720382,0.6074356799547639,0.07789086796720382,0.6112524738478935,0.07379134860050887,0.6444727169918009,0.07379134860050887,0.7107718405428329,0.0904721515408538,0.7982753746112523,0.14602770709640933,0.9057110545660162,0.2555838281029121,0.9783715012722644,0.3962397512015832,1.0,0.5463669776646872,0.9452926208651397,0.6740175289793607,0.8409669211195927,0.7512015832626519,0.6834888323437943,0.7957308453491657,0.5151258128357364,0.8042126095561206,0.3584959004806331,0.7772123268306472,0.22363584959004826,0.7161436245405709,0.10630477806050338,0.6364150409951934,0.032513429459994504,0.5344925077749503,0.0,0.4223918575063613,0.00876448968052034,0.3101498445009892,0.061775515973989295,0.20766186033361594,0.13754594288945432,0.12538874752615214,0.22985581000848196,0.06827820186598801,0.3307888040712469,0.031241164828951073,0.42889454339836014,0.009471303364433187,0.5009895391574781,0.0,0.5459428894543398,0.004099519366694938
Circle,0.6656804733727811,0.029289940828402385,0.6613905325443787,0.029289940828402385,0.6571005917159763,0.029289940828402385,0.6571005917159763,0.02603550295857989,0.6571005917159763,0.02500000000000002,0.6571005917159763,0.02500000000000002,0.6681952662721895,0.02500000000000002,0.716863905325444,0.031065088757396508,0.7810650887573963,0.0642011834319527,0.8619822485207101,0.12618343195266277,0.9300295857988168,0.2257396449704143,0.9755917159763317,0.34467455621301807,1.0,0.4872781065088758,0.9624260355029588,0.6343195266272189,0.8581360946745561,0.7590236686390536,0.6846153846153843,0.8440828402366866,0.46079881656804705,0.8878698224852074,0.25813609467455617,0.8875739644970417,0.1130177514792898,0.8355029585798818,0.027810650887573708,0.7479289940828402,0.0,0.6068047337278107,0.00310650887573962,0.44911242603550316,0.05251479289940828,0.30029585798816527,0.13062130177514814,0.18905325443786966,0.22855029585798822,0.10384615384615382,0.3374260355029585,0.04822485207100598,0.445266272189349,0.013313609467455663,0.5331360946745564,0.0,0.6087278106508875,0.007100591715976361,0.6613905325443787,0.016420118343195282
Circle,0.8201265441398012,0.0,0.8178668273576379,0.0,0.8068695390177765,0.0,0.8002410364567641,0.0,0.7985839108165111,0.0,0.807773425730642,0.0,0.8263031033443808,0.0,0.8528171135884303,0.0,0.8886712865320879,0.011750527267249174,0.9304007231093704,0.053479963844531485,0.9716782163302202,0.12925579993974093,0.9951792708647185,0.23772220548357945,1.0,0.37737270262127126,0.9703223862609222,0.546550165712564,0.8808376016872554,0.6971979511901174,0.7482675504670084,0.8098824947273274,0.5412774932208498,0.8821934317565532,0.33609520940042203,0.9043386562217536,0.16827357637842727,0.8632118107863817,0.05739680626694777,0.7830671889123231,0.0,0.663000903886713,0.004519433564326515,0.5049713769207597,0.057396806266947896,0.34799638445314846,0.1366375414281408,0.2178366978005426,0.24540524254293433,0.12428442301898189,0.36471828864115674,0.06357336547152763,0.49231696294064425,0.029075022597167856,0.6080144621874058,0.013407652907502267,0.7012654413980113,0.02169328110876767,0.7677011147936126,0.03495028623079241
Circle,0.7299421622423253,0.07415097137772504,0.7231202728755746,0.06985021503781698,0.7119976271689159,0.06985021503781698,0.7051757378021651,0.06985021503781698,0.6983538484354146,0.06836719561026251,0.6915319590686638,0.06554945869790893,0.7023580008898117,0.06554945869790893,0.7468485837164468,0.06643927035444165,0.8112116268723119,0.08898116565327006,0.8935192051015868,0.1497849621830046,0.961144890998072,0.25700726679519503,1.0,0.4162835533145487,0.9999999999999998,0.6156013643778734,0.935043749073113,0.7849621830045971,0.7901527510010381,0.9010826041821148,0.588907014681892,0.9556577191161204,0.391813732759899,0.944386771466706,0.2132581936823373,0.8758712739136884,0.08601512679816081,0.773987839240694,0.014236986504523269,0.6546047753225565,0.0,0.5014088684561766,0.0197241583864747,0.3528103218152158,0.07607889663354608,0.22794008601512641,0.1589796826338427,0.1352513717929703,0.26620198724603306,0.0634732314993326,0.38217410648079503,0.02135547975678478,0.4993326412576003,0.0,0.5948390923921104,0.0038558505116417234,0.672845914281477,0.02358000889811655,0.7256414059024173,0.039744920658460615
Circle,0.7103613569321532,0.021386430678466076,0.7103613569321532,0.021386430678466076,0.7103613569321532,0.021386430678466076,0.7103613569321532,0.021386430678466076,0.7103613569321532,0.021386430678466076,0.7103613569321532,0.021386430678466076,0.7103613569321532,0.021386430678466076,0.7184734513274335,0.02341445427728614,0.7547935103244836,0.035951327433628284,0.8287241887905604,0.07356194690265487,0.9105825958702062,0.15025811209439524,0.9646017699115043,0.27046460176991144,1.0,0.42164454277286145,0.9795353982300881,0.6045353982300888,0.9035766961651914,0.7627212389380532,0.738200589970501,0.8670722713864308,0.5518067846607666,0.9190634218289084,0.37168141592920323,0.9183259587020649,0.2162610619469026,0.859697640117994,0.09070796460176987,0.7686209439528023,0.01401179941002934,0.655051622418879,0.0,0.5342920353982298,0.024520648967551423,0.41537610619469034,0.10213864306784673,0.292772861356932,0.20353982300884962,0.20077433628318558,0.32780235988200596,0.12536873156342176,0.476585545722714,0.06784660766961637,0.573008849557522,0.031526548672566324,0.6415929203539823,0.010508849557522081,0.6996681415929201,0.0
Circle,0.6870845204178538,0.004590060145615702,0.6870845204178538,0.004590060145615702,0.6870845204178538,0.002849002849002845,0.6870845204178538,0.0,0.6870845204178538,0.0,0.6870845204178538,0.0,0.6889838556505222,0.0,0.7160493827160495,0.003798670465337083,0.782051282051282,0.03260525482747703,0.8820829376384932,0.1060462171573284,0.9628046850269074,0.23884140550807237,1.0,0.4007597340930677,0.9681861348528016,0.5715416270971826,0.855175688509022,0.7133586578031024,0.671573282684394,0.7951883507439064,0.4824311490978157,0.8293763849319405,0.306900918012029,0.8206710984488764,0.1407090851535295,0.7608420386198164,0.047641658752769746,0.6608103830326052,0.0,0.5243748021525797,0.034188034188034136,0.3925292814181701,0.1149097815764483,0.26052548274770476,0.21320037986704676,0.16191832858499516,0.34124723013611946,0.09623298512187385,0.4634377967711299,0.061253561253561295,0.5547641658752769,0.04479265590376703,0.6160177271288383,0.041310541310541314,0.6497309275087054,0.041310541310541314,0.6669832225387783,0.03988603988603989,0.6779044001266223,0.032130421019309914
Circle,0.7168769716088327,0.08801261829652995,0.7168769716088327,0.08801261829652995,0.7123028391167191,0.08343848580441639,0.7123028391167191,0.08343848580441639,0.7123028391167191,0.08343848580441639,0.7123028391167191,0.08343848580441639,0.7123028391167191,0.08343848580441639,0.7375394321766561,0.08438485804416404,0.7864353312302838,0.10205047318611986,0.8608832807570976,0.1509463722397476,0.9222397476340695,0.23927444794952685,0.9695583596214512,0.37145110410094656,1.0,0.5170347003154574,0.9640378548895898,0.6753943217665613,0.8580441640378547,0.8047318611987381,0.669400630914826,0.8845425867507887,0.4361198738170345,0.9205047318611986,0.23170347003154587,0.8895899053627759,0.09605678233438458,0.8003154574132489,0.019085173501577204,0.6675078864353308,0.0,0.49337539432176636,0.03328075709779182,0.3354889589905363,0.0818611987381705,0.20583596214511,0.16687697160883302,0.11403785488958969,0.27823343848580445,0.049842271293375345,0.3943217665615141,0.01656151419558359,0.5116719242902206,0.0,0.5946372239747634,0.00031545741324921805,0.6763406940063091,0.020504731861198718,0.744321766561514,0.046845425867507874
Circle,0.7784228350266087,0.0978874375100791,0.7784228350266087,0.0978874375100791,0.7784228350266087,0.0978874375100791,0.7784228350266087,0.0978874375100791,0.7784228350266087,0.0978874375100791,0.7784228350266087,0.0978874375100791,0.782615707144009,0.0978874375100791,0.7977745524915338,0.10433800999838744,0.8185776487663279,0.11933559103370435,0.8645379777455249,0.1638445412030319,0.9246895661990003,0.24560554749234,0.9727463312368975,0.3715529753265604,1.0,0.5394291243347852,0.9679084018706662,0.7155297532656028,0.8735687792291565,0.8467989034026774,0.7082728592162553,0.9230769230769232,0.5207224641186905,0.9511369134010645,0.31365908724399305,0.9263022093210773,0.1591678761490083,0.8574423480083859,0.0649895178197064,0.766166747298823,0.014836316723109096,0.6321561038542173,0.0,0.48121270762780183,0.042251249798419654,0.3344621835187875,0.1257861635220125,0.2122238348653442,0.23109175939364668,0.11643283341396526,0.3542976939203355,0.0491856152233511,0.4757297210127402,0.010159651669085551,0.5845831317529432,0.0,0.6882760845024999,0.01628769553297867,0.7737461699725852,0.037090791807773006
Circle,0.821350762527233,0.061157796451914145,0.84500466853408,0.06395891690009341,0.8798630563336445,0.08138811079987554,0.9187675070028011,0.12184873949579837,0.9531590413943354,0.18814192343604108,0.9802365390600684,0.2699968876439465,1.0,0.362589480236539,0.991285403050109,0.46249610955493314,0.9576719576719576,0.5652038593215063,0.875972611266729,0.6680672268907563,0.7619047619047622,0.7513227513227514,0.6265172735760969,0.8008092125739185,0.47012138188608793,0.8291316526610644,0.32539682539682524,0.8230625583566759,0.18253968253968247,0.7857142857142857,0.08792405851229378,0.7117958294428882,0.028478057889822654,0.6013071895424837,0.0,0.4772798008092128,0.013227513227513156,0.35309679427326507,0.05088702147525653,0.24105197634609413,0.12231559290382804,0.1528166822284471,0.21802054154995335,0.08294428882664176,0.3281979458450049,0.035014005602240966,0.43744164332399615,0.005757858699035195,0.5283224400871457,0.0,0.6279178338001868,0.012760659819483428,0.7026143790849672,0.03532524120759423,0.7583255524431994,0.057267351384998506,0.7994086523498286,0.07500778089013388,0.8258636788048552,0.0882352941176471
Circle,0.8269343493552169,0.15723915592028134,0.8207796014067996,0.152989449003517,0.8146248534583823,0.14917936694021106,0.8099355216881595,0.1430246189917937,0.8099355216881595,0.13686987104337628,0.810961313012896,0.13599062133645953,0.8229777256740916,0.13599062133645953,0.8516998827667058,0.14141266119577955,0.886137162954279,0.16368698710433763,0.921746776084408,0.22318288393903868,0.9709847596717467,0.3216588511137162,1.0,0.44431418522860494,0.9856389214536927,0.6087338804220399,0.924970691676436,0.7608440797186401,0.8037807737397422,0.8585873388042203,0.6345252051582647,0.9170574443141852,0.46424384525205153,0.9377198124267291,0.28663540445486535,0.9095838218053928,0.1468347010550997,0.8464243845252051,0.06330597889800693,0.7615767878077373,0.012016412661195854,0.6282239155920282,0.0,0.4805099648300115,0.020808909730363565,0.34378663540445475,0.06960726846424396,0.229630715123095,0.14111957796014088,0.14082649472450165,0.23930246189917917,0.07371043376318884,0.358440797186401,0.030041031652989453,0.4613130128956626,0.0038100820633059996,0.5735638921453692,0.0,0.6739449003517,0.012749120750293082
Circle,0.9162748369482785,0.10708327013499162,0.9130896405278326,0.10708327013499162,0.9074776277870469,0.10708327013499162,0.9067192476869408,0.10708327013499162,0.9030790232064311,0.10313969361443949,0.9030790232064311,0.10268466555437582,0.9135446685878964,0.10420142575458813,0.948278477172759,0.11770059153647808,0.9786136811770058,0.17366904292431357,1.0,0.27544365235856194,0.9977248596996815,0.4131654785378429,0.9400879720916124,0.565751554679205,0.7950856969513119,0.693614439557106,0.584862733201881,0.7708175337479143,0.3576520552100713,0.8002426816320339,0.15668132868193574,0.7623236766267252,0.03640224480509634,0.6772334293948127,0.0,0.5155467920521766,0.016229334142272046,0.3461246776884576,0.09631427271348389,0.20870620354921918,0.19596541786743493,0.10571818595480069,0.3301986955862276,0.04004246928560598,0.4800546033672075,0.002730168360382219,0.6060973760048536,0.0,0.7136356741999089,0.02472319126346124,0.801607765812225,0.07022599726983147,0.8735021993022901,0.11572880327620196,0.9308357348703168,0.15440618838161677,0.9639011072349459,0.1867131806461398,0.9866525102381313,0.21264978006977092
Circle,1.0,0.44693251533742334,1.0,0.4782208588957056,0.9898773006134969,0.5374233128834357,0.9386503067484662,0.6302147239263802,0.8404907975460124,0.7260736196319018,0.7236196319018404,0.8021472392638037,0.5503067484662576,0.8476993865030675,0.36242331288343577,0.8547546012269938,0.2053680981595091,0.8236196319018404,0.0998466257668711,0.7610429447852759,0.034202453987729996,0.6707055214723926,0.0,0.5501533742331288,0.015950920245398858,0.41763803680981587,0.05076687116564434,0.30122699386503043,0.10337423312883434,0.20076687116564423,0.1800613496932515,0.12101226993865032,0.2760736196319019,0.06226993865030674,0.3904907975460125,0.023312883435582812,0.502147239263804,0.0,0.6099693251533743,0.00046012269938654443,0.7029141104294481,0.024079754601227094,0.7759202453987731,0.0633435582822087,0.8268404907975461,0.1138036809815951,0.8604294478527607,0.17223926380368107,0.8808282208588957,0.2335889570552148,0.8930981595092025,0.2927914110429449,0.9015337423312885,0.3441717791411045,0.9065950920245399,0.3921779141104297,0.9065950920245399,0.43236196319018405,0.9065950920245399,0.4602760736196319
Circle,1.0,0.49565345513481657,0.9957271253867688,0.49565345513481657,0.9957271253867688,0.49565345513481657,0.9957271253867688,0.49565345513481657,0.994401060851628,0.49565345513481657,0.9877707381759244,0.49565345513481657,0.9955797848828645,0.49565345513481657,1.0,0.5067039929276559,0.9973478709297184,0.5553263592161485,0.9547664653013113,0.6525710917931341,0.8455871519080594,0.7673493443347577,0.6892588772653598,0.8486813024900546,0.4121113894209515,0.8875791955208486,0.20332989538824206,0.8317371445410342,0.07013407985855304,0.7265360247532046,0.001620745542949761,0.5678503020480329,0.0,0.39177839988212754,0.05068513334315614,0.2297038455871518,0.15588625313098617,0.10063356416678913,0.2927655812582879,0.029615441284809127,0.46456460881096256,0.0,0.6323854427582142,0.006482982171799044,0.7867982908501548,0.05407396493296022,0.8858111094739944,0.12995432444378963,0.9409164579342864,0.21997937232945358,0.9703845587151909,0.31604538087520256,0.9655223220863415,0.41535288050685154,0.941505819949904,0.5061146309120378,0.9266244290555472,0.5719758361573597,0.9230882569618388,0.6067481950788272
Circle,0.5271489865364699,0.04719633081816837,0.5228584110075455,0.04719633081816837,0.5228584110075455,0.04719633081816837,0.5228584110075455,0.04719633081816837,0.5228584110075455,0.04497706761355229,0.5228584110075455,0.04290575528924397,0.5373575972777039,0.03861517976031958,0.5866252404201806,0.03861517976031958,0.6458055925432755,0.03920698328155054,0.7564728510134637,0.06998076638556006,0.8698032253291906,0.134339399319426,0.9550229323864478,0.2336144400059181,1.0,0.3638112146767274,0.9837254031661488,0.5117620949844655,0.9164077526261282,0.6474330522266608,0.8039650835922472,0.7450806332297679,0.6203580411303444,0.8035212309513242,0.43083296345613215,0.8175765645805594,0.2532919070868466,0.7939044237313213,0.11821275336588247,0.73250480840361,0.03610001479508783,0.6573457612072792,0.0,0.5520047344281697,0.025447551412930963,0.4194407456724368,0.07027666814617547,0.30137594318686195,0.15105784879420042,0.2001775410563692,0.23834886817576584,0.12945702026927053,0.3485722740050307,0.07767421216156223,0.46205059920106556,0.04305370616955162,0.5644326083740198,0.019381565320313675,0.6301227992306554,0.0
Circle,0.7260521949011917,0.008749434303816563,0.7216774777492834,0.0054306833609895815,0.7216774777492834,0.0,0.7216774777492834,0.0,0.7173027605973751,0.0,0.7173027605973751,0.0,0.7197163976467039,0.0,0.744003620455574,0.008447729672650468,0.8387388746417257,0.04676421783074369,0.9269874792578064,0.13818072107406848,0.986423291597526,0.2813395685623772,1.0,0.4738271232463418,0.9428269723940262,0.6657112686679738,0.8238044953990044,0.81218886709911,0.6304118268215418,0.8966661638256145,0.38753959873284044,0.9241212852617285,0.17649720923216164,0.8758485442751547,0.053854276663146954,0.7719112988384372,0.0,0.6266405189319655,0.015839493136219757,0.4519535374868001,0.07814149947201686,0.2977824709609295,0.1668426610348471,0.1832855634333988,0.29174837833760775,0.11147986121586963,0.42691205310001523,0.06652587117212244,0.5540805551365212,0.04193694373208636,0.6540956403680797,0.030773872378941046,0.7219791823804496,0.023080404284205783,0.7586362950671292,0.017498868607633125,0.7762860159903454,0.013124151455724842,0.7872982350279076,0.013124151455724842
Circle,0.7085650723025584,0.06912442396313365,0.7085650723025584,0.06451612903225806,0.7085650723025584,0.06451612903225806,0.7085650723025584,0.06451612903225806,0.7088828857460672,0.06451612903225806,0.7266804385825519,0.06451612903225806,0.7768949626569205,0.07103130462418558,0.8414110916891783,0.10757985062768152,0.9071984744954713,0.1859208644525663,0.9570951851263307,0.31686000317813445,0.9818846337200065,0.4838709677419355,0.9443826473859843,0.6802796758302877,0.8296519942793583,0.8457015731765452,0.6537422532973148,0.9478785952645796,0.41951374543143205,1.0,0.21325282059431117,0.9720324169712378,0.0837438423645322,0.8782774511361832,0.007468615922453646,0.744477991419037,0.0,0.5618941681233117,0.03559510567296994,0.3877324010805657,0.11155251867153976,0.2510726203718417,0.20133481646273632,0.15112029238836822,0.3270300333704118,0.07818210710313042,0.4681392022882566,0.034641665342444006,0.581598601620848,0.010011123470522854,0.6945812807881773,0.0003178134435086672,0.7819799777530589,0.0,0.845542666454791,0.004449388209121209,0.8833624662323216,0.011441283966311756,0.9067217543302082,0.018433179723502304
Circle,0.6746537396121883,0.06828254847645429,0.667590027700831,0.06828254847645429,0.6626038781163435,0.06426592797783934,0.6626038781163435,0.06315789473684208,0.6626038781163435,0.06024930747922438,0.6626038781163435,0.06024930747922438,0.6835180055401662,0.06246537396121883,0.7350415512465375,0.07853185595567866,0.8191135734072021,0.1272853185595568,0.9113573407202216,0.20457063711911358,0.9699445983379501,0.302770083102493,1.0,0.4415512465373962,0.9684210526315791,0.607202216066482,0.8308864265927977,0.734764542936288,0.5914127423822717,0.7981994459833796,0.37590027700831014,0.7951523545706372,0.1810249307479225,0.7181440443213297,0.054293628808864514,0.5871191135734075,0.0,0.4361495844875346,0.017867036011080285,0.2930747922437672,0.07714681440443187,0.18781163434903064,0.1764542936288088,0.10720221606648206,0.3173130193905817,0.05290858725761772,0.42853185595567883,0.018698060941828226,0.5328254847645426,0.0031855955678670757,0.6207756232686982,0.0,0.692797783933518,0.009833795013850425,0.7425207756232686,0.029916897506925163,0.7749307479224377,0.04612188365650968,0.7991689750692521,0.06024930747922438
Circle,0.7794284097340126,0.0,0.7794284097340126,0.0,0.7794284097340126,0.0,0.7794284097340126,0.0,0.7794284097340126,0.0,0.7794284097340126,0.0,0.7807017543859651,0.0,0.8019241652518394,0.005093378607809841,0.8471986417657048,0.029711375212224108,0.9076117713638936,0.0938030560271647,0.9518958687040183,0.1802490096208263,0.9864176570458406,0.2917374080362197,1.0,0.41666666666666646,0.9567062818336167,0.5506508205998868,0.825693265421619,0.6703452178834183,0.5953593661573291,0.7450481041312963,0.33885116015846084,0.7616015846066783,0.15973401245048102,0.7109507640067914,0.054329371816638376,0.6038483305036787,0.0,0.4668930390492362,0.009762308998302096,0.3313525749858518,0.05687606112054318,0.21830786644029454,0.14374646293152243,0.13879456706281834,0.25070741369552907,0.08135257498585181,0.36997736276174287,0.0407470288624789,0.4748160724391625,0.017260894170911173,0.5790888511601583,0.006366723259762359,0.6786926994906622,0.004102999434069045,0.7580645161290323,0.004102999434069045,0.820458404074703,0.00820599886813809
Triangle,0.33250764971586766,0.042255573364417896,0.33250764971586766,0.042255573364417896,0.33250764971586766,0.042255573364417896,0.33250764971586766,0.042255573364417896,0.33250764971586766,0.042255573364417896,0.37724027393268256,0.060177764825877895,0.5367914906017778,0.17587061052018063,0.7608917383068627,0.41425032784496585,0.9417164505318376,0.639079119918403,1.0,0.7438438000874255,0.8360775171207924,0.7808538539997087,0.49366166399533695,0.806061489144689,0.15401427946961965,0.8251493515955123,0.0,0.8159696925542768,0.043421244353781176,0.7259216086259654,0.16406819175287785,0.5484482004954102,0.2660644033221623,0.33148768760017483,0.34241585312545514,0.16304822963718488,0.3824857933848169,0.05289232114235753,0.40055369371994737,0.008013988051872381,0.41191898586623926,0.0,0.4190587206760891,0.0,0.4212443537811453,0.0,0.4212443537811453,0.0,0.42546991111758703,0.0,0.42546991111758703,0.0,0.42940405070668797,0.003934139589100971,0.42969546845402884,0.00422555733644179,0.42969546845402884,0.00422555733644179,0.42969546845402884,0.00422555733644179
Triangle,0.44690265486725667,0.08821902654867257,0.44690265486725667,0.08821902654867257,0.44690265486725667,0.08821902654867257,0.45118915929203524,0.08821902654867257,0.4821626106194691,0.10135508849557526,0.5851769911504425,0.18998893805309738,0.7765486725663717,0.39532632743362833,0.9391592920353983,0.6704922566371682,1.0,0.8307522123893806,0.7884402654867256,0.9055586283185842,0.4341814159292034,0.9410951327433629,0.11283185840707932,0.9647400442477878,0.0,0.9272676991150444,0.08061393805309722,0.784153761061947,0.24972345132743345,0.5277931415929206,0.37112831858407086,0.2985342920353982,0.4434457964601769,0.1269358407079646,0.476769911504425,0.04563053097345131,0.4886615044247787,0.01839048672566371,0.4990320796460177,0.007605088495575213,0.5030420353982301,0.0,0.5030420353982301,0.0,0.5030420353982301,0.0,0.5030420353982301,0.0,0.5030420353982301,0.0,0.5030420353982301,0.0,0.5030420353982301,0.0,0.5030420353982301,0.0,0.5030420353982301,0.0,0.5030420353982301,0.0
Triangle,1.0,0.5,0.8448275862068897,0.5,0.6896551724137794,0.5,0.5344827586206975,0.5,0.3793103448275872,0.3793103448275872,0.22413793103447688,0.22413793103448398,0.06896551724136657,0.06896551724138078,0.0,0.0,0.0,0.0,0.0,0.0,0.0,0.0,0.0,0.0,0.0,0.0,0.0,0.0,0.0,0.0,0.0,0.0,0.0,0.0,0.0,0.0,0.0,0.0,0.0,0.0,0.0,0.0,0.0,0.0,0.0,0.0,0.0,0.0,0.0,0.0,0.0,0.0,0.0,0.0,0.0,0.0,0.0,0.0,0.0,0.0
Triangle,0.6601487523992321,0.17046545105566216,0.7306861804222647,0.23236564299424178,0.8084213051823415,0.3441698656429941,0.8976727447216888,0.48668426103646817,0.9612523992322456,0.6168426103646831,0.9973608445297503,0.706933781190019,1.0,0.7598368522072935,0.9647312859884836,0.7723128598848368,0.85760556621881,0.7723128598848368,0.668426103646833,0.7723128598848368,0.4761276391554701,0.772912667946257,0.2697936660268714,0.7757917466410748,0.12116122840691003,0.7757917466410748,0.03346928982725537,0.7732725527831094,0.0,0.7585172744721688,0.029030710172744695,0.7321257197696736,0.08469289827255265,0.6725047984644913,0.1726247600767753,0.5717370441458733,0.262116122840691,0.45981285988483683,0.3744001919385795,0.33793186180422263,0.4623320537428022,0.2230086372360844,0.5136756238003837,0.1324376199616124,0.5497840690978886,0.07293666026871397,0.5752159309021111,0.03694817658349332,0.5899712092130516,0.0179942418426104,0.6005278310940497,0.010676583493282153,0.609524952015355,0.005398272552783125,0.614803262955854,0.00011996161228407164,0.6149232245681381,0.0,0.6149232245681381,0.0
Triangle,0.5158235733864939,0.00722651383005233,0.5158235733864939,0.00722651383005233,0.5158235733864939,0.00722651383005233,0.5158235733864939,0.00722651383005233,0.5122103164714678,0.00722651383005233,0.5104659855469723,0.00722651383005233,0.5036132569150262,0.00722651383005233,0.5013705457263893,0.008223274358335406,0.5256665836032896,0.022427111886369314,0.606777971592325,0.09942686269623735,0.7162970346374283,0.2780961873909793,0.8676800398704211,0.5240468477448293,0.9615001245950663,0.735235484674807,1.0,0.8605781211064041,0.9335908298031399,0.9036880139546475,0.7529279840518317,0.9020682780961875,0.4646150012459505,0.8876152504360827,0.20956890107151777,0.8807625218041366,0.05718913531024157,0.8729130326439074,0.0,0.8481186145028656,0.0782457014702217,0.7798405183154747,0.17343633192125613,0.6574881634687263,0.2742337403438825,0.513331672065786,0.38238225766259665,0.3319212559182657,0.44393222028407686,0.18502367306254647,0.4871667081983554,0.09132818340393713,0.5155743832544231,0.04136556192374783,0.5317717418390233,0.016571143782706223,0.5414901569897833,0.006852728631946167,0.5447296287067033,0.0
Triangle,0.6074733096085408,0.030960854092526687,0.6040332147093712,0.030960854092526687,0.6040332147093712,0.030960854092526687,0.6040332147093712,0.030960854092526687,0.6056939501779358,0.030960854092526687,0.6116251482799524,0.03131672597864769,0.6302491103202846,0.04187425860023723,0.6755634638196915,0.08196915776986952,0.7501779359430604,0.1899169632265717,0.8604982206405692,0.371886120996441,0.9455516014234873,0.5772241992882557,0.9954922894424671,0.7105575326215894,1.0,0.7782918149466191,0.9655990510083037,0.7833926453143534,0.8646500593119807,0.7587188612099643,0.6638196915776987,0.7409252669039145,0.43653618030842245,0.7361803084223012,0.20889679715302514,0.7449584816132858,0.056702253855279036,0.7481613285883747,0.0,0.7259786476868326,0.04483985765124508,0.6686832740213525,0.1663107947805456,0.5513641755634636,0.28671411625148274,0.42977461447212334,0.4103202846975086,0.2809015421115066,0.4989323843416369,0.16500593119810217,0.5563463819691575,0.08884934756820888,0.5921708185053378,0.04578884934756827,0.6118623962040332,0.02313167259786482,0.6238434163701067,0.007710557532621582,0.6315539739027283,0.0
Triangle,0.5479254201680671,0.0,0.5479254201680671,0.0,0.5479254201680671,0.0,0.5434611344537812,0.0,0.5403098739495796,0.0,0.5403098739495796,0.0,0.5518644957983192,0.0077468487394958,0.596769957983193,0.05370273109243695,0.6876313025210082,0.1829044117647058,0.8273371848739492,0.3635766806722687,0.9388130252100836,0.5380777310924367,1.0,0.6567752100840335,0.9800420168067224,0.7111344537815125,0.8673844537815125,0.715861344537815,0.6726628151260503,0.715861344537815,0.41662289915966416,0.7191439075630252,0.18461134453781508,0.7355567226890755,0.04779411764705886,0.7436974789915967,0.0,0.7339810924369748,0.04569327731092415,0.6678046218487397,0.15257352941176433,0.536370798319328,0.303177521008403,0.3717174369747902,0.4071691176470587,0.21875000000000008,0.47137605042016784,0.11987920168067225,0.5170693277310922,0.05842962184873946,0.5452993697478988,0.025866596638655495,0.5618434873949577,0.01588760504201682,0.56906512605042,0.011423319327731092,0.5707720588235292,0.011423319327731092,0.5707720588235292,0.011423319327731092
Triangle,0.5556503198294245,0.0783226723525231,0.5493958777540868,0.07619047619047618,0.5432835820895524,0.06993603411513863,0.5432835820895524,0.06595593461265103,0.5432835820895524,0.06595593461265103,0.5432835820895524,0.06595593461265103,0.54953802416489,0.07135749822316982,0.5782515991471217,0.09779673063255152,0.6531627576403699,0.16275764036958068,0.7444207533759775,0.2888415067519545,0.867945984363895,0.4361051883439944,0.9538024164889839,0.5594882729211088,1.0,0.642501776830135,0.9698649609097372,0.6898365316275764,0.8578535891968733,0.7202558635394457,0.6483297796730636,0.7390191897654586,0.4329779673063259,0.7577825159914712,0.21194029850746288,0.7732764747690123,0.06936744847192616,0.7845060412224593,0.0,0.7805259417199718,0.012082444918265985,0.7469793887704336,0.08002842928216056,0.6746268656716421,0.17412935323383086,0.5778251599147122,0.30632551528073904,0.44307036247334786,0.41634683724235944,0.3039090262970865,0.49481165600568594,0.18649609097370304,0.5401563610518834,0.10334044065387368,0.567448471926084,0.04648187633262263,0.5843638948116561,0.01677327647476908,0.5968727789623314,0.0
Triangle,0.6979317612962721,0.011460940587537877,0.6979317612962721,0.003820313529179292,0.6979317612962721,0.003820313529179292,0.695165327361349,0.003820313529179292,0.6941114477670928,0.003820313529179292,0.6941114477670928,0.0,0.6941114477670928,0.0,0.7084705572388355,0.007904096956922624,0.7612962719009356,0.08088525885917529,0.8810433407983137,0.28151758661572873,0.9948623369780004,0.5390594124621262,1.0,0.6706626267948889,0.8761691476748785,0.7204584376235015,0.578052957449612,0.7421947042550391,0.2398893426426035,0.7593202476617048,0.02726913450138334,0.7678830193650377,0.0,0.730075088921091,0.13779475694901813,0.6079567909366359,0.3281517586615726,0.4370965617178244,0.4710841786325913,0.26373336846265333,0.5481491239625875,0.15874061388486385,0.588196548544329,0.1097352127519432,0.6174417072849429,0.08049005401132923,0.6431300223949417,0.06072981161902256,0.6619681201422738,0.05045448557502308,0.6789619285996575,0.04189171387169019,0.6875247003029906,0.034382821762613626,0.6941114477670928,0.034382821762613626,0.6941114477670928,0.034382821762613626,0.6941114477670928,0.034382821762613626
Triangle,0.6389018147975802,0.04948037847060648,0.6389018147975802,0.04498216224600589,0.6389018147975802,0.04498216224600589,0.6389018147975802,0.04498216224600589,0.6389018147975802,0.04498216224600589,0.6389018147975802,0.04498216224600589,0.649449356289747,0.05475414921668998,0.6958275166744223,0.10873274391189705,0.7960291608500076,0.24678144873584623,0.8994881340158212,0.48751357220412606,0.9846440204746392,0.6911741895455249,1.0,0.7904451682953311,0.9376454164727779,0.799131378935939,0.7490305568481459,0.7767954087172327,0.48441135411819414,0.7558554366371956,0.1760508763766089,0.7645416472778035,0.011633317822242735,0.7646967581821001,0.0,0.7214208158833564,0.10981852024197317,0.6337831549557933,0.27361563517915316,0.5005428881650379,0.4423762990538233,0.32930044982162254,0.5627423607879637,0.19264774313634217,0.6339382658600901,0.10625096944315171,0.6759733209244609,0.05552970373817276,0.7004808438033195,0.02838529548627268,0.7108732743911897,0.012253761439429165,0.7108732743911897,0.003567550798821137,0.7108732743911897,0.0,0.7108732743911897,0.0,0.7108732743911897,0.0
Triangle,0.6722878625134264,0.024919441460794844,0.6648764769065522,0.018689581095596132,0.6629430719656283,0.018689581095596132,0.6625134264232009,0.018689581095596132,0.6551020408163265,0.017078410311493007,0.6535982814178303,0.015574650912996778,0.6743286788399571,0.033190118152524185,0.749624060150376,0.11772287862513425,0.8639097744360901,0.3022556390977444,0.9642320085929109,0.5054779806659507,1.0,0.6078410311493019,0.9601503759398494,0.621374865735768,0.7845327604726101,0.599140708915145,0.4734693877551018,0.582921589688507,0.1846401718582169,0.5856068743286789,0.0024704618689580515,0.5813104189044039,0.0,0.5429645542427496,0.15102040816326537,0.4525241675617614,0.3235230934479058,0.32685284640171836,0.4876476906552096,0.19280343716433918,0.5895810955961333,0.1001074113856067,0.6498388829215896,0.04726100966702469,0.6744360902255638,0.022771213748657357,0.6870032223415682,0.013319011815252435,0.691299677765843,0.005907626208378103,0.6940923737916218,0.0031149301825993555,0.6940923737916218,0.0,0.6940923737916218,0.0,0.6940923737916218,0.0,0.6940923737916218,0.0
Triangle,0.6949768996362922,0.0,0.6921262164553229,0.0,0.6921262164553229,0.0,0.6921262164553229,0.0,0.6921262164553229,0.0,0.6921262164553229,0.0,0.701464661358498,0.009338444903175088,0.7344932664897277,0.056227268259117294,0.7953406074904158,0.1508896097513025,0.8776172220583899,0.27779416101445,0.9463285166617514,0.3976211540351911,0.9867295782954879,0.47803007962253036,1.0,0.5219699203774698,0.9667747960287036,0.5396638159834857,0.8599233264523737,0.5416298043841541,0.6759068121498082,0.5416298043841541,0.4363511255283594,0.5435957927848225,0.21232674727219125,0.5473311707460926,0.05858645433991943,0.5457583800255578,0.0,0.529047478619876,0.03990956453356917,0.491005603066942,0.1534453946721714,0.43182935220682195,0.3232084930698913,0.34119728693600687,0.48137225990366644,0.23277302663914293,0.5881254300599627,0.1469576329499656,0.6553622333628233,0.08758478324977872,0.6970411874569938,0.04924800943674434,0.7184704610242799,0.02496805268848914,0.7303646908483239,0.013663619384645618,0.7405878305317999,0.008552049542907697
Triangle,0.737613627057571,0.016624355089673245,0.737613627057571,0.014249447219719925,0.737613627057571,0.014249447219719925,0.73458357218901,0.014249447219719925,0.7327819179428384,0.014249447219719925,0.7304889034477111,0.014249447219719925,0.7304889034477111,0.016870035214151164,0.745311604291213,0.036606338547211514,0.7809352223405128,0.10146589140938496,0.8580787814265827,0.21177626729997545,0.9389894357546473,0.32831053967734003,0.9864056997788878,0.4096306608795348,1.0,0.45246089591352057,0.9688805175661288,0.4692490377528458,0.8815821800016379,0.47498157399066415,0.7116534272377365,0.47498157399066415,0.5001228400622392,0.475309147489968,0.2600114650724761,0.47948570960609277,0.09720743591843437,0.4805503234788305,0.010973712226680926,0.46965850462697567,0.0,0.4522971091638687,0.08279420194906231,0.40586356563754,0.23077553025960215,0.3256899516829089,0.41577266399148344,0.2248792072721315,0.5585128163131603,0.13938252395381223,0.6575219064777659,0.08172958807632465,0.7185324707231185,0.04733437064941446,0.7539923020227663,0.026287773319138518,0.7749570059782165,0.01015477847842111,0.7874866923265907,0.0
Triangle,0.8097453684121481,0.041705439472125884,0.807630488114373,0.041705439472125884,0.8030623466711785,0.041705439472125884,0.8009474663734034,0.03781405972421964,0.7974790626850522,0.03679891718128755,0.7982404195922512,0.0375602740884866,0.8143135098553423,0.05244903138482363,0.837746383554691,0.10210642077658404,0.8925640808730226,0.1975298198121986,0.954149395144235,0.320108281871246,0.9930631926232979,0.41290922933761953,1.0,0.4597749767363168,0.9588867270112513,0.46772692665595134,0.8266644107943492,0.45672954910752056,0.6414854919211577,0.4412486253278065,0.40622620759665024,0.4366804838846122,0.18585568056847993,0.4435326960494037,0.05718636325183992,0.44488621943997986,0.0,0.4353269604940362,0.03933677353861774,0.4077489214110482,0.1662295914051263,0.3469249640470351,0.315201759580408,0.2628373234074951,0.4683190931393283,0.1758734455629812,0.5951273157939261,0.10202182556467321,0.681499027155063,0.05101091278233652,0.7374164622282378,0.02021825564673043,0.7716775230521954,0.0063446408933254175,0.7952795871753662,0.0017764994501311086,0.810422130107436,0.0,0.8171051518484056,0.0
Triangle,0.44230379233421213,0.05881160008111944,0.4440275806124519,0.05881160008111944,0.4497059419995944,0.059825593185966315,0.47039140133847096,0.0691543297505577,0.49837761103224504,0.07848306631514905,0.5236260393429326,0.08507402149665386,0.5455282904076253,0.09724193875481647,0.599675522206449,0.15412695193672685,0.750152098965727,0.3181910363009532,0.8865341715676333,0.4664368282295681,0.9714053944433176,0.5606367876698439,1.0,0.6107280470492802,0.9735347799634962,0.6202595822348407,0.8940377205435003,0.6054552829040761,0.7396065706753191,0.5898397890894342,0.553031839383492,0.5828432366659906,0.36088014601500695,0.5903467856418576,0.17268302575542502,0.5968363415128777,0.058608801460150024,0.5982559318596633,0.0,0.5898397890894342,0.007300750354897658,0.5673291421618333,0.07513688906915428,0.5128777124315554,0.1797809774893534,0.4210099371324272,0.30125735145001037,0.3085581018049075,0.40772662745893345,0.20513080511052526,0.48590549584262815,0.12695193672683028,0.5427905090245386,0.06712634354086397,0.5774690732103022,0.030014195903467784,0.5959237477185155,0.011052524842831073,0.6069762725613466,0.0
Triangle,0.45903500473036896,0.043897824030274354,0.45903500473036896,0.04115421002838221,0.45903500473036896,0.039735099337748325,0.45903500473036896,0.03841059602649006,0.45903500473036896,0.03831598864711445,0.45903500473036896,0.03349101229895929,0.45903500473036896,0.03292336802270577,0.4624408703878902,0.03547776726584673,0.5035950804162723,0.0681173131504257,0.6063386944181646,0.1441816461684011,0.7398297067171238,0.2666035950804161,0.8794701986754966,0.4123935666982024,0.9612109744560074,0.5225165562913906,1.0,0.5806054872280038,0.9736045411542099,0.6076631977294228,0.855061494796594,0.6124881740775779,0.6533585619678335,0.6059602649006622,0.4172185430463579,0.6035950804162724,0.19697256385998108,0.6008514664143803,0.05496688741721848,0.5947019867549668,0.0,0.5714285714285714,0.04739829706717117,0.507852412488174,0.1730368968779565,0.38770104068117295,0.2989593188268686,0.2640491958372751,0.40227057710501407,0.1565752128666037,0.4688741721854303,0.07814569536423839,0.5038789025543993,0.035477767265846685,0.523368022705771,0.015231788079470229,0.5337748344370861,0.004824976348155161,0.5385998107852412,0.0
Triangle,0.41405111262267996,0.06481391507142163,0.41405111262267996,0.06481391507142163,0.41405111262267996,0.06481391507142163,0.41405111262267996,0.06481391507142163,0.4112331163152268,0.061412885045185134,0.4112331163152268,0.059177922456515396,0.41754931493538033,0.0600524730346905,0.4398989408220776,0.07657176173355361,0.531240890098144,0.15362938489942668,0.6591196190846369,0.2678068214945097,0.8087649402390438,0.40025264794480614,0.9215819648236323,0.5310465455252164,0.9828005052958894,0.6123797492955008,1.0,0.6519288698863085,0.9414051112622678,0.6565931396365756,0.7825284228937908,0.6465843941307938,0.5819648236323001,0.6401710232241764,0.38849480128267405,0.6379360606355067,0.19172092119327586,0.639685161791857,0.06568846564959668,0.639685161791857,0.0,0.6276357982703332,0.023612865610727743,0.5827422019240113,0.11456612574093886,0.49110873578855285,0.22680011660674373,0.3769312991934699,0.3233893693518607,0.26051890000971734,0.39966961422602276,0.16665047128558919,0.4519483043436011,0.09445146244291129,0.4906228743562335,0.04518511320571379,0.5149159459722087,0.01622777183947135,0.5295889612282576,0.0
Triangle,0.48485754134289694,0.04911336919705119,0.48485754134289694,0.04911336919705119,0.48485754134289694,0.04911336919705119,0.48485754134289694,0.04911336919705119,0.48485754134289694,0.04911336919705119,0.48485754134289694,0.04911336919705119,0.4797768479776847,0.04911336919705119,0.4688184897389917,0.04622434747957759,0.46174536760310814,0.04622434747957759,0.4750946403666069,0.05628611277146844,0.5383542538354253,0.11695556883841399,0.6613867304243872,0.23351265192269374,0.8236700537955768,0.3958955967324169,0.9427176728431956,0.5500099621438532,1.0,0.6431560071727435,0.9935246064953176,0.6760310818888223,0.8920103606296073,0.6691572026300058,0.6888822474596534,0.6515242080095635,0.4443116158597326,0.6512253436939627,0.1871886830045825,0.6645746164574615,0.04702131898784635,0.6673640167364016,0.0,0.644849571627814,0.06106794182107997,0.5590755130504083,0.17722653915122527,0.4242877067144849,0.3170950388523613,0.279039649332536,0.4370392508467823,0.1564056584977086,0.5169356445507073,0.07103008567443714,0.560071727435744,0.025901574018728862,0.5804941223351265,0.005479179119346475,0.5830842797369993,0.0
Triangle,0.40384,0.012373333333333332,0.40223999999999993,0.012373333333333332,0.40074666666666664,0.012373333333333332,0.40074666666666664,0.012373333333333332,0.40074666666666664,0.012373333333333332,0.40074666666666664,0.012373333333333332,0.4013866666666666,0.012693333333333315,0.42229333333333324,0.025066666666666647,0.48607999999999985,0.08277333333333324,0.6020266666666666,0.18474666666666661,0.73952,0.3083733333333332,0.8769066666666665,0.4568533333333334,0.9658666666666664,0.5602133333333331,1.0,0.6149333333333331,0.9368533333333334,0.6325333333333332,0.7655466666666668,0.6395733333333332,0.54656,0.6442666666666664,0.33738666666666683,0.6538666666666665,0.1349333333333334,0.6629333333333333,0.0077866666666667654,0.6650666666666666,0.0,0.6389333333333332,0.052266666666666586,0.5760000000000001,0.13728000000000007,0.47061333333333316,0.23562666666666657,0.3402666666666668,0.3116799999999998,0.22986666666666702,0.3734399999999999,0.13994666666666672,0.4166399999999999,0.07584000000000013,0.44352,0.03786666666666665,0.4609066666666666,0.015680000000000045,0.4718933333333333,0.0
Triangle,0.5197814207650273,0.0253551912568306,0.5175956284153006,0.0253551912568306,0.5166120218579235,0.0253551912568306,0.5163934426229507,0.022185792349726775,0.5134426229508197,0.022185792349726775,0.5134426229508197,0.022185792349726775,0.527431693989071,0.027978142076502698,0.5434972677595629,0.07060109289617487,0.6480874316939891,0.20437158469945355,0.8081967213114754,0.3829508196721312,0.9379234972677595,0.5340983606557378,1.0,0.6112568306010929,0.9855737704918033,0.6356284153005465,0.8501639344262295,0.6340983606557378,0.667103825136612,0.6286338797814206,0.40918032786885256,0.6360655737704919,0.17759562841530047,0.6433879781420765,0.048306010928961654,0.6433879781420765,0.0,0.6304918032786885,0.04240437158469964,0.578142076502732,0.1706010928961751,0.4467759562841528,0.28896174863387997,0.3167213114754096,0.37366120218579246,0.19989071038251352,0.4271038251366122,0.11978142076502712,0.4619672131147539,0.07016393442622956,0.48480874316939887,0.04131147540983609,0.5032786885245902,0.022841530054644822,0.514207650273224,0.011912568306010935,0.5207650273224044,0.005355191256830602,0.526120218579235,0.0
Triangle,0.47937888198757755,0.014409937888198757,0.47937888198757755,0.012049689440993763,0.47577639751552786,0.010807453416149068,0.47577639751552786,0.010807453416149068,0.47577639751552786,0.010807453416149068,0.47577639751552786,0.010807453416149068,0.47577639751552786,0.010807453416149068,0.47577639751552786,0.010807453416149068,0.48819875776397503,0.013416149068322959,0.5433540372670806,0.05068322981366455,0.7322981366459628,0.2655900621118014,0.8839751552795031,0.5058385093167703,0.9669565217391303,0.6627329192546583,1.0,0.7407453416149069,0.970062111801242,0.7588819875776396,0.8180124223602483,0.7409937888198757,0.6095652173913044,0.7188819875776398,0.388944099378882,0.7070807453416149,0.17975155279503105,0.7161490683229813,0.04285714285714287,0.7188819875776398,0.0,0.6904347826086955,0.08099378881987586,0.5801242236024843,0.22422360248447212,0.42298136645962714,0.35366459627329194,0.272670807453416,0.4386335403726709,0.1672049689440993,0.4875776397515527,0.09217391304347822,0.515776397515528,0.04621118012422356,0.5311801242236025,0.021366459627329186,0.5382608695652171,0.008322981366459625,0.5406211180124223,0.0
Triangle,0.470144563167819,0.04556882463859208,0.470144563167819,0.04556882463859208,0.470144563167819,0.04556882463859208,0.46993505133040014,0.04556882463859208,0.4671066415252462,0.04556882463859208,0.46983029541169075,0.04556882463859208,0.4870102660800336,0.054158809972763435,0.542740414833438,0.11512675466163841,0.6964173475801383,0.25665200083804734,0.8479991619526502,0.41074795725958524,0.9596689712968784,0.5402262727844124,1.0,0.6102032264822964,0.9543264194426987,0.630211606955793,0.8018018018018019,0.6170123611984079,0.6396396396396397,0.6086318877016551,0.39042530902996003,0.618897967735177,0.1664571548292478,0.6413157343389903,0.04253090299601919,0.652315105803478,0.0,0.6400586633144772,0.04661638382568631,0.5790907186256022,0.18217054263565916,0.45380263984915126,0.3155248271527344,0.29761156505342534,0.4167190446260215,0.17536140791954727,0.47810601298973404,0.09092813743976522,0.5119421747328724,0.04294992667085696,0.529331657238634,0.019065577205112108,0.5367693274670019,0.0064948669599832485,0.5400167609469936,0.0011523151058034809,0.536036036036036,0.0,0.5309029960192752,0.0
Triangle,0.4644315699496628,0.013771488270491026,0.4616772722955646,0.013771488270491026,0.4616772722955646,0.013771488270491026,0.4616772722955646,0.01139709374109603,0.4616772722955646,0.011017190616392822,0.4589229746414664,0.011017190616392822,0.4589229746414664,0.011017190616392822,0.4589229746414664,0.011017190616392822,0.4589229746414664,0.011017190616392822,0.46604615822965145,0.0338113780985848,0.5813467565770725,0.13999430145312922,0.744325197074746,0.2941399943014532,0.8811852977490738,0.44743090511919453,0.9622946148732072,0.5535188526925634,1.0,0.6046158229651439,0.9639092031531961,0.6224712698261944,0.837971317314085,0.6147782315509546,0.6564725994871311,0.6071801690568905,0.4264412574793432,0.6064203628074841,0.20752208186912346,0.6108842245227468,0.06363377338778635,0.6142083768638997,0.0,0.6051856776521988,0.056320638237249476,0.5568430050337165,0.15946433659416828,0.4532244277709186,0.2909108177414757,0.3203533099059742,0.402032481717162,0.205432614683256,0.47725330040839564,0.1123563491309718,0.5224617722480766,0.05138189761610808,0.548485136290246,0.016810713268116617,0.5608319878431,0.0
Triangle,0.5207846325846123,0.002947454009553816,0.5207846325846123,0.002947454009553816,0.5207846325846123,0.002947454009553816,0.5207846325846123,0.0,0.5207846325846123,0.0,0.5207846325846123,0.0,0.5207846325846123,0.0,0.5209879052749264,0.0006098180709421819,0.5400955381644476,0.027543449537554603,0.6162211606870617,0.11759325134668148,0.740522410814107,0.27157231425957895,0.8744791137310702,0.4793170037605446,0.967781278585222,0.6244537046447808,1.0,0.7060676898058745,0.9573127350340482,0.7498729545685535,0.8073991259274319,0.7422502286817764,0.5704848053663993,0.7105396889927837,0.3431243012501273,0.6889927838194937,0.13497306636853373,0.6718162414879559,0.020733814412034098,0.6594166073787987,0.0,0.6297387945929465,0.0762272588677711,0.5619473523732087,0.21150523427177556,0.4387641020428905,0.353897753836772,0.2936274011586544,0.4468950096554528,0.18325033031812168,0.49903445472100816,0.1060067079987805,0.5270860859843481,0.06250635227157236,0.5417217196869601,0.03933326557576991,0.5510722634414067,0.0249009045634719,0.5561540806992581,0.017684724057322895
Triangle,0.3868796463733173,0.043701024713682944,0.3868796463733173,0.043701024713682944,0.38597548724131003,0.043701024713682944,0.3839662447257384,0.043701024713682944,0.3839662447257384,0.043701024713682944,0.3839662447257384,0.043701024713682944,0.3893911995177817,0.04641350210970464,0.42605987542696405,0.07705445047217199,0.5194896524010448,0.15742415109503716,0.6523005826803296,0.2858147478400642,0.8125376732971671,0.44183242917420146,0.9232469359051638,0.5673096242716495,0.9830219007434199,0.6390395820775566,1.0,0.6642555756479808,0.9405264215390798,0.6569218404661442,0.7862165963431788,0.6448663853727143,0.5716294956801288,0.64376130198915,0.3001808318264015,0.6625477195097448,0.09624271649588116,0.6747036367289533,0.0,0.6680731364275668,0.027526622463331457,0.6151295961422543,0.1201527024311836,0.5150693188667871,0.2410086397428171,0.37532650190878025,0.3403656821378341,0.24884468555354616,0.4042595941330119,0.14637331725939315,0.44303797468354433,0.0752461322081575,0.4658428772352824,0.034458509142053416,0.4783001808318265,0.014366083986337147,0.4830219007434198,0.00482218203737191,0.4830219007434198,0.0
Triangle,0.40378109452736327,0.005771144278606967,0.40378109452736327,0.005771144278606967,0.40378109452736327,0.005771144278606967,0.40378109452736327,0.0038805970149253543,0.40378109452736327,0.002288557213930336,0.40378109452736327,0.0,0.40378109452736327,0.0,0.41124378109452747,0.0074626865671641555,0.4498507462686568,0.04915422885572143,0.5175124378109455,0.12248756218905472,0.652039800995025,0.2351243781094528,0.7902487562189058,0.3755223880597017,0.9012935323383087,0.5071641791044776,0.9680597014925376,0.595124378109453,1.0,0.6449751243781097,0.9612935323383088,0.6636815920398011,0.8195024875621892,0.658905472636816,0.6080597014925373,0.6470646766169156,0.4038805970149256,0.6407960199004977,0.199402985074627,0.6448756218905475,0.0613930348258706,0.6489552238805971,0.0,0.6236815920398012,0.032139303482587166,0.5637810945273632,0.11572139303482597,0.4707462686567165,0.22497512437810932,0.34905472636815943,0.3254726368159207,0.24169154228855713,0.3994029850746269,0.15044776119402992,0.4498507462686568,0.08467661691542297,0.47950248756218916,0.047064676616915394,0.49611940298507473,0.02597014925373135
Triangle,0.47463370876108857,0.03179507624838034,0.47463370876108857,0.026811521977474353,0.47044752317352756,0.026014153294129375,0.4688527858068376,0.026014153294129375,0.4688527858068376,0.026014153294129375,0.4688527858068376,0.026014153294129375,0.4688527858068376,0.026014153294129375,0.47004883883185494,0.029901325625436043,0.5274593840326921,0.0731585766969002,0.6161666500548192,0.16316156682946267,0.7607893949965115,0.31496062992125967,0.8941493072859565,0.47662713046945077,0.9725904515100173,0.5908501943586165,1.0,0.6553373866241403,0.9593341971494073,0.6858367387620852,0.7874015748031501,0.6883285158975382,0.537825176916177,0.6850393700787402,0.29572411043556285,0.6868334496162665,0.10236220472440972,0.6967008870726603,0.0030898036479621,0.6885278580683745,0.0,0.6380942888468057,0.07505232731984449,0.5492873517392607,0.2004385527758398,0.41353533339978094,0.3120701684441345,0.28794976577294934,0.39748828864746355,0.17861058506927135,0.4596830459483704,0.09468753114721437,0.4947672680155488,0.0444533040964817,0.5141034585866643,0.01833947971693414,0.5245689225555666,0.007076647064686542,0.5295524768264728,0.0
Triangle,0.4605987784119356,0.03484529888855512,0.4605987784119356,0.03484529888855512,0.45779513367377594,0.03484529888855512,0.45479122859717636,0.03354360668869529,0.4520877140282368,0.029238009412235907,0.45188745368979677,0.029037749073795933,0.45188745368979677,0.029037749073795933,0.4756183037949336,0.046560528687293504,0.5755482126764795,0.12856713727846206,0.7271452888755382,0.27926304195454094,0.8729348152598378,0.46149994993491533,0.9601481926504456,0.5842595373986181,1.0,0.6450385501151498,0.9444277560829075,0.6583558626214078,0.7804145389005706,0.6518474016221086,0.5873635726444376,0.6468408931611094,0.3786922999899869,0.6467407629918894,0.17242415139681586,0.6510463602683487,0.043756883949133914,0.6533493541604085,0.0,0.6401321718233703,0.04205467107239418,0.591869430259337,0.12215880644838319,0.5060578752378089,0.2297987383598678,0.3916090918193652,0.32492239911885473,0.2802643436467406,0.4111344748172628,0.1803344347651944,0.4711124461800342,0.09902873735856607,0.5066586562531292,0.04946430359467293,0.5305897666967057,0.020026033843997208,0.5420046059877842,0.00861119455291877,0.5477120256333233,0.0
Triangle,0.4055816081436579,0.0033169392656982725,0.4055816081436579,0.0033169392656982725,0.404780967631248,0.0,0.40226466887795964,0.0,0.4006633878531398,0.0,0.39528765869838733,0.0,0.38991192954363507,0.0,0.39917648404437855,0.011208967173738992,0.45064623127073106,0.05512981814022645,0.5724579663730984,0.17659842159441816,0.721377101681345,0.3392428228296919,0.863433604026078,0.5350566167219489,0.9508177970948186,0.6798581722520872,1.0,0.7642685577033053,0.9818140226466886,0.7827976667047922,0.8698387281253575,0.7666704792405352,0.6564108429600826,0.7405924739791833,0.4047809676312484,0.72972663845362,0.16230126958709873,0.72972663845362,0.019329749513897074,0.7218346105455793,0.0,0.6720805215601053,0.059704906782569185,0.5844675740592472,0.1769415532425943,0.44778680086926675,0.27484845018872245,0.31339357200045753,0.33878531396545813,0.21182660414045526,0.38110488390712577,0.13530824659727791,0.4140455221319913,0.08349536772274975,0.4330321399977126,0.05375729154752379,0.443326089442983,0.037286972435090916,0.4453848793320372,0.02653551412558618
Triangle,0.4802684874435829,0.05034139567179724,0.4802684874435829,0.05034139567179724,0.4802684874435829,0.05034139567179724,0.4802684874435829,0.05034139567179724,0.4802684874435829,0.04964703159356554,0.47772248582340004,0.046985302627010755,0.47691239439879646,0.046985302627010755,0.482698761717394,0.049878486286309434,0.5142923272769356,0.08378659877329009,0.6246962157157736,0.21108667978243248,0.8044207846314084,0.4251822705705358,0.9437565096632334,0.6024765652123597,1.0,0.7024649924777222,0.95127878717741,0.7535007522277513,0.7912278671450063,0.7594028468927206,0.5711144543455621,0.7551209350769585,0.35586159009373913,0.7551209350769585,0.14674227519962962,0.7597500289318364,0.018632102765883805,0.764957759518574,0.0,0.7289665547968985,0.0598310380742971,0.6553639625043396,0.18493229950237228,0.5361647957412337,0.3101492882768201,0.3945145237819694,0.42587663464876757,0.26663580604096737,0.5101261428075453,0.15738919106584895,0.5646337229487329,0.08216641592408273,0.5968059252401344,0.036685568799907406,0.6168267561624812,0.011457007290822848,0.6245804883694017,0.0018516375419511545,0.6212243953246152,0.0
Triangle,0.44655081621906256,0.012216956292785677,0.4420221169036334,0.009162717219589257,0.44044233807266975,0.009162717219589257,0.44044233807266975,0.009162717219589257,0.44044233807266975,0.009162717219589257,0.44044233807266975,0.009162717219589257,0.44044233807266975,0.009162717219589257,0.4523433385992626,0.019167983149025822,0.47235387045813576,0.05423907319641918,0.5382833070036861,0.16092680358083208,0.6806740389678778,0.308899420747762,0.8109531332280144,0.465192206424434,0.9250131648235913,0.5889415481832546,0.9916798314902578,0.6698262243285941,1.0,0.7079515534491838,0.923959978936282,0.7086887835703002,0.7388098999473404,0.6927856766719325,0.5390205371248022,0.684149552395998,0.3303844128488677,0.6862559241706161,0.1472353870458135,0.6907846234860454,0.033912585571353245,0.6873091100579253,0.0,0.6538177988414955,0.0626645602948919,0.5828330700368616,0.1517640863612428,0.4832016850974195,0.26224328593996876,0.35555555555555507,0.37461822011585033,0.23644023170089518,0.46129541864139034,0.13733543970510767,0.5208004212743549,0.06308583464981563,0.5568193786203265,0.022538177988414874,0.5778830963665086,0.0
Triangle,0.48817353178723905,0.00669205030575747,0.48817353178723905,0.0011538017768547132,0.48817353178723905,0.0,0.48817353178723905,0.0,0.48817353178723905,0.0,0.48817353178723905,0.0,0.48817353178723905,0.0,0.48817353178723905,0.0,0.4840198453905618,0.0,0.48148148148148157,0.0029998846198223306,0.49925002884504455,0.033344871351101896,0.5589015807084344,0.12495673243336801,0.6898580823814471,0.267220491519557,0.8376600899965386,0.45875158647744324,0.9473866389754241,0.6126687435098649,1.0,0.6985115957078574,0.9591554170993424,0.7293181031498788,0.7927772008768894,0.7251644167532018,0.5721703011422639,0.7167416637821621,0.3221414560978428,0.7205492096457827,0.11514941733010262,0.7334717895465558,0.0,0.7369331948771201,0.005653628706588352,0.6832814122533748,0.10984192915657114,0.5829006576670126,0.2552209530402679,0.4316372447213567,0.3830621899157726,0.28406599746163597,0.4760586131302644,0.1621091496480904,0.530056536287066,0.08503519095419404,0.5552094150224992,0.04107534325602863,0.5651321103034499,0.020076150917272412
Triangle,0.5373844861383367,0.013534957528236722,0.5373844861383367,0.013534957528236722,0.5346774946326893,0.013534957528236722,0.5346774946326893,0.01250816764678428,0.5315037804536545,0.010827966022589378,0.5266498646504247,0.010827966022589378,0.5265565201157473,0.010827966022589378,0.5310370577802671,0.013814991132269193,0.5713618967609447,0.05012601512181463,0.6627461962102118,0.1403901801549519,0.799402594978064,0.2964622421357228,0.9304583216652665,0.4466535984318119,0.9993465882572574,0.5420517128722113,1.0,0.5889106692803137,0.9171100532063847,0.6028190049472604,0.7253803789788107,0.590684215439186,0.504620554466536,0.5874171567254738,0.26491178941472987,0.6033790721553253,0.08363670307103528,0.624848315131149,0.0,0.6284887519835713,0.06898161112666837,0.5585736955101281,0.18818258190982912,0.44656025389713433,0.32801269485671625,0.3029030150284699,0.43143843927938014,0.18388873331466454,0.4948193783253991,0.0936245682815271,0.5269298982544574,0.04433865397180988,0.5407448893867265,0.02202931018388874,0.5493325865770559,0.011294688695976841,0.5536264351722207,0.00485391580322971,0.5536264351722207,0.0
Triangle,0.5745563972190515,0.027083117152640862,0.5745563972190515,0.027083117152640862,0.5745563972190515,0.027083117152640862,0.5745563972190515,0.027083117152640862,0.5745563972190515,0.027083117152640862,0.5715471619798692,0.027083117152640862,0.5715471619798692,0.027083117152640862,0.575697831275293,0.039327591574141334,0.6126387880045657,0.09473902666805016,0.7131887516862092,0.22673031026252963,0.8224551208882429,0.4112275604441213,0.9293348552454084,0.5642834907128774,0.9872366919165714,0.6481270104804399,1.0,0.6863131679983396,0.9125246445989416,0.6870395351250388,0.7249143924457819,0.6821624987029158,0.5144754591677909,0.6828888658296149,0.2718688388502649,0.7001141434056241,0.08612638788004591,0.7106983501089552,0.0,0.7036422123067345,0.050015565009857404,0.6493722112690673,0.15315969700114143,0.5602365881498391,0.29365985265123995,0.42938673861160115,0.42814153782297376,0.29822558887620637,0.5322195704057276,0.18439348344920634,0.6037148490194041,0.10158763100549976,0.6458441423679565,0.04825153055930279,0.6656635882536057,0.020960879941890692,0.6780118294074918,0.006744837605063811,0.6828888658296149,0.0
Triangle,0.3865857768790024,0.01954836535220762,0.3865857768790024,0.01954836535220762,0.3865857768790024,0.01954836535220762,0.3865857768790024,0.015166835187057658,0.3865857768790024,0.013032243568138412,0.3873722053701832,0.013032243568138412,0.3965846534097293,0.017526120660599935,0.41422312099764075,0.04718570947084592,0.5239860689810135,0.149309066397034,0.6636332996292552,0.28086731827884526,0.8099089989888777,0.43815301651499833,0.9352881698685542,0.5524098415908325,1.0,0.6138636108302438,0.9878665318503541,0.6401527918211437,0.894730929109089,0.648354117514886,0.7248623750140433,0.648354117514886,0.5246601505448826,0.6500393214245591,0.28468711380743755,0.6682395236490283,0.09403437815975724,0.6846421750365129,0.0,0.6839680934726435,0.004718570947084559,0.6430738119312436,0.07336254353443444,0.5679137175598247,0.1686327378946186,0.4603977081226828,0.2754746657678912,0.3308617009324796,0.3552409841590834,0.22750252780586439,0.41152679474216375,0.1436917200314573,0.4471407706999215,0.08403550162903048,0.47590158409167527,0.040332546904842066,0.49297831704302886,0.015616222896303818,0.5006179081002136,0.0
Triangle,0.5133812350307196,0.006039779235655525,0.5133812350307196,0.006039779235655525,0.5133812350307196,0.006039779235655525,0.5133812350307196,0.006039779235655525,0.5133812350307196,0.006039779235655525,0.5133812350307196,0.003228157867333087,0.5133812350307196,0.0014578777465375286,0.5133812350307196,0.0,0.5133812350307196,0.0,0.5205664896386547,0.007185254607935024,0.5601374570446735,0.05456628137040513,0.6630219723003231,0.15838800374882872,0.8213058419243988,0.32656461522440916,0.9404352806414662,0.4658960741434968,1.0,0.5474330938248465,0.8826408414037279,0.588149536603145,0.6651046547953763,0.607414349682391,0.348536915547225,0.621784858898261,0.1242320108299489,0.6298031865042175,0.0,0.6264708945121317,0.04373633239612629,0.5854420493595751,0.17546600020826816,0.5033843590544622,0.3541601582838702,0.3650942413829008,0.4866187649692806,0.23825887743413493,0.5665937727793399,0.14224721441216281,0.6037696553160471,0.08591065292096217,0.6205352494012288,0.050713318754555904,0.6301155888784756,0.03176090804956781,0.6341768197438301,0.021659897948557733,0.6371967093616578,0.015099448089138812
Triangle,0.6096237071811047,0.05105259297293332,0.6096237071811047,0.05105259297293332,0.6096237071811047,0.05039243013276608,0.6096237071811047,0.0489254015990611,0.6083033815007701,0.0489254015990611,0.6047825130198781,0.046211398811706876,0.5973006674979829,0.042690530330814935,0.5824836793075624,0.039169661849922995,0.5745617252255557,0.040856744663683685,0.6171055527029998,0.09278955475683999,0.7546394777378421,0.2095650260397566,0.8921000513459986,0.3480525196215067,0.9741802978067923,0.4442162400058681,1.0,0.49270153304481773,0.9563559011222769,0.5037775984742903,0.7996772537225848,0.49321499303161437,0.5867380620553071,0.4819188733220861,0.32920120296339767,0.47619746204063673,0.1359201936477665,0.4726765935597447,0.03205457346145386,0.4703293479058168,0.0,0.46028020244993756,0.0802464607936626,0.40203916966184977,0.27125357588205107,0.2790288271106872,0.43761461160419574,0.16650773857551518,0.5328981148683343,0.08926868627594799,0.5799163793735789,0.04459766742463139,0.6035355387662288,0.020978508031981216,0.6161519841560916,0.008362062642118386,0.6231203696911904,0.001393677107019731,0.6245140467982102,0.0
Triangle,0.5496765249537894,0.0513709180529883,0.548136167590881,0.0513709180529883,0.5452094886013555,0.05052372150338879,0.5452094886013555,0.04674984596426373,0.5452094886013555,0.042975970425138635,0.5422057917436847,0.040203327171903884,0.5286506469500926,0.040203327171903884,0.519177449168207,0.04390018484288357,0.5699322242760322,0.10620764017252006,0.7295132470733212,0.24768946395563782,0.8830868761552684,0.3939463955637709,0.97081022797289,0.4778958718422675,1.0,0.5098582871226125,0.9725046210720891,0.5093191620455947,0.8172365988909428,0.5055452865064695,0.6112138016019718,0.5070856438693778,0.3440388170055453,0.5184072704867531,0.14671903881700546,0.5281115218730746,0.0385089340727048,0.5274953789279114,0.0,0.5172520024645719,0.021025878003696943,0.49329944547134935,0.1228434996919288,0.41990141712877366,0.27210412815773294,0.2996765249537891,0.41350893407270517,0.1940080098582869,0.5095502156500308,0.11182994454713505,0.5684688847812693,0.05714725816389408,0.599969192852742,0.025646950092421468,0.6177603203943316,0.01147566235366606,0.6270024645717809,0.0037738755391250787,0.632316697473814,0.0
Triangle,0.6009061282886893,0.006915189571576186,0.6009061282886893,0.006915189571576186,0.6009061282886893,0.006915189571576186,0.5991574596613941,0.006915189571576186,0.5986010650981638,0.006120340195532946,0.5986010650981638,0.0024640330657340467,0.5939114537795087,0.0,0.586837294332724,0.000476909625625954,0.583180987202925,0.017327716397742637,0.6119545346156903,0.07686193466338134,0.7066210953024402,0.1748668627295128,0.8122565773785868,0.29433272394881194,0.920515062395676,0.40736030522216043,0.9814005246005881,0.47412765280979247,1.0,0.5094984500437167,0.9451553930530163,0.5241236785629122,0.8067721166838883,0.5327875367617837,0.6058341944201574,0.5459820364041015,0.34385184007630537,0.5629123281138224,0.14490104125268238,0.5739607344408234,0.033622128606628957,0.5722915507511327,0.0,0.5521023765996343,0.038788649550910305,0.5083856609172559,0.16254669740084285,0.40918845878705956,0.3063349495270647,0.2856688657499402,0.41729592242270075,0.18202050711390197,0.5014704713456799,0.10229711469676503,0.5504331929099437,0.05508306175979643,0.5757094030681186,0.026547969159844184,0.5916858755265877,0.009220252762101581
Triangle,0.5326591965017764,0.0,0.5280131183383437,0.0,0.5233670401749112,0.0,0.5187209620114785,0.0,0.5167167714311742,0.0,0.5120706932677416,0.0,0.5088822082536212,0.0,0.5129816889860618,0.007561264462057022,0.581397467431903,0.06987337159515351,0.6964562266557347,0.19367768971485833,0.8538762867814521,0.37214175093377044,0.954905711943154,0.5034162339437006,1.0,0.5667304363669492,0.9748565181743646,0.5854058485925118,0.8498679056208437,0.5901430263277763,0.6469891591509519,0.5854969481643438,0.38289150040994807,0.595517901065865,0.13519176459870666,0.6070875466885307,0.010112052473353348,0.6094561355561631,0.0,0.5823995627220553,0.10248701831101367,0.4918465883210352,0.2443290516534571,0.3543773344265283,0.36485378518720957,0.235492393185752,0.43472715678236307,0.1510430900974765,0.47462876924478453,0.10503780632231038,0.4953083720506514,0.07971212535301088,0.5074246151043089,0.06750478272752118,0.5167167714311742,0.05948802040630411,0.5227293431720871,0.05484194224287147,0.5300173089186481,0.05019586407943883
Triangle,0.5168769877911151,0.0029752744434184885,0.5168769877911151,0.0,0.5168769877911151,0.0,0.5168769877911151,0.0,0.5154406484046373,0.0,0.5135939263363086,0.0,0.5087719298245613,0.0,0.5039499333128141,0.0,0.5048732943469785,0.00861803631886736,0.5343182517697752,0.05119523956089047,0.622755719708628,0.14640402175028197,0.7627988098902226,0.310762285831538,0.8959679901508156,0.4883553914024828,0.9737355083615472,0.6253206114701959,1.0,0.6929311583051196,0.9534215656099315,0.6984713245101059,0.7911152149379298,0.6764132553606239,0.5921822099107421,0.658561608700113,0.32902431517390013,0.648096850312917,0.11121370678157376,0.6432748538011698,0.0,0.6251154201292708,0.007284292602852042,0.5750487329434699,0.12414076125987468,0.4698881707191958,0.2732122704421871,0.3416435826408127,0.41366574330563227,0.2242741356314765,0.5042577203242021,0.13152764953318988,0.5618138914537805,0.06771314250538638,0.5913614445470401,0.03108648815020016,0.604288499025341,0.011490715091823119,0.6091104955370883,0.0
Triangle,0.5241450421034543,0.07226327547688607,0.5200206221000171,0.07226327547688607,0.5183880391819901,0.0697714383914762,0.5166695308472247,0.0697714383914762,0.5151228733459357,0.0697714383914762,0.5141776937618148,0.06727960130606635,0.5141776937618148,0.06727960130606635,0.5185598900154667,0.07166179755971817,0.5698573638082144,0.10981268259151054,0.6619694105516414,0.21429798934524832,0.8064959615054135,0.36621412613851195,0.9196597353497163,0.5027496133356247,0.983158618319299,0.5825743254854787,1.0,0.6105860113421551,0.9523113937102594,0.6150541330125451,0.7708369135590307,0.6129919230108267,0.523113937102595,0.6129919230108267,0.2577762502148136,0.6264822134387352,0.08119951881766625,0.6388554734490463,0.0,0.625107406770923,0.024488743770407405,0.5769032479807527,0.12725554218937973,0.4760268087300223,0.25356590479463836,0.35091940195909943,0.36827633614023025,0.24273930228561605,0.4494758549578966,0.15509537721257943,0.5071318095892766,0.09426018216188346,0.5471730537893109,0.05421893796184911,0.5743254854786047,0.027066506272555416,0.5915105688262589,0.009881422924901184,0.5989001546657502,0.0
Triangle,0.6301428449234454,0.03224702762808998,0.628603199041998,0.03224702762808998,0.6245830125737747,0.0316482764519716,0.6227012231631169,0.02976648704131383,0.6227012231631169,0.02976648704131383,0.6227012231631169,0.030023094688221695,0.624497476691472,0.03583953468480026,0.6461380549140364,0.05722350526045676,0.6935249337096913,0.11726969463690011,0.7884697630656059,0.24480369515011527,0.9038576682918483,0.3814900350697115,0.975964417072962,0.47557950560260026,1.0,0.5284406808656231,0.9751090582499359,0.5561543067316739,0.8266187665725772,0.5665041484902915,0.5954152767085792,0.5745445214267385,0.3414592421520831,0.5941322384740398,0.13771277050722805,0.6118381661106833,0.020956291164143468,0.6138910272859464,0.0,0.5880591908305534,0.09186553759301987,0.5045761697031909,0.23385510221537942,0.3745616286031989,0.3704559062526729,0.25960140278846977,0.47335557266273187,0.15926781284748956,0.5422119579163459,0.08818749465400745,0.5808741767171327,0.04807116585407584,0.6042254725857498,0.025917372337695702,0.6184244290479854,0.011718415875459793,0.629544093747327,0.004020186468223417,0.6351039260969976,0.0
Triangle,0.5955593029792019,0.0,0.5928424208356755,0.0,0.5928424208356755,0.0,0.5928424208356755,0.0,0.5928424208356755,0.0,0.5928424208356755,0.0,0.595652988570358,0.004215851602023603,0.6249765786022111,0.026981450252951098,0.6800637062019863,0.09949409780775723,0.7748735244519394,0.2625070264193369,0.8951658234963464,0.46046468053213435,0.9739554056586099,0.5758853288364253,1.0,0.6362188495409408,0.9608394228967585,0.6527075135844109,0.8017612891137342,0.6547685965898447,0.6056773468240584,0.6547685965898447,0.35506839048154376,0.6649803260258574,0.13509462244706766,0.6735994004122168,0.02276559865092734,0.6692898632190372,0.0,0.6417462994191493,0.07569795765411282,0.5660483417650366,0.22671913059771404,0.43011054899756435,0.36406220723252813,0.3070076822184745,0.4655237024545626,0.20207982012366485,0.5376616076447444,0.12254075323215288,0.5771969271126102,0.07363687464867906,0.6008993816750984,0.04628068203110365,0.6158890762600714,0.031290987446130764,0.6249765786022109,0.019486602960464675,0.6335956529885705,0.010867528574105306
Triangle,0.46779723843944027,0.04299879529237327,0.46779723843944027,0.04299879529237327,0.46779723843944027,0.04299879529237327,0.46779723843944027,0.04299879529237327,0.46779723843944027,0.04299879529237327,0.46779723843944027,0.04299879529237327,0.47039199332777315,0.04299879529237327,0.49003799462515063,0.05022704105272913,0.548605319247521,0.09813733666944673,0.6434992123065517,0.18960244648318036,0.756834399036234,0.30284496339542205,0.8733203595588916,0.4275785376702807,0.9551478083588175,0.524603836530442,0.998980632008155,0.5819664535260866,1.0,0.6126401630988786,0.9205819664535264,0.6164396256139374,0.7591511444722455,0.6067092947826892,0.5646371976647206,0.5994810490223335,0.3432490037994626,0.6082846816791769,0.15549995366509164,0.6196830692243537,0.044481512371420735,0.6246872393661383,0.0,0.6078213325919747,0.037809285515707496,0.5533314799369846,0.1493837457140207,0.4435177462700401,0.26086553609489377,0.3309239180798814,0.358261514224817,0.22945046798257798,0.4319340190899825,0.14261884904086727,0.48855527754610323,0.07459920303957013,0.5218237420072284,0.02993235103326851,0.5430451302010935,0.0
Triangle,0.5157885630244832,0.0025088675490959425,0.5138852841941345,0.0,0.5132796954753872,0.0,0.5107708279262912,0.0,0.5082619603771954,0.0,0.5062721688727401,0.0,0.5018600224932953,0.0,0.5022925858638292,0.0023358422008824256,0.5294575655333507,0.030538973959685085,0.622112639501687,0.1200795916601782,0.7583701012198285,0.26412319404792783,0.8960982783977853,0.4214897482481184,0.9752573752054677,0.5257375205467599,1.0,0.5746171814170776,0.9447184012457824,0.5845661389393546,0.7709144389653082,0.5657063759840816,0.5601695648412495,0.5522969114975345,0.3060818409897055,0.5589583874037547,0.11116878622718238,0.5661389393546153,0.009083830781209515,0.5649277619171209,0.0,0.5413098018859764,0.09447184012457827,0.45125010814084265,0.21879055281598772,0.33194913054762515,0.321394584306601,0.21723332468206583,0.39155636300718066,0.13625746171814182,0.4396574098105373,0.08616662341032963,0.4689852063327279,0.05683882688813909,0.48680681719871965,0.03901721602214727,0.49692880006921025,0.028895233151656725,0.5032442252790035,0.022579807941863483
Triangle,0.47823613086770994,0.0,0.4754860123281177,0.0,0.4727358937885255,0.0,0.4697961119013753,0.0,0.46723565670934103,0.0,0.4632527264106213,0.0,0.4558558558558559,0.0,0.45120910384068286,0.0,0.4620199146514938,0.005689900426742537,0.516642958748222,0.05651967757230919,0.6232337600758655,0.17600758653390242,0.7732574679943104,0.33627311522048386,0.9149359886201993,0.4842105263157895,0.9965860597439546,0.5678520625889047,1.0,0.6075865339023234,0.8995732574679944,0.6141299193930774,0.7075391180654339,0.6049312470365102,0.4791844476055003,0.6062588904694168,0.24229492650545276,0.6116642958748222,0.0844950213371266,0.6160265528686582,0.0,0.6160265528686582,0.027785680417259588,0.5917496443812233,0.1146514935988623,0.5116168800379324,0.23347558084400233,0.38103366524419113,0.34082503556187765,0.26334755808440036,0.4106211474632528,0.1653864390706497,0.44940730203888096,0.10128022759601712,0.46239924134660987,0.06846846846846849,0.46723565670934103,0.04969179706021812,0.46723565670934103,0.04125177809388336
Triangle,0.45033043113395577,0.030420644078464287,0.45033043113395577,0.030420644078464287,0.45033043113395577,0.030420644078464287,0.45033043113395577,0.030420644078464287,0.45033043113395577,0.030420644078464287,0.45033043113395577,0.030420644078464287,0.45033043113395577,0.030420644078464287,0.45033043113395577,0.030420644078464287,0.44728836672610933,0.030420644078464287,0.44519039127242216,0.030420644078464287,0.4442463023182629,0.030420644078464287,0.4461344802265815,0.03230882198678276,0.48033148012168253,0.07007238015315216,0.6112451484317634,0.21325920486730282,0.8032099024441416,0.44309241581873504,0.9347529633903283,0.6330640931501104,1.0,0.7315640407007239,0.9691597608307981,0.7536976817371238,0.7741529424105739,0.7231721388859752,0.49417811811601803,0.6965278506241478,0.17832791356341135,0.6835204028112873,0.0,0.675023602223854,0.012692751494807373,0.6240427986992554,0.13091366831008056,0.5038288052029795,0.28343648379313935,0.3453267596769121,0.40795132696947434,0.19846847791880864,0.47991188503094495,0.09356970523444895,0.5148431763348369,0.0352459876219448,0.5264869401028008,0.008916395678170562,0.529424105737963,0.0
Triangle,0.4210335229335592,0.003509621202952923,0.4210335229335592,0.0,0.4183710516761467,0.0,0.4170398160474405,0.0,0.4121989592157812,0.0,0.40735810238412185,0.0,0.40251724555246277,0.0,0.39767638872080346,0.0,0.39283553188914433,0.00024204284158296536,0.3967082173544718,0.014280527653394706,0.4376134575819922,0.06075275323732306,0.5333414014280528,0.13977974101415952,0.6679172213481789,0.2850054459639358,0.8166525475009079,0.45782403485416945,0.9227883335350356,0.5949413046109161,0.9857194723466055,0.6820767275807817,1.0,0.7307273387389568,0.8912017427084592,0.7405300738230667,0.6956311267094272,0.7405300738230667,0.46823187704223646,0.7419823308725644,0.2378070918552582,0.7496066803824278,0.07370204526201098,0.7544475372140869,0.0,0.7295171245310421,0.03231271935132525,0.6638024930412683,0.11388115696478293,0.5661382064625438,0.23514462059784624,0.44027592883940436,0.35374561297349655,0.31743918673605187,0.43906571463148986,0.20501028682076697,0.49328331114607293,0.12392593489047567,0.522812537819194,0.07019242405905846
Triangle,0.5109380002134243,0.021662576032440505,0.5056023903532173,0.021662576032440505,0.5047486927755842,0.021662576032440505,0.5047486927755842,0.021662576032440505,0.5047486927755842,0.021662576032440505,0.5047486927755842,0.019741756482765983,0.5047486927755842,0.018567922313520432,0.5051755415644007,0.019208195496745288,0.528118663963291,0.04748692775584247,0.6140219827126239,0.1358446270408707,0.7491196243730656,0.3037029132429834,0.9072671006296017,0.5128588197630989,0.9935972681677515,0.6356845587450646,1.0,0.6990716038843239,0.8763205634404013,0.7210543165083768,0.6202112901504647,0.7157187066481698,0.3557784654786044,0.7050474869277559,0.12933518301141822,0.6974709209262617,0.0,0.6799701205847828,0.014512858819762968,0.6302422366876534,0.11354177782520511,0.5396435812613384,0.25770995624799886,0.4030519688400385,0.38245651477963905,0.28321417137978877,0.47636324831928273,0.17703553516166892,0.5346281079927436,0.09732152385017603,0.5645075232099028,0.04759363995304672,0.5779532600576245,0.020702166257603287,0.5838224309038523,0.0075765660014939775,0.5891580407640591,0.0022409561412869306,0.5913989969053463,0.0
Slash,0.9888946955840084,0.007577737130911942,0.9888946955840084,0.006793833289783104,0.9888946955840084,0.003788868565455971,0.9888946955840084,0.003788868565455971,0.9888946955840084,0.003788868565455971,0.9888946955840084,0.003788868565455971,0.9888946955840084,0.003788868565455971,0.9888946955840084,0.003788868565455971,0.9888946955840084,0.0013065064018813971,0.9888946955840084,0.0,0.9888946955840084,0.0,0.9888946955840084,0.0,0.9888946955840084,0.0,0.9888946955840084,0.0,0.9888946955840084,0.0,0.9888946955840084,0.0,0.9888946955840084,0.0,0.9908544551868305,0.0,0.9954272275934153,0.0,1.0,0.0,0.9240919780506927,0.05709432976221579,0.6301280376273843,0.25437679644630273,0.3933890776064807,0.4167755422001566,0.23869871962372638,0.5235171152338646,0.13901228116017775,0.5930232558139535,0.08126469819702113,0.6322184478703945,0.044421217663966533,0.6522079958191797,0.021426704990854483,0.6637052521557355,0.009145544813169619,0.669845832244578,0.0,0.6706297360857069
Slash,0.0,0.36711711711711714,0.0,0.36711711711711714,0.0011649580615097944,0.3659521590556073,0.006601429015222115,0.3630009319664493,0.019027648337993173,0.3577197887542716,0.04123951537744644,0.34917676296986644,0.10570052811432115,0.324479652065859,0.22794346070208124,0.27974526250388315,0.4076576576576576,0.21590556073314698,0.5563063063063063,0.1629388008698354,0.6719478098788443,0.12185461323392356,0.76390183286735,0.08970177073625347,0.8355855855855855,0.0650046598322461,0.885135135135135,0.0462100031065549,0.916511338925132,0.03440509474992235,0.9387232059645852,0.025862068965517234,0.9542559801180491,0.019338303821062486,0.9627990059024542,0.014212488350419416,0.9698664181422803,0.010562286424355423,0.9767008387698044,0.007145076110593377,0.9831469400434918,0.004116185150667885,0.9882727555141347,0.0024075799937869256,0.9918452935694317,0.0006989748369059023,0.9942528735632183,0.0,0.9959614787200995,0.0,0.9976700838769804,0.0,0.9993786890338613,0.0,1.0,0.0,1.0,0.0,1.0,0.0
Slash,0.9763593380614657,0.002364066193853428,0.9782342871117633,0.002364066193853428,0.9801092361620609,0.002364066193853428,0.9837776147387298,0.0014673514306676426,0.9889948642699927,0.0,0.9927447623705877,0.0,0.9964946604711828,0.0,0.9989402461889623,0.0,1.0,0.0,0.9990217657128883,0.0,0.9933969185619957,0.0,0.9860601614086574,0.0,0.9724464009130187,0.00366837857666914,0.9071492622483086,0.02763511861090728,0.7623705877557674,0.08086736773457241,0.589875275128393,0.13899078829379652,0.44672699111437186,0.18244069454634382,0.33308877476155546,0.2157006603081438,0.24602592320860844,0.23991195891416,0.18032118692426824,0.2564604222711339,0.13344746066682966,0.26958506562321677,0.0974158310915464,0.27961196706611235,0.07002527105241699,0.2868672046955246,0.04923779245129206,0.2924920518464172,0.032607809570392096,0.29803537947338393,0.02135811526860685,0.30178527757397905,0.013043123828156852,0.3040678242439065,0.007499796201190177,0.3049645390070922,0.0037498981005951054,0.3049645390070922,0.0,0.3049645390070922
Slash,0.004140786749482402,0.12422360248447205,0.0023559648747055106,0.12422360248447205,0.002070393374741201,0.12422360248447205,0.002070393374741201,0.12422360248447205,0.002070393374741201,0.12422360248447205,0.0014278574998215188,0.12422360248447205,0.0,0.12422360248447205,0.0,0.12422360248447205,0.0,0.12422360248447205,0.0,0.12422360248447205,0.0,0.12550867423431147,0.004997501249375301,0.13229099735846359,0.053187691868351566,0.14157207110730344,0.16284714785464394,0.1482830013564647,0.28621403583922317,0.15235239523095598,0.4736203326907971,0.14164346398229452,0.6249018347968872,0.12436638823445423,0.7391304347826086,0.1024487756121939,0.8233740272720781,0.08138787748982654,0.8822017562647246,0.06332548011708436,0.920039980009995,0.04826158349396733,0.9439565931320054,0.03619618762047547,0.9600199900049974,0.027272078246590954,0.9709430998786321,0.020061397872492295,0.9787963161276504,0.01434996787320622,0.9847933176269009,0.010137788248732786,0.9901477832512314,0.006568144499179004,0.9949311058756336,0.0035696437495538413,0.9982151781252232,0.0017848218747769501,1.0,0.0
Slash,1.0,0.004329004329004329,1.0,0.00253769219286463,1.0,0.0007463800567248694,1.0,0.0,1.0,0.0,1.0,0.0,1.0,0.0,1.0,0.0,0.9973130317957903,0.0,0.9888789371547991,0.0,0.9733542319749218,0.0005971040453799202,0.9384236453201971,0.004403642334676834,0.809449171518137,0.02231676369607401,0.6837587699656664,0.04187192118226599,0.5329899985072399,0.06030750858337071,0.39505896402448126,0.0755336617405583,0.29034184206598,0.08702791461412149,0.2116733840871772,0.09538737124944024,0.1543513957307061,0.09717868338557994,0.11427078668457981,0.09896999552171964,0.08381848037020449,0.10076130765785941,0.06105388864009552,0.1025526197939991,0.0444842513808031,0.10434393193013887,0.032094342439170004,0.1061352440662785,0.023137781758471414,0.10792655620241827,0.015673981191222566,0.10822510822510822,0.009628302731751012,0.10822510822510822,0.005000746380056723,0.10822510822510822,0.0017913121361397297,0.10822510822510822,0.0,0.10822510822510822
Slash,0.0,0.352112676056338,0.0,0.352112676056338,0.0,0.352112676056338,0.0,0.352112676056338,0.0011332361988019982,0.35097943985753605,0.03124494090982674,0.339080459770115,0.20463007932653401,0.27497166909502996,0.3585883114780638,0.22057633155253356,0.49700501861745183,0.1739517565161082,0.599643840051805,0.1397118342237332,0.6899789541848793,0.10960012951270846,0.7599158167395176,0.08628784199449571,0.8151206087097298,0.06823700825643514,0.862716529059414,0.05269548324429335,0.8947709243969564,0.041039339485186975,0.9202687388700015,0.03156872268091307,0.9392099724785495,0.02428363283147157,0.9516755706653717,0.018293670066375254,0.9625222599967622,0.012870325400679932,0.9712643678160918,0.008499271491015054,0.9780637850089041,0.005099562894609025,0.9838109114456857,0.0022664723976039964,0.9881819653553505,0.0008094544277157035,0.9919054557228428,0.0,0.9948194916626195,0.0,0.9965193459608224,0.0,0.9979763639307108,0.0,0.9994333819005988,0.0,1.0,0.0,1.0,0.0
Slash,1.0,0.0,1.0,0.0,0.9984097756946768,0.0,0.9964010713090057,0.0,0.9951456310679612,0.0,0.9951456310679612,0.0,0.9951456310679612,0.0,0.9951456310679612,0.0,0.9951456310679612,0.0,0.9951456310679612,0.0,0.9951456310679612,0.0,0.9948945430197522,0.0,0.9928858386340811,0.0,0.8675092065617677,0.011047874121191825,0.6782725142283227,0.045865416806160006,0.4974891195179109,0.08503515232674927,0.3597254770672916,0.11625376632072308,0.2559424171409441,0.139688650820221,0.18162035487110817,0.15575828590559085,0.12838968865082023,0.1665550719785738,0.08888516906595238,0.17392032139270167,0.06026113157013724,0.17902577837294945,0.04017408771342484,0.1820388349514563,0.026364245061935045,0.1820388349514563,0.01832942751925008,0.1820388349514563,0.011968530297957814,0.1820388349514563,0.007197857381988598,0.1820388349514563,0.0040174087713424666,0.1820388349514563,0.002008704385671216,0.1820388349514563,0.0,0.1820388349514563
Slash,0.0021141649048625794,0.052854122621564484,0.00043741342859223705,0.052854122621564484,0.0,0.052854122621564484,0.0,0.052854122621564484,0.0,0.052854122621564484,0.0,0.052854122621564484,0.0,0.051250273383392865,0.0,0.0507399577167019,0.0,0.05001093533571476,0.0,0.048625792811839326,0.0,0.048625792811839326,0.0015309470000728898,0.048625792811839326,0.003207698476343232,0.048625792811839326,0.006196690238390316,0.048625792811839326,0.039440110811402015,0.048625792811839326,0.2607713056790847,0.048625792811839326,0.4558576948312314,0.048625792811839326,0.6123058977910621,0.04454326747831162,0.7324487861777357,0.03725304366844062,0.8234307793249254,0.029160895239483814,0.8837938324706569,0.024130640810672906,0.9247648902821316,0.01910038638186194,0.9531238609025299,0.015017861048334174,0.972370051760589,0.01166435809579355,0.9854924546183569,0.008383757381351591,0.992199460523438,0.006707005905081249,0.9962819858569659,0.005030254428810966,0.9987606619523219,0.0033535029525406245,1.0,0.0016767514762703422,1.0,0.0
Slash,1.0,0.010291068274326087,1.0,0.008140695799093788,1.0,0.008063896782121186,1.0,0.008063896782121186,1.0,0.008063896782121186,1.0,0.008063896782121186,1.0,0.008063896782121186,1.0,0.008063896782121186,1.0,0.006451117425696962,0.9984640196605482,0.004300744950464662,0.9860993779279624,0.0021503724752322995,0.9440135166269871,0.0,0.7549343368404884,0.013516626987174535,0.526380462330082,0.0334843714000461,0.3639505414330696,0.048383380692727185,0.25105598648337285,0.05698487059365638,0.17471776361262573,0.06028722832347743,0.12188003993548875,0.061516012595038784,0.08394132555103291,0.061516012595038784,0.05767606174640966,0.0622840027647646,0.04039628292757853,0.06374318408724368,0.028722832347745895,0.06374318408724368,0.020658935565624773,0.06374318408724368,0.014668612241763286,0.06374318408724368,0.010367867291298686,0.06374318408724368,0.006374318408724362,0.06405038015513402,0.004223945933492031,0.06597035557944858,0.002073573458259731,0.06597035557944858,0.0,0.06597035557944858,0.0,0.06597035557944858
Slash,0.0,0.14634146341463414,0.0,0.14482758620689656,0.0,0.14390243902439023,0.0,0.14390243902439023,0.0,0.1427249789739277,0.0,0.14146341463414633,0.0,0.14146341463414633,0.0,0.14146341463414633,0.0,0.14146341463414633,0.0,0.14146341463414633,0.0,0.14095878889823377,0.0,0.13944491169049625,0.0010933557611437896,0.13902439024390245,0.010176619007569377,0.13734230445752738,0.07981497056349879,0.12220353238015137,0.1948696383515558,0.10857863751051304,0.3553406223717411,0.09646761984861231,0.4942809083263249,0.08301093355761138,0.6191757779646763,0.06980656013456686,0.7145500420521448,0.057695542472666124,0.7907485281749369,0.0465937762825904,0.8561816652649286,0.0361648444070648,0.9015979814970564,0.028595458368376774,0.9382674516400336,0.022371740958788855,0.9640033641715728,0.017830109335576078,0.97838519764508,0.013288477712363302,0.9888141295206055,0.009083263246425553,0.9933557611438185,0.006055508830950369,0.9969722455845247,0.0030277544154751843,1.0,0.0
Slash,1.0,0.004705882352941176,1.0,0.004705882352941176,1.0,0.004705882352941176,1.0,0.004705882352941176,1.0,0.0036511156186612853,0.9992697768762676,0.0016227180527383378,0.9972413793103447,0.0,0.9952941176470588,0.0,0.9952941176470588,0.0,0.9952941176470588,0.0,0.9952941176470588,0.0,0.994158215010142,0.0,0.9929411764705882,0.0,0.9890466531440162,0.0,0.9541582150101421,0.005679513184584165,0.7046653144016233,0.07667342799188633,0.5186206896551726,0.12713995943204864,0.37971602434077084,0.16503042596348885,0.27707910750507114,0.19342799188640972,0.20056795131845861,0.2141987829614604,0.14336713995943215,0.22872210953346853,0.10223123732251525,0.23862068965517236,0.07180527383367141,0.2467342799188641,0.05111561866125759,0.25290060851926977,0.0356997971602434,0.25574036511156184,0.02409736308316433,0.25776876267748483,0.015902636916835706,0.25979716024340765,0.00981744421906693,0.2611764705882353,0.004056795131845862,0.2611764705882353,0.0,0.2611764705882353
Slash,0.0022988505747126436,0.31724137931034485,0.0022988505747126436,0.31724137931034485,0.0022988505747126436,0.31724137931034485,0.0019024970273484026,0.31724137931034485,0.00023781212841853807,0.31724137931034485,0.0,0.31724137931034485,0.0,0.31724137931034485,0.0,0.31724137931034485,0.0,0.31724137931034485,0.0,0.31724137931034485,0.000554894966309944,0.3166864843440349,0.002219579865239776,0.31502179944510506,0.08791121680539046,0.2737217598097503,0.22251288149028936,0.22758620689655173,0.3855727308759412,0.18121284185493464,0.5270709472849784,0.1429250891795481,0.644312326595323,0.11272294887039241,0.7415774871185098,0.08799048751486327,0.8187078874355926,0.0683313515655965,0.8736424891002774,0.05501387237415771,0.9163694015061435,0.0439159730479588,0.9491874752279034,0.034403487911216786,0.9724930638129211,0.026080063416567562,0.98525564803805,0.0192627824019025,0.9934205311137535,0.013476020610384457,0.997938961553706,0.008719778042013467,0.9996036464526357,0.005390408244153802,1.0,0.0033293697978596963,1.0,0.0016646848989298319,1.0,0.0
Slash,1.0,0.002506265664160401,1.0,0.002506265664160401,1.0,0.002506265664160401,0.9990493475066978,0.002506265664160401,0.9974937343358395,0.002506265664160401,0.9974937343358395,0.002506265664160401,0.9974937343358395,0.002506265664160401,0.9974937343358395,0.0011234984011753582,0.9974937343358395,0.0,0.9974937343358395,0.0,0.9974937343358395,0.0,0.9974937343358395,0.0,0.9974937343358395,0.0,0.9049347506697779,0.031112263417163548,0.677728804770547,0.10751015469708756,0.512747385705643,0.16316653703223588,0.3909774436090224,0.20499524673753353,0.2962578860945468,0.23749027741768214,0.22305764411027568,0.26255293405928615,0.16696914700544457,0.28191167574107684,0.1272145881946245,0.2958257713248638,0.09567021000777809,0.3080978307838562,0.07034828450436426,0.31777720162475154,0.05029815919108112,0.3251231527093596,0.03465560452856276,0.33108633653098263,0.02471696482585774,0.33704952035260566,0.016333938294010898,0.3414570910033705,0.00942010197908565,0.3443954714372138,0.003975455881081993,0.3463831993777547,0.0,0.3483709273182957
Slash,0.0026041666666666665,0.3541666666666667,0.0026041666666666665,0.3541666666666667,0.0026041666666666665,0.3541666666666667,0.0024245689655172007,0.3541666666666667,0.0006285919540229834,0.3541666666666667,0.0,0.3541666666666667,0.0,0.3541666666666667,0.0,0.3541666666666667,0.0,0.3541666666666667,0.0,0.3541666666666667,0.0,0.3541666666666667,0.0,0.3541666666666667,0.0007183908045977164,0.35344827586206895,0.0025143678160919336,0.35165229885057464,0.07938218390804597,0.3020833333333333,0.2113864942528736,0.24820402298850572,0.39242097701149453,0.19333692528735633,0.5325071839080463,0.15382543103448265,0.6467313218390807,0.12077945402298844,0.7394037356321839,0.09339080459770115,0.8076508620689656,0.07363505747126435,0.8608117816091955,0.05765086206896549,0.9030172413793104,0.0441810344827586,0.9317528735632185,0.03340517241379307,0.9533045977011495,0.02550287356321838,0.9699173850574713,0.018947557471264382,0.9806932471264368,0.013559626436781583,0.9882363505747126,0.008171695402298859,0.9946120689655173,0.0035919540229885083,1.0,0.0
Slash,1.0,0.0,1.0,0.0,1.0,0.0,1.0,0.0,1.0,0.0,1.0,0.0,0.9995870328308899,0.0,0.9975221969853398,0.0,0.9970059880239521,0.0,0.9970059880239521,0.0,0.9970059880239521,0.0,0.9970059880239521,0.0,0.9961800536857319,0.0,0.9941152178401818,0.0,0.8822011150113567,0.009807970266363842,0.7397274416683872,0.03148874664464176,0.5744373322320875,0.06483584555027881,0.44641750980797,0.10406772661573414,0.341936816023126,0.13586619863720842,0.25717530456328713,0.16147016312203175,0.19523022919677882,0.18005368573198433,0.14773900474912233,0.19430105306628123,0.10953954160644234,0.20565765021680774,0.08063183976873842,0.21391699359900884,0.058331612636795364,0.2205244683047698,0.03985133181912042,0.225996283295478,0.025397480900268415,0.23012595498657856,0.014660334503406909,0.23239727441668387,0.006194507536650884,0.23446211026223418,0.0,0.23652694610778444
Slash,0.0,0.013337670787247834,0.0,0.013337670787247834,0.0,0.013337670787247834,0.0,0.013337670787247834,0.0,0.013337670787247834,0.0,0.013337670787247834,0.0,0.013337670787247834,0.0,0.013337670787247834,0.0,0.01211776187378003,0.0,0.010491216655823005,0.0,0.008864671437865977,0.0,0.0058555627846453365,0.0006506180871828375,0.0032530904359140537,0.0022771633051398643,0.0016265452179570268,0.04871502927781387,0.0,0.15769355888093695,0.011385816525699389,0.3259596616785948,0.03537735849056604,0.4772283669486014,0.05164281067013664,0.6011711125569293,0.06498048145738454,0.7022608978529604,0.07587833441769677,0.7770819778789851,0.08401106050748204,0.8359629147690308,0.08986662329212744,0.8835393623942747,0.09393298633702014,0.9176968119713729,0.09555953155497716,0.9427456083279117,0.09588484059856858,0.9626707872478856,0.09588484059856858,0.977309694209499,0.09588484059856858,0.9875569290826286,0.09588484059856858,0.9951203643461288,0.09588484059856858,1.0,0.09588484059856858
Slash,1.0,0.15538847117794485,1.0,0.15538847117794485,1.0,0.15538847117794485,1.0,0.15538847117794485,1.0,0.15538847117794485,1.0,0.15538847117794485,1.0,0.15538847117794485,1.0,0.15538847117794485,1.0,0.15538847117794485,1.0,0.15538847117794485,0.9979258491055225,0.1546970875464523,0.9870365569095151,0.15054878575749717,0.9434793881254862,0.13188142770719896,0.8143634949442572,0.09039840981764753,0.6818771065595023,0.05565638233514819,0.5460202229712212,0.029729496154178543,0.4128424509549736,0.013222711952294543,0.30135684037680405,0.007518796992481203,0.21839080459770122,0.007518796992481203,0.15720335321061288,0.007518796992481203,0.11157203353210614,0.007518796992481203,0.07881773399014776,0.006568144499178979,0.05600207415089446,0.004493993604701433,0.03958171290294705,0.0024198427102238157,0.027136807536081557,0.0003456918157462696,0.01814882032667876,0.0,0.011148561057816926,0.0,0.005790337913749855,0.0,0.002074150894477546,0.0,0.0,0.0
Slash,0.007142857142857143,0.175,0.007142857142857143,0.175,0.007142857142857143,0.175,0.007142857142857143,0.175,0.007142857142857143,0.175,0.00665024630541881,0.175,0.003694581280788104,0.175,0.000738916256157702,0.175,0.0,0.175,0.0,0.17339901477832517,0.003940886699507473,0.16748768472906406,0.044211822660098626,0.15270935960591134,0.28362068965517256,0.11724137931034478,0.4742610837438424,0.0899014778325123,0.6206896551724136,0.06958128078817732,0.7315270935960589,0.053325123152709354,0.8136699507389163,0.03940886699507387,0.8708128078817733,0.02783251231527092,0.9062807881773399,0.01896551724137931,0.9339901477832513,0.012684729064039451,0.9546798029556651,0.008743842364532028,0.969704433497537,0.005788177339901474,0.9807881773399015,0.002832512315270971,0.9895320197044336,0.0,0.9954433497536945,0.0,0.9988916256157635,0.0,1.0,0.0,1.0,0.0,1.0,0.0,1.0,0.0
Slash,1.0,0.0,1.0,0.0,1.0,0.0,0.9992544268406339,0.0,0.9972972972972973,0.0,0.9972972972972973,0.0,0.9972972972972973,0.0,0.9972972972972973,0.0,0.9972972972972973,0.0,0.9972972972972973,0.0,0.9972972972972973,0.0015843429636532846,0.9441752096924512,0.020410065237651476,0.8178005591798699,0.0666356011183596,0.6312208760484626,0.15890027958993463,0.4865796831314074,0.2293569431500465,0.37073625349487427,0.28779123951537744,0.2795899347623486,0.33681267474370913,0.21192917054986024,0.37576887232059647,0.16197576887232062,0.40410065237651444,0.12264678471575023,0.42628145386766075,0.09170549860205036,0.44333643988816396,0.0671015843429637,0.4556383970177074,0.049953401677539595,0.466076421248835,0.035973904939422215,0.4739049394221807,0.02479030754892827,0.4794967381174277,0.016589002795899355,0.48359739049394235,0.010344827586206905,0.48769804287045665,0.005498602050326209,0.4904939422180801,0.002050326188257228,0.49254426840633736,0.0,0.4945945945945946
Slash,0.0,0.4621026894865526,0.0,0.4621026894865526,0.0,0.4621026894865526,0.0,0.4621026894865526,0.0,0.4621026894865526,0.0,0.4621026894865526,0.0,0.4621026894865526,0.0,0.4621026894865526,0.0,0.4621026894865526,0.0,0.4621026894865526,0.0014332686957254654,0.460669420790827,0.04881544557794457,0.42340443470196454,0.15083045274428777,0.34567068543967633,0.2528454599106313,0.2807520445156395,0.40949329736109913,0.22342129668662009,0.5597335806424416,0.17612342972767897,0.6843436472472809,0.1388584436388163,0.7770845628530477,0.10918135064497093,0.8457971503245931,0.0875137003625327,0.8995868813759379,0.07014585616727088,0.9403085743191972,0.05615040890312788,0.9681308490009274,0.0450214990304359,0.980777337492623,0.03557878762330326,0.9897141893600877,0.027400725065340203,0.9961217435292133,0.02048731135654667,0.9998313801534442,0.014922856420200645,1.0,0.009358401483854658,0.9976393221482168,0.0049742854734002384,0.994519854986932,0.0018548183121153408,0.9926650366748166,0.0
Slash,1.0,0.002857142857142857,1.0,0.002857142857142857,1.0,0.002857142857142857,1.0,0.0008866995073891612,1.0,0.0,1.0,0.0,1.0,0.0,1.0,0.0,1.0,0.0,1.0,0.0,1.0,0.0,0.9876847290640394,0.0,0.8708374384236451,0.015172413793103488,0.6676847290640395,0.07615763546798028,0.4822660098522166,0.13881773399014785,0.3477832512315271,0.18492610837438422,0.25044334975369453,0.21940886699507392,0.17980295566502458,0.2448275862068965,0.12876847290640397,0.2619704433497537,0.09330049261083746,0.274679802955665,0.06768472906403937,0.2849261083743842,0.04916256157635465,0.292807881773399,0.03536945812807874,0.298423645320197,0.026108374384236462,0.30177339901477834,0.01842364532019701,0.30433497536945814,0.011921182266009883,0.3068965517241379,0.00768472906403937,0.3094581280788178,0.005123152709359634,0.31142857142857144,0.0025615763546797355,0.3117241379310345,0.0,0.3142857142857143
Slash,0.00477326968973747,0.13365155131264916,0.00477326968973747,0.13184100074067978,0.00477326968973747,0.13126491646778043,0.00477326968973747,0.13126491646778043,0.00477326968973747,0.13126491646778043,0.00477326968973747,0.13126491646778043,0.00477326968973747,0.13126491646778043,0.00477326968973747,0.13126491646778043,0.00477326968973747,0.13126491646778043,0.00477326968973747,0.13126491646778043,0.0033742078841247844,0.13126491646778043,0.0015636573121553267,0.13126491646778043,0.0,0.13101802320796643,0.0,0.12920747263599705,0.21331577647930178,0.11554604559295534,0.4351082215455517,0.10015636573121552,0.607768907908814,0.08534277014237512,0.7345074479466709,0.06904781499465061,0.8252818698049542,0.05431651715908156,0.8926014319809069,0.04279483170109452,0.9397580446053821,0.034153567607604275,0.9687268537568924,0.026911365319726786,0.9861739774504157,0.021315118097275907,0.9960497078429761,0.015883466381367804,1.0,0.010945601185087694,1.0,0.007324500041148914,0.9982717471813018,0.0054316517159081696,0.9953090280635338,0.00362110114393878,0.9922640111924943,0.00181055057196939,0.9904534606205251,0.0
Slash,0.9907844459429086,0.0065183187233086096,0.9907844459429086,0.0065183187233086096,0.9907844459429086,0.004645238630403843,0.9907844459429086,0.004345545815539073,0.9907844459429086,0.004345545815539073,0.9907844459429086,0.004345545815539073,0.9907844459429086,0.004345545815539073,0.9919082939986513,0.004345545815539073,0.9939312204989886,0.004345545815539073,0.9959541469993257,0.004345545815539073,0.9979770734996631,0.003671236982093325,1.0,0.0016483104817562044,0.970929796958118,0.0,0.7980819659848655,0.0024724657226343066,0.5720386603731178,0.024499887615194442,0.41222746684648254,0.040683299617891654,0.29916835243875034,0.05297070502734698,0.2166779051472241,0.06151195025099277,0.15756349741514955,0.06795534577058517,0.11493219450063681,0.07402412527159666,0.08323967932868813,0.07874428710571664,0.05971379336180415,0.08398891136585003,0.04263130291451263,0.08900876601483479,0.030268974301341157,0.09215554057091484,0.020903573836817263,0.09417846707125196,0.013411253465198197,0.09620139357158915,0.007792013186483836,0.09777478084962914,0.004045853000674334,0.09777478084962914,0.0020229265003371515,0.09777478084962914,0.0,0.09777478084962914
Slash,0.0,0.2864321608040201,0.0,0.2864321608040201,0.0,0.2864321608040201,0.0,0.2864321608040201,0.0,0.2864321608040201,0.0,0.2864321608040201,0.0,0.2864321608040201,0.0,0.2864321608040201,0.0,0.28625888060994625,0.0,0.28435279847513434,0.0,0.28391959798994976,0.0,0.2830531970195807,0.00025992029111071373,0.2811471148847687,0.0021660024259227096,0.27924103274995676,0.010310171547392121,0.2710968636284873,0.10370819615317949,0.23678738520187148,0.2813203950788423,0.18081788251602848,0.4604921157511695,0.13888407555016463,0.6018021140183677,0.10682723964650842,0.7153006411367182,0.08048865014728819,0.8041067405995495,0.05934846647028245,0.8708196153179689,0.04409980939178655,0.9115404609253163,0.032316756194766934,0.9417778547911972,0.02313290590885463,0.963957719632646,0.01602841795182811,0.9792063767111419,0.010310171547392121,0.9871772656385375,0.006411367180731272,0.992375671460752,0.003812164269623992,0.9961878357303761,0.001906082134811996,1.0,0.0
Slash,1.0,0.0,1.0,0.0,1.0,0.0,1.0,0.0,1.0,0.0,1.0,0.0,1.0,0.0,0.9987971130713713,0.0,0.9976744186046511,0.0,0.9976744186046511,0.0,0.9976744186046511,0.0,0.997113071371291,0.0,0.9949478748997594,0.0,0.9925421010425021,0.0,0.98813151563753,8.019246190859882e-05,0.9816359262229349,0.0022453889334402384,0.9563753007217323,0.010665597433841198,0.8437850842020851,0.040497193263833185,0.6392141138732964,0.13648757016840402,0.4643143544506816,0.22445870088211708,0.333680834001604,0.2901363271852445,0.23600641539695255,0.3383319967923016,0.1650360866078589,0.3727345629510826,0.11427425821972742,0.3970328789093825,0.07714514835605449,0.41491579791499594,0.04939855653568564,0.4287890938251804,0.02919005613472333,0.4386527666399358,0.014995990376904576,0.44482758620689655,0.0064955894145950505,0.44899759422614277,0.0,0.4511627906976744
Slash,0.0021645021645021645,0.36796536796536794,0.0021645021645021645,0.36796536796536794,0.0021645021645021645,0.36796536796536794,0.0021645021645021645,0.36796536796536794,0.0008210180623973749,0.36796536796536794,0.0,0.36796536796536794,0.0,0.36796536796536794,0.0,0.36796536796536794,0.0,0.36796536796536794,0.0,0.36796536796536794,0.0,0.36796536796536794,0.0,0.36796536796536794,0.0,0.36796536796536794,0.0,0.36684579788028066,0.0014927601134497696,0.36393491565905367,0.007165248544558888,0.3568443051201671,0.1424093148231078,0.3131810718017615,0.3182564561874905,0.25824749962681,0.4728317659352141,0.21003134796238251,0.59538737124944,0.16957754888789375,0.6982385430661292,0.13404985818778925,0.7748171368861024,0.10568741603224366,0.8361695775488878,0.08180325421704734,0.8869980594118525,0.06112852664576802,0.9238692342140619,0.04552918346021796,0.9508881922675027,0.032392894461859965,0.970368711748022,0.021197193610986674,0.9831318107180177,0.012688460964323026,0.9929093894611135,0.005672488431109119,1.0,0.0
Slash,1.0,0.0,1.0,0.0,1.0,0.0,1.0,0.0,1.0,0.0,1.0,0.0,1.0,0.0,1.0,0.0,1.0,0.0,1.0,0.0,1.0,0.0,1.0,0.0,1.0,0.00025231286795625383,1.0,0.002102607232968874,0.9863751051303619,0.006980656013456679,0.9179142136248949,0.019007569386038644,0.7848612279226242,0.044238856181665204,0.5942809083263249,0.09974768713204368,0.45164003364171584,0.14247266610597137,0.33877207737594617,0.17611438183347347,0.25071488645920936,0.2017661900756939,0.1841042893187554,0.2202691337258199,0.13599663582842725,0.2337258200168209,0.09848612279226247,0.24449116904962154,0.06955424726661068,0.25323801513877203,0.04735071488645923,0.2606391925988225,0.030445752733389463,0.26627417998317915,0.01732548359966357,0.27064760302775437,0.007401177460050481,0.27375946173254834,0.0,0.275609756097561
Slash,0.0,0.24416013206768467,0.0,0.24416013206768467,0.0,0.24416013206768467,0.0,0.24399504746182418,0.0,0.2423442014032191,0.0,0.2406933553446141,0.0,0.23937267849773006,0.0,0.23937267849773006,0.0,0.23937267849773006,0.0,0.23937267849773006,0.0,0.23937267849773006,0.0,0.23937267849773006,0.00198101527032605,0.236731324803962,0.006933553446141158,0.23012794056954186,0.09500619067271972,0.1984316962443252,0.24193148988856789,0.16954189021873706,0.44094098225340495,0.14494428394552203,0.5944696657036733,0.12348328518365659,0.720264135369377,0.10301279405695413,0.822616591002889,0.08369789517127525,0.8969046636401156,0.06718943458522489,0.9457697069748245,0.05299215848122156,0.9783739166322739,0.04019810152703259,0.9948823772183243,0.028642179116797336,0.9995047461824184,0.01972761040033016,1.0,0.012628972348328531,0.9983491539413949,0.007676434172513388,0.9922410235245562,0.00420965744944281,0.9848947585637637,0.001650846058605036,0.9766405282707387,0.0
Slash,1.0,0.0,1.0,0.0,1.0,0.0,1.0,0.0,1.0,0.0,1.0,0.0,0.999239350912779,0.0,0.9978870858688303,0.0,0.9955206220419202,0.0010141987829614821,0.992816091954023,0.00236646382691009,0.9850405679513184,0.006254225828262368,0.9573191345503721,0.016227180527383363,0.792342799188641,0.06761325219743068,0.6421568627450981,0.11477349560513858,0.5245098039215687,0.1526369168356998,0.42511832319134535,0.18576741041244085,0.3439824205544286,0.21416497633536175,0.279580797836376,0.23605476673427989,0.2227856659905341,0.25498647734956054,0.18018931710615282,0.269185260311021,0.14038201487491542,0.28245436105476673,0.11198444895199455,0.291920216362407,0.08561528059499665,0.300709939148073,0.06533130493576739,0.3074712643678161,0.04800540906017581,0.3130493576741042,0.034482758620689696,0.31710615280594995,0.023495605138607146,0.3211629479377958,0.014029749830966855,0.32521974306964163,0.006761325219743075,0.32817782285327923,0.0,0.33088235294117646
Slash,0.0,0.275609756097561,0.0,0.275609756097561,0.0,0.2755256518082423,0.0,0.27426408746846087,0.0,0.2731707317073171,0.0,0.2731707317073171,0.0,0.27291841883936074,0.0,0.27165685449957944,0.0,0.2703952901597982,0.0,0.2691337258200168,0.0008410428931875358,0.26787216148023546,0.0033641715727502127,0.2666105971404542,0.00790580319596299,0.2643397813288478,0.01547518923465095,0.2605550883095038,0.08898233809924326,0.24617325483599659,0.2378469301934399,0.2196804037005887,0.3712363330529858,0.19386038687973078,0.49108494533221214,0.16862910008410423,0.5889823380992433,0.14491169049621527,0.6722455845248109,0.12220353238015144,0.7395290159798149,0.1020185029436501,0.7988225399495374,0.08309503784693016,0.8442388561816654,0.06787216148023546,0.8846089150546679,0.053994953742640815,0.9148864592094197,0.04213624894869633,0.9426408746846089,0.030782169890664353,0.9605550883095039,0.021614802354920092,0.9769554247266611,0.012783851976450725,0.9886459209419681,0.006307821698906623,1.0,0.0
Slash,1.0,0.0,1.0,0.0,1.0,0.0,1.0,0.0,1.0,0.0,0.9992400493967892,0.0,0.9974351667141637,0.0,0.9972451790633609,0.0,0.9972451790633609,0.0,0.9972451790633609,0.0,0.9972451790633609,0.0,0.9972451790633609,0.0,0.9972451790633609,0.0,0.9901206421582597,0.0,0.9777714448560844,0.0014249073810202444,0.9561128526645768,0.006839555428897111,0.8746081504702194,0.01358411703239289,0.7588106773059753,0.027263227890187074,0.5945663531870431,0.0651657642253253,0.46366486178398425,0.09565878217915834,0.35356701814382085,0.12159209651372661,0.27234729742566727,0.1414458060226085,0.20594661347012444,0.15673981191222572,0.15009024413413136,0.1689940153889997,0.11038282511636748,0.17801842880212787,0.07694499857509257,0.1859979101358412,0.04854184478008929,0.19302745321554104,0.028688135271207317,0.19663721858079225,0.01263417877837946,0.20024698394604348,0.0,0.20385674931129477
Slash,0.0,0.23544973544973544,0.0,0.2338076993249407,0.0,0.2328042328042328,0.0,0.2328042328042328,0.0,0.2328042328042328,0.0,0.2328042328042328,0.0,0.2328042328042328,0.0,0.2328042328042328,0.0,0.2328042328042328,0.0,0.2328042328042328,0.0,0.2328042328042328,0.0,0.2328042328042328,0.0,0.2328042328042328,0.0,0.2328042328042328,0.0,0.2328042328042328,0.0,0.2319832147418354,0.0,0.23034117861704073,0.07443897099069528,0.19950738916256153,0.1609195402298851,0.16684911512497716,0.2545155993431857,0.13893450100346652,0.3831417624521072,0.1132092683816822,0.5273672687465794,0.08885239919722676,0.6390257252326218,0.06914796569968984,0.7360883050538224,0.05163291370187923,0.8149060390439703,0.03685458857872647,0.8731983214741836,0.026181353767560676,0.9233716475095786,0.017058930852034308,0.959496442255063,0.010490786352855297,0.9835796387520526,0.004926108374384229,1.0,0.0
Slash,1.0,0.0028089887640449437,1.0,0.0010654784967067056,1.0,0.0,1.0,0.0,1.0,0.0,1.0,0.0,1.0,0.0,0.9990313831848122,0.0,0.9972878729174739,0.0,0.9955443626501356,0.0,0.9938008523827974,0.0,0.9920573421154593,0.0,0.9890546299883765,0.0,0.9849864393645873,0.00019372336303758646,0.9762688880278962,0.0019372336303758247,0.959705540488183,0.004552499031383182,0.9352963967454475,0.00803951956605966,0.8829910887253002,0.01617590081363813,0.820902750871755,0.025862068965517213,0.7424447888415342,0.03806664083688496,0.6174932196822938,0.06770631538163502,0.4716195273149941,0.10567609453700123,0.3652654010073615,0.13705927934908954,0.27285935683843465,0.1637931034482759,0.19788841534289017,0.18471522665633483,0.14180550174351025,0.20127857419604797,0.0929872142580395,0.2158078264238667,0.05637349864393634,0.2262688880278962,0.026152654010073575,0.23459899263851222,0.0,0.24157303370786518
Slash,0.0,0.21875,0.0,0.21695402298850577,0.0,0.21614583333333334,0.0,0.21614583333333334,0.0,0.21614583333333334,0.0,0.21614583333333334,0.0,0.21614583333333334,0.0,0.21614583333333334,0.0,0.21614583333333334,0.0,0.21614583333333334,0.0,0.21614583333333334,0.0,0.21614583333333334,0.0,0.21614583333333334,0.0,0.21614583333333334,0.0,0.21443965517241384,0.001795977011494217,0.21174568965517246,0.010147270114942616,0.2064475574712644,0.10892600574712663,0.168732040229885,0.24973060344827624,0.13748204022988494,0.41397270114942525,0.11108117816091949,0.552262931034483,0.08773347701149421,0.665409482758621,0.06815732758620685,0.7596982758620691,0.05154454022988508,0.8297413793103449,0.03897270114942527,0.8839798850574713,0.029274425287356316,0.9279813218390807,0.020923132183908028,0.9603089080459771,0.013739224137931013,0.9780890804597702,0.00817169540229882,0.9910201149425286,0.0035919540229885083,1.0,0.0
Slash,1.0,0.0,1.0,0.0,1.0,0.0,1.0,0.0,1.0,0.0,1.0,0.0,1.0,0.0,1.0,0.0,1.0,0.0,0.9911627101022353,0.0029457632992548866,0.9745278114711489,0.00814416912146941,0.9433373765378616,0.017501299601455533,0.8738520187142609,0.03136371512736097,0.7821867960492117,0.049904695893259396,0.630913186622769,0.09201178305319709,0.5014728816496274,0.12866054409980937,0.3938658811297868,0.1598509790330965,0.31536995321434746,0.1827239646508404,0.2465777161670421,0.20239126667821872,0.19355397678045388,0.2164269623981979,0.15092704903829496,0.22838329578929129,0.11419164789464561,0.23912666782186792,0.08923929994801595,0.24692427655518975,0.06705943510656728,0.25333564373592093,0.048345174146595005,0.25801420897591404,0.03482931900883728,0.2613931727603535,0.023046265811817738,0.2641656558655346,0.013689135331831541,0.26572517761219894,0.006238086986657415,0.2672846993588633,0.0,0.26884422110552764
Slash,0.0,0.19114219114219114,0.0,0.19114219114219114,0.0,0.19114219114219114,0.0,0.19114219114219114,0.0,0.19114219114219114,0.0,0.19114219114219114,0.0,0.19114219114219114,0.0,0.19114219114219114,0.0,0.19114219114219114,0.0,0.19114219114219114,0.0,0.19114219114219114,0.08897998553170976,0.1773973153283498,0.22739329635881364,0.15601639739570772,0.3510167992926615,0.1359215497146532,0.46354794630656704,0.11679125472228925,0.5591994212683868,0.09934892693513384,0.6379712241781208,0.08359456635318703,0.7066152238566032,0.06976931114862146,0.7617554858934169,0.05851619644723092,0.8108672936259144,0.04846877260670367,0.8491278836106423,0.040591592315730264,0.8838517804035046,0.03335744715055063,0.9097339442167028,0.027730889799855264,0.9339281408246924,0.02234547062133267,0.9519331243469173,0.017844224740776415,0.9688127963990032,0.013503737641668633,0.9789405996302548,0.010127803231251491,0.9887468852986095,0.0067518688208343496,0.9943734426493047,0.003375934410417142,1.0,0.0
Slash,1.0,0.0,0.9974202424972053,0.0,0.9948404849944105,0.0,0.9923467194083756,8.599191675984413e-05,0.9906268810731793,0.0009459110843580727,0.9889070427379827,0.0018058302519563015,0.9854673660675898,0.0028377332530742185,0.9751483360564107,0.004557571588270676,0.9648293060452316,0.006277409923467204,0.9253590162524722,0.014704617765930086,0.8178691203026915,0.03878235445868091,0.7103792243529108,0.06286009115143174,0.615616132083584,0.0845300541749075,0.5399432453349384,0.10258835669447072,0.464270358586293,0.12064665921403388,0.39977642101642435,0.13612520423080235,0.3464614326253332,0.14902399174477599,0.29314644423424185,0.1619227792587497,0.24963453435377067,0.1727577607704876,0.2126580101470462,0.18221687161406833,0.17568148594032157,0.19167598245764897,0.1465302261587411,0.19872731963195456,0.12073265113079373,0.20474675380514232,0.0949350761028463,0.21076618797833005,0.0753289190816063,0.21540975148336056,0.05727061656204315,0.21970934732135186,0.03921231404247992,0.22400894315934305,0.025797575027947287,0.22676068449565737,0.012898787513973713,0.22934044199845213,0.0,0.23192019950124687
Slash,0.0,0.24641148325358853,0.0,0.24641148325358853,0.0,0.24641148325358853,0.0,0.24641148325358853,0.0,0.24641148325358853,0.0,0.24641148325358853,0.0,0.24517406368586042,0.0,0.24401913875598086,0.0,0.24401913875598086,0.0,0.24335918165319254,0.0,0.24195677280976738,0.0021448605840620476,0.23948193367431117,0.005527140735852168,0.23651212671176372,0.018148820326678746,0.23090249133806304,0.08620689655172388,0.21588846724962885,0.2558983666061704,0.18363306385084976,0.39836660617059877,0.1540999835010725,0.52598581092229,0.12605180663256893,0.6179673321234119,0.10328328658637191,0.7014519056261341,0.08216465929714574,0.7645603035802672,0.06533575317604359,0.8172743771654843,0.05073420227685198,0.8607490513116648,0.03811252268602537,0.8938294010889293,0.028955617884837474,0.9235274707144036,0.020871143375680568,0.9445636033657812,0.015261508001979873,0.9627124236924599,0.010229335093218954,0.9767365121267116,0.006022108562943418,0.9887807292525986,0.0028048176868503126,1.0,0.0
Slash,1.0,0.0,1.0,0.0,1.0,0.0,1.0,0.0,1.0,0.0,1.0,0.0,1.0,0.0,1.0,0.0,1.0,0.0,1.0,0.0,0.9979206376711143,0.0,0.9916825506844569,0.0,0.9831918211748396,0.0011263212614797834,0.9729682897244845,0.002685843008144137,0.9558135505111766,0.004245364754808491,0.8973314850112633,0.00814416912146941,0.7975220932247443,0.014382256108126826,0.650580488650147,0.04834517414659511,0.5103101715473922,0.08317449315543232,0.40270317102755143,0.11124588459539077,0.3148501126321261,0.13515855137757757,0.23817362675446185,0.15664529544273095,0.18359036562120953,0.17224051290937448,0.13663143302720493,0.18575636804713225,0.09920291110726036,0.19667302027378272,0.07087159937619128,0.20499046958932599,0.0460925316236354,0.2120949575463524,0.027378270663663083,0.21677352278634554,0.01247617397331483,0.2204990469589326,0.0,0.2236180904522613
Slash,0.0,0.19399538106235567,0.0,0.19399538106235567,0.0,0.19399538106235567,0.0,0.19399538106235567,0.0,0.19383610735048185,0.0,0.19264155451142784,0.0,0.1914470016723739,0.0,0.19025244883332,0.0003185474237477172,0.18937644341801385,0.0015131002628016403,0.18937644341801385,0.005096758779963378,0.18778370629927535,0.013458628653340774,0.18300549494305965,0.08393724615752195,0.17297125109500677,0.24759098510790806,0.155052958509198,0.3883889464043962,0.13713466592338927,0.5030660189535717,0.11921637333758056,0.5992673409253804,0.10066098590427648,0.6793023811419926,0.0815481404794139,0.7450027872899578,0.06601895357171297,0.8011467707254917,0.052878872342119944,0.8445488572111173,0.0421278967906347,0.8815799952217886,0.032571474078203384,0.9098510790793979,0.02564306761169068,0.9349366886995302,0.01967030341642113,0.9533328024209603,0.015608823763637815,0.9700565421677152,0.012025165246476047,0.9805686071513897,0.009476785856494375,0.9901250298638211,0.007087680178386528,0.9952217886437843,0.0035836585171617696,1.0,0.0
Slash,1.0,0.0023923444976076554,1.0,0.0023923444976076554,1.0,0.0023923444976076554,1.0,0.0023923444976076554,1.0,0.0023923444976076554,1.0,0.0023923444976076554,1.0,0.0023923444976076554,1.0,0.0023923444976076554,1.0,0.0023923444976076554,1.0,0.0018973766705164398,1.0,0.0002474839135456078,1.0,0.0,1.0,0.0,1.0,0.0,0.9984326018808779,0.0,0.9934829236099655,0.000824946378485382,0.9794588351757135,0.0027223230490018217,0.8557168784029037,0.009321894076885015,0.7002969806962543,0.03176043557168792,0.5316779409338392,0.0635208711433757,0.4079359841610294,0.08826926249793765,0.3096023758455699,0.10724302920310184,0.228757630754001,0.12250453720508164,0.1677115987460815,0.13405378650387725,0.12118462299950498,0.14296320739151955,0.08290711103778249,0.1506352087114338,0.05320904141230813,0.157234779739317,0.03242039267447605,0.1623494472859264,0.014849034812737149,0.16581422207556507,0.0,0.1674641148325359
Slash,0.0,0.17926565874730022,0.0,0.17926565874730022,0.0,0.17926565874730022,0.0,0.17926565874730022,0.0,0.17926565874730022,0.0,0.17926565874730022,0.0,0.17926565874730022,0.0,0.17926565874730022,0.0,0.17926565874730022,0.0,0.17881879794444033,0.0,0.17732926193490728,0.0,0.1771058315334773,0.0,0.1771058315334773,0.0,0.1771058315334773,0.0,0.17569077232442093,0.03872793624785882,0.1637744842481567,0.12095032397408226,0.14143144410516123,0.2937365010799139,0.11908840396216573,0.4468608028599096,0.0985328070306099,0.5812914277202652,0.07961569970954047,0.6840694123780444,0.06323080360467709,0.7649512176956879,0.049973933119833114,0.8312355701199076,0.03880241304833543,0.8818797944440306,0.02986519699113724,0.9182244730766367,0.023311238549191947,0.946823564459671,0.017874432114396377,0.9676770685931333,0.013405824085797253,0.9804870782751173,0.008937216057198188,0.9910627839428018,0.004468608028599094,1.0,0.0
Slash,1.0,0.0,1.0,0.0,1.0,0.0,1.0,0.0,1.0,0.0,1.0,0.0,1.0,0.0,1.0,0.0,1.0,0.0,1.0,0.0,1.0,0.0,0.9986367281475543,0.0,0.9976744186046511,0.0006415396952686584,0.9976744186046511,0.0022453889334402384,0.9809141940657577,0.0038492381716118845,0.9079390537289495,0.00866078588612669,0.7777064955894144,0.018043303929430637,0.6109061748195668,0.05332798716920619,0.472975140336808,0.08283881315156381,0.3595829991980753,0.10753809141940657,0.2761828388131514,0.12678428227746594,0.20962309542902954,0.14266238973536494,0.15469125902165198,0.1558941459502807,0.11299117882919003,0.16551724137931037,0.08155573376102643,0.1725741780272654,0.05605453087409776,0.1784282277465918,0.0368083400160384,0.18323977546110667,0.021892542101042457,0.18660785886126705,0.009623095429029678,0.18909382518043308,0.0,0.19069767441860466
Slash,0.0,0.011806205456770585,0.0,0.010366424303505851,0.0,0.009718522784536764,0.0,0.009718522784536764,0.0,0.009718522784536764,0.0,0.009718522784536764,0.0,0.009718522784536764,0.0,0.009718522784536764,0.0,0.009718522784536764,0.0,0.009286588438557375,0.0,0.00784680728529264,0.0,0.005183212151752985,0.0005759124613058938,0.002879562306529469,0.0020156936145705987,0.0014397811532647345,0.010294435245842629,0.0,0.1024404290547837,0.0,0.27722986106111885,0.0014397811532647345,0.4356057879202364,0.0028795623065294095,0.5680656540205892,0.004319343459794144,0.6780649341300122,0.005759124613058819,0.7586926787128359,0.0071989057663235535,0.8221870275718093,0.007630840112302945,0.8736592038010222,0.007630840112302945,0.9110935137859045,0.007630840112302945,0.9370095745446692,0.007630840112302945,0.9575264559786913,0.007126916708660302,0.9733640486646031,0.005687135555395627,0.9840184291987619,0.0055431574400691234,0.9928010942336765,0.0055431574400691234,1.0,0.0055431574400691234
Slash,1.0,0.04430379746835443,1.0,0.04430379746835443,1.0,0.04430379746835443,1.0,0.04430379746835443,0.9999272515640913,0.044231049032445784,0.9983267859741016,0.04263058344245597,0.9967263203841117,0.041030117852466144,0.9951258547941217,0.03942965226247633,0.9936708860759493,0.0379746835443038,0.9936708860759493,0.0379746835443038,0.9924341626655027,0.0379746835443038,0.9886512439982541,0.03724719918521753,0.9789757020224066,0.03477375236432416,0.9485668558126001,0.026771424414375123,0.8291139240506331,0.018769096464426024,0.6754692274116109,0.012367234104466808,0.5155681652844466,0.00756583733449729,0.39233231485523073,0.0027644405645278914,0.29812309035355744,0.0007274843590862652,0.22333769823948785,0.0,0.16528444638440273,0.0,0.12207187545467778,0.0,0.09049905427033314,0.0,0.06481885639458751,0.0,0.04459479121198901,0.0,0.030190600902080634,0.0,0.020369562054415844,0.0,0.011785246617197771,0.0,0.004801396769969458,0.0,0.0,0.0
Slash,0.0022271714922048997,0.008908685968819599,0.0009215882036710127,0.007603102680285712,0.0,0.0066815144766146995,0.0,0.0066815144766146995,0.0,0.005913524306888887,0.0,0.0046079410183549364,0.0,0.004454342984409799,0.0,0.004223945933492062,0.0,0.0029183626449581753,0.0006143921357806434,0.0016127793564242247,0.0019199754243145622,0.00030719606789033753,0.003225558712848481,0.0,0.004684740035327537,0.0,0.008601489900929262,0.0,0.06044082635742244,0.002764764611012975,0.20013823823055046,0.010598264342216423,0.3356117041701865,0.01674218570002305,0.46878119960064496,0.02196451885415866,0.5749174410567542,0.025958067736732985,0.6719913985100989,0.02987481760233471,0.7451040626679978,0.033791567467936434,0.8064664772290915,0.037017126180784884,0.8573842254819138,0.03962829275785272,0.8964749251209585,0.042239459334920494,0.9311880807925659,0.044697027878043194,0.9520774134091083,0.046002611166577084,0.9697411873128023,0.04730819445511097,0.9827970201981413,0.04861377774364486,0.9921665002687966,0.04991936103217874,1.0,0.051224944320712694
Slash,1.0,0.002197802197802198,1.0,0.0007578628268283914,1.0,0.0,1.0,0.0,0.9986358469117089,0.0,0.9978021978021978,0.0,0.9978021978021978,0.0,0.9978021978021978,0.0,0.9978021978021978,0.0,0.9978021978021978,0.0,0.9978021978021978,0.0,0.9978021978021978,0.0,0.9978021978021978,0.0,0.9852974611595303,0.0,0.9649109511178476,0.0,0.931792345585449,0.0,0.7925729442970824,0.00954907161803712,0.6254641909814326,0.021902235695339126,0.4958696475937857,0.031981811292156145,0.39090564607806005,0.043046608563849925,0.3011746873815841,0.054566123531640746,0.23205759757483893,0.06608563849943164,0.17567260325881018,0.0757862826828344,0.1282303902993558,0.0841227737779462,0.09367184539598339,0.08988253126184162,0.06578249336870023,0.09480863963622585,0.043046608563849925,0.0990526714664646,0.025767336112163686,0.10193255020841228,0.011519514967790825,0.10405456612353163,0.0,0.1054945054945055
Slash,0.006968641114982578,0.4355400696864111,0.006968641114982578,0.4355400696864111,0.006968641114982578,0.4355400696864111,0.006968641114982578,0.4355400696864111,0.006968641114982578,0.4355400696864111,0.006968641114982578,0.4355400696864111,0.006968641114982578,0.4355400696864111,0.006968641114982578,0.4355400696864111,0.006968641114982578,0.4355400696864111,0.006968641114982578,0.4355400696864111,0.006968641114982578,0.4355400696864111,0.005406704313348593,0.4355400696864111,0.0033641715727502327,0.4355400696864111,0.0013216388321518717,0.4355400696864111,0.0,0.4355400696864111,0.0,0.4355400696864111,0.0,0.43421843085425926,0.0,0.432175898113661,0.003844767511714509,0.42628859786134815,0.03580439745284134,0.40574312147062364,0.1583563618887419,0.3383395410308784,0.3003724618526972,0.27526132404181197,0.45969001561936795,0.21602787456446004,0.5870479394449116,0.16688693980535876,0.7032320076895346,0.121590772557972,0.7869758500540668,0.08891024870839853,0.8606271777003482,0.059593896431575234,0.9198606271777003,0.03508350354439511,0.9632344106692298,0.016340261924786787,1.0,0.0
Slash,1.0,0.0,1.0,0.0,0.999161877394636,0.0,0.997006704980843,0.0,0.9948515325670498,0.0,0.9926963601532566,0.0,0.9905411877394636,0.0,0.9895833333333334,0.0,0.9895833333333334,0.0,0.9875478927203064,0.0,0.9861111111111112,0.0,0.9861111111111112,0.0,0.9845545977011495,0.0,0.9812021072796934,0.0007183908045976671,0.9682710727969349,0.007183908045977017,0.9305555555555558,0.019037356321839068,0.8680555555555556,0.03627873563218387,0.7097701149425283,0.110991379310345,0.5532806513409962,0.18630268199233718,0.43259099616858215,0.244492337164751,0.3363266283524905,0.29118773946360155,0.25371168582375475,0.3314176245210729,0.19552203065134105,0.35943486590038315,0.14499521072796936,0.3836206896551724,0.10404693486590036,0.4030172413793104,0.07387452107279696,0.4170258620689656,0.047772988505747134,0.4289990421455938,0.028376436781609133,0.4376197318007663,0.0129310344827586,0.4449233716475096,0.0,0.4513888888888889
Slash,0.0,0.2818627450980392,0.0,0.2801724137931035,0.0,0.27941176470588236,0.0,0.27941176470588236,0.0,0.27941176470588236,0.0,0.27941176470588236,0.0,0.27941176470588236,0.0,0.27941176470588236,0.0,0.27941176470588236,0.0,0.27941176470588236,0.0,0.27941176470588236,0.0,0.27941176470588236,0.0,0.27941176470588236,0.0,0.27941176470588236,0.0,0.27941176470588236,0.0,0.2777214334009466,0.004648411088573442,0.27239688979039883,0.09761663286004076,0.23013860716700468,0.24636578769438852,0.18990872210953333,0.42570993914807315,0.15204530087897222,0.5676977687626777,0.11992900608519266,0.6801048005409063,0.09254563894523327,0.7722278566599053,0.06888100067613251,0.8415314401622719,0.05028735632183902,0.8932555780933064,0.0371027721433401,0.9328938471940501,0.026453684922244713,0.9582488167680865,0.018002028397565907,0.97447599729547,0.011071670047329216,0.9881676808654497,0.00507099391480734,1.0,0.0
