label,x0,y0,x1,y1,x2,y2,x3,y3,x4,y4,x5,y5,x6,y6,x7,y7,x8,y8,x9,y9,x10,y10,x11,y11,x12,y12,x13,y13,x14,y14,x15,y15,x16,y16,x17,y17,x18,y18,x19,y19,x20,y20,x21,y21,x22,y22,x23,y23,x24,y24,x25,y25,x26,y26,x27,y27,x28,y28,x29,y29,x30,y30,x31,y31,x32,y32,x33,y33,x34,y34,x35,y35,x36,y36,x37,y37,x38,y38,x39,y39,x40,y40,x41,y41,x42,y42,x43,y43,x44,y44,x45,y45,x46,y46,x47,y47,x48,y48,x49,y49
Circle,0.53125,0.0390625,0.53125,0.0390625,0.53125,0.0390625,0.53125,0.0390625,0.53125,0.0390625,0.53125,0.0390625,0.53125,0.0390625,0.53125,0.0390625,0.53125,0.0390625,0.537627551020408,0.0390625,0.5577168367346936,0.0390625,0.5988520408163263,0.0390625,0.6624681122448979,0.04496173469387754,0.7370854591836733,0.06409438775510212,0.8191964285714284,0.09821428571428559,0.8925382653061225,0.1473214285714286,0.9456313775510203,0.2114158163265305,0.9864477040816326,0.28539540816326525,1.0,0.36192602040816313,0.9856505102040818,0.43845663265306123,0.9488201530612246,0.5103635204081634,0.8984375,0.5747767857142856,0.8319515306122449,0.627391581632653,0.7471301020408165,0.6650191326530612,0.6473214285714288,0.6876594387755102,0.5440051020408165,0.6991390306122449,0.4408482142857144,0.6994579081632653,0.33721301020408156,0.6847895408163265,0.2477678571428572,0.6584821428571428,0.17442602040816313,0.6246811224489797,0.11463647959183665,0.5833864795918369,0.07158801020408179,0.531728316326531,0.03603316326530592,0.4705038265306123,0.01052295918367352,0.4092793367346941,0.0,0.3480548469387754,0.004464285714285587,0.2868303571428572,0.023915816326530503,0.22767857142857162,0.05644132653061229,0.17602040816326525,0.09470663265306123,0.1301020408163267,0.13616071428571397,0.08577806122448983,0.18829719387755128,0.05038265306122458,0.23421556122448983,0.02869897959183687,0.2779017857142856,0.014508928571428603,0.3075573979591837,0.006855867346938771,0.3297193877551021,0.0,0.34502551020408156,0.0,0.3598533163265305,0.0,0.36750637755102034,0.0,0.37515943877551017,0.0,0.3828125,0.0
Circle,0.5711214212968201,0.03326920900758175,0.5711214212968201,0.03326920900758175,0.5711214212968201,0.0319112821093131,0.5711214212968201,0.02772434083965146,0.5711214212968201,0.02772434083965146,0.5711214212968201,0.024329523593979836,0.5711214212968201,0.022179472671721167,0.5711214212968201,0.022179472671721167,0.5765531288898946,0.022179472671721167,0.5839085662555163,0.022179472671721167,0.6050695937535362,0.022179472671721167,0.6419599411565009,0.022179472671721167,0.6943532873146995,0.027384859115084377,0.7569310852099127,0.04311417902002938,0.8253932329976237,0.06970691411112358,0.8892157972162495,0.11474482290370024,0.9408170193504579,0.17517256987665483,0.9777073667534228,0.24985854928143023,0.9992078759760098,0.3307683603032702,1.0,0.4116781713251101,0.982573271472219,0.4876089170532983,0.9450039606201198,0.5529025687450492,0.879823469503225,0.6074459658255063,0.7870317981215343,0.6481837727735654,0.6874504922485005,0.675115989589227,0.5816453547584025,0.6879031345479233,0.46961638565123925,0.6931085209912865,0.35758741654407616,0.6880162951227793,0.2550639357247936,0.6669684281996154,0.17404096412809802,0.6329070951680438,0.10682358266380021,0.5818716759081136,0.057825053751273135,0.5214439289351591,0.024442684168835688,0.4541133868960055,0.0,0.3854249179585833,0.0036211383953830127,0.3116442231526536,0.03326920900758175,0.24318207536494282,0.08136245332126295,0.17924635057146077,0.14326128776734173,0.12617404096412807,0.21534457395043521,0.08362566481837748,0.2900305533552106,0.05058277696050711,0.364716532759986,0.02942174946248735,0.43351816227226403,0.01097657576100489,0.4871562747538755,0.004752744143940273,0.5230281769831389,0.0,0.5498472332239446,0.0,0.5656897137037454,0.0,0.5746293991173475,0.0,0.5766662894647504,0.0,0.5766662894647504,0.0,0.5766662894647504,0.0
Circle,0.6605235042735045,0.11124465811965813,0.6546474358974361,0.11124465811965813,0.6487713675213675,0.11124465811965813,0.6474358974358976,0.11124465811965813,0.6435630341880343,0.11124465811965813,0.6408920940170941,0.11124465811965813,0.6408920940170941,0.11124465811965813,0.6408920940170941,0.11124465811965813,0.6408920940170941,0.11124465811965813,0.6408920940170941,0.11124465811965813,0.6408920940170941,0.11124465811965813,0.6408920940170941,0.11124465811965813,0.656116452991453,0.11124465811965813,0.6913728632478635,0.11124465811965813,0.7437232905982908,0.1224626068376069,0.811698717948718,0.14930555555555547,0.8808760683760687,0.19417735042735057,0.9344284188034192,0.2598824786324787,0.9734241452991453,0.34642094017093994,1.0,0.452190170940171,0.9882478632478637,0.5579594017094015,0.9035790598290598,0.6637286324786325,0.7808493589743594,0.7447916666666666,0.6430288461538461,0.8040865384615385,0.49839743589743607,0.8317307692307692,0.3573717948717947,0.8317307692307692,0.23130341880341906,0.8063568376068377,0.12927350427350429,0.7529380341880342,0.05662393162393178,0.6796207264957266,0.005876068376068342,0.5912126068376068,0.0,0.4971955128205129,0.02697649572649592,0.39770299145299126,0.08520299145299143,0.30742521367521375,0.16639957264957259,0.22342414529914548,0.2614850427350428,0.15157585470085486,0.3641826923076923,0.0953525641025642,0.4656784188034186,0.054754273504273705,0.5567574786324786,0.0283119658119657,0.63661858974359,0.011485042735042729,0.7008547008547011,0.0,0.7478632478632479,0.0,0.7841880341880345,0.0,0.8100961538461542,0.0,0.825587606837607,0.0,0.8340010683760686,0.0,0.839877136752137,0.0,0.8437500000000002,0.0,0.8437500000000002,0.0,0.8437500000000002,0.0,0.8437500000000002,0.0
Circle,0.4398475775721285,0.006668481219379422,0.4398475775721285,0.006668481219379422,0.4398475775721285,0.006668481219379422,0.4356287425149703,0.006668481219379422,0.429776810016331,0.006668481219379422,0.4265106151333697,0.006668481219379422,0.4247414262384323,0.006668481219379422,0.4198421339139902,0.006668481219379422,0.41970604246053356,0.006668481219379422,0.41385410996189426,0.006668481219379422,0.4131736526946108,0.0014970059880239908,0.4131736526946108,0.0,0.4131736526946108,0.0,0.4213391399020138,0.0,0.45032661948829605,0.0,0.5095264017419707,0.0010887316276537253,0.5983941208492106,0.007757212847033148,0.7095808383233534,0.031164942841589473,0.8207675557974957,0.07049537289058255,0.9094991834512793,0.12942297223734345,0.9730538922155689,0.20849210669569948,1.0,0.31341861731083265,0.9816276537833428,0.44243331518780565,0.9167120304844856,0.5755307566684813,0.8010342950462712,0.6784158954817637,0.6254763200870987,0.7486390854654327,0.43358737071311954,0.8025313010342953,0.27286336418072993,0.8043004899292326,0.15119760479041966,0.7506804572672838,0.060832879695154954,0.6566412629286881,0.00435492651061528,0.5410996189439301,0.0,0.4209308655416438,0.0628742514970059,0.3119216113228089,0.16820903647250937,0.22414262384322264,0.27354382144801265,0.15868263473053904,0.35982580293957506,0.11336418072945019,0.4220195971692977,0.08424060968971146,0.4684267827980406,0.06709308655416431,0.5024496461622209,0.05770277626565047,0.5228633641807295,0.05334784975503538,0.5338867719107239,0.05334784975503538,0.5397387044093631,0.05334784975503538,0.5398747958628198,0.05334784975503538,0.5398747958628198,0.05334784975503538,0.5398747958628198,0.05334784975503538,0.5398747958628198,0.05334784975503538,0.5398747958628198,0.05334784975503538,0.5398747958628198,0.05334784975503538,0.5398747958628198,0.05334784975503538,0.5398747958628198,0.05334784975503538
Circle,0.7830723092302567,0.059868932578029554,0.7830723092302567,0.059868932578029554,0.7830723092302567,0.059868932578029554,0.7830723092302567,0.059868932578029554,0.7830723092302567,0.059868932578029554,0.7830723092302567,0.059868932578029554,0.7809619015883598,0.059868932578029554,0.7776296789958904,0.059868932578029554,0.7766300122181499,0.059868932578029554,0.7717427524158613,0.059868932578029554,0.7668554926135733,0.059868932578029554,0.7524158613795404,0.059868932578029554,0.7419748972564703,0.059868932578029554,0.7358658225036099,0.05620348772631352,0.730978562701322,0.05442630234366323,0.7465289347995113,0.05442630234366323,0.7887370876374542,0.05842496945462626,0.8468288348328333,0.07686326779962237,0.9116961012995668,0.12751305120515363,0.9595690325447075,0.2341441741641675,0.9937798511607244,0.3954237476396755,1.0,0.5287126513384428,0.9473508830389872,0.6236809952238143,0.819837831833833,0.6938798178384984,0.6443407752971233,0.7364211929356881,0.45862490281017426,0.7535266022436967,0.29479062534710665,0.7451960457625239,0.16861046317894024,0.7078751527268689,0.07553037876263484,0.6453404420748641,0.009774519604576351,0.5613684327446405,0.0,0.45873597689659007,0.031211818282794648,0.3561035210485392,0.09741197378651559,0.2574697323114517,0.19482394757303104,0.17349772298122865,0.30234366322337014,0.10974119737865168,0.4051982672442519,0.06297900699766752,0.4958347217594133,0.03098967010996342,0.5679218038431634,0.013884260801954844,0.6196823281128514,0.004776185715872484,0.6584471842719093,0.0,0.68288348328335,0.0,0.6984338553815397,0.0,0.7092080417638567,0.0,0.7156503387759635,0.0,0.7205375985782517,0.0,0.7232033766522271,0.0,0.7232033766522271,0.0,0.7232033766522271,0.0,0.7232033766522271,0.0,0.7232033766522271,0.0
Circle,0.6051409104986064,0.0,0.5991018891297617,0.0,0.597553422112109,0.0,0.597553422112109,0.0,0.597553422112109,0.0,0.597553422112109,0.0,0.597553422112109,0.0,0.597553422112109,0.0,0.5947661814803343,0.0,0.58872716011149,0.0,0.5826881387426448,0.0,0.5766491173738,0.0,0.574790956952617,0.0,0.574790956952617,0.0,0.5758748838649739,0.0,0.5819139052338187,0.0,0.615825332920409,0.0,0.6762155466088575,0.0,0.7585939919479716,0.0074326416847321514,0.8505729327965318,0.031124187054815775,0.917002167853825,0.0854753793744193,0.9671724992257666,0.21570145555899672,1.0,0.3855682873954788,0.9684112728398884,0.5518736450913596,0.8321461752864671,0.679312480644162,0.5905853205326734,0.7698978011768348,0.38587798079900926,0.792040879529266,0.22375348405078996,0.7595230721585631,0.10003096934035317,0.6839578816971201,0.012078042737689745,0.5800557448126357,0.0,0.46531433880458356,0.044131310003097036,0.355682873954785,0.13053576958810786,0.2612263858779809,0.24729018271910816,0.18473211520594618,0.37968411272839886,0.12573552183338482,0.5065035614741407,0.08346237225147105,0.6085475379374421,0.06100960049550938,0.6881387426447818,0.049705791266645934,0.748993496438526,0.04552493031898421,0.7963765871786932,0.04552493031898421,0.8265716940229175,0.04552493031898421,0.8423660576029731,0.04552493031898421,0.8511923196035927,0.04552493031898421,0.8572313409724374,0.04552493031898421,0.8631155156395169,0.04552493031898421,0.8631155156395169,0.04552493031898421,0.8631155156395169,0.04552493031898421,0.8631155156395169,0.04552493031898421,0.8631155156395169,0.04552493031898421,0.8631155156395169,0.04552493031898421
Circle,0.7083333333333334,0.06805555555555555,0.7083333333333334,0.06805555555555555,0.7083333333333334,0.06805555555555555,0.7055555555555556,0.06805555555555555,0.7034722222222223,0.06805555555555555,0.7034722222222223,0.06805555555555555,0.7034722222222223,0.06805555555555555,0.7034722222222223,0.06805555555555555,0.7034722222222223,0.06805555555555555,0.7,0.06805555555555555,0.6986111111111111,0.06805555555555555,0.6986111111111111,0.06805555555555555,0.6986111111111111,0.06666666666666671,0.6986111111111111,0.06319444444444444,0.6986111111111111,0.06319444444444444,0.7069444444444445,0.06319444444444444,0.7256944444444444,0.06319444444444444,0.7604166666666664,0.06597222222222228,0.8104166666666667,0.07638888888888892,0.86875,0.09722222222222222,0.9243055555555556,0.12986111111111115,0.9659722222222222,0.1798611111111111,0.9951388888888889,0.2548611111111112,1.0,0.347222222222222,0.9583333333333334,0.4486111111111109,0.8708333333333335,0.5361111111111109,0.7430555555555559,0.5999999999999999,0.5833333333333336,0.6458333333333335,0.4166666666666667,0.6708333333333333,0.2708333333333339,0.6583333333333334,0.15972222222222265,0.6215277777777779,0.07777777777777806,0.5659722222222223,0.023611111111111267,0.49722222222222245,0.0,0.4208333333333334,0.011805555555555633,0.34166666666666673,0.06180555555555559,0.2625,0.12430555555555547,0.19583333333333355,0.197222222222222,0.1395833333333335,0.2722222222222219,0.09652777777777793,0.3451388888888886,0.06527777777777785,0.4131944444444444,0.04166666666666673,0.4729166666666666,0.022222222222222282,0.51875,0.009722222222222222,0.5479166666666667,0.005555555555555674,0.5701388888888889,0.0013888888888888493,0.5854166666666667,0.0,0.5958333333333332,0.0,0.6041666666666666,0.0,0.6118055555555554,0.0,0.6159722222222223,0.0
Circle,0.6401656733003335,0.05939993938781697,0.6398626123850896,0.05939993938781697,0.6352156783513487,0.05939993938781697,0.6352156783513487,0.05939993938781697,0.6352156783513487,0.05939993938781697,0.6352156783513487,0.05939993938781697,0.6352156783513487,0.05939993938781697,0.6352156783513487,0.05939993938781697,0.6352156783513487,0.05939993938781697,0.6352156783513487,0.05939993938781697,0.6382462875037882,0.05939993938781697,0.6501666835033842,0.05939993938781697,0.6877462369936357,0.05939993938781697,0.7547226992625521,0.06727952318416007,0.8325083341751696,0.08202848772603288,0.9067582584099407,0.10687948277603791,0.9560561672896254,0.14284271138498858,0.9920193958985757,0.20062632589150436,1.0,0.2699262551772908,0.9793918577634106,0.35114658046267316,0.927669461561774,0.4445903626628956,0.8494797454288311,0.5324780280836452,0.7375492473987271,0.6079401959793922,0.5993534700474791,0.6596625921810287,0.44873219517122964,0.6854227699767655,0.31215274270128296,0.6696636023840794,0.18961511263764017,0.6211738559450452,0.09344378220022213,0.5472269926255179,0.027073441761794024,0.456106677442166,0.0,0.3577129002929588,0.017375492473987265,0.25790483887261334,0.07031013233659973,0.1669865642994241,0.14708556419840396,0.09667643196282452,0.23588241236488552,0.04889382765935947,0.3191231437518944,0.018587736134963128,0.39054449944438857,0.004242852813415448,0.4442873017476514,0.0,0.4784321648651381,0.0013132639660571608,0.5014647944236792,0.006566319830285944,0.5153045762198202,0.011819375694514586,0.5235882412364886,0.0170724315587433,0.5263157894736843,0.022325487422972013,0.5263157894736843,0.024749974744923738,0.5263157894736843,0.024749974744923738,0.5263157894736843,0.028184665117688728,0.5263157894736843,0.029699969693908486,0.5263157894736843,0.029699969693908486,0.5263157894736843,0.0340438428124053,0.5263157894736843,0.03464996464289323,0.5263157894736843,0.03464996464289323
Circle,0.6366726867098692,0.005205566769361521,0.6366726867098692,0.005205566769361521,0.6366726867098692,0.005205566769361521,0.6366726867098692,0.005205566769361521,0.6366726867098692,0.005205566769361521,0.6366726867098692,0.005205566769361521,0.6366726867098692,0.005205566769361521,0.6366726867098692,0.005205566769361521,0.6366726867098692,0.005205566769361521,0.6366726867098692,0.005205566769361521,0.6335918410708594,0.005205566769361521,0.6314671199405076,0.005205566769361521,0.6314671199405076,0.0025496653564219813,0.6314671199405076,0.0,0.6381599915011152,0.0,0.6612132157654307,0.0,0.7033889302029106,0.00180601296079878,0.7615000531180278,0.011579730160416326,0.8264102836502708,0.03569531498990744,0.8889833209391266,0.07532136407096555,0.9410389886327417,0.13311377881653036,0.9787527886964834,0.2045044087963454,1.0,0.28545628386274285,0.9881015616700306,0.3753319876766174,0.947094443854244,0.46531392754700934,0.8572187400403697,0.56018272601721,0.7380218846276425,0.6257303728885584,0.5901412939551685,0.6719430574737063,0.44034845426537805,0.6945713375119512,0.29905449909699355,0.689047062573037,0.17943269945819643,0.6508020822267079,0.0913630086051205,0.5867417401466057,0.025921597790290043,0.5023903112716457,0.0,0.4057154998406462,0.015510464251566707,0.30904068840964666,0.06926590884946328,0.22012110910443025,0.1446935089769467,0.1462870498247105,0.22713268883458998,0.09157548071815591,0.31201529799213823,0.053649208541379015,0.39264846488898303,0.027940082864124086,0.4579836396472962,0.01179220227345159,0.5028152554977156,0.005205566769361521,0.5333050037182616,0.005205566769361521,0.5520025496653562,0.005205566769361521,0.5648571125039834,0.005205566769361521,0.5690003187081694,0.005205566769361521,0.5690003187081694,0.005205566769361521,0.5690003187081694,0.005205566769361521,0.5690003187081694,0.005205566769361521,0.5690003187081694,0.005205566769361521
Circle,0.5323101777059775,0.04523424878836834,0.5323101777059775,0.04523424878836834,0.5323101777059775,0.04523424878836834,0.5323101777059775,0.04523424878836834,0.5323101777059775,0.04523424878836834,0.5323101777059775,0.04523424878836834,0.5323101777059775,0.04523424878836834,0.5323101777059775,0.04523424878836834,0.5323101777059775,0.04523424878836834,0.5323101777059775,0.04523424878836834,0.5323101777059775,0.04523424878836834,0.5323101777059775,0.04523424878836834,0.5323101777059775,0.04523424878836834,0.5323101777059775,0.04523424878836834,0.5323101777059775,0.04523424878836834,0.5323101777059775,0.04523424878836834,0.5323101777059775,0.04523424878836834,0.5323101777059775,0.04523424878836834,0.5323101777059775,0.04523424878836834,0.5323101777059775,0.04523424878836834,0.5410800830833142,0.04523424878836834,0.5718901453957999,0.04523424878836834,0.627509808446804,0.052619432264020244,0.7045926609739214,0.07327486729748449,0.8015231940918534,0.11481652434802672,0.8917609046849759,0.18116778213708745,0.9568428340641589,0.2700207708285253,0.9981537041310874,0.3767597507500581,1.0,0.4935379644588049,0.9448419109162243,0.6014308792984078,0.8400646203554116,0.6773597969074546,0.6897069005308099,0.732287099007616,0.5253865681975535,0.7567505192707131,0.36614354950380784,0.7355181167782137,0.22247865220401575,0.6935148857604432,0.11793214862681717,0.626817447495961,0.04408031387029766,0.5398107546734362,0.0,0.44126471267020506,0.0009231479344566083,0.3404108008308329,0.048003692591738166,0.24648049849988435,0.1272790214631898,0.16558966074313392,0.2202861758596819,0.10512347103623346,0.30856219709208427,0.06219709208400647,0.3819524578813758,0.03127163627971379,0.4387260558504503,0.01350103854142625,0.47842141703207963,0.004269559196861291,0.5061158550657745,0.0,0.5160396953611817,0.0,0.5210016155088855,0.0,0.5210016155088855,0.0
Circle,0.6836378157132873,0.07337526205450733,0.6836378157132873,0.07337526205450733,0.680543076769492,0.07337526205450733,0.6765498652291104,0.07337526205450733,0.6738544474393531,0.07337526205450733,0.6738544474393531,0.07337526205450733,0.6738544474393531,0.07337526205450733,0.6738544474393531,0.07337526205450733,0.6738544474393531,0.07337526205450733,0.6721573325346911,0.07337526205450733,0.6673654786862334,0.07337526205450733,0.6593790556054706,0.07337526205450733,0.6552860137765798,0.07337526205450733,0.6512928022361986,0.07337526205450733,0.6556853349306179,0.07337526205450733,0.673654786862334,0.07337526205450733,0.7067984426474995,0.07427373465109322,0.7547169811320754,0.08625336927223719,0.8128182090446242,0.10502146351202958,0.8727163821503444,0.13497055006488973,0.9262254167914543,0.177298592392932,0.968054307676949,0.23270440251572316,1.0,0.30458221024258786,0.9978037336527902,0.3878406708595388,0.9619646600778676,0.4774882699411001,0.8900868523510033,0.5653389238294897,0.7755815114305682,0.6426075671358689,0.6116601776979134,0.701507437356494,0.4439452930018966,0.7414395527603074,0.2927024059099532,0.7418388739143453,0.17130877508235967,0.7098931815912946,0.07946490965358875,0.6499950084855743,0.01597284616152539,0.5677348507537185,0.0,0.4718977737845662,0.03204552261156029,0.3760606968154139,0.09593690725766212,0.28581411600279505,0.1793950284516323,0.20744733952281116,0.27123889388040334,0.144554257761805,0.3626834381551365,0.09693521014275723,0.438554457422382,0.060996306279325035,0.5016471997604074,0.037835679345113324,0.5500648896875312,0.022461814914645137,0.5858041329739443,0.01187980433263453,0.6127583108715183,0.004392532694419461,0.6327243685734253,0.00039932115403811387,0.6455026455026455,0.0,0.6520914445442746,0.0,0.6542877108914844,0.0,0.6542877108914844,0.0,0.6542877108914844,0.0
Circle,0.6177498252969951,0.029350104821802933,0.6177498252969951,0.029350104821802933,0.6177498252969951,0.029350104821802933,0.6149545772187281,0.029350104821802933,0.6107617051013275,0.029350104821802933,0.6079664570230607,0.029350104821802933,0.6079664570230607,0.029350104821802933,0.6079664570230607,0.029350104821802933,0.6037735849056604,0.029350104821802933,0.5995807127882599,0.029350104821802933,0.5953878406708595,0.029350104821802933,0.591194968553459,0.029350104821802933,0.5870020964360586,0.029350104821802933,0.5842068483577917,0.029350104821802933,0.5883997204751921,0.029350104821802933,0.6261355695317956,0.029350104821802933,0.681341719077568,0.032844164919636584,0.7484276729559748,0.0426275331935709,0.8218029350104818,0.05939902166317258,0.8888888888888888,0.08735150244584194,0.9371069182389935,0.13417190775681334,0.9748427672955974,0.20545073375262052,1.0,0.29769392033542974,0.9902166317260657,0.41090146750524076,0.9399021663172608,0.5310971348707194,0.8518518518518519,0.6359189378057301,0.7204751921733052,0.7141858839972047,0.5457721872816211,0.7679944095038435,0.3780573025856044,0.7973445143256463,0.23549965059399072,0.7805730258560446,0.12788259958071305,0.7358490566037736,0.04682040531097154,0.6631726065688331,0.0027952480782668667,0.573025856044724,0.0,0.47519217330538094,0.030747728860936366,0.37596086652690425,0.08944793850454223,0.283717679944095,0.16491963661774944,0.20824598183088766,0.2438853948287908,0.1467505241090148,0.3179594689028648,0.10202655485674368,0.38294898672257116,0.06848357791754031,0.437456324248777,0.04332634521313768,0.48148148148148123,0.027253668763102784,0.5150244584206848,0.014675052410901467,0.5359888190076868,0.010482180293501097,0.5499650593990215,0.0062893081761005885,0.5597484276729559,0.0020964360587002193,0.5660377358490566,0.0,0.5702306079664569,0.0,0.5744234800838574,0.0,0.5786163522012577,0.0
Circle,0.33634992458521884,0.0073906485671191595,0.3289592760180997,0.0,0.3289592760180997,0.0,0.3280542986425341,0.0,0.32036199095022627,0.0,0.3141779788838614,0.0,0.3141779788838614,0.0,0.3141779788838614,0.0,0.3141779788838614,0.0,0.3141779788838614,0.0,0.31116138763197587,0.0,0.3034690799396682,0.0,0.2993966817496231,0.0,0.2993966817496231,0.0,0.2993966817496231,0.0,0.3310708898944194,0.004524886877828078,0.42352941176470643,0.012217194570135705,0.5748114630467578,0.030165912518853782,0.7549019607843138,0.1021116138763197,0.899396681749624,0.2746606334841634,1.0,0.5530920060331826,0.9402714932126702,0.7770739064856715,0.6953242835595774,0.9316742081447972,0.39140271493212697,0.9390648567119159,0.17058823529411737,0.8517345399698345,0.0180995475113121,0.7137254901960784,0.0,0.5535444947209656,0.0675716440422325,0.41734539969834095,0.1906485671191558,0.30618401206636486,0.3096530920060335,0.22699849170437422,0.40301659125188594,0.178129713423831,0.46832579185520407,0.14932126696832596,0.5153846153846157,0.13076923076923094,0.5435897435897438,0.1230769230769231,0.5609351432880849,0.11538461538461546,0.5686274509803926,0.11085972850678738,0.572850678733032,0.11085972850678738,0.5766214177978887,0.11085972850678738,0.5802413273001511,0.11085972850678738,0.5802413273001511,0.11085972850678738,0.5802413273001511,0.11085972850678738,0.5802413273001511,0.11085972850678738,0.5802413273001511,0.11085972850678738,0.5802413273001511,0.11085972850678738,0.5802413273001511,0.11085972850678738,0.5802413273001511,0.11085972850678738,0.5737556561085974,0.11085972850678738,0.572850678733032,0.11085972850678738,0.572850678733032,0.11085972850678738,0.572850678733032,0.11085972850678738
Circle,0.8385416666666666,0.2552083333333333,0.8385416666666666,0.2552083333333333,0.8385416666666666,0.2552083333333333,0.8385416666666666,0.2552083333333333,0.8385416666666666,0.2552083333333333,0.8385416666666666,0.2552083333333333,0.8385416666666666,0.2552083333333333,0.8385416666666666,0.2552083333333333,0.8385416666666666,0.2552083333333333,0.8385416666666666,0.2552083333333333,0.8385416666666666,0.2552083333333333,0.8385416666666666,0.2552083333333333,0.8385416666666666,0.2552083333333333,0.8385416666666666,0.2552083333333333,0.8489583333333334,0.2552083333333333,0.8645833333333334,0.2552083333333333,0.890625,0.2604166666666667,0.921875,0.2708333333333333,0.9583333333333334,0.2916666666666667,0.984375,0.3333333333333333,1.0,0.4010416666666667,0.9895833333333334,0.4947916666666667,0.9427083333333334,0.6041666666666666,0.8489583333333334,0.703125,0.6979166666666666,0.7708333333333334,0.53125,0.8177083333333334,0.3645833333333333,0.8125,0.21354166666666666,0.765625,0.109375,0.6875,0.036458333333333336,0.5885416666666666,0.0,0.4739583333333333,0.015625,0.3489583333333333,0.06770833333333333,0.23958333333333334,0.14583333333333334,0.14583333333333334,0.23958333333333334,0.078125,0.3385416666666667,0.03125,0.4270833333333333,0.005208333333333333,0.5,0.0,0.5625,0.010416666666666666,0.6145833333333334,0.026041666666666668,0.6510416666666666,0.052083333333333336,0.6770833333333334,0.07291666666666667,0.6927083333333334,0.09375,0.703125,0.11458333333333333,0.7135416666666666,0.13020833333333334,0.7239583333333334,0.140625,0.7291666666666666,0.14583333333333334,0.734375,0.15104166666666666,0.7395833333333334,0.15104166666666666,0.7447916666666666,0.15104166666666666
Circle,0.9466680420878895,0.29317103362904895,0.9466680420878895,0.29317103362904895,0.9466680420878895,0.29317103362904895,0.9466680420878895,0.29317103362904895,0.9466680420878895,0.29317103362904895,0.9436765009284095,0.29317103362904895,0.9416133690942852,0.29317103362904895,0.9416133690942852,0.29317103362904895,0.9416133690942852,0.29317103362904895,0.9416133690942852,0.29317103362904895,0.9425417784196412,0.29317103362904895,0.9476996080049517,0.29368681658758,0.9571900144419228,0.29843201980606565,0.9757582009490404,0.30771611305962454,0.9899938106044976,0.3343305137198267,1.0,0.3817825459046833,0.9952547967815143,0.4644109758613576,0.9643078192696514,0.5758200949040645,0.9064369713224675,0.6991953785846917,0.8118423767278728,0.8063750773674438,0.6837218898287598,0.8834330513719829,0.5430162987414897,0.935114503816794,0.40117598514545083,0.9572931710336291,0.2702702702702702,0.9384155147513926,0.1649473901382297,0.8861151227563442,0.09067464410975841,0.8072003301010933,0.03414483185475552,0.7105426036723748,0.002578914792655239,0.6090365174334641,0.0,0.5033010109345987,0.030224881369919566,0.3997317928615638,0.0831442129152052,0.3031772230245514,0.1506086238910666,0.21745409531669074,0.22684134516195587,0.14637920363111195,0.3073034866927998,0.0922219929853517,0.39086032597483,0.053847740870641606,0.47369506911491666,0.027439653393851807,0.5526098617701672,0.00949040643697132,0.6315246544254176,0.000206313183412445,0.701361667010522,0.0,0.7627398390757169,0.008252527336496795,0.8082318960181557,0.017536620590055743,0.8401072828553745,0.030121724778213378,0.8621827934805034,0.04404786465855166,0.8782752217866723,0.057974004538890074,0.8901382298328863,0.07190014441922843,0.8977718176191462,0.08417577883226743,0.9024138642459254,0.09222199298535178,0.9070559108727049,0.09603878687848154,0.9116979574994841,0.09603878687848154,0.9163400041262637,0.09603878687848154
Circle,0.9359674483349397,0.2778670093157726,0.9359674483349397,0.2778670093157726,0.9359674483349397,0.2778670093157726,0.9359674483349397,0.2778670093157726,0.9359674483349397,0.2778670093157726,0.9359674483349397,0.2778670093157726,0.9359674483349397,0.2778670093157726,0.9359674483349397,0.2778670093157726,0.9359674483349397,0.2778670093157726,0.9359674483349397,0.2778670093157726,0.9359674483349397,0.2778670093157726,0.9359674483349397,0.2778670093157726,0.9359674483349397,0.2778670093157726,0.9359674483349397,0.2778670093157726,0.9359674483349397,0.2778670093157726,0.9406788735410647,0.28022272191883507,0.9528857479387517,0.289538494485491,0.9691615804690011,0.3098832851483027,0.9874718920655321,0.3441481957383016,0.9994646107720314,0.39972159760145615,1.0,0.4771388799657351,0.9726951493735948,0.5709390727058571,0.9113395438483779,0.6716993254095728,0.8082235785416001,0.7556483563550702,0.6681657565049797,0.8096155905343184,0.5164364492986404,0.8331727165649427,0.3686690223792702,0.8145411714316309,0.22464932005568072,0.7611093264803512,0.1144662169397154,0.6758753613877292,0.04218867116393644,0.5705107613234827,0.0,0.4559374665381731,0.004283113823750085,0.3402933932969267,0.051718599421779664,0.23396509262233658,0.1229253667416211,0.14648249277224562,0.2051611521576185,0.07870221651140402,0.2943569975372098,0.0350144555091551,0.3859085555198631,0.007602527037155999,0.47703180212014135,0.0,0.55530570724917,0.008244994110718409,0.622764749973231,0.026555305707249174,0.6749116607773854,0.04764964128921724,0.7164578648677589,0.07206339008459145,0.7440839490309455,0.09197986936502828,0.7630367277010388,0.11018310311596524,0.7752436020987261,0.12142627690330877,0.7874504764964129,0.12752971410215214,0.7969804047542566,0.13095620516115214,0.8030838419531002,0.13095620516115214,0.8047970874826,0.13534639683049565,0.8047970874826,0.13620301959524572
Circle,0.9126014061654948,0.19080584099513254,0.9126014061654948,0.19080584099513254,0.9126014061654948,0.19080584099513254,0.9126014061654948,0.19080584099513254,0.9126014061654948,0.19080584099513254,0.9126014061654948,0.19080584099513254,0.9126014061654948,0.19080584099513254,0.9126014061654948,0.19080584099513254,0.9126014061654948,0.19080584099513254,0.9126014061654948,0.19080584099513254,0.9126014061654948,0.19080584099513254,0.9126014061654948,0.19080584099513254,0.9198485667928611,0.19080584099513254,0.9332612222823149,0.19556517036235804,0.9504597079502435,0.21654948620876155,0.975770686857761,0.2589507842076799,0.9946998377501352,0.33618171984856693,1.0,0.43547863710113593,0.9727420227149812,0.551000540832883,0.9093564088696591,0.6653326122228232,0.7957815035154134,0.7460248783126017,0.6294213088155756,0.797295835586804,0.44835045970795,0.8197944835045974,0.27582477014602463,0.7949161709031911,0.14667387777176827,0.7200648999459167,0.05949161709031891,0.6161168199026501,0.004759329367225275,0.49259058950784196,0.0,0.36517036235803096,0.042617631151974075,0.24456462952947527,0.11400757166035673,0.14461871281773947,0.20465116279069764,0.07106544077879925,0.30740941049215836,0.027041644131963107,0.42141698215251505,0.0054083288263926214,0.5354245538128717,0.0,0.6383991346673881,0.01103299080584105,0.7225527312060577,0.03937263385613862,0.7904813412655489,0.07874526771227702,0.8421849648458624,0.1343428880475932,0.8825310978907517,0.19513250405624688,0.9075175770686857,0.2621957815035158,0.9243915630070308,0.32925905895078444,0.9378042184964845,0.39632233639805303,0.9497025419145484,0.45581395348837234,0.9497025419145484,0.5005949161709035,0.9497025419145484,0.5336938885884264,0.9497025419145484,0.5555435370470525,0.9497025419145484,0.5628988642509466,0.9497025419145484,0.5671173607355329,0.9497025419145484,0.5671173607355329,0.9497025419145484,0.5671173607355329
Circle,0.9794998873620184,0.3581887812570398,0.9794998873620184,0.35300743410678065,0.9746564541563413,0.35266952016219866,0.9694751070060825,0.35266952016219866,0.9642937598558233,0.35266952016219866,0.9591124127055642,0.35266952016219866,0.953931065555305,0.35266952016219866,0.9487497184050462,0.35266952016219866,0.9492002703311556,0.35266952016219866,0.9543816174814147,0.35266952016219866,0.9595629646316739,0.35480964181121866,0.9683487271908088,0.36359540437035365,0.98242847488173,0.3849966208605543,0.9927911691822483,0.42577157017346245,1.0,0.48749718405046183,0.9842306825861679,0.5769317413831945,0.910790718630322,0.6798828564992114,0.7968010813246228,0.7524217166028385,0.6183825185852665,0.805136291957648,0.44165352556882154,0.8384771344897498,0.27832845235413367,0.822482541112863,0.15712998423068253,0.7650371705339036,0.06994818652849727,0.6796575805361564,0.015093489524667658,0.5765938274386121,0.0,0.46778553728317185,0.025906735751295328,0.35897724712773155,0.08380265825636404,0.2569272358639334,0.1640009011038525,0.16940752421716576,0.26041901329128214,0.09799504392881263,0.36528497409326455,0.04595629646316712,0.47229105654426684,0.013291281820229739,0.5684838927686416,0.0,0.6457535480964179,0.0058571750394233735,0.7131110610497859,0.026582563640459477,0.7652624464969588,0.05237666141022754,0.8028835323271006,0.08301419238567255,0.8303671998197792,0.10970939400765937,0.8481640009011039,0.13561612975895476,0.8599909889614776,0.15780581211984684,0.8669745438161747,0.17515206127506194,0.8721558909664338,0.18765487722460011,0.877337238116693,0.19801757152511826,0.882518585266952,0.20601486821356166,0.8876999324172112,0.21119621536382063,0.8911917098445595,0.21468799279116912,0.892543365622888,0.21468799279116912,0.8967109709394008,0.21468799279116912,0.8967109709394008,0.21468799279116912,0.8967109709394008,0.21502590673575117,0.8967109709394008,0.2202072538860103
Circle,0.8793465800534964,0.15714558654948407,0.8793465800534964,0.15714558654948407,0.8793465800534964,0.15714558654948407,0.8793465800534964,0.15714558654948407,0.8761941153993124,0.15714558654948407,0.8746656476881927,0.15714558654948407,0.8746656476881927,0.15714558654948407,0.8746656476881927,0.15714558654948407,0.8746656476881927,0.15714558654948407,0.8746656476881927,0.15714558654948407,0.8763851738632024,0.15714558654948407,0.8859380970576995,0.15762323270920897,0.9033244172716853,0.16211310661062284,0.9291173098968283,0.17500955292319434,0.9589224302636608,0.19593045471914408,0.9817539166985099,0.2283148643484906,1.0,0.2789453572793275,1.0,0.346293465800535,0.9665647688192586,0.42434084829957963,0.9002674818494459,0.49761176920137556,0.7945166220863581,0.5552158960641955,0.6526557126480705,0.5971532288880397,0.5107948032097823,0.6205578907145586,0.3706534199465036,0.6171188383645395,0.24302636606801664,0.5901795949560564,0.14415361100496735,0.5385938097057699,0.07403515475735581,0.47468475353458156,0.023882307986243814,0.40275124188001526,0.0,0.32632785632403505,0.009457393962552586,0.2489491784486051,0.051585785250286564,0.17414978983568977,0.12285059228123807,0.10985861673672147,0.21608712265953392,0.061234237676728996,0.32355750859763116,0.025410775697363202,0.4364730607565918,0.0016239969430644745,0.5369698127627057,0.0,0.6217997707298434,0.013183034008406503,0.6905808177302253,0.03037829575850198,0.7425487199082921,0.05177684371417647,0.7788498280473825,0.0732709209017958,0.8063622468475354,0.09132594573939624,0.8229843332059611,0.10546427206725255,0.8332059610240735,0.11568589988536483,0.8395108903324418,0.12199082919373322,0.8438097057699657,0.12437905999235759,0.8481085212074895,0.12437905999235759,0.8524073366450134,0.12437905999235759,0.8567061520825371,0.12437905999235759,0.8610049675200611,0.12437905999235759,0.865303782957585,0.12437905999235759
Circle,1.0,0.24509394572025062,0.9961377870563675,0.24509394572025062,0.9948851774530272,0.24509394572025062,0.9948851774530272,0.24509394572025062,0.9948851774530272,0.24509394572025062,0.9948851774530272,0.24509394572025062,0.9948851774530272,0.24780793319415456,0.9948851774530272,0.25459290187891453,0.9944676409185802,0.26680584551148234,0.9867432150313153,0.28997912317327773,0.9762004175365346,0.3216075156576202,0.9567849686847598,0.359498956158664,0.9252609603340294,0.40260960334029233,0.8866388308977038,0.45281837160751565,0.8158663883089771,0.5117954070981212,0.7230688935281839,0.5652400835073069,0.6136743215031317,0.6064718162839249,0.49394572025052186,0.6373695198329855,0.37421711899791255,0.6561586638830901,0.2651356993736954,0.65741127348643,0.17223382045929037,0.6388308977035492,0.10271398747390409,0.6002087682672236,0.05198329853862216,0.5459290187891441,0.016910229645094026,0.48235908141962447,0.0,0.4122129436325679,0.015448851774530249,0.33883089770354924,0.056784968684759796,0.26544885177453054,0.11503131524008323,0.1960334029227561,0.18820459290187885,0.13402922755741134,0.2770354906054278,0.08768267223382059,0.3692066805845508,0.051356993736952225,0.4598121085594988,0.02286012526096037,0.5469728601252609,0.0038622129436327074,0.6280793319415445,0.0,0.7022964509394571,0.013361169102296611,0.7691022964509393,0.0375782881002088,0.8271398747390394,0.07035490605427974,0.8734864300626305,0.10897703549060536,0.9056367432150313,0.14759916492693112,0.9319415448851772,0.18392484342379964,0.951983298538622,0.21764091858037574,0.96356993736952,0.24853862212943637,0.9678496868475992,0.26847599164926933,0.9717118997912317,0.28538622129436336,0.9744258872651357,0.2985386221294365,0.9744258872651357,0.3062630480167016,0.9744258872651357,0.30647181628392495,0.9744258872651357,0.30647181628392495,0.9744258872651357,0.30521920668058466,0.9744258872651357,0.3013569937369521
Circle,0.9100043215211755,0.24859550561797755,0.9100043215211755,0.24373379429559197,0.9055747623163355,0.2433016421780467,0.9007130509939499,0.2433016421780467,0.8994165946413137,0.2433016421780467,0.8994165946413137,0.2433016421780467,0.8994165946413137,0.2433016421780467,0.8971477960242005,0.2433016421780467,0.8922860847018149,0.2433016421780467,0.8888288677614521,0.2433016421780467,0.8888288677614521,0.2433016421780467,0.8893690579083836,0.24384183232497844,0.8946629213483145,0.2489196197061365,0.918971477960242,0.26350475367329296,0.9523552290406223,0.3007778738115817,0.9781763180639583,0.35609334485738975,0.9951382886776144,0.4254537597234226,1.0,0.5016205704407951,0.9803370786516854,0.576598962834918,0.9272904062229902,0.6471477960242007,0.8465859982713915,0.7074330164217805,0.7406006914433881,0.7515125324114088,0.6044727744165945,0.7812229904926532,0.4689930855661192,0.7919187554019013,0.33837510803802906,0.7762532411408813,0.2216940363007776,0.7373595505617976,0.1328867761452032,0.6798833189282627,0.07065687121866893,0.6089023336214346,0.02366032843560937,0.5246326707000862,0.0,0.43712186689714766,0.002917026793431301,0.3496110630942092,0.029926534140017325,0.26458513396715644,0.07908383751080394,0.18604148660328432,0.14714779602420067,0.11959809853068268,0.22731201382886804,0.06968452895419182,0.31557908383751115,0.03305963699222127,0.40762748487467576,0.009723422644771005,0.49513828867761434,0.0,0.5778954191875542,0.004537597234226619,0.6475799481417458,0.018042350907519555,0.7039757994814178,0.03651685393258439,0.7436257562662056,0.05596369922212625,0.771607605877269,0.0754105445116681,0.7907303370786517,0.09226447709593784,0.8031547104580815,0.10468885047536744,0.811149524632671,0.11268366464995688,0.8160112359550562,0.11754537597234231,0.8200086430423509,0.12154278305963703,0.8204407951598965,0.12154278305963703,0.8253025064822818,0.12154278305963703
Circle,0.7774964553372494,0.13895077982580517,0.7774964553372494,0.13895077982580517,0.7774964553372494,0.13895077982580517,0.7774964553372494,0.13895077982580517,0.7774964553372494,0.13895077982580517,0.7774964553372494,0.13895077982580517,0.7774964553372494,0.13895077982580517,0.7774964553372494,0.13895077982580517,0.7774964553372494,0.13895077982580517,0.7774964553372494,0.13895077982580517,0.783269191816893,0.13895077982580517,0.802106542434677,0.140571197083249,0.8326919181689284,0.14786307474174598,0.8709742758760384,0.16487745594490585,0.9129025724123963,0.19495645128620634,0.9536155560056716,0.23810006076564721,0.9813652015393967,0.2943082843832288,1.0,0.36418877861049226,0.9874417662548106,0.4385254202957264,0.9485517520761597,0.5130646141381408,0.8835325096212274,0.5799068260076973,0.788839376139356,0.6309499696171763,0.6733846465464858,0.6678144622240227,0.5493214502734454,0.6886773344136116,0.423536560664371,0.6921207210856797,0.3024103706704476,0.6758152724326516,0.19607048815069883,0.6377354668827224,0.11322665586388475,0.5813246911079603,0.05509418675308874,0.5132671662953209,0.01762203767470111,0.4376139355884139,0.0,0.3584160421308485,0.011849301195057785,0.27972452906623446,0.04547295928701644,0.2055904395381809,0.10137735466882732,0.14036864492606843,0.17095402066032012,0.08881912092363782,0.24508811018837381,0.05033421105934763,0.3275268381608267,0.020964148268178946,0.4150293700627915,0.003949767065019191,0.5002025521571807,0.0,0.5779825805144827,0.0030382823577071246,0.6443184119910879,0.01316589021673092,0.6975896293295525,0.02471136317601785,0.7377962325298765,0.034028762406319656,0.7667611910066845,0.04334616163662145,0.7870164067247317,0.051144419688069626,0.7985618796840187,0.05580311930322059,0.8023090945918575,0.06046181891837142,0.8023090945918575,0.06451286206198097,0.8023090945918575,0.06451286206198097,0.8023090945918575,0.06451286206198097
Circle,0.8673886391499795,0.11514098896608091,0.8673886391499795,0.11514098896608091,0.8642214957090316,0.11514098896608091,0.8623825091949325,0.11514098896608091,0.8623825091949325,0.11514098896608091,0.8623825091949325,0.11514098896608091,0.8623825091949325,0.11514098896608091,0.8588067020841846,0.11514098896608091,0.8547200653861872,0.11514098896608091,0.8523702492848385,0.11514098896608091,0.8523702492848385,0.11514098896608091,0.8523702492848385,0.11514098896608091,0.8603391908459337,0.11514098896608091,0.8777073968124233,0.1182059664895791,0.9024315488353085,0.12658357172047402,0.9310380057212914,0.1425214548426645,0.9590314671025748,0.16796076828769932,0.9794646505925625,0.20474049856967713,0.9964241928892521,0.2623620760114427,1.0,0.33132407029015126,0.9795668165100123,0.41142214957090323,0.9296076828769924,0.5006129955046996,0.8560482223130361,0.5864323661626483,0.7320187985288106,0.6489579076420108,0.6053330608908866,0.6954434000817328,0.478647323252963,0.7240498569677154,0.35533306089088695,0.7314058030241111,0.2423375561912544,0.7136289333878217,0.15651818553330593,0.6686759297098487,0.0909276665304454,0.610237024928484,0.04188802615447473,0.5415815284021248,0.010216591744993824,0.46495709031467086,0.0,0.38322435635472,0.02451982018798526,0.3014916223947691,0.0755006129955046,0.223539027380466,0.1429301185124644,0.151614221495709,0.22231303637106672,0.09184715978749478,0.3101757253780138,0.04689415610952187,0.40396403759705796,0.0147118921127911,0.4897834082550063,0.0024519820187985405,0.5690641601961585,0.0,0.6396608091540662,0.007049448304045733,0.6978953821005313,0.022170004086636635,0.7413158970167552,0.04260318757662443,0.7740089906007358,0.06303637106661236,0.7956681651001227,0.0797915815284022,0.8078259092766652,0.09337964854924408,0.8141601961585616,0.10380057212913774,0.8173273395995095,0.11105435226808344,0.8173273395995095,0.11514098896608091
Circle,0.8456949691787633,0.16563929210578646,0.8456949691787633,0.16563929210578646,0.8428116921853254,0.16563929210578646,0.840823225293299,0.16563929210578646,0.840823225293299,0.16563929210578646,0.840823225293299,0.16563929210578646,0.840823225293299,0.16563929210578646,0.840823225293299,0.16563929210578646,0.840823225293299,0.16563929210578646,0.840823225293299,0.16563929210578646,0.840823225293299,0.16563929210578646,0.840823225293299,0.16563929210578646,0.840823225293299,0.16563929210578646,0.845893815867966,0.16563929210578646,0.858918274010738,0.1670312189302048,0.8783058262079939,0.1747862398091072,0.9048518592165441,0.189699741499304,0.9345794392523367,0.21813481805527937,0.9624179757407042,0.2625770530920662,0.9844899582421954,0.3225293298866575,1.0,0.39232451779677885,0.9598329687810698,0.4795187910121298,0.8834758401272618,0.5587591966593758,0.7725193875521972,0.6234837939948301,0.6324318950089486,0.6719029628156693,0.48896400874925483,0.7068005567707298,0.35563730363889473,0.7112746072777889,0.2428912308610065,0.6945714853847684,0.15181944720620422,0.6604692781865182,0.08053290912706308,0.6123483793994832,0.030125273414197733,0.5503082123682642,0.0026844303042354474,0.47842513422151534,0.0,0.4024656989461126,0.0219725591568901,0.32491549015708887,0.06671306422748069,0.2479618214356731,0.13650825213760198,0.17816663352555176,0.2158480811294493,0.12109763372439838,0.30165042752038207,0.07556174189699741,0.3896400874925435,0.0403658779081328,0.4745476237820642,0.014018691588785047,0.552097832571088,0.002386160270431509,0.6204016703121893,0.0,0.6758798965997219,0.006263670709882642,0.7191290515012926,0.017896202028236177,0.7537283754225493,0.029528733346589855,0.7769934380592564,0.041161264664943395,0.7913103996818455,0.05279379598329693,0.7989659972161465,0.06243786040962412,0.8018492742095845,0.07019288128852652,0.8018492742095845,0.07794790216742893
Circle,0.967980015896446,0.11615760190757352,0.967980015896446,0.11615760190757352,0.967980015896446,0.11615760190757352,0.967980015896446,0.11615760190757352,0.967980015896446,0.11615760190757352,0.967980015896446,0.11615760190757352,0.967980015896446,0.11615760190757352,0.967980015896446,0.11615760190757352,0.967980015896446,0.11615760190757352,0.967980015896446,0.11615760190757352,0.967980015896446,0.11615760190757352,0.9684342000681275,0.11661178607925518,0.9725218576132622,0.12069944362438977,0.9796752583172476,0.12785284432837518,0.9878505734075167,0.13920744862041556,0.9959123424548654,0.15601226297263535,1.0,0.1887135233337119,0.9959123424548654,0.2350403088452369,0.9864880208924718,0.2931758828204838,0.9742250482570682,0.36266606108777116,0.9310775519473145,0.4475985011922333,0.8670375837402066,0.533439309640059,0.7793800386056543,0.6138299080277053,0.6567503122516178,0.6751447712047235,0.5235608039059835,0.7188599977290794,0.39479959123424524,0.7413421142273193,0.27671170659702493,0.7414556602702397,0.1867832406040648,0.7169297149994323,0.11910979902350399,0.6733280345179968,0.06631088906551601,0.617463381401158,0.02634268195753372,0.5516066765073236,0.0018167366867264498,0.47802884069490154,0.0,0.40161235380946964,0.017713182695583144,0.3239468604519131,0.054502100601794126,0.24628136709435675,0.11513568752129003,0.17656409674122842,0.18144657658680613,0.1195639831951855,0.2519586692403771,0.07459975019870553,0.3255365050527989,0.041898489837629116,0.395480867491768,0.020097649596911564,0.46065629612808,0.006131486317701857,0.5206086067900534,0.0,0.5737481548768026,0.004087657545134571,0.6137163619847847,0.011468150334960748,0.6450550698308165,0.02146020211195642,0.6685591007153402,0.033723174747360134,0.6808220733507439,0.045986147382763846,0.6871806517542863,0.055296922902236936,0.691268309299421,0.06347223799250591,0.6953559668445555,0.07164755308277507
Circle,0.7618219749652294,0.07950857672693555,0.7618219749652294,0.07950857672693555,0.7618219749652294,0.07950857672693555,0.7618219749652294,0.07950857672693555,0.7618219749652294,0.07950857672693555,0.7618219749652294,0.07950857672693555,0.7618219749652294,0.07950857672693555,0.7618219749652294,0.07950857672693555,0.7618219749652294,0.07950857672693555,0.7618219749652294,0.07950857672693555,0.7618219749652294,0.07950857672693555,0.7618219749652294,0.07950857672693555,0.7618219749652294,0.07950857672693555,0.7618219749652294,0.07950857672693555,0.7618219749652294,0.07950857672693555,0.7618219749652294,0.07950857672693555,0.7618219749652294,0.07950857672693555,0.7635605006954101,0.07950857672693555,0.7720213259156234,0.07950857672693555,0.7909133055169214,0.08078349559573485,0.821279554937413,0.08831710709318508,0.8664812239221139,0.10709318497913771,0.919216504404265,0.14209550301344456,0.9566527584608251,0.19865554010199352,0.9836578581363002,0.2862772369031061,1.0,0.3952248493277696,0.9736903106165969,0.5148354195642095,0.8954566527584609,0.6346777932313394,0.7601993509503945,0.7204450625869261,0.6092953175707001,0.7836114974501622,0.4479601298099215,0.8082985628187296,0.29705609643022723,0.7954334724153916,0.17756142790913318,0.7500000000000002,0.09086694483078366,0.6769819193324065,0.028511821974965445,0.5848400556328237,0.0,0.48354195642095515,0.013212795549374112,0.38004172461752445,0.06258692628650869,0.27932313398238334,0.13815484469170117,0.18891979601298128,0.23226703755215572,0.11648122392211403,0.3357672693555866,0.06490496059341672,0.4374130737134906,0.03048215113583698,0.5322206768660175,0.00811312007417719,0.6138154844691701,0.0,0.6757070004636067,0.0011590171534539304,0.7219517848864163,0.006606397774687177,0.7532452480296707,0.012749188687992588,0.7741075567918403,0.02364394993045892,0.784770514603616,0.03430690774223453,0.7902178952248493,0.039754288363467775
Circle,0.7636621717530164,0.0149041873669269,0.7594038325053231,0.0149041873669269,0.7586941092973741,0.0149041873669269,0.7586941092973741,0.0149041873669269,0.7586941092973741,0.0149041873669269,0.7586941092973741,0.0149041873669269,0.7586941092973741,0.0149041873669269,0.7586941092973741,0.0149041873669269,0.7544357700496807,0.0149041873669269,0.7537260468417318,0.0149041873669269,0.7537260468417318,0.0149041873669269,0.7537260468417318,0.0149041873669269,0.7551454932576296,0.0149041873669269,0.7608232789212207,0.015613910574875779,0.773598296664301,0.0198722498225692,0.8076650106458482,0.03264726756564932,0.8523775727466287,0.052519517388218515,0.9020581973030518,0.08516678495386798,0.9467707594038327,0.1320085166784953,0.9808374733853799,0.19304471256210068,1.0,0.26756564939673516,0.9872249822569199,0.35273243435060325,0.9318665720369056,0.4336408800567778,0.8374733853797023,0.5074520936834633,0.7097232079489004,0.5656493967352731,0.5628105039034779,0.6103619588360538,0.4137686302342089,0.6373314407381121,0.2789212207239178,0.6373314407381121,0.17246273953158273,0.6160397444996452,0.09581263307310174,0.5734563520227113,0.04045422285308749,0.5131298793470549,0.0063875088715402,0.44357700496806274,0.0,0.36905606813342823,0.025550035486160378,0.29098651525904906,0.0816181689141235,0.21149751596877225,0.16252661462029813,0.1391057487579844,0.2647267565649394,0.08800567778566377,0.366926898509581,0.051100070972320895,0.4634492547906315,0.022711142654364858,0.5486160397444994,0.005677785663591321,0.6195883605393896,0.0,0.6763662171753015,0.0007097232079488798,0.7189496096522356,0.0049680624556423,0.7487579843860893,0.009226401703335578,0.7714691270404542,0.01348474095102914,0.7870830376153302,0.01774308019872242,0.7977288857345635,0.0198722498225692,0.8062455642299503,0.0198722498225692,0.8140525195173882,0.0198722498225692,0.8183108587650817,0.0198722498225692
Circle,0.8083898965171916,0.05997552019583845,0.8041615667074665,0.05997552019583845,0.8029375764993881,0.05997552019583845,0.8011572271058197,0.05997552019583845,0.7969288972960945,0.05997552019583845,0.7927005674863693,0.05997552019583845,0.7920329364637811,0.05997552019583845,0.7920329364637811,0.05997552019583845,0.7920329364637811,0.05997552019583845,0.7920329364637811,0.05997552019583845,0.7920329364637811,0.05997552019583845,0.7920329364637811,0.05997552019583845,0.7937020140202516,0.05997552019583845,0.7997106932235453,0.05997552019583845,0.820852342272171,0.05997552019583845,0.8523422721709136,0.06687437409591632,0.8906197841326361,0.08200734394124844,0.9298987426282409,0.10515188605763878,0.9594970512963171,0.13475019472571484,0.9810837876933348,0.1763658618003784,0.9966618448870592,0.22699454767998223,1.0,0.28507844664515414,0.9853121175030602,0.3485033937910317,0.9472571492155337,0.4119283409369087,0.8824969400244802,0.4786914431957272,0.7894736842105264,0.5357738956270169,0.6717480805608104,0.5796149994436408,0.5406698564593304,0.6134416379214422,0.4095916323578502,0.6277957049070879,0.2891955046177814,0.6217870257037944,0.1866028708133972,0.5976410370535218,0.10759986647379567,0.5586958940692113,0.052631578947368474,0.5037276065427841,0.013797707800155745,0.4390786691888284,0.0,0.36942249916546144,0.015466785356626211,0.29831979525981983,0.06197841326360285,0.2306665183042175,0.1274062534772448,0.16679648380994794,0.20017803493935693,0.11360854567708904,0.2776232335595859,0.07243796595081797,0.35785022810726597,0.04306220095693778,0.43396016468231885,0.021920551908311985,0.5007232669411372,0.0070101257371758775,0.5565817291643486,0.0,0.6010904640035608,0.0,0.6349171024813621,0.0,0.6577278290864582,0.003671970624234947,0.6739735173027707,0.00790030043396023,0.6854345165238679,0.012128630243685358,0.6938911761433182,0.016356960053410485
Circle,0.6892905866302865,0.0,0.6848567530695772,0.0,0.6837198726693952,0.0,0.6815597999090495,0.0,0.6771259663483401,0.0,0.6726921327876307,0.0,0.6725784447476125,0.0,0.6725784447476125,0.0,0.6725784447476125,0.0,0.6725784447476125,0.0,0.6725784447476125,0.0,0.6725784447476125,0.0,0.6725784447476125,0.0,0.6764438381082309,0.0,0.6876989540700318,0.000795816280127308,0.709868121873579,0.005229649840836664,0.7443155979990905,0.01375625284220104,0.7886539336061847,0.028535698044565714,0.8410641200545703,0.051728058208276445,0.895975443383356,0.08617553433378812,0.9358799454297408,0.13938153706230103,0.9678262846748522,0.20850386539336072,0.9931787175989085,0.2908140063665303,1.0,0.3863119599818101,0.9777171441564347,0.48931332423829005,0.9245111414279219,0.5691223283310594,0.7398817644383815,0.6296043656207366,0.5550250113688043,0.676330150068213,0.3916552978626651,0.6971350613915415,0.24988631195998198,0.6806502955889041,0.1479081400636654,0.63631195998181,0.07219190541155075,0.5732150977717145,0.022169167803547093,0.49886311959981805,0.0,0.41757617098681227,0.007503410641200582,0.3333333333333332,0.05184174624829477,0.24909049567985453,0.12164620281946344,0.1757617098681218,0.21202819463392475,0.11732605729877209,0.3153706230104595,0.07264665757162342,0.4215552523874491,0.03785811732605724,0.5235334242837656,0.015688949522510147,0.6114142792178261,0.004092769440654863,0.6813324238290135,0.0,0.7339699863574352,0.0,0.7734197362437473,0.00011368804001816424,0.7955889040472941,0.004547521600727678,0.81093678944975,0.008981355161437034,0.8196907685311505,0.013415188722146388,0.8229877216916781,0.017849022282855745,0.8229877216916781,0.022282855843565257
Circle,0.5580448065173117,0.028513238289205697,0.5580448065173117,0.028513238289205697,0.5549898167006111,0.028513238289205697,0.5509164969450102,0.028513238289205697,0.5509164969450102,0.028513238289205697,0.5468431771894093,0.028513238289205697,0.5437881873727088,0.028513238289205697,0.5437881873727088,0.028513238289205697,0.5437881873727088,0.028513238289205697,0.5437881873727088,0.028513238289205697,0.5437881873727088,0.028513238289205697,0.5437881873727088,0.028513238289205697,0.5437881873727088,0.028513238289205697,0.5458248472505092,0.030549898167006047,0.5509164969450102,0.035641547861507125,0.5814663951120165,0.045824847250509074,0.6272912423625255,0.06211812627291247,0.6873727087576373,0.08655804480651727,0.763747454175153,0.12729124236252548,0.819755600814664,0.18839103869653775,0.8645621181262729,0.26272912423625255,0.90020366598778,0.3492871690427698,0.9205702647657844,0.46130346232179226,0.876782077393075,0.5549898167006111,0.7759674134419551,0.6313645621181261,0.6181262729124236,0.6873727087576375,0.4521384928716903,0.731160896130346,0.3044806517311611,0.7494908350305496,0.1873727087576376,0.7342158859470468,0.1059063136456212,0.6782077393075353,0.039714867617108025,0.6008146639511196,0.0,0.5071283095723014,0.025458248472505378,0.40529531568228105,0.10386965376782105,0.3116089613034621,0.20977596741344184,0.23014256619144613,0.3370672097759675,0.16395112016293276,0.4592668024439921,0.1181262729124237,0.5723014256619149,0.07841140529531566,0.6751527494908351,0.045824847250509275,0.7617107942973527,0.025458248472504972,0.8279022403258658,0.013238289205702473,0.8808553971486761,0.005091649694501076,0.9215885947046843,0.0,0.9521384928716904,0.0,0.9735234215885951,0.0,0.9867617107942971,0.0,0.9918533604887986,0.0,0.9969450101832993,0.0,1.0,0.0,1.0,0.0
Circle,0.744842562432139,0.03385648011055177,0.744842562432139,0.03385648011055177,0.744842562432139,0.03385648011055177,0.7414865265028131,0.03385648011055177,0.7400059224163459,0.03385648011055177,0.7400059224163459,0.03385648011055177,0.7400059224163459,0.03385648011055177,0.7400059224163459,0.03385648011055177,0.7400059224163459,0.03385648011055177,0.7400059224163459,0.03385648011055177,0.7400059224163459,0.03385648011055177,0.7400059224163459,0.03385648011055177,0.7400059224163459,0.03385648011055177,0.746520580396802,0.03711380910077973,0.7662619682163657,0.044220708715822704,0.7968611193366893,0.059717698154180134,0.8387128615141646,0.0885401243707432,0.8908301253578127,0.13019445267002266,0.9397887671503307,0.17954792221893198,0.973941368078176,0.23630441220017756,1.0,0.2971078866844339,0.992893100384957,0.3703484354950152,0.9549896357713948,0.4441812259401835,0.8799723620570526,0.5180140163853518,0.7691244694502023,0.5785213700523145,0.6301450992004735,0.621952423255355,0.4798144309544963,0.6516632119237983,0.3357022998716808,0.6662718389102754,0.20728457210541917,0.6564011450004936,0.11311815220609994,0.6161287138485837,0.047971572401539916,0.5509821340440234,0.007106899615042833,0.4736946007304311,0.0,0.38841180534991615,0.027539236008291307,0.30154969894383593,0.08202546639028728,0.21982035337084202,0.1554634290790641,0.1499358404895864,0.2411410522159704,0.09544961010759072,0.33234626394235506,0.055275885894778484,0.42295923403415264,0.026650873556411006,0.5095252196229396,0.009475866153390628,0.5833580100681076,0.000789655512782644,0.645345967821538,0.0,0.6923304708320993,0.0034547428684236895,0.7268778995163362,0.0077978481887276815,0.7474089428486822,0.012140953509031674,0.7584641200276379,0.01450992004737933,0.7656697265817787,0.01450992004737933,0.7700128319020828,0.01450992004737933,0.7738624025268976,0.01450992004737933,0.7738624025268976,0.01450992004737933
Circle,0.6188271604938271,0.0,0.6188271604938271,0.0,0.6188271604938271,0.0,0.6188271604938271,0.0,0.6188271604938271,0.0,0.6188271604938271,0.0,0.6105967078189298,0.0,0.6035236625514403,0.0,0.5986368312757201,0.0,0.59375,0.0,0.5936213991769548,0.0,0.6003086419753085,0.0,0.6197273662551438,0.0019290123456789318,0.6565072016460906,0.007844650205761323,0.7151491769547325,0.022505144032921885,0.7857510288065844,0.04912551440329211,0.8539094650205761,0.08873456790123463,0.9128086419753084,0.13991769547325109,0.9567901234567899,0.1985596707818928,0.9915123456790121,0.27572016460905346,1.0,0.3699845679012344,0.9771090534979425,0.4726080246913578,0.9194958847736626,0.5729166666666667,0.8168724279835392,0.646219135802469,0.6640946502057614,0.7040895061728395,0.49061213991769526,0.7358539094650205,0.3211162551440333,0.7363683127572018,0.19405864197530873,0.7021604938271602,0.1030092592592591,0.6319444444444443,0.03356481481481506,0.5493827160493827,0.0,0.4564043209876542,0.016975308641975207,0.3545524691358028,0.07561728395061727,0.2665895061728396,0.156635802469136,0.19354423868312762,0.2469135802469133,0.13438786008230458,0.33796296296296274,0.08822016460905349,0.4210390946502056,0.0540123456790126,0.48662551440329216,0.03292181069958851,0.5383230452674894,0.019290123456790213,0.5792181069958845,0.011059670781892995,0.6131687242798353,0.006301440329218106,0.6376028806584363,0.006301440329218106,0.6548353909465018,0.006301440329218106,0.6673096707818927,0.006301440329218106,0.6763117283950616,0.005529835390946498,0.681198559670782,0.0006430041152263703,0.6860853909465022,0.0,0.6909722222222223,0.0,0.6944444444444444,0.0,0.6944444444444444,0.0
Circle,0.8129251700680271,0.17777777777777778,0.8085034013605442,0.17777777777777778,0.8073696145124716,0.17777777777777778,0.8052154195011335,0.17777777777777778,0.801814058956916,0.17675736961451238,0.801814058956916,0.17233560090702946,0.801814058956916,0.17222222222222222,0.801814058956916,0.17222222222222222,0.801814058956916,0.17222222222222222,0.801814058956916,0.17222222222222222,0.801814058956916,0.17222222222222222,0.801814058956916,0.17222222222222222,0.801814058956916,0.17222222222222222,0.807596371882086,0.17222222222222222,0.8224489795918364,0.17460317460317454,0.8445578231292517,0.18786848072562365,0.8829931972789113,0.2133786848072562,0.9227891156462584,0.2575963718820862,0.9571428571428571,0.3251700680272108,0.982312925170068,0.4156462585034014,1.0,0.5173469387755102,0.9780045351473919,0.5912698412698414,0.9146258503401355,0.6506802721088434,0.8085034013605439,0.6901360544217687,0.663038548752835,0.7049886621315195,0.490589569160998,0.7005668934240364,0.33741496598639475,0.6768707482993196,0.21428571428571436,0.6394557823129253,0.12086167800453514,0.5873015873015873,0.05238095238095231,0.5196145124716552,0.0037414965986393945,0.4400226757369615,0.0,0.35668934240362815,0.033106575963718715,0.2752834467120181,0.0950113378684806,0.20011337868480722,0.17562358276643977,0.13548752834467118,0.2684807256235828,0.0912698412698412,0.3577097505668934,0.05793650793650803,0.4411564625850341,0.03197278911564625,0.5166666666666667,0.013945578231292504,0.5820861678004537,0.005328798185941095,0.6307256235827664,0.0009070294784580016,0.6653061224489796,0.0,0.6914965986394555,0.0,0.7111111111111111,0.0,0.7242630385487527,0.0,0.7331065759637185,0.0,0.7385487528344669,0.0,0.7429705215419501,0.0,0.7462585034013605,0.0,0.7462585034013605,0.0
Circle,0.8928351972471428,0.07226250460857811,0.8928351972471428,0.07226250460857811,0.8928351972471428,0.07226250460857811,0.8928351972471428,0.07226250460857811,0.8907459751751261,0.07226250460857811,0.8868133218630946,0.07226250460857811,0.8868133218630946,0.07226250460857811,0.8868133218630946,0.07226250460857811,0.8826348777190614,0.07226250460857811,0.8807914464790464,0.07226250460857811,0.8807914464790464,0.07226250460857811,0.8807914464790464,0.07226250460857811,0.8810372373110487,0.07226250460857811,0.8860759493670884,0.07226250460857811,0.9040186801032324,0.08086518372864702,0.9308098807914464,0.0975789603047807,0.9563721273196509,0.12473884724099797,0.9751751259678012,0.17082462824136663,0.9899225758879197,0.2500921715620007,1.0,0.3760599729630086,0.9614108393756915,0.5285731842202286,0.8885338576871079,0.6538036131252307,0.7782966695342265,0.7474499201179795,0.6348777190610788,0.8112326410224899,0.4741305149317926,0.8430625537667445,0.3179304411945432,0.8430625537667445,0.1981074105935845,0.8021383802384169,0.10716480275285727,0.7318422022858547,0.03944942853631553,0.6383187907091062,0.0,0.5309081971242473,0.0029494899840237813,0.4206710089713653,0.06341403465650727,0.31485805579451887,0.13788865675310327,0.2230551800417844,0.22821678751382607,0.15079267543320612,0.32395231657859175,0.09610421531276872,0.41796730981934405,0.055917414280447296,0.5064520093400517,0.02789725943222317,0.5820326901806564,0.012781123264102254,0.6480275285731845,0.002457908320019618,0.7059112695096473,0.0,0.7528573184220229,0.002826594568022655,0.7894801523903158,0.007865306624062846,0.8179918889025443,0.01290401868010338,0.8381467371267053,0.01794273073614357,0.848469952070788,0.018065626152144527,0.8546147228708367,0.018065626152144527,0.8596534349268773,0.018065626152144527,0.8627258203269018,0.018065626152144527,0.8627258203269018,0.018065626152144527,0.8627258203269018,0.018065626152144527
Circle,0.7999328257948947,0.0,0.7999328257948947,0.0,0.7999328257948947,0.0,0.7999328257948947,0.0,0.7999328257948947,0.0,0.7999328257948947,0.0,0.7999328257948947,0.0,0.7999328257948947,0.0,0.796126287505598,0.0,0.7944469323779668,0.0,0.7944469323779668,0.0,0.7944469323779668,0.0,0.7948947604120017,0.00022391401701741439,0.8040752351097178,0.004814151365875501,0.8250111957008507,0.013322884012539275,0.8540080609046128,0.028549037169726885,0.8925212718316168,0.05329153605015679,0.9347290640394087,0.09158083296014338,0.966188983430363,0.14834303627407072,0.9891401701746529,0.22637707120465742,1.0,0.3245633676668159,0.977832512315271,0.43495297805642646,0.914240931482311,0.5317957904164801,0.8090013434841019,0.6031124048365428,0.6690550828481855,0.6559561128526649,0.5083967756381546,0.6880877742946709,0.36430810568741556,0.6870801612180923,0.23824451410658287,0.6565158978952084,0.13770712046574088,0.6034482758620687,0.06381549484997745,0.5348186296462158,0.013770712046574103,0.4562248096730854,0.0,0.3736005373936409,0.02026421854008068,0.2909762651141961,0.06336766681594277,0.21506941334527516,0.12617554858934169,0.14901477832512294,0.20432154052843726,0.09561128526645746,0.2922077922077922,0.056314375279892505,0.38401253918495315,0.0287729511867443,0.47145096283027293,0.009964173757277123,0.555194805194805,0.002015226153157197,0.6300940438871472,0.0,0.6905508284818631,0.0016793551276309197,0.73410210479176,0.006269592476489006,0.7662337662337664,0.010859829825347092,0.7894088669950737,0.015450067174205023,0.8016121809225256,0.02004030452306311,0.8081056874160322,0.0219435736677116,0.8109046126287505,0.0219435736677116,0.8109046126287505,0.0219435736677116,0.8109046126287505,0.0219435736677116
Circle,0.7603369065849923,0.021439509954058193,0.7603369065849923,0.021439509954058193,0.7603369065849923,0.021439509954058193,0.7603369065849923,0.021439509954058193,0.7603369065849923,0.021439509954058193,0.7603369065849923,0.021439509954058193,0.7603369065849923,0.021439509954058193,0.7603369065849923,0.021439509954058193,0.7603369065849923,0.021439509954058193,0.7641653905053596,0.021439509954058193,0.7718223583460947,0.021439509954058193,0.7856049004594181,0.021439509954058193,0.807044410413476,0.02450229709035213,0.835375191424196,0.03445635528330774,0.8675344563552833,0.04823889739663093,0.9042879019908114,0.0712098009188361,0.9410413476263396,0.105666156202144,0.968606431852986,0.1454823889739663,0.9892802450229706,0.19142419601837676,1.0,0.24502297090352224,0.9915773353751915,0.3070444104134762,0.9640122511485452,0.3805513016845329,0.9042879019908118,0.4632465543644717,0.8177641653905057,0.5344563552833075,0.7044410413476269,0.5911179173047473,0.5712098009188364,0.6324655436447166,0.43185298621745793,0.6554364471669221,0.3009188361408883,0.6546707503828485,0.18147013782542115,0.6271056661562021,0.09877488514548262,0.5719754977029098,0.035222052067381535,0.5015313935681472,1.5233688056112408e-16,0.42496171516079656,0.0,0.3445635528330782,0.03215926493108729,0.26339969372128635,0.08652373660030625,0.18759571209800918,0.16003062787136296,0.1232771822358346,0.24272588055130132,0.08192955589586534,0.32542113323124017,0.048238897396631085,0.4050535987748849,0.022205206738131828,0.4785604900459414,0.0061255742725881855,0.5428790199081165,0.0,0.595712098009188,0.0,0.6370597243491577,0.0,0.6646248085758037,0.0045941807044410626,0.6883614088820826,0.009188361408882125,0.7052067381316999,0.010719754977029096,0.714395099540582,0.010719754977029096,0.718989280245023,0.010719754977029096,0.7228177641653905,0.010719754977029096,0.7228177641653905,0.010719754977029096
Circle,0.6467053875425596,0.009813739234928901,0.6467053875425596,0.009813739234928901,0.6467053875425596,0.009813739234928901,0.6436010414580414,0.009813739234928901,0.6417985179250951,0.009813739234928901,0.639895854195874,0.009813739234928901,0.6355898257560585,0.009813739234928901,0.6319847786901662,0.009813739234928901,0.6319847786901662,0.009813739234928901,0.6319847786901662,0.009813739234928901,0.6319847786901662,0.009813739234928901,0.6383937512517527,0.009813739234928901,0.6522130983376726,0.009813739234928901,0.6774484277989185,0.011816543160424558,0.7147005808131386,0.01892649709593433,0.7593631083516924,0.03424794712597639,0.8112357300220311,0.06068495894251954,0.8672140997396356,0.09943921490086119,0.9192870018025234,0.14209893851391955,0.9577408371720407,0.19176847586621262,0.9867814940917287,0.24614460244342076,1.0,0.3063288604045662,0.987983176447026,0.373923492890046,0.9472261165631884,0.4462247146004407,0.8802323252553574,0.5139194872821952,0.7811936711395955,0.565591828559984,0.6420989385139196,0.6012417384338073,0.49319046665331495,0.6254756659323053,0.35649909873823393,0.6245744041658324,0.23833366713398751,0.5984378129381135,0.14189865812136973,0.551672341277789,0.07039855798117353,0.4873823352693771,0.021530142199078697,0.4094732625675947,0.0,0.32765872221109565,0.011315842179050609,0.24994992990186268,0.045263368716202436,0.17945123172441438,0.10725015021029444,0.11926697376326852,0.18505908271580204,0.0725015021029441,0.27027838974564383,0.038854396154616555,0.35850190266372906,0.016322851992789822,0.4393150410574802,0.0044061686360906405,0.5125175245343478,0.00010014019627476193,0.5646905667935106,0.0,0.6055477668736229,0.0,0.6352894051672339,0.0,0.656318846384939,0.0,0.6681353895453637,0.0,0.6712397356298818,0.0,0.6712397356298818,0.0,0.6712397356298818,0.0
Circle,0.756984240687679,0.026325214899713466,0.756984240687679,0.026325214899713466,0.756984240687679,0.026325214899713466,0.756984240687679,0.026325214899713466,0.756984240687679,0.026325214899713466,0.756984240687679,0.026325214899713466,0.756984240687679,0.026325214899713466,0.756984240687679,0.026325214899713466,0.756984240687679,0.026325214899713466,0.756984240687679,0.026325214899713466,0.756984240687679,0.026325214899713466,0.7602077363896845,0.026325214899713466,0.7716690544412608,0.026325214899713466,0.7960243553008596,0.03062320916905446,0.8271848137535815,0.03760744985673345,0.8672994269340972,0.04906876790830927,0.9034742120343839,0.07234957020057307,0.9369627507163323,0.1054799426934097,0.965616045845272,0.16278653295128928,0.987106017191977,0.2451647564469915,1.0,0.34473495702005696,0.9713467048710602,0.46507879656160456,0.9072349570200574,0.5628581661891114,0.8137535816618916,0.6423710601719198,0.6647564469914039,0.6996776504297991,0.5100286532951287,0.739792263610315,0.3495702005730667,0.762714899713467,0.23352435530085985,0.724570200573066,0.13395415472779365,0.6694126074498569,0.05372492836676218,0.594914040114613,0.01504297994269348,0.504835243553009,0.0,0.4131446991404015,0.017191977077363727,0.32145415472779393,0.0730659025787964,0.23943409742120333,0.14326647564469897,0.16815902578796552,0.22922636103151836,0.11658309455587434,0.31966332378223455,0.07396131805157606,0.40992120343839544,0.03814469914040095,0.49588108882521487,0.015222063037249312,0.5694842406876788,0.004656160458452661,0.6350286532951287,0.0,0.6866045845272206,0.0,0.726898280802292,0.0,0.7598495702005729,0.0007163323782233327,0.7827722063037249,0.006446991404011491,0.7988896848137534,0.008775071633237822,0.8099928366762176,0.008775071633237822,0.8157234957020058,0.008775071633237822,0.8214541547277939,0.008775071633237822,0.8271848137535815,0.008775071633237822
Circle,0.661137938274197,0.020575267688431664,0.661137938274197,0.020575267688431664,0.661137938274197,0.020575267688431664,0.661137938274197,0.01858072643292045,0.661137938274197,0.015431450766323749,0.661137938274197,0.015431450766323749,0.661137938274197,0.015431450766323749,0.661137938274197,0.015431450766323749,0.661137938274197,0.015431450766323749,0.6628175519630485,0.015431450766323749,0.6710056686961998,0.015431450766323749,0.6908461053957591,0.019315557421792987,0.7198194415284487,0.029078311988242823,0.7579256770942684,0.04671425572118404,0.8044299811043463,0.07274826789838336,0.8576527398698301,0.10550073483098887,0.9070963678353982,0.1495905941633425,0.9480369515011549,0.20554272517321026,0.9798446357337814,0.2703128280495486,1.0,0.3411715305479741,0.9959059416334244,0.4189586395129122,0.9550703338232209,0.4930715935334874,0.8837917279025825,0.5536426621876971,0.7836447617048077,0.6005668696199875,0.6592483728742394,0.634264119252572,0.5241444467772415,0.6465462943522992,0.38904052068024375,0.6338442158303592,0.2690531177829102,0.6073903002309469,0.17027083770732737,0.5672895234096161,0.09500314927566665,0.5128070543774933,0.04178039051018267,0.4473021205122823,0.00934285114423675,0.3748687801805587,0.0,0.30359017425992024,0.012282175099726903,0.23535586815032547,0.043145076632374546,0.17079571698509352,0.10046189376443417,0.11757295821960939,0.1712156204073063,0.07778710896493808,0.24721813982783972,0.04786899013226952,0.3250052487927778,0.02582406046609278,0.40237245433550295,0.009867730422003037,0.4719714465672896,0.001679613688851621,0.5318076842326265,0.0,0.5803065294982155,0.0,0.6177829099307159,0.0011547344110854805,0.6461263909300864,0.005248792777661115,0.6625026243963889,0.00934285114423675,0.6757295821960951,0.010287633844215832,0.6859122401847578,0.010287633844215832,0.6930505983623768,0.010287633844215832,0.6971446567289524,0.010287633844215832
Circle,0.6041118087907636,0.01985011140368645,0.6041118087907636,0.01985011140368645,0.6041118087907636,0.01985011140368645,0.6041118087907636,0.01985011140368645,0.6041118087907636,0.01985011140368645,0.6016811829045979,0.01985011140368645,0.5972250354466274,0.01985011140368645,0.5941867530889204,0.01985011140368645,0.5941867530889204,0.01985011140368645,0.5941867530889204,0.019445007089325454,0.5941867530889204,0.014988859631355052,0.5941867530889204,0.014887583552764837,0.5980352440753494,0.014887583552764837,0.6058335021267975,0.014887583552764837,0.6232529876443186,0.017723313753291392,0.6548511241644724,0.026838160826412764,0.7022483289447032,0.04385254202957252,0.762811423941665,0.06876645736277094,0.8296536358112214,0.10320032408345144,0.8952805347376951,0.15312943082843836,0.9442981567753697,0.21551549524002425,0.9763013976098845,0.28640875025319024,1.0,0.3652015393963945,0.9866315576260887,0.45189386266963766,0.9188778610492203,0.5355479035851732,0.8007899534130037,0.6023901154547298,0.6426979947336442,0.6506988049422725,0.46242657484302185,0.6798663155762609,0.2957261494834922,0.6756127202754708,0.16832084261697383,0.6474579704273848,0.07919789345756537,0.5895280534737697,0.014988859631355052,0.5108365404091552,0.0,0.41968806967794214,0.00810208628721895,0.3292485314968606,0.045169131051245724,0.24539193842414414,0.10927688879886568,0.17156167713186152,0.19151306461413775,0.11282155154952417,0.28509216123151687,0.07160218756329763,0.37624063196273033,0.041624468300587386,0.451590034433867,0.019546283167915665,0.5095199513874821,0.0061778407940044616,0.5512456957666598,0.0009114847073122078,0.5842616973870772,0.0,0.6093781648774559,0.0,0.6265950982377962,0.0,0.6359124974680982,0.0,0.6403686449260687,0.0,0.6438120315981365,0.0,0.6438120315981365,0.0,0.6438120315981365,0.0
Circle,0.7264150943396226,0.03773584905660377,0.7493261455525608,0.07412398921832888,0.778975741239892,0.14690026954177882,0.7964959568733155,0.24797843665768188,0.8072776280323448,0.36657681940700815,0.8113207547169812,0.5026954177897573,0.7870619946091646,0.6428571428571426,0.7452830188679245,0.7735849056603774,0.677897574123989,0.8773584905660378,0.5889487870619947,0.9474393530997306,0.4878706199460917,0.9892183288409706,0.38005390835579506,1.0,0.27897574123989205,0.9865229110512128,0.1900269541778978,0.948787061994609,0.11320754716981132,0.8867924528301887,0.060646900269541934,0.7991913746630729,0.02291105121293816,0.7021563342318061,0.0053908355795146716,0.6051212938005394,0.0,0.5134770889487872,0.013477088948787215,0.4339622641509434,0.051212938005390986,0.3584905660377358,0.09433962264150944,0.29245283018867924,0.1495956873315367,0.2493261455525608,0.21428571428571436,0.2088948787061997,0.27897574123989205,0.1765498652291106,0.34366576819407024,0.14959568733153641,0.4083557951482474,0.12129380053908359,0.47304582210242613,0.09703504043126678,0.5377358490566038,0.07547169811320754,0.5916442048517515,0.055256064690026994,0.6455525606469005,0.04447439353099738,0.6994609164420482,0.0336927223719675,0.7533692722371971,0.02291105121293816,0.8072776280323454,0.01212938005390828,0.8530997304582212,0.0013477088948786679,0.8962264150943396,0.0,0.9272237196765498,0.0,0.948787061994609,0.0,0.9663072776280325,0.0,0.9770889487870619,0.0,0.9811320754716981,0.0,0.9811320754716981,0.0,0.9811320754716981,0.0,0.9905660377358491,0.0,0.9905660377358491,0.0,0.9905660377358491,0.0,0.9905660377358491,0.0,0.9905660377358491,0.0,0.9905660377358491,0.0,0.9905660377358491,0.0
Circle,0.33820146043813143,0.00980294088226468,0.33820146043813143,0.005001500450135088,0.33820146043813143,0.00490147044113234,0.33820146043813143,0.00490147044113234,0.3337001100330098,0.00490147044113234,0.3332999899969991,0.00490147044113234,0.3332999899969991,0.00490147044113234,0.3332999899969991,0.00490147044113234,0.33740122036611003,0.0008002400720216335,0.3502050615184556,0.0,0.37241172351705515,0.0,0.40402120636190864,0.0038011403421026025,0.4450335100530159,0.012303691107332189,0.4954486345903773,0.03631089326798036,0.5482644793438031,0.07562268680604176,0.601080324097229,0.13924177253175962,0.6538961688506553,0.22446734020206058,0.6971091327398222,0.331699509852956,0.7293187956386918,0.4593378013404019,0.7461238371511454,0.593778133440032,0.7383214964489345,0.7195158547564272,0.6967090127038112,0.8255476642992896,0.6255876763028907,0.9053716114834448,0.5361608482544765,0.962188656596979,0.43513053916174876,0.9951985595678703,0.33189956987096164,1.0,0.23797139141742518,0.9788936681004299,0.1559467840352105,0.9386816044813444,0.08962688806641989,0.884365309592878,0.042812843853155966,0.8179453836150847,0.012003601080324154,0.7459237771331397,0.0,0.672101630489147,0.0034010203060918904,0.5969790937281185,0.01620486145843747,0.5265579673902172,0.03841152345703729,0.46233870161048307,0.0714214264279283,0.40612183655096545,0.11463439031709498,0.35590677203160964,0.15904771431429435,0.3138941682504751,0.20706211863559068,0.2776833049914974,0.25507652295688676,0.2498749624887468,0.30219065719715926,0.22676803040912272,0.34380314094228254,0.20756226868060434,0.3760128038411521,0.1890567170151046,0.39941982594778436,0.17525257577273182,0.41812543763128934,0.1656496949084725,0.4325297589276783,0.15604681404421317,0.446934080224067,0.14644393317995413,0.461338401520456,0.13684105231569466,0.4756426928078423,0.12723817145143548,0.48524557367210164,0.11763529058717616
Circle,0.3780945236309077,0.026256564141035256,0.37284321080270066,0.026256564141035256,0.37284321080270066,0.026256564141035256,0.37284321080270066,0.026256564141035256,0.37284321080270066,0.026256564141035256,0.37284321080270066,0.026256564141035256,0.37284321080270066,0.026256564141035256,0.37284321080270066,0.026256564141035256,0.37284321080270066,0.026256564141035256,0.37284321080270066,0.024756189047261856,0.37284321080270066,0.021005251312828207,0.37284321080270066,0.021005251312828207,0.376594148537134,0.021005251312828207,0.3915978994748686,0.021005251312828207,0.4201050262565641,0.021005251312828207,0.45761440360090033,0.02850712678169536,0.5101275318829706,0.049512378094523565,0.5693923480870218,0.08627156789197292,0.614403600900225,0.1462865716429106,0.6676669167291821,0.2333083270817702,0.7141785446361589,0.34733683420855177,0.7456864216054013,0.4831207801950487,0.7531882970742686,0.6324081020255062,0.7186796699174794,0.7734433608402099,0.6369092273068269,0.8897224306076519,0.5198799699924981,0.9677419354838709,0.39384846211552915,1.0,0.2723180795198804,0.9804951237809452,0.1627906976744186,0.918979744936234,0.08777194298574677,0.8274568642160545,0.03825956489122306,0.7224306076519131,0.009002250562640701,0.6084021005251317,0.0,0.4973743435858966,0.015003750937734603,0.393098274568642,0.048012003000750016,0.30007501875468895,0.10502625656414102,0.22055513878469615,0.1777944486121526,0.15078769692423125,0.25731432858214554,0.09827456864216058,0.34358589647411797,0.057014253563391015,0.4276069017254314,0.030007501875468908,0.5018754688672163,0.009752438109527478,0.5558889722430606,0.0007501875468867003,0.5933983495873968,0.0,0.6166541635408852,0.0007501875468867003,0.6331582895723933,0.005251312828207052,0.6429107276819205,0.007501875468867152,0.6489122280570141,0.010502625656414103,0.6511627906976744,0.010502625656414103,0.6511627906976744,0.010502625656414103,0.6511627906976744,0.010502625656414103
Circle,0.5990491283676704,0.005546751188589541,0.5990491283676704,0.0,0.5990491283676704,0.0,0.5990491283676704,0.0,0.5990491283676704,0.0,0.5990491283676704,0.0,0.5990491283676704,0.0,0.5990491283676704,0.0,0.5990491283676704,0.0,0.5990491283676704,0.0,0.5990491283676704,0.0,0.5990491283676704,0.0,0.6030110935023772,0.0,0.6188589540412044,0.0,0.6489698890649762,0.011093502377179081,0.6885895404120442,0.03882725832012678,0.7440570522979396,0.08954041204437399,0.8161648177496037,0.16877971473851008,0.8795562599049128,0.2765451664025355,0.9223454833597464,0.4167987321711564,0.9270998415213948,0.5784469096671946,0.8874801901743266,0.7432646592709985,0.8019017432646592,0.8708399366085579,0.689381933438986,0.9532488114104595,0.5578446909667197,1.0,0.4215530903328051,1.0,0.29635499207606986,0.9572107765451664,0.18066561014263097,0.8811410459587958,0.09429477020602219,0.7876386687797148,0.03961965134706828,0.6798732171156898,0.00792393026941372,0.5705229793977815,0.0,0.46354992076069773,0.01584786053882744,0.3684627575277339,0.05546751188589541,0.2852614896988906,0.11410459587955618,0.21394611727416823,0.19413629160063392,0.15530903328050713,0.28288431061806596,0.11172741679873231,0.37004754358161623,0.07686212361331222,0.450079239302694,0.05388272583201273,0.5229793977812992,0.03803486529318544,0.5808240887480187,0.025356576862123684,0.6267828843106181,0.017432646592709964,0.6600633914421553,0.016640253565768624,0.6846275752773376,0.016640253565768624,0.7020602218700475,0.016640253565768624,0.7123613312202853,0.016640253565768624,0.7155309033280507,0.016640253565768624,0.7155309033280507,0.016640253565768624,0.7155309033280507,0.016640253565768624,0.7155309033280507,0.016640253565768624
Circle,0.8041237113402062,0.0,0.8041237113402062,0.0,0.8041237113402062,0.0,0.8041237113402062,0.0,0.8041237113402062,0.0,0.8041237113402062,0.0,0.8041237113402062,0.0,0.8041237113402062,0.0,0.8058068588260046,0.0,0.8111718914369873,0.0,0.8186408584052179,0.00420786871449603,0.8316852514201559,0.017252261729434074,0.8477803492531033,0.03839680201977704,0.8720807910793181,0.07342730906795708,0.9072164948453608,0.12812960235640664,0.9447717231222388,0.20513359983168533,0.9755943614559223,0.3010730065221966,0.9952661476961918,0.4137386913528301,1.0,0.5393435724805385,0.9840100988849149,0.672101830422891,0.9415106248685042,0.7809804334104776,0.7606774668630338,0.8564064801178205,0.5745844729644429,0.9076372817168107,0.41152956027771953,0.9172101830422892,0.2758257942352196,0.8872291184515042,0.16863033873343128,0.8335787923416786,0.0950978329476121,0.7578371554807489,0.04786450662739318,0.671470650115716,0.013254786450662656,0.5802650957290129,0.0,0.48905954134230994,0.0034714916894593786,0.40016831474857967,0.02366926151904079,0.3210603829160528,0.060593309488743946,0.24752787713023353,0.11066694719124767,0.1813591415947823,0.16831474857984471,0.12634125815274547,0.23490427098674513,0.08247422680412371,0.30706921944035337,0.04975804754891644,0.37954975804754937,0.025562802440563755,0.4464548706080372,0.009783294761203423,0.5138859667578369,0.002103934357248015,0.5771091941931412,0.0,0.6361245529139492,0.0,0.6840942562592045,0.0036818851251841363,0.727014517147065,0.005154639175257732,0.7699347780349255,0.005154639175257732,0.8085419734904272,0.005154639175257732,0.8415737428992215,0.005154639175257732,0.8642962339575003,0.00988849147906595,0.8857563644014309,0.010309278350515464,0.9020618556701031,0.015463917525773196
Circle,0.7934985345057286,0.17625899280575538,0.7934985345057286,0.17625899280575538,0.7892352784439113,0.1719957367439382,0.7805755395683451,0.16973088196109778,0.7804423128164134,0.16973088196109778,0.7804423128164134,0.16973088196109778,0.7804423128164134,0.16973088196109778,0.7804423128164134,0.16973088196109778,0.7764455102584599,0.16973088196109778,0.7677857713828934,0.16973088196109778,0.7673860911270982,0.16799893418598455,0.7712496669331199,0.16320277111644016,0.7739142019717558,0.16320277111644016,0.7739142019717558,0.16320277111644016,0.7739142019717558,0.16320277111644016,0.7739142019717558,0.16320277111644016,0.781907807087663,0.16320277111644016,0.7941646682653878,0.16320277111644016,0.81148414601652,0.17466027178257393,0.8379962696509456,0.21169730881961088,0.8691713296029839,0.282707167599254,0.8895550226485474,0.3916866506794562,0.8788968824940049,0.5307753796962424,0.8256061817212896,0.6866506794564345,0.7399413802291501,0.8316013855582198,0.6187050359712233,0.9355182520650145,0.4682920330402348,0.9920063948840927,0.3177458033573142,1.0,0.18824940047961652,0.9586997069011459,0.09352517985611498,0.8802291500133228,0.031175059952038328,0.7797761790567546,0.002797761790567652,0.6750599520383692,0.0,0.5624833466560087,0.028910205169197706,0.4549693578470561,0.08792965627497969,0.3510524913402614,0.17146282973621063,0.2499333866240344,0.2716493471889153,0.15960564881428196,0.36957100985877944,0.08819610977884394,0.4821476152411406,0.041566746602717836,0.5899280575539566,0.011723954169997452,0.6865174527045027,0.0,0.768052224886757,0.005062616573407902,0.8326671995736739,0.022382094324540285,0.8859579003463891,0.039701572075672854,0.9181987743138819,0.054622968292033044,0.9396482813748998,0.06328270716759933,0.9569677591260323,0.07194244604316544,0.9720223820943239,0.08060218491873171,0.9806821209698903,0.08486544098054889,0.9893418598454568,0.09139355182520649
Circle,0.8613541042540445,0.0469742360695027,0.8595566207309772,0.0469742360695027,0.8554823247453567,0.0469742360695027,0.8554823247453567,0.0469742360695027,0.8554823247453567,0.0469742360695027,0.8554823247453567,0.0469742360695027,0.8554823247453567,0.0469742360695027,0.8554823247453567,0.0469742360695027,0.8554823247453567,0.0469742360695027,0.8554823247453567,0.0469742360695027,0.8554823247453567,0.0469742360695027,0.8554823247453567,0.0469742360695027,0.8554823247453567,0.0469742360695027,0.8554823247453567,0.0469742360695027,0.8554823247453567,0.0469742360695027,0.8554823247453567,0.0469742360695027,0.8554823247453567,0.0469742360695027,0.862552426602756,0.0469742360695027,0.8732174955062914,0.0499700419412822,0.8933493109646496,0.062432594367884786,0.9229478729778312,0.09970041941282191,0.9536249251048531,0.17112043139604535,0.9799880167765127,0.27609346914319916,0.9968843618933494,0.4097064110245653,1.0,0.5574595566207308,0.9539844218094672,0.7070101857399642,0.8701018573996406,0.8245656081485915,0.613421210305573,0.8901138406231276,0.39580587177950916,0.9126423007789097,0.22468544038346314,0.8792091072498499,0.11072498502097117,0.8021569802276818,0.04266027561414052,0.6967046135410431,0.007669263031755468,0.5816656680647097,0.0,0.46722588376273244,0.030197723187537592,0.3622528460155783,0.08460155781905312,0.2667465548232479,0.16428999400838795,0.1809466746554826,0.2697423606950267,0.11575793888556027,0.36944278010784914,0.06578789694427807,0.4746554823247449,0.030796884361893526,0.5747153984421804,0.008867585380467332,0.6679448771719589,0.0,0.7523067705212702,0.0,0.8210904733373277,0.007789095266626621,0.8720191731575792,0.023127621330137724,0.9089275014979029,0.03846614739364883,0.9327741162372678,0.047453565008987314,0.9458358298382268,0.05512282804074295,0.9535050928699819,0.058717795086878376,0.9553025763930498,0.058717795086878376
Circle,0.9569377990430622,0.1722488038277512,0.9569377990430622,0.1722488038277512,0.9569377990430622,0.1722488038277512,0.9569377990430622,0.1722488038277512,0.9569377990430622,0.1722488038277512,0.9569377990430622,0.1722488038277512,0.9569377990430622,0.1722488038277512,0.9569377990430622,0.1722488038277512,0.9569377990430622,0.1722488038277512,0.9569377990430622,0.1722488038277512,0.9589883800410117,0.1742993848257007,0.9671907040328092,0.18250170881749828,0.978127136021873,0.20027341079972646,0.9890635680109368,0.23444976076555024,0.9952153110047847,0.291866028708134,1.0,0.3759398496240601,0.9958988380041011,0.4771018455228981,0.9692412850307587,0.5885167464114832,0.9118250170881754,0.6978810663021188,0.8236500341763504,0.7846889952153108,0.6390977443609027,0.8407382091592616,0.44976076555023925,0.8660287081339713,0.29938482570061536,0.8516746411483254,0.1763499658236502,0.806561859193438,0.0902255639097746,0.7327409432672591,0.03280929596719086,0.6425153793574848,0.004101161995898993,0.546138072453862,0.0,0.44771018455229017,0.014354066985645933,0.3492822966507177,0.04442925495557044,0.2679425837320577,0.09637730690362253,0.19412166780587825,0.16267942583732004,0.1305536568694466,0.24196855775803136,0.07587149692412866,0.3239917976760085,0.03691045796308958,0.40601503759398483,0.012303485987696572,0.49282296650717705,0.0,0.5796308954203689,0.0006835269993164535,0.6575529733424471,0.008885850991114032,0.7211209842788788,0.029391660970608184,0.7758031442241967,0.05946684894053309,0.8181818181818179,0.09227614490772368,0.8564593301435407,0.12508544087491455,0.8851674641148325,0.15311004784688995,0.9063568010936432,0.16951469583048526,0.9213943950786055,0.18318523581681473,0.9323308270676693,0.18660287081339713,0.9405331510594668,0.18660287081339713,0.946001367053999,0.18660287081339713,0.9514695830485306,0.18660287081339713,0.9569377990430622,0.18660287081339713
Circle,0.9758454106280193,0.18288474810213942,0.9758454106280193,0.18663117420881395,0.9785073449669722,0.1983634033323475,0.983831213644878,0.2180814354727398,0.9908311150547174,0.24627822143350095,0.9945775411613922,0.287488908606921,0.998323967268067,0.34131913635019223,1.0,0.4057971014492755,0.9960563935719213,0.4789510006901311,0.9810706891452232,0.5576259489302967,0.9514936409346347,0.6290052252785171,0.8164251207729468,0.6848072562358278,0.6476387656511879,0.7275953859804791,0.5042886719905355,0.7585526964408951,0.3844030365769495,0.7660455486542441,0.28285517105392877,0.7521443359952676,0.19727891156462604,0.7255249926057379,0.1276742581090408,0.6882579118603965,0.07522429261559715,0.6395543724736273,0.03697131026323556,0.5837523415163167,0.011830819284235489,0.5275559499161986,0.0,0.46997929606625266,0.0005915409642116372,0.4100364783594597,0.008084393177560689,0.35009366065266706,0.02149265503302776,0.2960662525879918,0.042097998619737786,0.24548950014788531,0.06990042393769105,0.1983634033323475,0.10361825889776179,0.15715271615892745,0.1476880607315392,0.11939268461007582,0.1973775017253277,0.08666075125702462,0.25239081139702285,0.05925268658187911,0.3123336291038153,0.03716849058463972,0.37227644681060823,0.022182786157941475,0.43221926451740117,0.010056196391600165,0.4903874593315587,0.0023661638568470977,0.5458937198067633,0.0,0.5983436853002069,0.0037464261066745257,0.6407374544020505,0.01419698314108245,0.6796805678793257,0.029971408853396345,0.7159617470176477,0.05106970324361621,0.7495809918170168,0.07739327615104011,0.7795524006704132,0.10736468500443645,0.8095238095238094,0.13733609385783294,0.8394952183772062,0.1673075027112294,0.8700581681948141,0.1966873706004141,0.903776003154885,0.22291235334713608,0.9309868875086263,0.24588386079069308,0.9550428867199057,0.26402445035985406,0.9753524598245096,0.2779256630188307,0.9903381642512077,0.2891649413388544
Circle,0.883586406362979,0.4627621113521332,0.878524945770065,0.4627621113521332,0.878524945770065,0.4627621113521332,0.878524945770065,0.4627621113521332,0.878524945770065,0.4627621113521332,0.8743931412044208,0.4627621113521332,0.8734634851771511,0.4627621113521332,0.8734634851771511,0.46203904555314534,0.8734634851771511,0.45615122404710273,0.8734634851771511,0.45263919016630527,0.8734634851771511,0.45263919016630527,0.8774919946286542,0.45263919016630527,0.878524945770065,0.45263919016630527,0.8791447164549115,0.4589401921289124,0.8850325379609542,0.4736080983369488,0.8886478669558929,0.5017043693833284,0.8886478669558929,0.546327858692284,0.8768722239438073,0.6110938952587543,0.8354508831732259,0.6817477533312676,0.7589092035946701,0.7503357091209586,0.6593327135626486,0.7947526082016321,0.5372378886478671,0.8235719450469994,0.40770581551492613,0.8292531763247601,0.2896395000516476,0.8080776779258343,0.18706745170953448,0.7646937299865719,0.1101125916744138,0.7003408738766659,0.05495300072306568,0.6213201115587236,0.01787005474641046,0.533002788968082,0.0,0.4417932031814898,0.005268050821196111,0.34758805908480567,0.030678648899906968,0.25792790001032945,0.061357297799813935,0.175601694039872,0.11662018386530314,0.10722032847846305,0.1853114347691353,0.05422993492407828,0.26464208242950077,0.018593120545398436,0.3506869125090386,0.0,0.43456254519161236,0.005991116620183942,0.5167854560479286,0.034190682780704466,0.5933271356264846,0.0833591571118685,0.668009503150501,0.1478153083359159,0.7413490341906829,0.22972833384980906,0.8178907137692387,0.3250697242020453,0.8900939985538681,0.42516268980477195,0.939882243569879,0.5250490651792168,0.972420204524326,0.6105774196880489,0.988327652102056,0.6777192438797647,0.9975209172606135,0.7288503253796096,1.0,0.7632475983885962,1.0,0.7842165065592399,1.0,0.7968185104844542
Circle,0.4910951117847669,0.10212201591511935,0.4910951117847669,0.09596438044713901,0.4910951117847669,0.08980674497915879,0.4910951117847669,0.08819628647214854,0.4864532019704433,0.08819628647214854,0.4864532019704433,0.08819628647214854,0.4864532019704433,0.08819628647214854,0.4864532019704433,0.08819628647214854,0.4864532019704433,0.08819628647214854,0.4864532019704433,0.08819628647214854,0.4864532019704433,0.08819628647214854,0.4892004547176959,0.08819628647214854,0.4910951117847669,0.08819628647214854,0.49801061007957553,0.08819628647214854,0.5076733611216371,0.08819628647214854,0.522167487684729,0.09236453201970447,0.5540924592648729,0.10524820007578622,0.5997536945812808,0.13139446760136408,0.6530882910193255,0.1764873057976506,0.7140962485790071,0.23976885183781732,0.7732095490716182,0.32720727548313755,0.816691928760894,0.4336870026525197,0.8464380447139066,0.555513452065176,0.8530693444486547,0.6786661614247819,0.8213338385752176,0.7940507768093974,0.7535998484274344,0.8910572186434255,0.6544145509662753,0.9558544903372487,0.539787798408488,0.9975369458128076,0.4128457749147407,1.0,0.28969306555513435,0.9666540356195528,0.17392951875710524,0.9063092080333461,0.08677529367184544,0.8218075028419854,0.03552482000757873,0.717032967032967,0.006820765441455128,0.6000378931413419,0.0,0.4881583933308072,0.0182834406972336,0.38129973474801093,0.059586964759378455,0.28628268283440705,0.11926866237211044,0.19969685486926889,0.1888973095869648,0.13148920045471774,0.26619931792345547,0.07948086396362271,0.3561007957559682,0.04064039408866994,0.44486547934823784,0.017809776430466124,0.5215990905646074,0.005968169761273238,0.5852595680181886,0.0,0.6266578249336867,0.0,0.6571618037135277,0.0,0.6769609700644182,0.0,0.6892762410003787,0.0,0.6984653277756723,0.003126184160666934,0.6999810534293291,0.009283819628647215
Circle,0.744183673469388,0.07,0.744183673469388,0.07,0.744183673469388,0.07,0.7423469387755105,0.07,0.7367346938775512,0.07,0.7311224489795919,0.06693877551020413,0.7255102040816328,0.065,0.724183673469388,0.065,0.7192857142857144,0.065,0.7191836734693879,0.065,0.7191836734693879,0.065,0.7209183673469388,0.065,0.7265306122448982,0.065,0.7321428571428572,0.06795918367346936,0.7448979591836737,0.07714285714285715,0.7701020408163265,0.09673469387755099,0.8029591836734695,0.12877551020408162,0.8424489795918367,0.1798979591836735,0.8853061224489795,0.25030612244897954,0.9157142857142856,0.33938775510204056,0.9314285714285717,0.4448979591836732,0.9284693877551023,0.5628571428571426,0.8929591836734698,0.6897959183673467,0.8261224489795922,0.814795918367347,0.725,0.905408163265306,0.601836734693878,0.967142857142857,0.4671428571428575,1.0,0.3339795918367349,0.9908163265306124,0.21346938775510238,0.9485714285714286,0.12336734693877588,0.884183673469388,0.06387755102040842,0.8044897959183674,0.021326530612245164,0.7123469387755105,0.005000000000000285,0.6169387755102044,0.0,0.5267346938775512,0.024897959183673494,0.4385714285714286,0.06704081632653072,0.36142857142857154,0.12163265306122469,0.2905102040816327,0.18602040816326537,0.22846938775510212,0.2598979591836732,0.17561224489795946,0.33459183673469367,0.13285714285714306,0.40755102040816327,0.09806122448979608,0.4753061224489795,0.07459183673469397,0.5356122448979593,0.052857142857142915,0.5861224489795919,0.036020408163265356,0.6327551020408165,0.021122448979591864,0.6694897959183674,0.012448979591836747,0.6968367346938777,0.00683673469387756,0.7155102040816328,0.0012244897959183731,0.7323469387755103,0.0,0.744183673469388,0.0
Circle,0.8304093567251462,0.029239766081871343,0.8304093567251462,0.029239766081871343,0.8304093567251462,0.029239766081871343,0.8304093567251462,0.029239766081871343,0.8362573099415205,0.029239766081871343,0.8362573099415205,0.029239766081871343,0.8362573099415205,0.029239766081871343,0.8362573099415205,0.029239766081871343,0.8362573099415205,0.029239766081871343,0.8362573099415205,0.029239766081871343,0.8421052631578947,0.029239766081871343,0.8421052631578947,0.029239766081871343,0.8538011695906432,0.029239766081871343,0.8596491228070176,0.04093567251461988,0.8771929824561403,0.06432748538011696,0.9064327485380117,0.09941520467836257,0.9298245614035088,0.15204678362573099,0.9590643274853801,0.2222222222222222,0.9766081871345029,0.3157894736842105,0.9883040935672515,0.42105263157894735,1.0,0.5380116959064327,0.9824561403508771,0.6549707602339181,0.935672514619883,0.7660818713450293,0.8654970760233918,0.8596491228070176,0.7719298245614035,0.9239766081871345,0.6491228070175439,0.9707602339181286,0.52046783625731,0.9883040935672515,0.391812865497076,0.9766081871345029,0.27485380116959063,0.9415204678362573,0.18128654970760233,0.8888888888888888,0.10526315789473684,0.8245614035087719,0.05263157894736842,0.7426900584795322,0.017543859649122806,0.6491228070175439,0.0,0.5614035087719298,0.0,0.47368421052631576,0.029239766081871343,0.391812865497076,0.07602339181286549,0.3157894736842105,0.13450292397660818,0.24561403508771928,0.2046783625730994,0.1871345029239766,0.28654970760233917,0.13450292397660818,0.38011695906432746,0.09941520467836257,0.4678362573099415,0.07017543859649122,0.5555555555555556,0.04678362573099415,0.6374269005847953,0.029239766081871343,0.7017543859649122,0.017543859649122806,0.7485380116959064,0.011695906432748537,0.783625730994152,0.005847953216374269,0.8128654970760234,0.0,0.8304093567251462,0.0,0.8421052631578947,0.0
Circle,0.693877551020408,0.07731958762886598,0.6883021249737008,0.07731958762886598,0.6827266989269936,0.07731958762886598,0.677151272880286,0.07731958762886598,0.6749421418051758,0.07731958762886598,0.6784136334946348,0.07731958762886598,0.6784136334946348,0.07731958762886598,0.6784136334946348,0.07731958762886598,0.6817799284662318,0.07731958762886598,0.6873553545129388,0.07731958762886598,0.6929307805596466,0.07731958762886598,0.6985062066063539,0.07731958762886598,0.7040816326530611,0.07731958762886598,0.7096570586997684,0.08310540711129813,0.7152324847464759,0.09499263622974971,0.7231222385861558,0.11403324216284459,0.74300441826215,0.14664422470018942,0.7728802861350726,0.19724384599200503,0.8039133179044814,0.26583210603829166,0.8289501367557328,0.35524931622133415,0.8479907426888281,0.46212918156953514,0.8426257100778456,0.5810014727540502,0.8053860719545547,0.7077635177782459,0.7381653692404795,0.826951399116348,0.6409636019356192,0.9143698716600044,0.519145802650957,0.9703345255628024,0.3971176099305701,1.0,0.2831895644855875,0.9936881969282558,0.18725015779507642,0.9528718703976434,0.10929938985903616,0.8858615611192929,0.05165158847043941,0.8031769408794442,0.015253524090048438,0.713970124132127,0.0,0.6247633073848093,0.012308015989901246,0.5355564906374917,0.04260467073427307,0.4463496738901745,0.084893751314959,0.36597938144329867,0.13917525773195877,0.29276246581106663,0.21070902587839244,0.225752156532716,0.2842415316642125,0.17104986324426658,0.36692615190406036,0.12739322533136963,0.44224700189354116,0.09110035766884067,0.5055754260467078,0.06501157163896473,0.5591205554386703,0.044918998527245915,0.601409636019356,0.03082263833368394,0.6318114874815904,0.019671786240269225,0.6527456343362086,0.01199242583631389,0.6694719124763309,0.00641699978960657,0.6818851251840939,0.0008415737428991767,0.6883021249737008,0.0,0.693877551020408,0.0
Circle,0.6728971962616822,0.004672897196261682,0.6713713522792295,0.0,0.6651726111005148,0.0,0.6589738699218005,0.0,0.6588785046728972,0.0,0.6588785046728972,0.0,0.6588785046728972,0.0,0.6588785046728972,0.0,0.6588785046728972,0.0,0.6588785046728972,0.0,0.6588785046728972,0.0,0.6616440968910928,0.0,0.6678428380698072,0.0,0.6821476254053024,0.006961663169940884,0.7069425901201601,0.02736982643524695,0.740129696738508,0.06675567423230964,0.7783711615487315,0.12941064276177752,0.819187488079344,0.2089452603471294,0.8481785237459469,0.3080297539576578,0.8644859813084113,0.42656875834445923,0.8570474918939539,0.559221819568949,0.822429906542056,0.6955941255006671,0.7662597749380126,0.8230020980354757,0.690921228304406,0.9164600419607094,0.5884989509822623,0.9752050352851419,0.4699599465954608,1.0,0.3466526797634945,0.9908449361052832,0.23507533854663382,0.9546061415220294,0.13618157543391227,0.888518024032043,0.06437154300972722,0.8035475872592028,0.016021361815754417,0.7031279801640286,0.0,0.5930764829296205,0.00839214190349032,0.4876978828914745,0.040434865534998886,0.3895670417699794,0.08840358573335885,0.3026893000190732,0.1502002670226968,0.23030707610146886,0.22811367537669267,0.16917795155445361,0.31880602708373046,0.12387945832538635,0.4117871447644477,0.09050162120923136,0.5047682624451647,0.06913980545489232,0.5968910928857522,0.050829677665458706,0.6676521075720007,0.04024413503719246,0.719626168224299,0.034045393858478,0.7579629982834253,0.03271028037383177,0.785523555216479,0.03271028037383177,0.80087736028991,0.03271028037383177,0.8085065802021743,0.03280564562273505,0.8147053213808885,0.03900438680144958,0.8177570093457944,0.04205607476635514,0.8177570093457944,0.04672897196261682
Circle,0.8828923790450092,0.1032992516074629,0.8828923790450092,0.1032992516074629,0.8828923790450092,0.1032992516074629,0.8828923790450092,0.1032992516074629,0.8828923790450092,0.1032992516074629,0.8828923790450092,0.1032992516074629,0.8847897122377995,0.1032992516074629,0.8880573416253823,0.10551280699905138,0.8880573416253823,0.11099399177822289,0.8880573416253823,0.11932117634657961,0.8912195636133656,0.12712132391693903,0.8967007483925377,0.13260250869611045,0.9021819331717091,0.13808369347528196,0.9117740065352589,0.14767576683883218,0.9183092653104251,0.16306524718035212,0.9332771160535468,0.18899546748181734,0.9547802255718354,0.23158005691999592,0.9764941498893223,0.29756508906925294,0.9924106672288394,0.3808369347528198,1.0,0.47570359439232685,0.9843997048592812,0.5810055865921793,0.9441340782122902,0.689153578581217,0.8748814166754508,0.789712237799094,0.7808580162327393,0.8723516390850643,0.669442394856119,0.93085274586276,0.5461157373247605,0.9637398545377889,0.42004848740381584,0.9648993359333832,0.2973542742700535,0.94044481922631,0.19152524507220406,0.8964899335933385,0.11289132497101288,0.8351428270264574,0.058922736376093146,0.7650469062928219,0.023505850110677427,0.6845156529988408,0.0005270369979971398,0.6072520290924425,0.0,0.5305154421840415,0.017708443132707714,0.45420048487403814,0.052809107199325446,0.3836829345420048,0.10424791820385804,0.31896279118794135,0.16728154316433033,0.2600400548118478,0.24190998208074235,0.2069147254137239,0.3261304943607044,0.1615895435859597,0.41382945082744843,0.1255402129229471,0.5015284072941925,0.09265310424791809,0.5862759565721516,0.06271740276167373,0.6684937282597245,0.038579108253399295,0.7399599451881526,0.020238220723094717,0.7979340149678511,0.007694740170759929,0.848529566775588,0.0009486665963949984,0.8842626752398023,0.0,0.9123010435332566,0.0,0.9293770422683674,0.0
Circle,0.9550606961974435,0.08119623763968165,0.9498351957552855,0.08119623763968165,0.9446096953131281,0.08119623763968165,0.9432430259667175,0.08119623763968165,0.9432430259667175,0.07999035292226063,0.9432430259667175,0.07725701422943966,0.9432430259667175,0.07725701422943966,0.9432430259667175,0.07725701422943966,0.9432430259667175,0.07725701422943966,0.9432430259667175,0.07725701422943966,0.9432430259667175,0.07725701422943966,0.9432430259667175,0.07725701422943966,0.9432430259667175,0.07725701422943966,0.9442077337406546,0.07822172200337649,0.949433234182812,0.0834472224455342,0.9546587346249699,0.0922099847254602,0.9607685505265696,0.11407669426802788,0.9733901439022432,0.1519414743950478,0.9890666452287159,0.2093415869442881,1.0,0.28788487820564357,0.997909799823137,0.38089878607605115,0.956748934801833,0.4801832944770478,0.8782860358549727,0.5733579869764448,0.7709622960045022,0.6489267626014951,0.6474797009405902,0.7017445132245357,0.5181284669185627,0.7324543773615241,0.39464587185465094,0.7371171316022187,0.2808907468446018,0.7222445534206929,0.18691213120025751,0.6822091808023154,0.11560414824342805,0.6281051531473589,0.05707854329126158,0.5643540477530349,0.019052978535252174,0.49151861082080545,0.0,0.41313610418843977,0.0008843154594421,0.3347535975560739,0.02033925556716763,0.26111423747889706,0.06198247447543993,0.19487097033523618,0.12316102580593292,0.1351394806656484,0.2045180480746039,0.08256290698609227,0.3017927486132324,0.04397459602861968,0.406302757456387,0.018409840019294223,0.5066323659458156,0.002170592491357836,0.6028619663960122,0.0,0.6888817429053778,0.008039231449473393,0.7600289412332181,0.022590240373020293,0.8183937615563949,0.03826674169949344,0.859956588150173,0.0539432430259667,0.8884958597958034,0.07355896776268184,0.9132566926601817,0.08923546908915504,0.9315057480504862,0.10491197041562819,0.9432430259667175,0.12058847174210145
Circle,0.9122355311765364,0.0822791895219971,0.905742751595209,0.0822791895219971,0.8992499720138809,0.0822791895219971,0.895779693272137,0.0822791895219971,0.895779693272137,0.0822791895219971,0.895779693272137,0.0822791895219971,0.895779693272137,0.0822791895219971,0.895779693272137,0.0822791895219971,0.895779693272137,0.0822791895219971,0.895779693272137,0.0822791895219971,0.895779693272137,0.0822791895219971,0.895779693272137,0.0822791895219971,0.895779693272137,0.0822791895219971,0.8979066383073997,0.0844061345572596,0.910668308518975,0.09716780476883463,0.9301466472629573,0.12078808910780252,0.9496249860069408,0.15705809918280533,0.9745886040523902,0.2165006156946155,0.9923877756632715,0.29945147206985356,1.0,0.4022165006156945,0.9852233292287021,0.5199820888839135,0.9404455390126495,0.6480465689018249,0.8592857942460541,0.7484607634613232,0.7492443747901043,0.8149557819321616,0.6061793350498154,0.849210791447442,0.44385984551662355,0.8459644016567783,0.29206313668420464,0.8094705026306951,0.16500615694615461,0.7482368745102431,0.08239113399753752,0.6637187954774435,0.02932945259151449,0.5728198813388562,0.001567222657561805,0.4819209672002689,0.0,0.39102205306168153,0.025747229374230452,0.30493675137131987,0.0763461323183702,0.2266875629687674,0.14530392925109148,0.15795365498712635,0.23206089779469377,0.10186947274152013,0.3263181461994854,0.05664390462330675,0.4280756744654648,0.02641889622747125,0.5319601477667074,0.005821112728086949,0.6212918392477328,0.0,0.6992051942236648,0.0019030560841822807,0.7683868801074669,0.014216948393596818,0.8189857830516064,0.033695287137579744,0.8644352401209003,0.05317362588156282,0.8975708048807787,0.07220418672338516,0.9220866450240683,0.0837344677040188,0.9415649837680512,0.09022724728534647,0.9575730437702896,0.09672002686667412,0.9660808239113402,0.10321280644800179,0.9670883241912012,0.10970558602932946
Circle,0.850823782234957,0.11846346704871062,0.8457199140401147,0.11989613180515767,0.8420487106017192,0.13153653295128945,0.8420487106017192,0.1468481375358167,0.8391833810888253,0.16502507163323787,0.8340795128939826,0.18902220630372488,0.8289756446991403,0.21883954154727797,0.8238717765042981,0.2601181948424069,0.8187679083094553,0.30739613180515757,0.8116045845272205,0.3604942693409742,0.7958452722063037,0.4166368194842408,0.7649534383954155,0.4727793696275072,0.7166010028653296,0.5289219197707736,0.6546382521489971,0.5746776504297996,0.5794233524355301,0.6130014326647566,0.4906876790830943,0.6396848137535819,0.4015042979942694,0.652041547277937,0.3147385386819485,0.6503402578796563,0.23621060171919742,0.6411174785100289,0.16977077363896856,0.6207915472779371,0.11318051575931204,0.5941081661891118,0.07611031518624634,0.5616045845272207,0.045487106017191865,0.5232808022922637,0.021489971346704728,0.4791368194842408,0.005103868194842245,0.4251432664756449,0.0,0.37338825214899724,0.006178366762177494,0.31724570200573077,0.019967765042979646,0.2628939828080229,0.04539756446991395,0.21185530085959897,0.08246776504297966,0.16404011461318066,0.13117836676217753,0.12204512893982804,0.1874104584527219,0.08613896848137537,0.25573065902578773,0.055515759312320896,0.33398997134670455,0.028295128939828135,0.41565186246418295,0.01029727793696278,0.49731375358166185,0.001253581661891082,0.5789756446991403,0.0,0.6467585959885387,0.009312320916905448,0.7080050143266473,0.025519340974211973,0.7676396848137536,0.04754656160458457,0.8214541547277934,0.07539398280802301,0.8694484240687677,0.1029727793696275,0.9116224928366763,0.12849212034383953,0.9433202005730658,0.14944484240687675,0.962929799426934,0.1639505730659026,0.9767191977077362,0.1726361031518625,0.9846883954154728,0.17550143266475648,0.9897922636103155,0.17550143266475648,0.9948961318051578,0.17917263610315182,1.0,0.1842765042979943
Circle,0.7673267326732673,0.1782178217821782,0.7623762376237624,0.1782178217821782,0.7623762376237624,0.1782178217821782,0.7590422307536878,0.1782178217821782,0.7574257425742574,0.1782178217821782,0.7568195595069712,0.1782178217821782,0.7524752475247525,0.1782178217821782,0.7496463932107498,0.1782178217821782,0.7475247524752475,0.1782178217821782,0.7475247524752475,0.1782178217821782,0.7475247524752475,0.17700545564760556,0.7475247524752475,0.17094362497474233,0.7475247524752475,0.1648817943018791,0.7566174984845422,0.16336633663366337,0.7743988684582742,0.1647807637906649,0.7925843604768642,0.18054152354010916,0.8078399676702365,0.21357850070721357,0.8199636290159626,0.26409375631440685,0.8318852293392605,0.3398666397251971,0.8287532834916146,0.4381693271367953,0.7875328349161446,0.54122044857547,0.724893917963225,0.6371994342291373,0.6335623358254193,0.7095372802586383,0.5192968276419474,0.7573247120630431,0.40220246514447333,0.7860173772479289,0.28702768236007276,0.7860173772479289,0.18619923216811465,0.7614669630228328,0.10092948070317248,0.7095372802586383,0.04455445544554455,0.64002828854314,0.009698929076581174,0.5561729642351992,0.0,0.4652455041422507,0.01424530208122867,0.36956961002222655,0.05273792685390971,0.27934936350777917,0.11335623358254177,0.19650434431198227,0.18923014750454611,0.12396443726005263,0.2765205091937767,0.06577086280056559,0.37815720347544973,0.02808648211759946,0.48120832491412413,0.006870074762578285,0.5816326530612245,0.0,0.6711456859971711,0.003738128914932304,0.7560113154172563,0.009799959587795537,0.8269347342897555,0.02283289553445142,0.8854314002828856,0.04101838755304098,0.9302889472620732,0.05920387957163068,0.9623156193170336,0.07738937159022023,0.9812083249141238,0.08961406344716107,0.9917154980804203,0.09567589412002415,0.9977773287532837,0.1017377247928874,1.0,0.10779955546575062,1.0,0.11386138613861387
Circle,0.816109246614975,0.090730239555607,0.8104386066427496,0.08471241754426564,0.8104386066427496,0.0786945955329246,0.8104386066427496,0.07267677352158307,0.8090498784862865,0.06804767966670525,0.8030320564749447,0.06804767966670525,0.7990973266982987,0.06804767966670525,0.7990973266982987,0.06804767966670525,0.7990973266982987,0.06804767966670525,0.7990973266982987,0.06804767966670525,0.7990973266982987,0.06804767966670525,0.7990973266982987,0.06804767966670525,0.8032635111676888,0.06804767966670525,0.8092813331790304,0.06804767966670525,0.8152991551903715,0.06804767966670525,0.8369401689619257,0.07325541025344301,0.8610114570072909,0.09038305751649107,0.8971183890753387,0.12730008100914253,0.9380858696910078,0.19523203332947586,0.9672491609767385,0.2831848165721561,0.9900474482120122,0.39532461520657375,1.0,0.5233190602939478,0.9781275315357016,0.6537437796551329,0.9221154958916788,0.7708598541835441,0.8332368938780232,0.8598541835435712,0.7188982756625388,0.9200324036569842,0.5824557342900122,0.9480384214789956,0.4343247309339193,0.945260965166069,0.30008100914246016,0.9170234926513137,0.18689966439069527,0.8633260039347299,0.10230297419280172,0.7889133202175673,0.04443930100682781,0.7055896308297649,0.006596458743200487,0.6159009373915055,0.0,0.5198472399027889,0.024071288045365128,0.4244879064923039,0.05219303321374815,0.3402383983335259,0.10866797824325901,0.25830343710218706,0.17787293137368348,0.18759402846892712,0.25795625506307146,0.12510126142807523,0.34220576322184926,0.0775373220692049,0.42136326814026154,0.04397639162134012,0.4993634995949546,0.01967364888323115,0.5771322763569032,0.0048605485476218265,0.6421710450179379,0.0,0.6984145353547045,0.0,0.7440111098252519,0.0,0.7815067700497628,0.0,0.8126374262238167,0.0,0.8320796204143037,0.0,0.8501330864483276,0.0
Circle,0.7798459563543004,0.035515618314077846,0.7798459563543004,0.035515618314077846,0.7796320068463843,0.035515618314077846,0.7746041934103551,0.035515618314077846,0.7746041934103551,0.035515618314077846,0.7746041934103551,0.035515618314077846,0.7746041934103551,0.035515618314077846,0.7746041934103551,0.035515618314077846,0.7746041934103551,0.035515618314077846,0.7746041934103551,0.035515618314077846,0.7746041934103551,0.035515618314077846,0.775780915703894,0.035515618314077846,0.7836970474967908,0.035515618314077846,0.7997432605905008,0.03690629011553269,0.8202824133504494,0.045250320924261865,0.8539794608472399,0.06611039794608474,0.8931322207958924,0.1033376123234917,0.9341035515618314,0.16056910569105676,0.9676936243046643,0.24507916131792912,0.9903722721437739,0.35483525887890466,1.0,0.4821352160890029,0.9842747111681643,0.6068677792041082,0.8668164313222079,0.7050706033376126,0.6573598630723148,0.7754599914420195,0.46972614462986695,0.8137569533590073,0.30658964484381657,0.8110825845100557,0.1790757381258024,0.775780915703894,0.08943089430894331,0.7132006846384252,0.029525032092426327,0.6353230637569531,0.0,0.548887462558836,0.003209242618741843,0.4579589216944801,0.025887890457851722,0.37034659820282395,0.06632434745400097,0.28818998716302957,0.11446298673513071,0.21148908857509602,0.17715019255455708,0.14024390243902438,0.25042789901583223,0.08194266153187847,0.329161317928969,0.04000855798031649,0.4133504492939665,0.010483525887890458,0.49893025246041944,0.0,0.5803380402225079,0.00299529311082576,0.6605691056910566,0.012623020967051736,0.7276422764227641,0.027706461275139174,0.7783483097988878,0.043752674368848984,0.8126872058194266,0.055198973042361967,0.8400727428326915,0.061189559264013635,0.857188703465982,0.06653829696191706,0.868314077877621,0.06696619597774922,0.8739837398373984,0.06696619597774922,0.8793324775353016,0.07210098416773641,0.884681215233205,0.07220795892169445
Circle,0.8088737201365188,0.09929607508532425,0.8088737201365188,0.09908276450511952,0.8088737201365188,0.09364334470989757,0.8088737201365188,0.08820392491467563,0.8088737201365188,0.08361774744027305,0.8088737201365188,0.08361774744027305,0.8088737201365188,0.08361774744027305,0.8088737201365188,0.08361774744027305,0.8088737201365188,0.08361774744027305,0.8088737201365188,0.08361774744027305,0.8088737201365188,0.08361774744027305,0.8065273037542662,0.08361774744027305,0.8010878839590444,0.08361774744027305,0.7984215017064847,0.08084470989761097,0.7984215017064847,0.07540529010238917,0.7984215017064847,0.07316552901023891,0.801834470989761,0.07316552901023891,0.807273890784983,0.07316552901023891,0.8088737201365188,0.07316552901023891,0.8088737201365188,0.07316552901023891,0.8088737201365188,0.07316552901023891,0.8133532423208193,0.07316552901023891,0.8281783276450513,0.07316552901023891,0.8444965870307167,0.08297781569965872,0.8761732081911265,0.10409556313993185,0.9142491467576791,0.15838310580204804,0.9568046075085327,0.24189419795221842,0.9834684300341299,0.3577218430034132,1.0,0.4890145051194543,0.9769624573378839,0.6230802047781571,0.9120093856655288,0.7399744027303757,0.8045008532423203,0.8200725255972698,0.6768344709897609,0.8751066552901026,0.531783276450512,0.9095563139931742,0.39238481228668876,0.9157423208191124,0.26535836177474403,0.8959044368600685,0.16094283276450508,0.8510025597269627,0.08180460750853195,0.7831697952218427,0.02805034129692819,0.701258532423208,0.0,0.6111348122866895,0.006825938566552835,0.5186646757679183,0.028583617747440313,0.42971416382252536,0.0690059726962458,0.3464163822525597,0.1337457337883958,0.2687713310580206,0.20445819112628003,0.20093856655290082,0.28391638225255994,0.1400383959044368,0.3609215017064849,0.08937713310580209,0.44187286689419825,0.05002133105802025,0.5184513651877134,0.021970989761092206,0.584151023890785,0.0
Circle,0.9121743036837375,0.15408805031446546,0.9121743036837375,0.1482479784366578,0.9121743036837375,0.14240790655885,0.9121743036837375,0.1365678346810422,0.9121743036837375,0.13072776280323453,0.9121743036837375,0.12488769092542688,0.9121743036837375,0.11904761904761907,0.9098158131176998,0.11320754716981127,0.9039757412398921,0.1073674752920036,0.9011680143755615,0.1015274034141958,0.9011680143755615,0.09568733153638816,0.8974618149146453,0.09355345911949688,0.8916217430368373,0.09355345911949688,0.8901617250673853,0.09355345911949688,0.8901617250673853,0.09355345911949688,0.8901617250673853,0.09355345911949688,0.8955525606469003,0.09894429469901157,0.9130727762803235,0.10523360287511234,0.9369946091644205,0.12443845462713392,0.9643980233602875,0.16307277628032363,0.9819182389937108,0.22641509433962284,0.9978661275831086,0.31289308176100655,1.0,0.4159928122192278,0.9712488769092539,0.5292003593890391,0.9090296495956873,0.6434186882300093,0.8068283917340519,0.7397798742138367,0.6776729559748425,0.8052560646900274,0.5397574123989216,0.8470350404312672,0.39959568733153633,0.8584905660377361,0.2722371967654981,0.8371518418688231,0.16340970350404294,0.7895327942497756,0.087938005390835,0.727088948787062,0.0336927223719672,0.6522911051212937,0.004043126684635826,0.570642407906559,0.0,0.4834905660377358,0.01987870619946047,0.40251572327044016,0.05828840970350394,0.3265947888589396,0.11522911051212949,0.2521338724168911,0.18710691823899375,0.1856469002695417,0.2672955974842767,0.12938005390835566,0.3598382749326148,0.08176100628930806,0.4563117699910155,0.046495956873315286,0.5497529200359392,0.02358490566037732,0.639712488769093,0.009546271338724191,0.723495058400719,0.001684636118598313,0.7969451931716087,0.0,0.853548966756514,0.0044923629829290174,0.8964510332434862,0.010332434860736747,0.9269991015274034,0.01617250673854448,0.950696316262354,0.016509433962264154
Circle,0.9114583333333334,0.010416666666666666,0.9166666666666666,0.015625,0.9322916666666666,0.020833333333333332,0.9427083333333334,0.026041666666666668,0.9479166666666666,0.026041666666666668,0.9479166666666666,0.026041666666666668,0.9479166666666666,0.026041666666666668,0.9479166666666666,0.020833333333333332,0.9427083333333334,0.015625,0.9427083333333334,0.015625,0.9427083333333334,0.015625,0.9479166666666666,0.015625,0.953125,0.015625,0.9583333333333334,0.015625,0.9583333333333334,0.015625,0.9635416666666666,0.015625,0.96875,0.015625,0.9739583333333334,0.020833333333333332,0.9791666666666666,0.036458333333333336,0.9895833333333334,0.06770833333333333,0.9947916666666666,0.11979166666666667,1.0,0.1875,0.9895833333333334,0.2708333333333333,0.9635416666666666,0.359375,0.9166666666666666,0.453125,0.84375,0.5416666666666666,0.7447916666666666,0.6145833333333334,0.6354166666666666,0.6666666666666666,0.5104166666666666,0.703125,0.375,0.7135416666666666,0.2552083333333333,0.6979166666666666,0.15104166666666666,0.6666666666666666,0.078125,0.6145833333333334,0.026041666666666668,0.5520833333333334,0.0,0.4739583333333333,0.0,0.390625,0.010416666666666666,0.3125,0.041666666666666664,0.23958333333333334,0.09375,0.171875,0.171875,0.11458333333333333,0.265625,0.06770833333333333,0.359375,0.036458333333333336,0.453125,0.015625,0.5416666666666666,0.0,0.6302083333333334,0.0,0.7083333333333334,0.005208333333333333,0.7864583333333334,0.015625,0.8541666666666666,0.026041666666666668,0.9010416666666666,0.036458333333333336,0.9375,0.052083333333333336
Circle,0.8282541640962368,0.1692782233189389,0.8282541640962368,0.16335595311536102,0.8282541640962368,0.16323257248611966,0.822578655151141,0.16323257248611966,0.8222085132634175,0.1576804441702653,0.8222085132634175,0.15718692165330042,0.8222085132634175,0.15188155459592842,0.8170265268352865,0.14595928439235037,0.8111042566317085,0.14003701418877246,0.810117211597779,0.13904996915484266,0.810117211597779,0.1342381246144354,0.810117211597779,0.12831585441085752,0.810117211597779,0.12695866748920417,0.8145589142504626,0.12695866748920417,0.8291178285009251,0.13127698951264655,0.8510795805058604,0.14558914250462665,0.8829117828500924,0.18371375694016034,0.9263417643429978,0.25083281924737816,0.9660703269586677,0.3507711289327573,0.9942011104256632,0.47439851943244893,1.0,0.608266502159161,0.9733497840838987,0.7375694016039479,0.9119062307217768,0.841949413942011,0.818877236273905,0.9147439851943246,0.6999383096853796,0.9616286243059837,0.5696483652066625,0.982356570018507,0.4393584207279454,0.9769278223318937,0.314497223935842,0.9510178901912397,0.206415792720543,0.9077112893275756,0.12152991980259119,0.8494756323257248,0.05983960518198656,0.7796421961752005,0.019123997532387534,0.7004318322023443,0.0,0.6154225786551512,0.007896360271437306,0.5285626156693402,0.03713756940160409,0.4456508328192472,0.08377544725478119,0.36446637877853183,0.14620604565083256,0.2890808143121532,0.22171499074645287,0.21949413942011095,0.31190623072177653,0.15706354102405923,0.40542874768661274,0.10623072177668129,0.49315237507711274,0.06699568167797644,0.576064157927205,0.03837137569401607,0.6572486119679206,0.01640962368908086,0.7275755706354103,0.005305367057371988,0.7914867365823566,0.0,0.843800123380629,0.0004935225169647242,0.8852560148056755,0.006785934608266504,0.9262183837137565,0.018630475015422462,0.9555829734731645,0.030475015422578595,0.9733497840838987,0.04231955582973473
Circle,0.657098525989139,0.04887509697439877,0.657098525989139,0.04887509697439877,0.657098525989139,0.04887509697439877,0.657098525989139,0.04887509697439877,0.657098525989139,0.04887509697439877,0.6522220990801285,0.04887509697439877,0.6516679596586502,0.04887509697439877,0.6516679596586502,0.04887509697439877,0.6516679596586502,0.04887509697439877,0.6561010750304777,0.04887509697439877,0.6614208134766711,0.04887509697439877,0.6625290923196278,0.04466363737116262,0.6666297240385682,0.04344453064391002,0.6759392663194062,0.04344453064391002,0.6904577191621415,0.04344453064391002,0.7064169345007204,0.05098082677601684,0.7296907902028154,0.07624958439543385,0.7598359747312426,0.12235398426244042,0.7986257342347335,0.18929402637703635,0.8411836418042782,0.277069710739222,0.8773135320846726,0.3824670287044222,0.9030256012412724,0.49728471683475545,0.9003657320181762,0.6173113155269866,0.861797628283276,0.7310207248143633,0.8002881524991691,0.8291034024160479,0.7098525989138872,0.9062396098858476,0.5930400088662309,0.9598803058849609,0.4731242380582954,0.9926853596364846,0.3560899922420484,1.0,0.2457054194835421,0.9782777346780454,0.15515903801396425,0.9305109165466035,0.08866230743655126,0.8606893494403194,0.04111714507370046,0.7790091987143968,0.010971960545273168,0.6921201374265771,0.0,0.6016845838412944,0.0046547711404187975,0.5112490302560124,0.02493627396652987,0.42369500166241864,0.06084450847833322,0.34655879419261887,0.11237947467582822,0.2786213011193618,0.17621633603014497,0.2181092762939157,0.24204809930178428,0.1712290812368392,0.3156378144741216,0.1304444198160257,0.3840186190845615,0.0985259891388675,0.44719051313310454,0.06727252576748309,0.5045993571982713,0.04178211237947475,0.5515903801396431,0.026266208578078296,0.5884960656101075,0.01562673168569212,0.6199711847500834,0.005208910561897425,0.6411393106505597,0.0,0.657098525989139,0.0
Circle,0.5787228856933948,0.17133804533268346,0.5787228856933948,0.17133804533268346,0.5787228856933948,0.17133804533268346,0.5787228856933948,0.17133804533268346,0.5787228856933948,0.17133804533268346,0.5787228856933948,0.17133804533268346,0.5787228856933948,0.17133804533268346,0.5787228856933948,0.17133804533268346,0.5787228856933948,0.17133804533268346,0.5820131611016326,0.17133804533268346,0.5846941262490858,0.17133804533268346,0.5846941262490858,0.17133804533268346,0.5890811601267363,0.17133804533268346,0.6049232269071411,0.17133804533268346,0.6290519132342187,0.17133804533268346,0.659883012429929,0.18230563002680977,0.6974165244942724,0.20667804045820132,0.7356812088715571,0.24543017304411424,0.78003899585669,0.31062637094808704,0.8224469900073117,0.3969047038752134,0.8514501584206673,0.5073117231294179,0.8636363636363631,0.6277114306604926,0.8469412624908602,0.7439678284182307,0.7918596149159146,0.8443821593955646,0.6982695588593709,0.9190835973677796,0.5810382646843771,0.9697782110650741,0.4507677309285885,1.0,0.3215939556422129,0.9995125517913723,0.21191810870095018,0.9655130392395809,0.12905191323421872,0.9026322203265902,0.06799902510358255,0.8179380940775041,0.027053375578844366,0.7238605898123323,0.00048744820862772244,0.6288081891299049,0.0,0.5276626858396294,0.026809651474530505,0.4267609066536677,0.07287350718986113,0.33341457470143765,0.13234218864245686,0.25347306848647305,0.20363148915427756,0.186936388008774,0.2796734097002192,0.13185474043382878,0.3580307092371436,0.08579088471849866,0.4404094564952474,0.0531318547404338,0.5197416524494275,0.030831099195710403,0.5889592980745797,0.015232756519619806,0.6485498415793324,0.006336826712161919,0.6972946624421155,0.0,0.737143553497441,0.002680965147453152,0.7702900316841336,0.00901779185961507,0.7914940287594442,0.015354618571776906,0.8048988544967096,0.021691445283938654,0.8175725079210331,0.022057031440409533
Circle,0.7760752688172042,0.05268817204301076,0.7756720430107528,0.05268817204301076,0.7678763440860215,0.05268817204301076,0.7538978494623657,0.05268817204301076,0.7415322580645165,0.05268817204301076,0.7345430107526878,0.05268817204301076,0.7275537634408603,0.05268817204301076,0.7205645161290322,0.05268817204301076,0.7168010752688172,0.05268817204301076,0.7168010752688172,0.05268817204301076,0.7127688172043012,0.05268817204301076,0.7057795698924734,0.05268817204301076,0.7036290322580645,0.05268817204301076,0.7036290322580645,0.05268817204301076,0.7036290322580645,0.05833333333333327,0.7096774193548384,0.06532258064516124,0.7102150537634409,0.07231182795698929,0.730779569892473,0.08669354838709672,0.7524193548387094,0.1159946236559141,0.7803763440860216,0.16008064516129045,0.8068548387096776,0.21895161290322604,0.8259408602150536,0.29448924731182824,0.8353494623655914,0.38991935483871,0.8245967741935486,0.4947580645161293,0.7811827956989247,0.5995967741935484,0.7077956989247309,0.700940860215054,0.6044354838709678,0.7793010752688172,0.4813172043010752,0.8336021505376346,0.35080645161290286,0.868413978494624,0.2333333333333331,0.8759408602150539,0.14354838709677414,0.8538978494623655,0.07741935483870968,0.8081989247311829,0.033467741935483755,0.7466397849462365,0.005376344086021407,0.6768817204301074,0.0,0.6,0.01680107526881713,0.5221774193548383,0.05712365591397862,0.43965053763440826,0.12526881720430105,0.3645161290322578,0.21344086021505393,0.29677419354838686,0.31384408602150554,0.2389784946236557,0.418682795698925,0.1930107526881718,0.526881720430108,0.15779569892473108,0.6349462365591404,0.12983870967741923,0.7314516129032261,0.10604838709677405,0.8131720430107529,0.0805107526881719,0.8801075268817207,0.057526881720429954,0.9268817204301076,0.03655913978494617,0.9630376344086023,0.0213709677419354,0.9856182795698928,0.007392473118279575,1.0,0.0
Circle,0.922480620155039,0.024665257223396766,0.9293264874660221,0.03835699184536392,0.941910802375919,0.06161280579885234,0.9586227725762614,0.09403000100674529,0.9723145071982282,0.1385281385281386,0.9836907278767741,0.19460384576663656,0.9931541326890169,0.258632840028189,1.0,0.33051444679351666,0.9959730192288335,0.40511426557938196,0.9806704922983998,0.4828349944629017,0.9498640893989733,0.5649854021947046,0.9034531360112756,0.6408939897311993,0.8474781032920572,0.709755360918152,0.7823416893184336,0.7707641196013291,0.7138830162085978,0.8118393234672305,0.641397362327595,0.846874056176382,0.5660928219067756,0.875163596093829,0.49078828148595605,0.8888553307157961,0.41306755260243644,0.8928823114869628,0.3352461491996377,0.8892580287929127,0.2599416087788182,0.8755662941709456,0.19309372797744878,0.8477801268498943,0.13460183227625086,0.8130474176985806,0.08668076109936569,0.7719722138326791,0.05164602839021448,0.7244538407329109,0.022551092318534104,0.6748213027282797,0.0,0.6232759488573443,0.0,0.5685090103694757,0.008456659619450359,0.5158562367864695,0.023356488472767566,0.4651162790697675,0.043894090405718435,0.4171952078928826,0.07198228128460678,0.3717909996979764,0.10681566495519998,0.32829960736937497,0.151313802476593,0.2872244035034735,0.2045706231752744,0.24906876069666775,0.26215644820295975,0.21282593375616635,0.32376925400181233,0.17859659720124832,0.3887043189368774,0.14768951978254313,0.4519279170441961,0.12050739957716713,0.5138427464008859,0.09684888754656212,0.57887848585523,0.07631128561361125,0.6416993858854324,0.06020336252894399,0.7011980267794224,0.047216349541930935,0.7525420316117992,0.036947548575455576,0.7986509614416591,0.029296285110238605,0.8409342595389103,0.02355783751132586,0.8785865297493205,0.020134903855834142,0.9101983288029801,0.013691734621967155,0.9364743783348438,0.006845867310983578,0.9570119802677944,0.0
Circle,0.3436674120756251,0.07471030697296199,0.33868672494409435,0.07471030697296199,0.33685708477332804,0.07471030697296199,0.330961577556414,0.07471030697296199,0.32872535068103276,0.07471030697296199,0.3241512502541166,0.07471030697296199,0.32374466354950193,0.07471030697296199,0.32374466354950193,0.07471030697296199,0.32140678999796707,0.07471030697296199,0.3155112827810532,0.07471030697296199,0.31378328928644034,0.07471030697296199,0.31378328928644034,0.07471030697296199,0.31378328928644034,0.07471030697296199,0.31378328928644034,0.07471030697296199,0.31378328928644034,0.07471030697296199,0.31378328928644034,0.07471030697296199,0.31378328928644034,0.07471030697296199,0.31378328928644034,0.06972961984143118,0.3153079894287459,0.06972961984143118,0.3236430168733483,0.06972961984143118,0.34549705224639143,0.06972961984143118,0.3835129091278715,0.07399878023988618,0.43555600731856076,0.0908721284813986,0.5026428135799957,0.13183573897133555,0.579284407399878,0.20685098597275867,0.6529782476113033,0.31297011587721085,0.7121366131327506,0.45019312868469213,0.7508639967473061,0.6071355966659888,0.7414108558650134,0.7577759707257569,0.6796096767635702,0.8777190485871109,0.569221386460663,0.959341329538524,0.43850376092701765,1.0,0.3029070949379957,0.9929863793453956,0.18438707054279324,0.9476519617808498,0.09615775564139047,0.8732465948363488,0.039845497052246395,0.7784102459849561,0.007725147387680365,0.672291116080504,0.0,0.5622077658060585,0.009758080910754264,0.45507216914006926,0.04137019719455168,0.35556007318560695,0.09026224842447639,0.2646879447042083,0.14860744053669464,0.18743647082740394,0.20990038625736923,0.1238056515551941,0.26885545842650976,0.0782679406383411,0.32201667005488904,0.04818052449684904,0.3665379142102052,0.025919902419190944,0.397438503760927,0.010469607643830073,0.4178694856678188,0.0018296401707664247,0.43149014027241295,0.0,0.4383004675747103,0.0
Circle,0.5645733096986579,0.0,0.5645733096986579,0.0,0.5645733096986579,0.0,0.5645733096986579,0.0,0.5645733096986579,0.0,0.5645733096986579,0.0,0.5684983540136742,0.0,0.581413015953406,0.003545201316789048,0.6020511521904279,0.01253481894150415,0.6309192200557101,0.026968852874145396,0.6658647758926314,0.05165864775892638,0.7008103317295519,0.090655862243606,0.7374018738921249,0.14218789566978987,0.7794378323626233,0.20878703469232715,0.8242593061534564,0.2871613066599141,0.8581919473284378,0.381362370220309,0.8809825272220816,0.48632565206381384,0.8809825272220816,0.5969865788807294,0.8586984046594076,0.7020764750569768,0.8094454292225881,0.8017219549252979,0.7474044061787792,0.8814889845530516,0.652317042289187,0.9394783489491011,0.5434287161306659,0.9797417067612055,0.4327677893137504,1.0,0.3221068624968348,0.9984806280070906,0.22600658394530274,0.9751835907824767,0.14953152696885275,0.9351734616358572,0.0882501899214988,0.8799696125601417,0.045201316789060475,0.8083059002279056,0.014434033932641067,0.7325905292479108,0.0,0.6568751582679158,0.002532286654849459,0.5811597872879208,0.02658900987591826,0.5054444163079259,0.067358825018992,0.42972904532793116,0.11952393010888832,0.35971131932134726,0.18257786781463708,0.29513800962268905,0.25652063813623727,0.24094707520891345,0.33223600911623224,0.19308685743226117,0.4037731071157258,0.15067105596353494,0.4698657888072934,0.11369967080273477,0.5270954672068879,0.08217270194986065,0.5764750569764499,0.05609014940491258,0.617751329450494,0.03545201316789057,0.6481387693086859,0.020258293238794613,0.6695365915421627,0.010508989617624706,0.6854899974677134,0.004684730311471251,0.6971385160800205,0.0,0.7080273486958722,0.0,0.7134717650037985,0.0,0.7134717650037985,0.0
Circle,0.7968635138446457,0.0,0.8018867924528299,0.0,0.8069100710610141,0.004043126684636137,0.8149963244302865,0.015192354814996279,0.8292085273217349,0.03234501347708892,0.8504043126684635,0.054643469737809376,0.8756432246998285,0.08515069835824551,0.9057828963489337,0.13036020583190397,0.9359225679980396,0.1839010046557216,0.9628767458956138,0.2455280568488115,0.9835824552805681,0.317446704239157,0.9962019112962505,0.3990443518745405,1.0,0.4846851261945602,0.9799068855672627,0.5751041411418771,0.942661112472433,0.6569468267581474,0.8892428326390587,0.7307032590051457,0.8243077677039938,0.7893898554275911,0.7485910316098995,0.831903945111492,0.6581720166625827,0.8659642244547903,0.5677530017152657,0.8860573388875272,0.4729233031119822,0.8929184023523644,0.3877726047537366,0.8876500857632931,0.3074001470227885,0.8702523891203134,0.23143837294780678,0.8407253124234254,0.16662582700318546,0.8000490075961771,0.10634648370497429,0.7548395001225187,0.06419995099240354,0.7050967900024501,0.031119823572653846,0.6477579024748834,0.008698848321489558,0.5900514579759861,0.0,0.534795393285959,0.0068610634648371945,0.47953932859593207,0.026954177897574132,0.42428326390590526,0.06101445724087244,0.3736829208527319,0.09985297721146791,0.3271257044841948,0.14543004165645676,0.2819161970105366,0.1973780936045088,0.2384219554030873,0.25263415829453584,0.19897084048027436,0.3078902229845625,0.16380789022298448,0.36792452830188666,0.13342318059299182,0.4282038716000978,0.1070815976476354,0.48566527811810833,0.08478314138691495,0.5390835579514827,0.06652781181083063,0.5893163440333251,0.05231560891938245,0.639549130115168,0.0422690517030139,0.6848811565792698,0.037123254104386175,0.7261700563587351,0.0360205831903945,0.7604753736829207,0.0360205831903945,0.7886547414849302,0.0360205831903945,0.811810830678755,0.0360205831903945,0.8268806665033078,0.0360205831903945
Circle,0.8979905865314989,0.031046343229543808,0.8979905865314989,0.035843591600289625,0.8979905865314989,0.040640839971035445,0.8979905865314989,0.044351918899348294,0.8979905865314989,0.044351918899348294,0.8979905865314989,0.044351918899348294,0.8979905865314989,0.04217958001448225,0.8979905865314989,0.03991672700941347,0.8979905865314989,0.03991672700941347,0.8979905865314989,0.03991672700941347,0.9016111513396089,0.03991672700941347,0.910391020999276,0.04389934829833458,0.9199855177407676,0.057385952208544595,0.9345582910934104,0.08671252715423607,0.9543808834178135,0.1317885590152064,0.9763758146270817,0.19433381607530792,0.9907675597393194,0.2799601737871109,1.0,0.3776249094858799,0.9854272266473573,0.4804489500362057,0.93718320057929,0.5835445329471399,0.8607892831281679,0.6730629978276612,0.7585988414192614,0.7387762490948587,0.6412020275162922,0.7822230267921797,0.5173787110789279,0.8011404779145546,0.3969044170890659,0.7942614047791454,0.2867487328023173,0.7658399710354816,0.19243301955105008,0.7258327299058651,0.1154055032585083,0.671252715423606,0.06164011585807396,0.6063540912382329,0.023352643012309906,0.5327661115133959,0.0025343953656769736,0.4540188269370018,0.0,0.3748189717595945,0.015658942795076,0.30077842143374345,0.045800144822592495,0.2318971759594494,0.09313902968863143,0.171614771904417,0.15731354091238287,0.11784938450398241,0.22863866763215054,0.07340695148443158,0.3051230992034759,0.043989862418537244,0.38142650253439586,0.025253439536567633,0.4517559739319335,0.011676321506154953,0.5129435191889936,0.003258508327299074,0.568971759594497,0.0,0.6198406951484434,0.0019007965242577932,0.6655503258508332,0.008960897900072453,0.7034757422157858,0.02118030412744398,0.7370564808110066,0.03557204923968143,0.7672881969587255,0.04661477190441714,0.7960716871832005,0.05249818971759598,0.820782041998552,0.057295438088341796,0.8403330919623462,0.062092686459087616
Circle,0.9143980200902606,0.15620905517542583,0.9135973212985876,0.15620905517542583,0.9092298733440092,0.15620905517542583,0.9072645217644488,0.15380695880040768,0.9072645217644488,0.1494395108458291,0.9072645217644488,0.14507206289125055,0.9072645217644488,0.14070461493667197,0.9072645217644488,0.1383753093608968,0.9072645217644488,0.1383753093608968,0.9072645217644488,0.13480856019799098,0.9081380113553646,0.13480856019799098,0.9125054593099432,0.1331343718154025,0.919347794438783,0.13124181103508517,0.9248071043820062,0.13124181103508517,0.9296840879312857,0.131751346629786,0.9397292182268161,0.13873926335711168,0.952831562090552,0.15395254039889358,0.9659339059542874,0.18015722812636484,0.9826029989809287,0.21844518852817008,0.9947590624545057,0.2683796768088514,1.0,0.33039743776386676,0.9949046440529916,0.4053719609841317,0.9727762410831272,0.4940311544620759,0.93419711748435,0.5893143106711314,0.8645363226088222,0.6768816421604308,0.7706361915853835,0.7423933614791088,0.6495123016450718,0.7858494686271654,0.5192895617993886,0.8011355364681905,0.3936526423060125,0.783956907846848,0.2750036395399623,0.7442859222594264,0.16931139903916115,0.6840151404862422,0.0859659339059541,0.6048187509098849,0.03464842043965635,0.5169602562236131,0.004076284757606624,0.425243849177464,0.0,0.3335274421313147,0.019653515795603527,0.2479254622215749,0.05859659339059558,0.173242102198282,0.12083272674333984,0.11100596884553786,0.203231911486388,0.06427427573154756,0.30135390886591923,0.030353763284320903,0.40966661813946753,0.006769544329596669,0.5117193186781194,0.0,0.6163196971902751,0.008953268306886052,0.6984277187363517,0.03341097685252589,0.7557868685398165,0.06711311690202357,0.8035376328432086,0.10205270053865187,0.8393507060707526,0.1358276313873927,0.865555393798224,0.16639976706944248,0.8889940311544619,0.19420585238025911,0.9072645217644488,0.21684379094482456
Circle,0.8349147414741475,0.2646452145214521,0.8349147414741475,0.2743399339933993,0.8349147414741475,0.2902227722772277,0.8349147414741475,0.31229372937293726,0.8264576457645765,0.34337183718371833,0.8060368536853686,0.38373212321232114,0.7732398239823983,0.4257425742574257,0.7232535753575359,0.47015951595159516,0.661509900990099,0.5154015401540154,0.592615511551155,0.5606435643564356,0.5155390539053903,0.5979097909790979,0.43474972497249725,0.624656215621562,0.35567931793179336,0.6438393839383938,0.2797029702970297,0.6520902090209021,0.20826457645764573,0.6463146314631465,0.14562706270627065,0.6268564356435643,0.09419691969196904,0.5942656765676568,0.05411166116611676,0.553424092409241,0.026815181518151848,0.5063943894389439,0.007219471947194802,0.45393289328932895,0.0,0.3983773377337733,0.00467546754675457,0.34020902090209026,0.018289328932893152,0.2820407040704071,0.03850385038503837,0.22428492849284923,0.07102585258525847,0.17264851485148516,0.113036303630363,0.12417491749174929,0.16453520352035197,0.08202695269526951,0.22531628162816272,0.04909240924092409,0.29249174917491727,0.02544004400440045,0.3658553355335531,0.008319581958195795,0.4427942794279427,0.0,0.5253025302530252,0.0009625962596259352,0.6023102310231023,0.013545104510450982,0.6766364136413641,0.03630363036303619,0.7447744774477446,0.06834433443344318,0.8055555555555555,0.10774202420242011,0.8583608360836084,0.15154015401540155,0.9035341034103408,0.19678217821782149,0.9394939493949395,0.23899889988998888,0.9644526952695266,0.27502750275027493,0.9826045104510452,0.30363036303630364,0.9954620462046203,0.3240511551155114,1.0,0.33828382838283827,0.9983498349834984,0.34715346534653463,0.9925742574257427,0.35292904290429034,0.9887926292629261,0.3561606160616061,0.982329482948295,0.3589796479647965,0.9761413641364137,0.3589796479647965,0.9729097909790979,0.3591171617161716,0.9696782178217822,0.36234873487348734
Circle,0.6327100195367014,0.1356405246999721,0.6281514559493909,0.1356405246999721,0.6281514559493909,0.1356405246999721,0.6281514559493909,0.1356405246999721,0.6281514559493909,0.1356405246999721,0.6281514559493909,0.1356405246999721,0.6281514559493909,0.13108196111266165,0.624895339101312,0.13108196111266165,0.6235928923620805,0.12652339752535122,0.6235928923620805,0.12652339752535122,0.6235928923620805,0.12652339752535122,0.6235928923620805,0.12652339752535122,0.6235928923620805,0.12652339752535122,0.6235928923620805,0.12242999348776634,0.6235928923620805,0.11740627035073031,0.6279653921295008,0.11740627035073031,0.6349427853753841,0.11740627035073031,0.6512233696157784,0.11740627035073031,0.6721555493534284,0.11991813191924826,0.7033212391850407,0.132198344032003,0.7507675132570476,0.15871243836635968,0.8078891059633455,0.2053214252488602,0.8745929853939904,0.2773281235463762,0.9245511210345151,0.3793841287561632,0.9560889385059079,0.5046981114522279,0.959438087263932,0.6500139547864915,0.9027816541073594,0.7998883617080658,0.7762582565820082,0.9147827704902781,0.6079635314913022,0.9828821285700996,0.4289701367569081,1.0,0.2629081775048848,0.9762768629639968,0.12791887617452832,0.8997116010791704,0.04112010419573938,0.8025862870964744,0.0012094148292866886,0.6795050702390922,0.0,0.546934598567309,0.04270164666480617,0.4143641268955253,0.1049399944180854,0.28774769746022905,0.19443669178528247,0.18187738394269248,0.3034700902409526,0.1015908456600615,0.4252488603591034,0.04828356126151274,0.5442366731789006,0.014047818401711834,0.6489906037770957,0.0,0.7310447483486836,0.00018606381989018006,0.7863987347660251,0.010884733463577996,0.8213787329053868,0.02483951995534461,0.8452879337612803,0.03479393431947157,0.8643594753000284,0.041771327565354885,0.8740347939343196,0.04874872081123825,0.8810121871802031,0.05572611405712156,0.883431016838776,0.05814494371569449
Circle,0.7167594310451452,0.10606060606060606,0.7167594310451452,0.10606060606060606,0.7167594310451452,0.10606060606060606,0.7167594310451452,0.10606060606060606,0.7167594310451452,0.10606060606060606,0.7167594310451452,0.10606060606060606,0.714904143475572,0.10606060606060606,0.7095444238301378,0.10606060606060606,0.704184704184704,0.10606060606060606,0.6988249845392701,0.10606060606060606,0.6934652648938363,0.10606060606060606,0.6915069057926199,0.10606060606060606,0.6915069057926199,0.10606060606060606,0.7035662749948464,0.10606060606060606,0.7239744382601524,0.11904761904761904,0.7593279736136878,0.1444032158317873,0.7918985776128633,0.19099154813440533,0.8501339929911358,0.2665429808286952,0.9021851164708306,0.3704390847247992,0.9380540094825809,0.49536178107606715,0.958049886621315,0.628220985363843,0.9440321583178725,0.7539682539682542,0.8960008245722527,0.8596165739022884,0.8160173160173156,0.9317666460523605,0.7053184910327766,0.9812409812409812,0.5793650793650794,1.0,0.4560915275200989,0.9910327767470625,0.33941455370026774,0.9650587507730365,0.2304679447536586,0.9220779220779222,0.13894042465471007,0.8660070088641517,0.07431457431457407,0.7985982271696558,0.02896310039167155,0.7243867243867241,0.0006184291898576207,0.6493506493506491,0.0,0.5691609977324261,0.023088023088023005,0.48917748917748904,0.06813028241599671,0.4148629148629147,0.12914862914862907,0.3462172747887032,0.20150484436198735,0.2832405689548545,0.28354978354978366,0.2259327973613686,0.3693052978767266,0.17429396000824557,0.45279323850752434,0.13059163059163048,0.5306122448979594,0.09565038136466693,0.6027623170480315,0.06926406926406917,0.669243454957741,0.04782519068233343,0.7265512265512264,0.02989074417645841,0.7763347763347763,0.017625231910946136,0.816326530612245,0.011028653885796675,0.8494124922696352,0.005668934240362779,0.8768295196866625,0.00030921459492888213,0.8935271078128219,0.0
Circle,0.642252527627557,0.08640959322830942,0.642252527627557,0.08640959322830942,0.6401363743240064,0.08640959322830942,0.6333176581236775,0.08640959322830942,0.630731248530449,0.08640959322830942,0.6254408652715728,0.08640959322830942,0.6249706089818952,0.08640959322830942,0.6249706089818952,0.08640959322830942,0.6222666353162473,0.08640959322830942,0.6192099694333412,0.08640959322830942,0.6192099694333412,0.08640959322830942,0.6193275335057606,0.08640959322830942,0.628497531154479,0.08640959322830942,0.6534211145074066,0.09087702798024928,0.6973900775922877,0.10780625440865267,0.7562896778744415,0.14131201504820123,0.8230660710086999,0.19844815424406298,0.8948977192569952,0.2813308252997884,0.9391018104867151,0.3889019515636023,0.9619092405360922,0.5172819186456616,0.9532094991770514,0.6497766282624029,0.8932518222431224,0.7743945450270397,0.7926169762520575,0.8779684928285915,0.6426052198448157,0.9422760404420408,0.48789090054079476,0.982953209499177,0.3344697860333881,1.0,0.20914648483423426,0.98448154244063,0.10980484363978392,0.9406301434281683,0.043146014577944994,0.8715024688455211,0.0048201269691984265,0.7859158241241477,0.0,0.6875146955090526,0.026804608511638968,0.5852339525041149,0.0778274159416882,0.48800846461321423,0.14566188572772157,0.39901246179167643,0.2371267340700683,0.3185986362567598,0.33940747707500596,0.24853044909475652,0.44168822007994396,0.19068892546437793,0.5393839642605218,0.140724194686104,0.6348459910651302,0.09863625675993416,0.715024688455208,0.06536562426522458,0.7812132612273688,0.04008934869503885,0.8364683752645192,0.02268986597695744,0.8759699035974609,0.009052433576299071,0.9048906654126497,0.0005878203620973321,0.9254643780860566,0.0,0.9375734775452621,0.0,0.941805784152363,0.0,0.941805784152363,0.0,0.941805784152363,0.0,0.941805784152363,0.0
Circle,0.6684222075927144,0.04838709677419355,0.6684222075927144,0.04838709677419355,0.6684222075927144,0.04838709677419355,0.6684222075927144,0.04838709677419355,0.6684222075927144,0.04838709677419355,0.6684222075927144,0.04838709677419355,0.6684222075927144,0.04838709677419355,0.6684222075927144,0.04838709677419355,0.6684222075927144,0.04838709677419355,0.6684222075927144,0.043888523151195916,0.6684222075927144,0.043010752688172046,0.6684222075927144,0.04169409699363616,0.6684222075927144,0.03763440860215054,0.6719332894448099,0.03763440860215054,0.6876234364713626,0.03763440860215054,0.7134079438226901,0.04399824445907396,0.7579547948211542,0.06912442396313366,0.8201667763879745,0.1245336844415185,0.878428790871187,0.206605222734255,0.922536756638139,0.3113890717577353,0.9533684441518542,0.4393241167434715,0.9456879526003952,0.5752688172043009,0.8948869870528857,0.7138468290542022,0.8022822032038622,0.8413429888084265,0.6793943383805133,0.9289005924950626,0.5375246872942723,0.9855167873601054,0.39357033135834957,1.0,0.2668422207592716,0.9862848365152513,0.15536537195523353,0.9385560675883258,0.076475751590959,0.8654816765415847,0.025345622119815406,0.7750713188501206,0.0,0.6779679613781,0.00493745885450934,0.5808646039060785,0.036208031599736686,0.4877112135176649,0.09019091507570767,0.40717577353522055,0.16842220759271473,0.33640552995391687,0.25905200789993393,0.2754004827737547,0.3496818082071538,0.22657450076804905,0.4403116085143733,0.18125960061443938,0.5206276058810623,0.14110160193109494,0.5911784068466094,0.10939214395435597,0.6539389949528199,0.08349791529515029,0.7060566161948649,0.06067588325652845,0.7472021066491112,0.04125521176212415,0.7807768268597762,0.027101163045863456,0.8057932850559577,0.015141540487162602,0.8231292517006802,0.008667983322361218,0.8328944481018211,0.0021944261575597957,0.8393680052666229,0.0,0.845841562431424,0.0
Triangle,0.6515513126491648,0.011137629276054098,0.6459824980111377,0.010683032162745713,0.6459824980111377,0.005568814638027049,0.6459824980111377,0.005568814638027049,0.6459824980111377,0.005568814638027049,0.6459824980111377,0.005568814638027049,0.6459824980111377,0.005568814638027049,0.6459824980111377,0.005568814638027049,0.6459824980111377,0.005568814638027049,0.6459824980111377,0.005568814638027049,0.6459824980111377,0.005568814638027049,0.6459824980111377,0.0005682463916354423,0.6459824980111377,0.0,0.6400727355381293,0.0,0.6324582338902147,0.0015910898965791117,0.6118877145130129,0.017388339584043806,0.5783611774065234,0.052619615865439326,0.5232412774178885,0.1094442550289807,0.4370951244459598,0.1895669962495738,0.3284464143652685,0.2921922945789298,0.21150130696670064,0.4066371178543018,0.11694510739856803,0.5091487669053303,0.050346630298897396,0.5833617456529154,0.004773269689737335,0.6349585180134109,0.0,0.6564382316172295,0.041709285146039415,0.6568928287305376,0.11739970451187641,0.6495056256392773,0.22207068985111977,0.6314353903852711,0.3396976929196503,0.6149562450278442,0.46823502670758066,0.6049551085350608,0.5982498011137634,0.6014319809069213,0.7217865666553018,0.6014319809069213,0.8320263666325721,0.6048414592567338,0.9151039890896696,0.6070007955449483,0.9744289123764065,0.6070007955449483,1.0,0.6070007955449483,0.9919309012387774,0.591317195135811,0.9682918513467439,0.5616547334924422,0.9304466416638254,0.5183543584498236,0.8762359359018073,0.46209796567791783,0.8205477895215362,0.39436299579497636,0.7583816342766222,0.32208205477895174,0.6968973747016706,0.2521877486077963,0.6455279008978292,0.19161268325946113,0.6039322650301169,0.14728946471189885,0.5752926468916922,0.11489942038868037,0.5511989998863505,0.09319240822820762,0.5317649732924197,0.07978179338561191,0.5188089555631323,0.07284918740766003,0.5123309466984886,0.06682577565632458
Triangle,0.4776528117359413,0.10542787286063571,0.4776528117359413,0.10542787286063571,0.47383863080684596,0.10161369193154039,0.4695354523227384,0.1006356968215159,0.46806845965770166,0.1006356968215159,0.46806845965770166,0.1006356968215159,0.46806845965770166,0.1006356968215159,0.46806845965770166,0.1006356968215159,0.46806845965770166,0.1006356968215159,0.46806845965770166,0.1006356968215159,0.46806845965770166,0.1006356968215159,0.46386308068459653,0.10904645476772616,0.459559902200489,0.12880195599022004,0.42943765281173596,0.17613691931540343,0.3824938875305623,0.24850855745721262,0.31735941320293387,0.35051344743276286,0.23286063569682156,0.4780440097799511,0.14581907090464544,0.6093887530562347,0.08088019559902207,0.7193154034229828,0.03442542787286058,0.7993154034229831,0.0,0.8552567237163812,0.014865525672371665,0.8660146699266504,0.0574083129584351,0.8529095354523228,0.13290953545232276,0.8263080684596579,0.23745721271393624,0.7935452322738386,0.3536430317848412,0.7634229828850856,0.47647921760391193,0.7409290953545231,0.606356968215159,0.7248899755501222,0.7247921760391197,0.7126650366748167,0.8310024449877751,0.7042542787286065,0.9084596577017116,0.6999511002444988,0.9618581907090464,0.691638141809291,0.9923716381418094,0.6759902200488997,1.0,0.6527139364303179,0.9796577017114915,0.6192665036674817,0.9349633251833741,0.5723227383863082,0.8727628361858194,0.5132518337408315,0.7985330073349634,0.4465525672371639,0.7210757946210268,0.3728117359413203,0.6438141809290951,0.2955501222493886,0.5749633251833742,0.2266992665036677,0.5139364303178485,0.16567237163814189,0.46053789731051337,0.1156968215158924,0.41770171149144236,0.07716381418092899,0.3838630806845966,0.047628361858190776,0.3596088019559902,0.025721271393643042,0.3438630806845965,0.01144254278728605,0.33193154034229816,0.0038141809290953045,0.32430317848410756,0.0,0.32430317848410756,0.0
Triangle,0.47997770138437235,0.07284214438353619,0.47997770138437235,0.07284214438353619,0.47997770138437235,0.07284214438353619,0.47997770138437235,0.0705193719223265,0.47997770138437235,0.06828951035956518,0.47997770138437235,0.06828951035956518,0.47997770138437235,0.06828951035956518,0.47997770138437235,0.06828951035956518,0.47997770138437235,0.06828951035956518,0.47997770138437235,0.06828951035956518,0.47830530521230136,0.06828951035956518,0.47542506736040135,0.06828951035956518,0.47505342376660775,0.06866115395335877,0.46743473009383996,0.0762798476261266,0.43054910340982994,0.10991359286444298,0.36606893988664857,0.17560159806745337,0.2757595465948154,0.27148564526618985,0.17727399423952422,0.3837220105918425,0.10275945368391705,0.48815386044783055,0.04942859797454237,0.5643407971755088,0.009476911641735492,0.620458979838335,0.0,0.6529777942952709,0.027966180432964706,0.6628263495307999,0.09021648239338481,0.6545572795688934,0.1777385487317666,0.6355105453869738,0.2996376474960514,0.6164638112050543,0.43528755923069806,0.6042924835083155,0.5724240453405185,0.5928644429991639,0.6978537582458425,0.5872897890922606,0.8024714298987271,0.5872897890922606,0.8830251788534798,0.5872897890922606,0.940165381399238,0.5872897890922606,0.9831831273808417,0.5802285608101831,1.0,0.5642478862770602,0.9892223357799869,0.5349809532658181,0.9521508872990799,0.49168447458886916,0.8922233577998698,0.4361237573167332,0.8160364210721915,0.3675555142618227,0.7470965344234879,0.29898727120691265,0.6842887670723777,0.2332992660039024,0.6297500696831739,0.17281427111400172,0.5844095512403604,0.1212487224751462,0.5476168354547987,0.0812970361423394,0.5171420607637274,0.050822261451268065,0.49410015794852735,0.031496794574003555,0.4771903744309207,0.018396357892780848,0.4664127102109077,0.009198178946390391,0.460280590913314,0.0030660596487967536,0.45647124407693024,0.0,0.4526618972405463,0.0
Triangle,0.3299101412066753,0.04942233632862645,0.3299101412066753,0.04584632312488544,0.3299101412066753,0.04492939666238768,0.3299101412066753,0.04492939666238768,0.3299101412066753,0.04492939666238768,0.3299101412066753,0.04492939666238768,0.3299101412066753,0.04492939666238768,0.32734274711168176,0.04492939666238768,0.32541720154043646,0.04492939666238768,0.32541720154043646,0.04492939666238768,0.32541720154043646,0.04492939666238768,0.32541720154043646,0.04832202457362919,0.32294150009169276,0.05437373922611409,0.3146891619292133,0.06931964056482665,0.29717586649550715,0.09948652118100128,0.2649917476618375,0.1531267192371171,0.1832935998532918,0.2793874931230516,0.11654135338345865,0.41408399046396493,0.065193471483587,0.5323675041261692,0.025032092426187414,0.6209426004034477,0.0,0.6853108380707867,0.016688061617458318,0.714377406931964,0.05648267008985892,0.7210709701081974,0.12030075187969942,0.71199339812947,0.21025123785072414,0.6945717953420136,0.3282596735741791,0.6802677425270494,0.46185585916009503,0.6690812396845774,0.5955437373922612,0.6605538235833487,0.7201540436456997,0.6559691912708602,0.8277095176966808,0.6559691912708602,0.9063818081789844,0.6559691912708602,0.9638730973775903,0.6559691912708602,0.9964239867962592,0.6433156060883918,1.0,0.6158995048597102,0.9719420502475702,0.575187969924812,0.9075738125802312,0.517971758664955,0.8109297634329727,0.44608472400513477,0.7092426187419771,0.3709884467265725,0.612415184302219,0.29809279295800467,0.5237483953786906,0.23069869796442316,0.4486521181001282,0.1734824867045662,0.39061067302402364,0.12479369154593813,0.3446726572528883,0.0860077021822849,0.30937098844672667,0.056849440674857914,0.2845222813130387,0.035576746744911014,0.2666422152943335,0.021272693929946837,0.25701448743810745,0.009719420502475663,0.2516963139556208,0.0026590867412433863,0.24903722721437743,0.0,0.24903722721437743,0.0
Triangle,0.38001278889193385,0.0760939070064858,0.38001278889193385,0.0760939070064858,0.38001278889193385,0.0760939070064858,0.38001278889193385,0.0760939070064858,0.38001278889193385,0.0760939070064858,0.38001278889193385,0.0760939070064858,0.38001278889193385,0.0760939070064858,0.3787338996985476,0.0760939070064858,0.37553667671508173,0.0760939070064858,0.37553667671508173,0.0760939070064858,0.37307024755640816,0.0760939070064858,0.37106056453822966,0.0760939070064858,0.37078651685393266,0.07636795469078286,0.3674065954142688,0.07974787613044669,0.3384488901068786,0.10359002466429157,0.291038640723486,0.14424043116835653,0.2280076733351604,0.20197314332693878,0.1468895587832283,0.2898511007581986,0.08431533753539792,0.35653603727048494,0.034621357449529565,0.4096099387960172,0.0,0.45172193294966656,0.003379921439663766,0.482141225906641,0.05060747236685845,0.48789622727687953,0.1310861423220971,0.48789622727687953,0.24079656526902357,0.48789622727687953,0.37599342285557674,0.48789622727687953,0.5225175847264087,0.48789622727687953,0.6590846807344473,0.48789622727687953,0.7771078834383849,0.48789622727687953,0.8649858408696443,0.48789622727687953,0.9294783959075543,0.48789622727687953,0.9757011053256599,0.48241527359093817,1.0,0.4693523339727781,0.9898602356810086,0.4456928838951312,0.934502603453001,0.4039462866538778,0.8563990134283366,0.3542523065680096,0.7634968484516309,0.29935142048049707,0.6654791267013794,0.2418927560062117,0.5798848999725953,0.19064583904266025,0.5054352790718921,0.1459760665022382,0.4424043116835666,0.10815748606924287,0.3917054900886089,0.07773819311226828,0.3569927834109803,0.056910569105691096,0.32949666575317443,0.03873207271398554,0.307846898693706,0.023842148533844875,0.2909472914953869,0.013702384214853449,0.2806248287201974,0.0068511921074267245,0.2726774458755823,0.0022837307024755537,0.2670137937334429,0.0,0.2636338722937791,0.0
Triangle,0.3980049875311721,0.05498753117206983,0.3980049875311721,0.05498753117206983,0.3951371571072319,0.05498753117206983,0.39189526184538653,0.05498753117206983,0.39189526184538653,0.05498753117206983,0.39189526184538653,0.05498753117206983,0.39189526184538653,0.05498753117206983,0.39189526184538653,0.05498753117206983,0.39189526184538653,0.05498753117206983,0.39189526184538653,0.05498753117206983,0.39189526184538653,0.05498753117206983,0.39189526184538653,0.05498753117206983,0.39189526184538653,0.05498753117206983,0.39189526184538653,0.05835411471321698,0.3709476309226932,0.07506234413965082,0.3163341645885286,0.11159600997506233,0.23553615960099744,0.16995012468827939,0.16072319201995006,0.23428927680798012,0.0957605985037406,0.29476309226932673,0.04638403990024934,0.3396508728179552,0.00972568578553612,0.3718204488778055,0.0,0.3980049875311721,0.014962593516209549,0.4164588528678306,0.05087281795511229,0.42094763092269344,0.13703241895261872,0.42543640897755614,0.25149625935162123,0.42768079800498754,0.38990024937655887,0.4283042394014963,0.5514962593516213,0.4327930174563592,0.6921446384039903,0.43728179551122187,0.8099750623441397,0.43990024937655864,0.9027431421446386,0.43990024937655864,0.9700748129675812,0.43990024937655864,1.0,0.43054862842892777,0.9940149625935162,0.4096009975062344,0.9491271820448879,0.3736907730673316,0.8605985037406483,0.32032418952618447,0.7763092269326684,0.2664588528678304,0.6988778054862843,0.21371571072319198,0.6315461346633418,0.16433915211970074,0.5761845386533665,0.12294264339152121,0.5317955112219451,0.08965087281795506,0.49738154613466334,0.06346633416458851,0.47044887780548633,0.04102244389027428,0.45074812967581046,0.025810473815461383,0.434788029925187,0.014339152119700702,0.4213216957605984,0.005735660847880298,0.4078553615960098,0.0012468827930174333,0.3976309226932667,0.0,0.39027431421446385,0.0,0.385785536159601,0.0
Triangle,0.6104129263913824,0.08168761220825853,0.6104129263913824,0.08168761220825853,0.6104129263913824,0.08168761220825853,0.6104129263913824,0.08168761220825853,0.6104129263913824,0.08168761220825853,0.606822262118492,0.08168761220825853,0.604129263913824,0.08168761220825853,0.604129263913824,0.08168761220825853,0.604129263913824,0.08168761220825853,0.604129263913824,0.08168761220825853,0.604129263913824,0.08168761220825853,0.604129263913824,0.08168761220825853,0.604129263913824,0.08168761220825853,0.604129263913824,0.08348294434470373,0.604129263913824,0.08797127468581688,0.5816876122082585,0.10592459605026933,0.53770197486535,0.14542190305206462,0.4694793536804309,0.20377019748653494,0.36175942549371626,0.2800718132854579,0.25044883303411136,0.36355475763016143,0.1508078994614002,0.4380610412926392,0.07001795332136443,0.49640933572710955,0.01615798922800708,0.5368043087971276,0.0,0.5637342908438062,0.01974865350089764,0.5789946140035909,0.08258527827648113,0.5834829443447036,0.19569120287253175,0.5843806104129264,0.33034111310592434,0.5843806104129264,0.47845601436265706,0.5843806104129264,0.6131059245960504,0.5843806104129264,0.7289048473967686,0.5843806104129264,0.8258527827648114,0.5843806104129264,0.8976660682226212,0.5843806104129264,0.9515260323159788,0.5771992818671453,0.9865350089766609,0.5646319569120289,1.0,0.5466786355475763,0.9730700179533214,0.5107719928186714,0.9219030520646319,0.464093357271095,0.8500897666068225,0.40843806104129265,0.76032315978456,0.34560143626570916,0.6669658886894072,0.28276481149012567,0.5745062836624778,0.22351885098743277,0.4847396768402154,0.1696588868940754,0.4174147217235188,0.12477558348294428,0.36355475763016143,0.0879712746858168,0.3213644524236984,0.05834829443447033,0.28994614003590646,0.035906642728904724,0.265709156193896,0.020646319569120327,0.24865350089766616,0.008976660682226315,0.23967684021543983,0.0
Triangle,0.5408844388819357,0.005110554860241969,0.5408844388819357,0.0011472674176053695,0.5408844388819357,0.0,0.5408844388819357,0.0,0.5403629536921152,0.0,0.5363996662494784,0.0,0.5324363788068418,0.0,0.5284730913642051,0.0,0.5255527743012097,0.0,0.5255527743012097,0.0,0.5255527743012097,0.0,0.5255527743012097,0.0,0.5255527743012097,0.0,0.5251355861493532,0.0,0.5211722987067167,0.0,0.51720901126408,0.0,0.5069879015435961,0.006257822277847339,0.48362536503963277,0.02190237797246554,0.43606591572799325,0.04964539007092195,0.35846891948268655,0.10367125573633704,0.2557363370880267,0.18262411347517715,0.15394242803504388,0.2635586149353357,0.07655402586566536,0.32571964956195243,0.02106800166875268,0.3732790988735918,0.0,0.4083229036295369,0.02774301209845641,0.4261576971214017,0.10179390905298262,0.4301209845640383,0.20087609511889862,0.43408427200667504,0.3255110554860243,0.43439716312056736,0.45984564038381287,0.44190654985398414,0.5958489778890279,0.4551522736754275,0.724760116812682,0.47079682937004586,0.8198790154359613,0.4826866916979558,0.8938256153525237,0.49155193992490614,0.9518147684605753,0.4938464747601168,0.9920734251147265,0.486232790988736,1.0,0.4624530663329163,0.9689194826866918,0.42448894451397584,0.9164580725907383,0.3752607425949104,0.8467876512307053,0.3185231539424282,0.7634543178973717,0.2591781393408427,0.6762619941593657,0.2036921151439299,0.6007509386733417,0.15404672507300804,0.5382770129328326,0.11180642469753858,0.48925740508969534,0.07738840216937837,0.45358781810596555,0.04964539007092188,0.42480183562786833,0.03222778473091372,0.4039424280350438,0.018669169795577843,0.38923654568210264,0.00792657488527327,0.3773466833541927,0.0
Triangle,0.5794466403162056,0.058102766798418984,0.5794466403162056,0.058102766798418984,0.5794466403162056,0.058102766798418984,0.5777338603425561,0.058102766798418984,0.5728590250329382,0.058102766798418984,0.5679841897233203,0.058102766798418984,0.5665349143610015,0.058102766798418984,0.5665349143610015,0.058102766798418984,0.5665349143610015,0.058102766798418984,0.5665349143610015,0.058102766798418984,0.5665349143610015,0.058102766798418984,0.5665349143610015,0.058102766798418984,0.5665349143610015,0.058102766798418984,0.5665349143610015,0.058102766798418984,0.5665349143610015,0.058102766798418984,0.5665349143610015,0.058102766798418984,0.5649538866930173,0.059683794466403185,0.5503293807641635,0.07430830039525692,0.4936758893280634,0.1194993412384716,0.40303030303030324,0.19328063241106713,0.2880105401844535,0.29209486166007875,0.18563899868247716,0.3993412384716732,0.10698287220026342,0.47891963109354435,0.04334650856389993,0.5425559947299078,0.0,0.5914361001317524,0.009749670619235824,0.615810276679842,0.08484848484848466,0.6238471673254283,0.20013175230566485,0.6262187088274046,0.3451910408432149,0.6262187088274046,0.506060606060606,0.6262187088274046,0.6542819499341235,0.6262187088274046,0.7768115942028986,0.6262187088274046,0.8718050065876154,0.6251646903820817,0.9400527009222662,0.6202898550724638,0.9865612648221345,0.6023715415019764,1.0,0.5745718050065878,0.977206851119895,0.5345191040843217,0.9138339920948618,0.47602108036890656,0.8235836627140979,0.4085638998682479,0.7222661396574444,0.3374176548089596,0.6202898550724645,0.2669301712779977,0.5325428194993416,0.2035573122529646,0.46785243741765514,0.15401844532279338,0.413570487483531,0.11133069828722006,0.3691699604743085,0.07523056653491451,0.3350461133069831,0.04598155467720705,0.3151515151515153,0.02621870882740458,0.30197628458498044,0.01304347826086963,0.29380764163372863,0.004874835309617912,0.2889328063241107,0.0
Triangle,0.5132610329646731,0.0,0.50907333834425,0.0,0.5048856437238269,0.0,0.5027381080210459,0.0,0.5027381080210459,0.0,0.5027381080210459,0.0,0.4986577901857619,0.0,0.4944700955653389,0.0,0.49221518307741874,0.0,0.49221518307741874,0.0,0.49221518307741874,0.0,0.49221518307741874,0.0,0.49221518307741874,0.0,0.49221518307741874,0.0,0.49146354558144534,0.0015032749919466986,0.4872758509610222,0.009878664232792867,0.45216364222055194,0.041447439063674436,0.38934822291420607,0.09449157092236657,0.2950714055621175,0.1779233329754108,0.17942660796735743,0.28776978417266197,0.09567271555889603,0.37989906582196936,0.03446794802963601,0.44572103511220884,0.0,0.4977987759046496,0.00483195533125748,0.5325888542897026,0.057339203264254096,0.5471920970686138,0.15365617953398458,0.5471920970686138,0.2828304520562652,0.5471920970686138,0.4271448512831523,0.5471920970686138,0.5733920326425426,0.5501986470525072,0.7085794051326104,0.5581445291527971,0.8174594652636099,0.5623322237732202,0.8979920541178996,0.5665199183936435,0.9585525609363255,0.5682379469558682,0.9948459143133255,0.5612584559218299,1.0,0.5390314613980457,0.9664984430366154,0.5013422098142382,0.9020723719531838,0.44990872973263185,0.8237946955868141,0.38838183184795444,0.74261784602169,0.322667239342854,0.667668849994631,0.2602813271770642,0.600665736067862,0.20584129711156435,0.5469773434983358,0.16138730806399668,0.5034897455170191,0.12627509932352626,0.4693439278428004,0.09932352625362396,0.44432513690540093,0.07859980672178668,0.4233866638032859,0.06603672286051758,0.4088907978095136,0.059916246107591525,0.39847524965102543,0.055728551487168446,0.3911736282615698,0.052614624718135945,0.3869859336411468,0.052614624718135945
Triangle,0.46212194884761243,0.057181756296800536,0.46212194884761243,0.057181756296800536,0.46212194884761243,0.057181756296800536,0.46212194884761243,0.057181756296800536,0.46212194884761243,0.057181756296800536,0.46212194884761243,0.057181756296800536,0.46212194884761243,0.057181756296800536,0.46212194884761243,0.057181756296800536,0.46212194884761243,0.057181756296800536,0.46212194884761243,0.057181756296800536,0.46212194884761243,0.057181756296800536,0.46212194884761243,0.057181756296800536,0.46212194884761243,0.057181756296800536,0.4588155207624234,0.06048818438198961,0.4464650393853933,0.07147719537100067,0.4123310318000582,0.09802586793737234,0.3571914810852863,0.14207915977827487,0.27754546338617125,0.2154040649615871,0.18963337547408335,0.3041913838374015,0.11027910142954381,0.3911309929009044,0.05338908878731878,0.45560634056209287,0.010113780025284383,0.5030633083730427,0.0,0.5266945443936594,0.03238354565788202,0.529320237284839,0.11076534085383608,0.5184284741806866,0.23213070115724949,0.5108431391617231,0.3865603423125543,0.5032578041427598,0.5435184284741803,0.5003403675970047,0.6881260332587763,0.5003403675970047,0.8093941456773313,0.5003403675970047,0.8966254983954096,0.5003403675970047,0.9613925897111736,0.4939220071963434,0.9974715549936789,0.47738986677039774,1.0,0.44704852669454437,0.9673247106875424,0.4006612856170377,0.9066420305358357,0.34377127297481275,0.827287756491296,0.2837693280171155,0.7481279782164734,0.22522610133229598,0.6769425265000485,0.17183701254497705,0.6170378294272099,0.12690848974034813,0.5715258193134297,0.09277448215501301,0.5380725469221044,0.06768452786151904,0.5118156180103081,0.046970728386657536,0.49226879315374883,0.03014684430613639,0.4808907906253037,0.018866089662549882,0.4695127880968587,0.01128075464358651,0.46105222211416885,0.0066128561703782795,0.45541184479237556,0.002820188660896661,0.452591656131479,0.0,0.452591656131479,0.0
Triangle,0.45773909395973156,0.11818372483221479,0.45773909395973156,0.11818372483221479,0.45773909395973156,0.1153523489932886,0.45773909395973156,0.11304530201342283,0.45773909395973156,0.11304530201342283,0.45773909395973156,0.11304530201342283,0.45773909395973156,0.11304530201342283,0.45773909395973156,0.11304530201342283,0.45773909395973156,0.11304530201342283,0.45773909395973156,0.11304530201342283,0.45773909395973156,0.11304530201342283,0.45773909395973156,0.11304530201342283,0.45773909395973156,0.11304530201342283,0.45606124161073824,0.1147231543624161,0.440121644295302,0.13066275167785238,0.3981753355704698,0.17260906040268462,0.3314807046979867,0.23930369127516773,0.24591023489932898,0.3258179530201341,0.15425755033557068,0.42145553691275156,0.08903104026845637,0.4906669463087249,0.038380872483221445,0.5453020134228189,0.00629194630872479,0.587248322147651,0.0,0.617239932885906,0.05977348993288576,0.6252097315436244,0.14786073825503349,0.6331795302013424,0.26740771812080544,0.639156879194631,0.41338087248322125,0.6439807046979865,0.5687919463087248,0.6519505033557048,0.7058515100671143,0.659920302013423,0.8161703020134228,0.6653733221476511,0.902265100671141,0.6679949664429531,0.9681208053691275,0.6669463087248324,1.0,0.6470218120805371,0.9862625838926173,0.6058095637583893,0.9394924496644298,0.5447776845637587,0.869546979865772,0.4683305369127517,0.7898489932885907,0.3886325503355708,0.7137164429530204,0.3125000000000003,0.6452390939597317,0.24402265100671144,0.5865142617449667,0.18403942953020158,0.539010067114094,0.13265520134228195,0.5031459731543625,0.09679110738255033,0.4760906040268457,0.06679949664429538,0.45574664429530204,0.042470637583892606,0.4404362416107383,0.023804530201342277,0.428481543624161,0.011849832214765037,0.4199874161073827,0.003355704697986618,0.4143246644295302,0.0,0.41033976510067116,0.0,0.4063548657718121,0.0
Triangle,0.45843613588916304,0.0,0.45843613588916304,0.0,0.45843613588916304,0.0,0.45843613588916304,0.0,0.45796166255456455,0.0,0.45435566521161513,0.0,0.4507496678686658,0.0,0.44714367052571635,0.0,0.4435376731827671,0.0,0.4399316758398178,0.0,0.4363256784968685,0.003511102676029602,0.4203833744543556,0.01698614537862969,0.3816663503511103,0.05209717213892578,0.3144809261719492,0.11643575631049524,0.22793698994116524,0.2065856898842286,0.15021825773391537,0.3085025621560069,0.08587967356234577,0.3959954450559878,0.03605997342949326,0.4629910799013095,0.0,0.5134750427025999,0.011766938698045138,0.5400455494401215,0.06889352818371601,0.5557980641487948,0.1654962991079899,0.5666160561776429,0.2936989941165307,0.5771493642057317,0.4451508825204021,0.5843613588916304,0.5937559309166823,0.5972670335927122,0.7253748339343329,0.6098880242930349,0.8331751755551337,0.619946858986525,0.9125071171000187,0.6271588536724235,0.9719111785917632,0.6244069083317517,1.0,0.607136078952363,0.9960144239893717,0.5744923135319795,0.9610931865629153,0.5266654014044414,0.8817612450180302,0.4617574492313533,0.799677358132473,0.3913456063769216,0.7184475232491937,0.3192256595179352,0.6417726323780604,0.24976276333270075,0.5768646802049728,0.1920668058455117,0.5280888214082369,0.1440501043841337,0.4877585879673563,0.10371987094325301,0.45511482254697294,0.07107610552286972,0.43006263048016713,0.04602391345606381,0.41203264376542037,0.027993926741317118,0.39665970772442594,0.015278041374074807,0.38384892769026385,0.007686468020497219,0.3736003036629341,0.00408047067754792,0.36638830897703556,0.00047447333459861986,0.35917631429113694,0.0,0.35405200227747197,0.0,0.35044600493452266,0.0,0.34684000759157335,0.0
Triangle,0.40694765204003086,0.02357582755966128,0.40694765204003086,0.02357582755966128,0.40694765204003086,0.02357582755966128,0.40694765204003086,0.02357582755966128,0.40694765204003086,0.02357582755966128,0.40694765204003086,0.02357582755966128,0.40694765204003086,0.02357582755966128,0.40694765204003086,0.02357582755966128,0.40675519630484985,0.02357582755966128,0.40319476520400316,0.02357582755966128,0.39963433410315635,0.02617397998460349,0.39318706697459593,0.032621247113164,0.37904157043879916,0.046189376443418036,0.325635103926097,0.09247498075442644,0.2668398768283295,0.16031562740569671,0.19707467282525037,0.24432255581216303,0.11787913779830647,0.33737490377213236,0.06091224018475753,0.40502309468822184,0.017898383371824568,0.45592763664357194,0.0,0.49239799846035426,0.014337952270977531,0.5149153194765204,0.0748652809853733,0.522036181678214,0.15848729792147803,0.526270207852194,0.2700153964588142,0.5298306389530407,0.4070438799076214,0.5345458044649731,0.5530215550423402,0.5452270977675135,0.6870669745958428,0.5529253271747498,0.7986913010007695,0.5600461893764435,0.8858737490377213,0.5658198614318707,0.9499615088529637,0.5658198614318707,0.98941493456505,0.5504234026173981,1.0,0.5229984603541187,0.9823903002309469,0.48354503464203247,0.9396651270207853,0.4301385681293306,0.8747113163972287,0.36720554272517336,0.8070631254811395,0.3051385681293303,0.7402809853733645,0.2463433410315629,0.6761932255581218,0.1929368745188607,0.6219207082371057,0.149345650500385,0.5769822940723636,0.11297151655119335,0.5407043879907624,0.08381447267128572,0.5122209391839878,0.06245188606620478,0.4904734411085451,0.04445727482678992,0.47353733641262513,0.031081601231716743,0.46035411855273295,0.0214588144726713,0.4496728252501924,0.0143379522709777,0.4424557351809085,0.0106812933025404,0.43764434180138573,0.0071208622016936006,0.4340839107005389,0.0035604311008468003,0.4305234795996921,0.0
Triangle,0.2936923223289887,0.07925030919988583,0.2936923223289887,0.07925030919988583,0.2936923223289887,0.07925030919988583,0.2936923223289887,0.07925030919988583,0.2936923223289887,0.07925030919988583,0.2936923223289887,0.07925030919988583,0.2936923223289887,0.07925030919988583,0.2936923223289887,0.07925030919988583,0.2936923223289887,0.07925030919988583,0.2936923223289887,0.07925030919988583,0.2936923223289887,0.08277043097707164,0.2887451241556464,0.08885929026733898,0.26153553420226433,0.11178765103225195,0.20178860241651614,0.16259157073541997,0.1258681381409951,0.24574255541813342,0.07059271239653694,0.3288935401008467,0.0275901436590239,0.39872514508610024,0.0,0.4522880791551708,0.0,0.4920559413947293,0.06507468366473217,0.514698886880411,0.19560460469983817,0.531633526781467,0.3636190657406524,0.544762629626106,0.5390543240414805,0.5556084102368947,0.6945105127961179,0.5664541908476833,0.8128627152506896,0.5744458186661593,0.9050518504423938,0.5816763390733517,0.9710779183712301,0.5843402150128436,1.0,0.5698791741984588,0.9723147179145656,0.5287793739891541,0.8986775758728953,0.471696318142898,0.7886975549424413,0.40291123584815913,0.6558843116734853,0.32737132527828006,0.5401959851584056,0.25868138140995156,0.4438207592046428,0.20102749500523262,0.3654266958424509,0.1519360669774523,0.3043478260869566,0.11055085148891641,0.26096470364380187,0.07801350965655043,0.23052040719246508,0.0551802873180478,0.20816287698601477,0.03567690990391016,0.19236989820188372,0.019883931119779263,0.18161925601750545,0.009228427361811457,0.17438873561031304,0.005613167158215252,0.16715821520312057,0.00199790695461898,0.16154504804490538,0.0,0.1579297878413091,0.0,0.15431452763771283,0.0,0.15069926743411668,0.0,0.14917705261154982,0.0,0.14917705261154982,0.0,0.14917705261154982,0.0
Triangle,0.45696238333176203,0.13858772508720657,0.45696238333176203,0.13858772508720657,0.45696238333176203,0.13858772508720657,0.45696238333176203,0.13858772508720657,0.45696238333176203,0.13858772508720657,0.45696238333176203,0.13858772508720657,0.45696238333176203,0.13858772508720657,0.45696238333176203,0.13858772508720657,0.45696238333176203,0.13858772508720657,0.45696238333176203,0.13858772508720657,0.45696238333176203,0.13858772508720657,0.45696238333176203,0.13858772508720657,0.45696238333176203,0.13858772508720657,0.45696238333176203,0.13858772508720657,0.45696238333176203,0.13858772508720657,0.45696238333176203,0.13858772508720657,0.45507683605166405,0.14000188554728005,0.4422551145469972,0.14961817667578015,0.4000188554728009,0.17959837842933912,0.3311021023852174,0.22485151315169224,0.22211746959555018,0.2889601206750259,0.1395304987272555,0.35042896200622237,0.07240501555576502,0.403978504761007,0.02111812953709807,0.44564909965117383,0.0,0.47525219194871315,0.024040727821250038,0.5008956349580466,0.09512586028094672,0.5229565381351938,0.22654850570378038,0.5389836900160273,0.3777693975676436,0.5589704911850665,0.5384180258319978,0.5819741680022628,0.6858678231356651,0.6076176110115962,0.8026774771377394,0.6285471858206845,0.8990289431507497,0.6458942207975865,0.9727538418025831,0.6587159423022532,1.0,0.6441972282454982,0.9466390119732255,0.5840482700103706,0.7895729235410576,0.46544734609220306,0.6542849061940229,0.3686244932591686,0.5417177335721695,0.2860375223908742,0.4510229093994532,0.2172150466672952,0.383708871499953,0.16592816064862836,0.33506175167342306,0.12501178467050061,0.2998962948995946,0.09173187517677009,0.27745828226642794,0.06608843216743668,0.259922692561516,0.047798623550485565,0.2449325916847365,0.03280852267370607,0.23211087018006965,0.019986801169039236,0.22211746959555004,0.012821721504666704,0.21391533892712356,0.006410860752333352,0.2075044781747902,0.0
Triangle,0.45094593197560223,0.10637857955132846,0.45094593197560223,0.10637857955132846,0.45094593197560223,0.10637857955132846,0.45094593197560223,0.10637857955132846,0.45094593197560223,0.10637857955132846,0.45094593197560223,0.10637857955132846,0.45094593197560223,0.10637857955132846,0.45094593197560223,0.10637857955132846,0.45094593197560223,0.10637857955132846,0.45094593197560223,0.10637857955132846,0.45094593197560223,0.10637857955132846,0.45094593197560223,0.10637857955132846,0.45094593197560223,0.10637857955132846,0.45094593197560223,0.10637857955132846,0.45094593197560223,0.10854957097074341,0.44991212653778573,0.11299493435335466,0.4430890106481961,0.123229608187739,0.3998759433474621,0.15620800165408863,0.32978393466349654,0.20676108756332054,0.22061408043006303,0.28522692029360086,0.13522175126641175,0.34704848547503364,0.06450945931975605,0.39801509355939213,0.009924532203039437,0.4355422309521349,0.0,0.46562596919259797,0.02501809159516158,0.49043729970019645,0.1068954822702365,0.5074950894241704,0.23270960405251687,0.5271373927426859,0.37630517936524377,0.5485371653054896,0.5298252868810093,0.5724180709190532,0.6618422412901894,0.5909231882559705,0.7766980254316138,0.6059133671043111,0.8653985319962784,0.6161480409386955,0.9317688411041044,0.6180088907267653,0.9795306523312313,0.612322960818774,1.0,0.5952651710948,0.985733484958131,0.5608394500155073,0.9354905406802445,0.5034632482166861,0.8331438023364011,0.41135118370722673,0.7337950997622248,0.32823322650677145,0.6415796547089837,0.2530755711775045,0.5597022640339089,0.1882559702264034,0.5026362038664325,0.14204486715600137,0.4538405872014888,0.10348392432544205,0.41290189186395143,0.07277990282228887,0.38798718081257116,0.05169027189083021,0.3687583996691823,0.03432234053551127,0.3551121678900032,0.020676108756332114,0.3480822909128503,0.010338054378166057,0.3429132637237673,0.0034115579447948066,0.33950170577897243,0.0
Triangle,0.44816650148662046,0.08741328047571854,0.4444003964321111,0.08741328047571854,0.44331020812685834,0.08741328047571854,0.44331020812685834,0.08741328047571854,0.44331020812685834,0.08741328047571854,0.44331020812685834,0.08741328047571854,0.44331020812685834,0.08741328047571854,0.44331020812685834,0.08741328047571854,0.44331020812685834,0.08741328047571854,0.44331020812685834,0.08741328047571854,0.44331020812685834,0.08741328047571854,0.44331020812685834,0.08741328047571854,0.44331020812685834,0.08741328047571854,0.44331020812685834,0.08780971258671959,0.44331020812685834,0.09157581764122898,0.4248761149653123,0.10455896927651138,0.37254707631318146,0.1334985133795838,0.2863230921704659,0.18206144697720505,0.17710604558969298,0.25361744301288397,0.09643211100099112,0.328741328047572,0.034687809712586705,0.389197224975223,0.0,0.4349851337958375,0.0024777006937561834,0.4673934588701686,0.07779980178394422,0.48245787908820625,0.1947472745292368,0.49454905847373637,0.34350842418235883,0.50396432111001,0.5106045589692763,0.5130822596630328,0.6687809712586719,0.5281466798810704,0.7853320118929635,0.5397423191278494,0.8769078295341921,0.5486620416253718,0.9456888007928644,0.5523290386521309,0.9924677898909815,0.5473736372646186,1.0,0.5210109018830525,0.9759167492566897,0.47740336967294356,0.9081268582755208,0.40882061446977236,0.8019821605550053,0.32120911793855306,0.6927651139742325,0.24588701684836503,0.6037661050545097,0.18404360753221025,0.5331020812685828,0.13290386521308228,0.47760158572844424,0.09246778989098128,0.4328047571853321,0.06253716551040642,0.40267591674925673,0.03994053518334982,0.3808721506442023,0.02289395441030728,0.3670961347869178,0.011199207135778076,0.36015857284440045,0.004261645193260652,0.35639246778989103,0.0004955401387512643,0.3558969276511398,0.0,0.3558969276511398,0.0,0.3558969276511398,0.0,0.3558969276511398,0.0
Triangle,0.5312932067471657,0.0045165453037146275,0.5312932067471657,0.0008295695455802416,0.5312932067471657,0.0,0.5312932067471657,0.0,0.5312932067471657,0.0,0.5312932067471657,0.0,0.5312932067471657,0.0,0.5312932067471657,0.0,0.5312932067471657,0.0,0.5312932067471657,0.0,0.5312932067471657,0.0,0.5312932067471657,0.0,0.5312932067471657,0.0,0.5285279749285648,0.0027652318186008056,0.509355700986266,0.012259194395796882,0.46289980643377265,0.03364365379297636,0.38436722278551017,0.07189602728362063,0.2921928288321506,0.12720066365563643,0.2031523642732049,0.191907088210895,0.13079546501981754,0.2536639321596461,0.07549082864780174,0.3067563830767812,0.03318278182320967,0.34841920914369984,0.0,0.377915015208775,0.0018434878790672892,0.40040556733339483,0.04295326758226576,0.4198543644575537,0.11484929486588633,0.43460226749009123,0.21753156972992885,0.4476910314314683,0.3583740436906631,0.4661259102221403,0.5132270255323074,0.4845607890128123,0.655912987372108,0.4999539128030232,0.7716840261775282,0.5124896303806802,0.8601714443727535,0.5221679417457831,0.927458751958706,0.5278827541708913,0.9790764125725873,0.5241957784127568,1.0,0.503456539773251,0.9977878145451193,0.4710111531016683,0.9744676928749193,0.427136141579869,0.9329892155959075,0.3736749930869204,0.8775002304359848,0.31459120656281664,0.8148216425477001,0.251912618674532,0.7521430546594156,0.19513319199926252,0.6958244999539128,0.14406857774910126,0.6480781638860725,0.10129965895474244,0.6089040464558947,0.06903862107106654,0.5794082403908193,0.043229790764125586,0.5598672688727071,0.02737579500414778,0.5439210987187759,0.015116600608350962,0.5324914738685593,0.007373951516268772,0.5259470918978708,0.003686975758134386,0.5222601161397364,0.0
Triangle,0.5378713358253001,0.06747983474326186,0.5378713358253001,0.06747983474326186,0.5378713358253001,0.06747983474326186,0.5378713358253001,0.06747983474326186,0.5378713358253001,0.06747983474326186,0.5378713358253001,0.06747983474326186,0.5362318840579711,0.06747983474326186,0.5332808708767788,0.06747983474326186,0.5314446848973704,0.06747983474326186,0.5314446848973704,0.06747983474326186,0.5320348875336088,0.06688963210702342,0.534985900714801,0.06426650927929702,0.5378713358253001,0.06426650927929702,0.5378713358253001,0.06426650927929702,0.5130828251032855,0.08079218309397337,0.4640960062954948,0.11843399567184727,0.38199226178765827,0.19319299626205008,0.27673945832513597,0.2925437733621879,0.17824119614400943,0.3868450390189522,0.10269525870548883,0.46088268083153006,0.0478064135353137,0.5157715260017051,0.01180405272476885,0.5526919798019543,0.0,0.5707259492425732,0.012787723785166258,0.579185520361991,0.052462456554528254,0.5849563905829891,0.12033575972194913,0.5879074037641814,0.22204734736704043,0.5908584169453737,0.3406780772509673,0.5938094301265657,0.4639648501541087,0.5944652108334973,0.5838415633812057,0.5924322906420095,0.6930290510853171,0.5894812774608172,0.7872647386713884,0.586530264279625,0.8628762541806021,0.5835792510984327,0.9189455046232541,0.5796445668568433,0.9603252672306383,0.5722998229392091,0.9895730867597877,0.5600367237195882,1.0,0.5444947209653093,0.9911469604564236,0.5179356023345795,0.9649813102498528,0.48272017837235237,0.9253065774804907,0.4394386517148667,0.8816315823988456,0.38809102236212195,0.8331693881566007,0.3307757885763001,0.7774936061381077,0.2717555249524561,0.7216210899075349,0.21430913502524745,0.6711259754738017,0.16086300741032206,0.6270575119679977,0.11384353072332591,0.591055151157453,0.074103219883271,0.5625942684766215,0.040789559971145695,0.539510787592629,0.01770607908715325,0.5218047085054759,0.0
Triangle,0.581870126778168,0.00583298613177787,0.581870126778168,0.002916493065888935,0.581870126778168,0.002916493065888935,0.581870126778168,0.002916493065888935,0.5792512350455329,0.002916493065888935,0.5789536337122789,0.006190107731682639,0.5789536337122789,0.008749479197666804,0.5789536337122789,0.008749479197666804,0.5789536337122789,0.011070769597047784,0.5788941134456282,0.014701505862746279,0.5710374382477232,0.02398666746027024,0.5364561633236117,0.051425510386286524,0.464198559609547,0.11856437116838281,0.36688292363549774,0.22034402714124166,0.26813880126182965,0.34372953990833877,0.18314386048449485,0.4608654246771027,0.11332658770311287,0.5610975537170406,0.06094875305041369,0.6420451163621211,0.02690316052615913,0.6953157550145824,0.004999702398666728,0.7279328611392177,0.0,0.7465031843342658,0.01607047199571453,0.7545384203321229,0.07392417118028687,0.7498958395333609,0.16594250342241548,0.7393607523361704,0.28831617165644907,0.7286471043390274,0.42402237962026057,0.7161478483423604,0.5584191417177551,0.7018629843461697,0.6772811142193916,0.6877566811499315,0.7731087435271708,0.6778763168858997,0.8492946848401879,0.6707338848878043,0.9107196000238081,0.6635914528897089,0.9538717933456341,0.6564490208916136,0.9817272781382059,0.6522230819594073,0.9983929528004284,0.6438902446282959,1.0,0.6294863400988037,0.9889292304029521,0.604130706505565,0.9615499077435865,0.5651449318492945,0.9231593357538239,0.5097910838640556,0.873638473900363,0.4459853580144039,0.8178679840485685,0.3759300041664187,0.7607285280638054,0.30450568418546486,0.7041842747455507,0.23659305993690832,0.6543658115588357,0.17248973275400262,0.613415868103089,0.12106422236771619,0.5766918635795488,0.07975715731206477,0.5480030950538658,0.050711267186477026,0.5284804475924051,0.030236295458603596,0.5158026307957858,0.01559430986250816,0.5050889827986429,0.007142431998095344,0.4972918278673888,0.0
Triangle,0.47028048248801035,0.1032553407934893,0.47028048248801035,0.10049411422758318,0.4683185583490771,0.09969481180061036,0.465557331783171,0.09969481180061036,0.46315942450225245,0.09969481180061036,0.46315942450225245,0.09969481180061036,0.46083418107833163,0.09969481180061036,0.45807295451242536,0.09969481180061036,0.4560383665164946,0.09969481180061036,0.4560383665164946,0.09969481180061036,0.45334980380758605,0.09969481180061036,0.4524778375236157,0.09969481180061036,0.4524778375236157,0.10078476965557331,0.45189652666763536,0.10412730707745967,0.4463740735358233,0.11241098677517804,0.42958872256939395,0.1387153030082837,0.3855544252288911,0.19088795233250974,0.3094753669524779,0.2790292108705128,0.2017875308821394,0.4198517657317248,0.12549048103473326,0.5659061182967592,0.06547013515477405,0.6831855834907715,0.022162476384246493,0.7741607324516783,0.0,0.8420287748873709,0.041418398488591614,0.8641185874146199,0.1416945211451822,0.8600494114227581,0.27147216974276994,0.8503851184420868,0.41621857288184816,0.8426827496003487,0.5653248074407788,0.8371602964685364,0.694085162040401,0.8290946083418108,0.798430460688853,0.822554861212033,0.8801046359540762,0.8170324080802208,0.9424502252579564,0.8104926609504433,0.9838686237465483,0.7856416218572881,1.0,0.7439325679407062,0.9860485394564743,0.6878360703386136,0.9392530155500652,0.6185147507629705,0.856416218572882,0.5356779537857871,0.7538148524923702,0.44542944339485546,0.652230780409824,0.359322772852783,0.5571864554570558,0.2817177735794218,0.47231507048394133,0.2158116552826625,0.41432931259991274,0.16334835053044613,0.36855108269146925,0.1190233977619533,0.3320738264787095,0.08378142711815145,0.30344426682168285,0.05747711088504576,0.28411568086034006,0.0381485249237029,0.2719808167417527,0.02361575352419713,0.26253451533207384,0.013006830402557795,0.2550501380613283,0.005522453131812245,0.24952768492951602,0.0
Triangle,0.3873660346248968,0.0,0.3873660346248968,0.0,0.3873660346248968,0.0,0.3873660346248968,0.0,0.3873660346248968,0.0,0.3873660346248968,0.0,0.3873660346248968,0.0,0.3873660346248968,0.0,0.3873660346248968,0.0,0.3873660346248968,0.0,0.3873660346248968,0.0,0.3873660346248968,0.0,0.3873660346248968,0.0,0.3873660346248968,0.0,0.3873660346248968,0.0,0.3873660346248968,0.0,0.3873660346248968,0.0,0.3892209398186314,0.0,0.39200329760923314,0.0,0.394785655399835,0.0,0.397464962901896,0.00020610057708160483,0.397464962901896,0.005770816158285222,0.38757213520197853,0.016281945589447608,0.3430544105523494,0.044105523495465766,0.283800494641385,0.1036685902720525,0.20311211871393256,0.20939818631492127,0.13726298433635606,0.29699093157460815,0.08161582852431981,0.3721145919208573,0.03895300906842528,0.4277617477328935,0.0,0.4778441879637261,0.1512778235779059,0.517209398186315,0.3111088211046987,0.5532769991755976,0.4780502885408072,0.5727535037098103,0.6282976092333051,0.5903751030502883,0.7451566364385812,0.6042868920032973,0.8432605111294309,0.6153132728771639,0.9239488870568833,0.6236603462489694,0.9693940643033796,0.6183017312448474,1.0,0.6071723000824402,0.9019991755976916,0.531739488870569,0.787716405605936,0.4488870568837595,0.6708573784006601,0.3737633965375107,0.5633759274525973,0.3029678483099757,0.48268755152514425,0.24453833470733732,0.4118920032976093,0.19229183841714775,0.35346248969497124,0.1477741137675188,0.31079967023907656,0.11201566364385827,0.2774113767518548,0.08140972794723832,0.25535861500412205,0.05760511129431172,0.2358821104699092,0.03534624896949711
Triangle,0.4830354275928504,0.14684790752434976,0.4830354275928504,0.14684790752434976,0.4830354275928504,0.14684790752434976,0.4830354275928504,0.14684790752434976,0.4830354275928504,0.14684790752434976,0.48271433158514415,0.14684790752434976,0.479503371508081,0.14684790752434976,0.47779085946698074,0.14684790752434976,0.47779085946698074,0.14684790752434976,0.47779085946698074,0.14684790752434976,0.47779085946698074,0.14684790752434976,0.47779085946698074,0.14684790752434976,0.47779085946698074,0.14502836348068068,0.47779085946698074,0.1418174034036177,0.47779085946698074,0.14160333939848013,0.47779085946698074,0.14160333939848013,0.47779085946698074,0.14160333939848013,0.47779085946698074,0.14160333939848013,0.4768275714438618,0.14203146740875525,0.4479289307502944,0.15487530771700742,0.3882050733169217,0.18313175639516224,0.2822433907738416,0.23450711762817084,0.20089906882157788,0.31049983945199616,0.13004388312105328,0.39270041742481016,0.07866852188804467,0.46655249919726,0.03532056084769377,0.5291662206999892,0.0,0.580541581932998,0.15391201969388865,0.6235684469656428,0.3361875200685005,0.6623140318955366,0.5160012843840306,0.691212672589104,0.6630632559135184,0.714331585143958,0.788290698918977,0.7335973456063363,0.8762710050305043,0.7404473937707373,0.9479824467515789,0.7383067537193619,0.9897249277533983,0.7190409932569837,1.0,0.6862892004709407,0.9897249277533983,0.6439045274537084,0.8805522851332549,0.5475757251418173,0.7755538906132935,0.455421170930108,0.6760141282243392,0.368725248849406,0.5893182061436367,0.2948731670769557,0.5101145242427485,0.2269078454457881,0.4523172428556138,0.1723215241357165,0.4030825216739807,0.1262977630311463,0.3613400406721611,0.08776624210638982,0.3340468800171253,0.060794177459060295,0.31178422348282153,0.037675264904206286,0.29894038317456917,0.02162046451889115,0.2901637589639304,0.009632880231189096,0.2837418388098043,0.0
Triangle,0.5142610198789975,0.01694036300777874,0.5142610198789975,0.01694036300777874,0.5142610198789975,0.01694036300777874,0.5142610198789975,0.01694036300777874,0.5142610198789975,0.01694036300777874,0.5142610198789975,0.01694036300777874,0.5142610198789975,0.01694036300777874,0.5142610198789975,0.01694036300777874,0.5142610198789975,0.01694036300777874,0.5142610198789975,0.01694036300777874,0.5142610198789975,0.01694036300777874,0.5142610198789975,0.01694036300777874,0.5142610198789975,0.01694036300777874,0.5142610198789975,0.01694036300777874,0.5142610198789975,0.01694036300777874,0.5142610198789975,0.01694036300777874,0.5142610198789975,0.01694036300777874,0.5142610198789975,0.01694036300777874,0.5142610198789975,0.01694036300777874,0.5142610198789975,0.01694036300777874,0.5142610198789975,0.01694036300777874,0.5142610198789975,0.019965427830596405,0.49913569576490924,0.03630077787381164,0.45479688850475364,0.07934312878133118,0.3690579083837515,0.16646499567847842,0.22748487467588616,0.3417458945548829,0.12411408815903212,0.4788245462402763,0.04295592048401054,0.5853932584269661,0.0,0.6667242869490061,0.014347450302506412,0.7273120138288679,0.09524632670700083,0.7576490924805533,0.2531547104580812,0.7594641313742437,0.43102852203975806,0.7560933448573899,0.6051858254105447,0.7527225583405359,0.7599827139152984,0.7485738980121004,0.8712186689714781,0.7350907519446845,0.9547968885047539,0.7105445116681073,1.0,0.6740708729472775,0.9766637856525497,0.6084701815038893,0.8551426101987899,0.49403630077787375,0.7304235090751944,0.38280034572169397,0.6244598098530686,0.2876404494382025,0.5396715643906654,0.20933448573897998,0.4745894554883321,0.1476231633535006,0.42454624027657734,0.10077787381158164,0.3942091616248921,0.0670700086430424,0.3716508210890233,0.041140881590319714,0.3548833189282628,0.022731201382886788,0.3431287813310286,0.010112359550561847,0.3363872082973207,0.0
Triangle,0.41986372389275656,0.02903273589097911,0.41719745222929927,0.02636646422752183,0.41623463190638416,0.02540364390460672,0.41623463190638416,0.02540364390460672,0.41623463190638416,0.02540364390460672,0.41623463190638416,0.02540364390460672,0.41623463190638416,0.02540364390460672,0.41623463190638416,0.02540364390460672,0.41623463190638416,0.02540364390460672,0.41623463190638416,0.02540364390460672,0.41623463190638416,0.02540364390460672,0.416530884313435,0.02540364390460672,0.41919715597689217,0.02540364390460672,0.42186342764034945,0.02540364390460672,0.42349281587912896,0.026440527329284518,0.4231225003703154,0.029477114501555372,0.40979114205302913,0.045474744482298886,0.3662420382165604,0.08635757665531033,0.2929195674714855,0.15842097467041924,0.18626870093319503,0.27307065619908166,0.10983557991408673,0.3549844467486297,0.04917789957043396,0.42097467041919706,0.007998814990371781,0.4728188416530884,0.0,0.5101466449414901,0.05169604503036597,0.5222189305288105,0.1476818249148277,0.527551473855725,0.28166197600355525,0.5302177455191823,0.4363057324840767,0.5328840171826394,0.5826544215671755,0.5355502888460967,0.7099688934972597,0.5371056139831135,0.8121759739297882,0.5371056139831135,0.8841653088431345,0.5371056139831135,0.9413420234039401,0.5296993038068434,0.981336098355799,0.5154791882684046,1.0,0.4941490149607463,0.9771885646570877,0.4546733817212264,0.93038068434306,0.4032735890979113,0.8663901644200858,0.3432824766701228,0.7944008295067395,0.27929195674714846,0.7247815138497999,0.22241149459339352,0.6639016442008591,0.1720485853947563,0.613242482595171,0.1284994815582876,0.5759146793067693,0.09383794993334316,0.547178195822841,0.06776773811287212,0.5240705080728779,0.04732632202636642,0.5060731743445415,0.03155088135091096,0.4954080876907124,0.018219523033624577,0.4866686416827135,0.008739446007998785,0.4805954673381721,0.002666271663457278,0.4779291956747148,0.0
Triangle,0.43646920228879166,0.020615954224166944,0.4334399192191181,0.020615954224166944,0.4304106361494446,0.020615954224166944,0.42822282059912486,0.020615954224166944,0.42822282059912486,0.020615954224166944,0.42822282059912486,0.020615954224166944,0.42822282059912486,0.020615954224166944,0.42822282059912486,0.020615954224166944,0.42822282059912486,0.020615954224166944,0.42822282059912486,0.020615954224166944,0.42822282059912486,0.020615954224166944,0.42822282059912486,0.020615954224166944,0.42822282059912486,0.020615954224166944,0.42822282059912486,0.020615954224166944,0.42822282059912486,0.020615954224166944,0.42822282059912486,0.020615954224166944,0.42822282059912486,0.020615954224166944,0.42822282059912486,0.02667452036351399,0.4198922921575226,0.04501851228542579,0.392628744530461,0.08439919219118143,0.2852574890609222,0.19816560080780884,0.18731066980814537,0.3163076405250757,0.10552002692696046,0.4270447660720297,0.04493436553349032,0.511864692022888,0.0,0.5732076741837766,1.7578219817693487e-16,0.6110737125546953,0.05545270952541265,0.6284079434533827,0.19177044766072054,0.6405250757320766,0.35636149444631476,0.6479299899023897,0.5239818243015821,0.652726354762706,0.6818411309323462,0.6557556378323794,0.7939246045102661,0.658784920902053,0.8828677213059578,0.6555031975765734,0.9515314708852238,0.6454055873443284,1.0,0.6272298889262872,0.9954560753954896,0.585493099966341,0.9579266240323123,0.5282733086502859,0.8935543588017504,0.45859979804779505,0.8087344328508916,0.379838438236284,0.7185291147761694,0.3037697744867047,0.6372433524065971,0.23603163917872755,0.5680747223157184,0.17746549983170642,0.5165769101312689,0.12899697071693025,0.47728037697744863,0.09272972063278356,0.44766072029619647,0.06344665095927284,0.42696061932009427,0.03996970716930325,0.4118142039717267,0.02482329182093563,0.4010434197239986,0.01405250757320764,0.39304947829013803,0.00605856613934699,0.38699091215079096,0.0
Triangle,0.4144344575954436,0.0,0.4144344575954436,0.0,0.4144344575954436,0.0,0.4144344575954436,0.0,0.4144344575954436,0.0,0.4144344575954436,0.0,0.4144344575954436,0.0,0.4144344575954436,0.0,0.4144344575954436,0.0,0.4144344575954436,0.0,0.4144344575954436,0.0,0.4144344575954436,0.0,0.4144344575954436,0.0,0.4144344575954436,0.0,0.4144344575954436,0.0,0.4144344575954436,0.0,0.4144344575954436,0.0,0.4124766396725104,0.003915635845866312,0.4052683100471657,0.01512859304084711,0.37883776808756775,0.05036931565364423,0.30123698496039863,0.12449942155379545,0.20761769155468543,0.22425914389961718,0.13713624632909147,0.35641185369760603,0.08160541069680524,0.4607991456794517,0.03524072261279706,0.5476550680786685,0.0,0.6122630595354631,0.040402242591438736,0.6568479131440775,0.12823707395212255,0.6870161075020023,0.2780101450565099,0.6958262881552016,0.44166592506896857,0.702322683990389,0.5983803506273917,0.7064163032837947,0.7305330604253805,0.7064163032837947,0.8314496751802082,0.7016107502002314,0.9156358458663343,0.6918216605855656,0.9802438373231287,0.674201299279167,1.0,0.6416303283794609,0.9733024828690935,0.5839636913767023,0.8793272225683015,0.48705170419151067,0.7827712022781882,0.39788199697428145,0.6893298923200142,0.31672154489632465,0.6012280857880218,0.24624009967073068,0.531814541247664,0.19177716472368073,0.4729910118358993,0.14514550146836355,0.42600338168550334,0.10696805197116678,0.3928094687194092,0.07982557622141148,0.3671798522737386,0.05606478597490442,0.3495594909673401,0.03550769778410619,0.34048233514283166,0.023493815075198057,0.33309602206994765,0.013170775117914077,0.327222568301148,0.004360594464714782
Triangle,0.23325219599957672,0.0,0.23325219599957672,0.0,0.23325219599957672,0.0,0.23325219599957672,0.0,0.23325219599957672,0.0,0.23325219599957672,0.0,0.23325219599957672,0.0,0.23547465340247659,0.0,0.2387554238543761,0.0,0.24203619430627576,0.0,0.24531696475817558,0.0016933008783998143,0.24859773521007508,0.004974071330299552,0.2518785056619747,0.008254841782199214,0.25632342046777445,0.011535612234098878,0.2628849613715738,0.01481638268599854,0.2770663562281724,0.018097153137898205,0.29220023282887087,0.022647899248597746,0.30204254418456983,0.03249021060429681,0.30987406074716906,0.04836490633929522,0.31463646946766866,0.06942533601439313,0.26542491268917356,0.13175997460048694,0.20584188803047934,0.22076410202137817,0.13366493808868662,0.342152608741666,0.0814901047729919,0.4321092179066569,0.03608847497089644,0.509789395703249,0.0,0.5688432638374432,0.0244470314318976,0.6139273997248388,0.08593501957879192,0.6507566938300352,0.2302889194623771,0.6704413165414331,0.38723674462906127,0.6865276748862315,0.554556037675945,0.69965075669383,0.6837760609588325,0.7095988993544291,0.7964864006773206,0.7156312837337285,0.8850672028786114,0.7156312837337285,0.9524817440999053,0.7050481532437296,1.0,0.6874801566303312,0.9967192295481004,0.6546724521113345,0.9193565456662084,0.581648851730342,0.8016721346174198,0.4871414964546511,0.6901259392528304,0.40184146470525944,0.5912795004762406,0.3244787808233675,0.5059794687268496,0.25558260133347444,0.4443856492750555,0.20150280452957975,0.3906233463858609,0.15430204254418442,0.34797333051116514,0.11821356757328806,0.3174939146999683,0.08942745264049107,0.2928352206582708,0.06476875859879354,0.2764313683987723,0.04836490633929508,0.26383744311567364,0.0357709810561964,0.2539951317599746,0.02592866970049741
Triangle,0.5458932130494074,0.09766075736913879,0.5458932130494074,0.09367460400713315,0.5458932130494074,0.09252071750760517,0.5458932130494074,0.09252071750760517,0.5458932130494074,0.09252071750760517,0.5458932130494074,0.09252071750760517,0.5458932130494074,0.09252071750760517,0.5458932130494074,0.09252071750760517,0.5458932130494074,0.09252071750760517,0.5458932130494074,0.09252071750760517,0.5458932130494074,0.09252071750760517,0.5458932130494074,0.09252071750760517,0.5458932130494074,0.09252071750760517,0.5458932130494074,0.09252071750760517,0.5458932130494074,0.09252071750760517,0.5458932130494074,0.09252071750760517,0.5458932130494074,0.09252071750760517,0.5458932130494074,0.09252071750760517,0.5458932130494074,0.09252071750760517,0.5458932130494074,0.09252071750760517,0.5380258050980805,0.1003881254589321,0.5099129340186721,0.12850099653834043,0.44812755690758427,0.18871289205916297,0.3165844959613976,0.30032518619532134,0.2070701772789261,0.427672296234134,0.11937480331480126,0.5392845903702927,0.05181999370607384,0.6250917864260987,0.0,0.6888702402181894,0.05465226056855149,0.7196055806147068,0.17381726633798378,0.7298856603377741,0.3362005664533726,0.7298856603377741,0.5183048358334204,0.7298856603377741,0.6777509703136473,0.7298856603377741,0.8006923318997168,0.7268435959299276,0.8971992027693276,0.7171929088429667,0.9681107731039547,0.6975768383509914,1.0,0.6617014580929403,0.9819574110982905,0.6044267282072802,0.9242630861218923,0.5301583971467535,0.8357285219762934,0.44519039127242244,0.7283121787475088,0.3577048148536663,0.628658344697367,0.2779817476135528,0.5436903388230361,0.2070701772789261,0.47466694639672735,0.14822196580300015,0.42137836987307253,0.10227630336725058,0.3815168362530159,0.0664009231091995,0.3555019406272948,0.04091052134690044,0.3362005664533726,0.02160914717297813,0.3225637260044059,0.007972306724011415,0.31459141928039447,0.0
Triangle,0.47853217844835616,0.04107292539815591,0.47853217844835616,0.04107292539815591,0.47853217844835616,0.04107292539815591,0.47853217844835616,0.04107292539815591,0.47853217844835616,0.04107292539815591,0.47853217844835616,0.04107292539815591,0.47853217844835616,0.04107292539815591,0.47853217844835616,0.04107292539815591,0.47853217844835616,0.04107292539815591,0.47853217844835616,0.04107292539815591,0.47853217844835616,0.04107292539815591,0.47853217844835616,0.04107292539815591,0.47489987892334923,0.04107292539815591,0.4711744435130856,0.0438670019558536,0.4537580329701033,0.05737170531805904,0.412778243457204,0.08978299338735223,0.3423675142032226,0.1501350470336221,0.23060445189531537,0.2656235447517928,0.14417435037720036,0.3811120424699638,0.07851355127130476,0.4756449660054019,0.02859271677377305,0.5471733258824626,0.0,0.597187296265251,0.029803483282108693,0.6195399087268324,0.1162335848002237,0.6277358666294123,0.24075626338828363,0.6324857967774984,0.38977367979882643,0.636211232187762,0.54586942348887,0.6399366675980256,0.6894849585545311,0.643475831237776,0.8012480208624384,0.643475831237776,0.8853497252491384,0.643475831237776,0.9501723013877249,0.6367700474993014,0.9906864114743411,0.6186085498742665,1.0,0.5854521747229207,0.9776473875384184,0.5332960789792306,0.9311725807953806,0.47080189997205935,0.8723107013132158,0.3996460836360249,0.80720871751886,0.3269069572506285,0.7438763155443792,0.2579864021607525,0.6919064915712021,0.19502654372729802,0.6472012666480396,0.14659588339387158,0.611437086709509,0.1071062680450778,0.5843345440998418,0.07627829002514673,0.5645897364254449,0.05280804694048623,0.5501536742106734,0.035112228741734246,0.5389773679798827,0.023935922510943407,0.5311539536183292,0.01611250814938993,0.523703082797802,0.011176306230790712,0.5179286579118935,0.007450870820527141,0.5142032225016299,0.0037254354102635705,0.5104777870913664,0.0
Triangle,0.5123546511627908,0.06104651162790698,0.5123546511627908,0.06104651162790698,0.5123546511627908,0.06104651162790698,0.5123546511627908,0.06104651162790698,0.5123546511627908,0.06104651162790698,0.5123546511627908,0.06104651162790698,0.5123546511627908,0.06104651162790698,0.5123546511627908,0.06104651162790698,0.5123546511627908,0.06104651162790698,0.5123546511627908,0.06104651162790698,0.5123546511627908,0.06104651162790698,0.5123546511627908,0.06104651162790698,0.5109011627906977,0.062499999999999965,0.5058139534883722,0.0683139534883721,0.49709302325581406,0.08139534883720931,0.4665697674418606,0.1119186046511628,0.42514534883720956,0.1642441860465116,0.3553779069767444,0.23837209302325585,0.26162790697674443,0.33866279069767435,0.16569767441860472,0.4505813953488372,0.09156976744186061,0.5457848837209303,0.03924418604651167,0.6155523255813954,0.0,0.6678779069767442,0.0043604651162789465,0.6874999999999999,0.046511627906976584,0.6889534883720931,0.12281976744186031,0.6824127906976746,0.22892441860465118,0.6751453488372094,0.3575581395348837,0.6707848837209303,0.49709302325581406,0.6664244186046512,0.6322674418604648,0.6664244186046512,0.7529069767441858,0.6664244186046512,0.8473837209302325,0.6635174418604652,0.9193313953488373,0.6547965116279071,0.9716569767441862,0.6388081395348837,1.0,0.6148255813953489,0.995639534883721,0.5799418604651163,0.9563953488372097,0.5276162790697677,0.8953488372093027,0.46075581395348864,0.8125000000000004,0.3851744186046514,0.7231104651162799,0.3088662790697678,0.6373546511627907,0.23764534883720936,0.5581395348837213,0.17441860465116305,0.49709302325581406,0.12209302325581396,0.4534883720930234,0.08284883720930243,0.4207848837209303,0.054505813953488344,0.398982558139535,0.03415697674418609,0.38590116279069786,0.018895348837209346,0.3786337209302327,0.008720930232558181,0.37500000000000006,0.0043604651162790905,0.37500000000000006,0.0
Triangle,0.45855379188712525,0.00411522633744856,0.45855379188712525,0.0011757789535567565,0.45855379188712525,0.0,0.45855379188712525,0.0,0.45855379188712525,0.0,0.45855379188712525,0.0,0.45855379188712525,0.0,0.45855379188712525,0.0,0.45855379188712525,0.0,0.45855379188712525,0.0,0.45855379188712525,0.0,0.45855379188712525,0.0,0.45855379188712525,0.004703115814226909,0.4514991181657848,0.018812463256907695,0.43386243386243384,0.04526748971193416,0.37507348618459707,0.11287477954144634,0.28101116990005864,0.21046443268665505,0.17048794826572602,0.3221634332745444,0.0881834215167548,0.41034685479129934,0.02469135802469136,0.47736625514403297,0.0,0.5320399764844209,0.02645502645502641,0.5761316872427984,0.11463844797178145,0.5967078189300413,0.23633156966490346,0.6084656084656086,0.38154027042915917,0.6125808348030573,0.5314520870076427,0.6096413874191654,0.6601998824221049,0.6019988242210464,0.7683715461493237,0.5920047031158143,0.853615520282187,0.5802469135802469,0.9153439153439153,0.5684891240446797,0.961199294532628,0.5567313345091123,0.9911816578483245,0.5432098765432101,1.0,0.5226337448559671,0.9853027630805409,0.4902998236331569,0.9529688418577309,0.44797178130511484,0.9029982363315697,0.39506172839506176,0.8324514991181657,0.3362727807172251,0.7636684303350969,0.2792475014697236,0.6978248089359199,0.2251616696061141,0.6390358612580834,0.1781305114638448,0.5896531452087007,0.13815402704291588,0.5485008818342153,0.10346854791299236,0.5161669606114051,0.07407407407407408,0.4926513815402704,0.05349794238683128,0.47619047619047616,0.03644914756025863,0.4650205761316873,0.022927689594356256,0.4562022339800117,0.014109347442680728,0.45208700764256327,0.009994121105232226,0.4491475602586713,0.007054673721340422,0.4462081128747795,0.00411522633744856
Triangle,0.466534585235593,0.008441726246877421,0.466534585235593,0.008441726246877421,0.466534585235593,0.008441726246877421,0.46644844517184925,0.008441726246877421,0.46360582306830894,0.008441726246877421,0.46076320096476864,0.008441726246877421,0.4580928589887156,0.008441726246877421,0.4580928589887156,0.008441726246877421,0.4580928589887156,0.008441726246877421,0.4580928589887156,0.008441726246877421,0.4580928589887156,0.008441726246877421,0.45637005771384265,0.008441726246877421,0.4538719958652769,0.008441726246877421,0.4538719958652769,0.008441726246877421,0.4430183478335774,0.017486432939960356,0.42036351106899805,0.037729347919717396,0.36635369110173144,0.09173916788698412,0.282022568696701,0.19123094151089653,0.18821603927986907,0.3082952881385129,0.11999310879490045,0.40210181755534496,0.0656387285726591,0.47609613231113784,0.02274097682832284,0.5372555775691273,0.0,0.582737531225773,0.016538892238780155,0.6034111465242484,0.06848135067619916,0.6113360323886639,0.1850288569213538,0.6084934102851235,0.31880437591523764,0.6056507881815832,0.45731759841502295,0.6035834266517357,0.59376345938496,0.6035834266517357,0.7078129037815488,0.6035834266517357,0.8063571367042811,0.6035834266517357,0.8831079334998705,0.6035834266517357,0.9412524765268325,0.5966060814885001,0.982944267378758,0.5833405116719786,1.0,0.5605995348436558,0.9857007494185545,0.5209751055215781,0.9544319062796109,0.473167370143854,0.9032647084158841,0.416314928073047,0.8346110776121971,0.3544663623051081,0.7613058833663537,0.29304849685588774,0.6845550865707638,0.23335343268154013,0.6155568955121028,0.18399517615643038,0.5557756912740115,0.14049444396588848,0.5074511155138255,0.10354035661986392,0.4724782496339047,0.07459729520199852,0.44353518821603943,0.05004737703505908,0.42079421138771644,0.03014902231027661,0.40907916271858047,0.018520113704884187,0.40046515634421576,0.008527866310621109,0.3947799121371349,0.0
Triangle,0.40396426577331107,0.004559836218127677,0.40396426577331107,0.004559836218127677,0.40396426577331107,0.004559836218127677,0.40396426577331107,0.004559836218127677,0.40396426577331107,0.004559836218127677,0.40396426577331107,0.004559836218127677,0.40396426577331107,0.004559836218127677,0.40396426577331107,0.004559836218127677,0.40396426577331107,0.004559836218127677,0.40396426577331107,0.004559836218127677,0.40396426577331107,0.004559836218127677,0.40396426577331107,0.004559836218127677,0.40396426577331107,0.004559836218127677,0.40396426577331107,0.004559836218127677,0.40396426577331107,0.0071654569142006255,0.4014517029592408,0.012469756188349173,0.39307649357900626,0.02363670202866184,0.36422855015819844,0.05713753954959984,0.3233761399590545,0.10348036478689761,0.23124883677647487,0.19839940442955523,0.15028847943420798,0.29108505490415065,0.08607854085241017,0.38042062162665197,0.036850921273031814,0.44835287548855407,0.0,0.5071654569142008,0.01395868230039085,0.5490415038153734,0.06281407035175872,0.5839382095663503,0.14656616415410395,0.6118555741671322,0.27870835659780385,0.6228364042434396,0.42155220547180344,0.6286059929276011,0.5750977107761026,0.625814256467523,0.7018425460636519,0.6230225200074448,0.8107202680067006,0.6202307835473666,0.8872138470128422,0.6120416899311374,0.95142378559464,0.5999441652707985,0.9932998324958123,0.5804020100502514,1.0,0.5491345616973757,0.9856690861715989,0.5098641354922762,0.8879583100688628,0.42890377815000935,0.7938767913642287,0.35278243067187803,0.7045412246417274,0.28298901916992386,0.6308393820956634,0.22436255350828202,0.5647682858738136,0.17131956076679694,0.5173087660524848,0.13223525032570257,0.47729387679136437,0.09910664433277504,0.44379303927042635,0.07118927973199334,0.42285501581984014,0.050809603573422665,0.4055462497673553,0.03275637446491713,0.3943793039270427,0.018797692164526345,0.38674855760282906,0.008375209380234548,0.38116508468267274,0.0
Triangle,0.4119601328903654,0.07641196013289037,0.4119601328903654,0.07641196013289037,0.4119601328903654,0.07641196013289037,0.4119601328903654,0.07308970099667775,0.4119601328903654,0.06976744186046512,0.4119601328903654,0.06976744186046512,0.4119601328903654,0.06976744186046512,0.4119601328903654,0.06976744186046512,0.4119601328903654,0.06976744186046512,0.4119601328903654,0.06976744186046512,0.4119601328903654,0.06976744186046512,0.40863787375415284,0.07308970099667775,0.3953488372093023,0.08305647840531562,0.3687707641196013,0.10299003322259136,0.3289036544850498,0.13953488372093023,0.27906976744186046,0.1893687707641196,0.2059800664451827,0.26245847176079734,0.11960132890365449,0.3488372093023256,0.059800664451827246,0.4219269102990033,0.016611295681063124,0.4750830564784053,0.0,0.5116279069767442,0.026578073089700997,0.5249169435215947,0.09634551495016612,0.5282392026578073,0.22259136212624583,0.5282392026578073,0.3787375415282392,0.5282392026578073,0.5382059800664452,0.5382059800664452,0.6810631229235881,0.5481727574750831,0.7973421926910299,0.5581395348837209,0.8803986710963455,0.5647840531561462,0.9368770764119602,0.5647840531561462,0.9767441860465116,0.5581395348837209,0.9933554817275747,0.5415282392026578,1.0,0.5182724252491694,0.9867109634551495,0.4883720930232558,0.9568106312292359,0.4485049833887043,0.9169435215946844,0.4019933554817276,0.867109634551495,0.3521594684385382,0.8106312292358804,0.3023255813953488,0.7508305647840532,0.2558139534883721,0.6943521594684385,0.20930232558139536,0.6411960132890365,0.16943521594684385,0.5980066445182725,0.12956810631229235,0.5581395348837209,0.09634551495016612,0.5249169435215947,0.06976744186046512,0.5016611295681063,0.046511627906976744,0.48172757475083056,0.029900332225913623,0.46179401993355484,0.019933554817275746,0.4485049833887043,0.009966777408637873,0.43853820598006643,0.0033222591362126247,0.4318936877076412,0.0
Triangle,0.4868976295910393,0.0,0.4868976295910393,0.0,0.4868976295910393,0.0,0.4868976295910393,0.0,0.4868976295910393,0.0,0.4860640791872884,0.0,0.48434488147955196,0.0,0.48434488147955196,0.0,0.4779890596509508,0.006668403230007822,0.456160458452722,0.028757488929408728,0.4025006512112529,0.07262307892680388,0.326178692367804,0.13836936702266217,0.2505339932274029,0.21896327168533486,0.16863766605886946,0.3029434748632457,0.09012763740557433,0.3814535035165408,0.03334201615003904,0.44073977598332903,0.0,0.4772597030476687,0.007241469132586651,0.49528523052878354,0.06329773378483988,0.4938265173222193,0.14868455326908064,0.48184423026829903,0.26975774941391006,0.46246418338108886,0.3957280541807764,0.44308413649387857,0.5152904402188071,0.42584006251628026,0.616462620474082,0.4127637405574368,0.7008595988538683,0.40401146131805155,0.7735347746809066,0.3975514456889815,0.8344881479551968,0.39338369367022663,0.8828861682729879,0.39353998437092996,0.9226882000520971,0.39676999218546494,0.9564469914040115,0.39822870539202915,0.9814014066163064,0.39822870539202915,0.9960406355821829,0.3976556394894504,1.0,0.39192498046366236,0.9942172440739776,0.3803073717113832,0.9766084917947382,0.36212555352956494,0.9485803594686114,0.3387861422245375,0.9088304245897367,0.31153946340192756,0.8594425631674916,0.28038551706173487,0.804792914821568,0.24787705131544666,0.7466527741599371,0.2132326126595466,0.6900755405053399,0.18093253451419633,0.6396457410784059,0.14863245636884606,0.5973951549882782,0.11961448293826511,0.5617608752279237,0.09481635842667349,0.5378483980203177,0.0756446991404011,0.5208648085438916,0.06428757488929408,0.5083094555873926,0.05511852044803332,0.49981766084917945,0.04985673352435528,0.4952331336285491,0.04662672570982026,0.49200312581401406,0.04339671789528523
Triangle,0.6605206073752714,0.1518438177874187,0.6605206073752714,0.1518438177874187,0.6605206073752714,0.1518438177874187,0.6605206073752714,0.1518438177874187,0.6605206073752714,0.1518438177874187,0.6605206073752714,0.1518438177874187,0.6605206073752714,0.1518438177874187,0.6605206073752714,0.1518438177874187,0.6605206073752714,0.1518438177874187,0.6605206073752714,0.1518438177874187,0.6605206073752714,0.1518438177874187,0.6605206073752714,0.1518438177874187,0.6605206073752714,0.1518438177874187,0.6605206073752714,0.1518438177874187,0.6605206073752714,0.1518438177874187,0.6605206073752714,0.1518438177874187,0.6605206073752714,0.1518438177874187,0.6605206073752714,0.1518438177874187,0.6605206073752714,0.1518438177874187,0.6605206073752714,0.1518438177874187,0.6540130151843818,0.15618221258134493,0.6377440347071586,0.16702819956616058,0.5835140997830803,0.21041214750542314,0.4772234273318872,0.2928416485900221,0.3405639913232106,0.40130151843817785,0.22125813449023865,0.5097613882863344,0.13232104121475027,0.5921908893709332,0.05965292841648595,0.6572668112798266,0.0,0.706073752711497,0.09761388286334063,0.733188720173536,0.2375271149674625,0.7472885032537965,0.40889370932754876,0.7516268980477226,0.5932754880694148,0.7516268980477226,0.7342733188720176,0.7516268980477226,0.849240780911063,0.7472885032537963,0.941431670281996,0.7364425162689807,0.9902386117136665,0.7093275488069416,1.0,0.665943600867679,0.9728850325379615,0.6062906724511933,0.9023861171366596,0.524945770065076,0.8101952277657266,0.4349240780911064,0.7147505422993496,0.34707158351409995,0.6225596529284168,0.26572668112798276,0.5574837310195231,0.20065075921908893,0.5054229934924078,0.1453362255965292,0.46529284164859014,0.09978308026030358,0.43817787418655096,0.06724511930585668,0.41973969631236474,0.039045553145336316,0.4056399132321042,0.016268980477223402,0.39479392624728865,0.0
Triangle,0.5318840579710145,0.009468599033816425,0.5318840579710145,0.009468599033816425,0.5318840579710145,0.009468599033816425,0.5318840579710145,0.009468599033816425,0.5318840579710145,0.009468599033816425,0.530144927536232,0.0077294685990338076,0.5271497584541063,0.004734299516908212,0.5271497584541063,0.004734299516908212,0.5271497584541063,0.004734299516908212,0.5271497584541063,0.004734299516908212,0.5271497584541063,0.004734299516908212,0.5271497584541063,0.004734299516908212,0.5271497584541063,0.004734299516908212,0.5271497584541063,0.004734299516908212,0.5271497584541063,0.004734299516908212,0.5271497584541063,0.005217391304347783,0.5271497584541063,0.008405797101449248,0.5228985507246376,0.015845410628019353,0.5147826086956523,0.026570048309178758,0.49884057971014484,0.042512077294686014,0.46734299516908206,0.06734299516908215,0.42231884057971014,0.1000966183574879,0.3521739130434783,0.14792270531400958,0.2565217391304349,0.21198067632850226,0.15903381642512102,0.27826086956521723,0.08570048309178753,0.3324637681159419,0.029275362318840717,0.3745893719806762,0.0,0.41024154589371975,0.028695652173913046,0.43893719806763287,0.1126570048309179,0.460096618357488,0.22309178743961344,0.4763285024154588,0.36019323671497566,0.48589371980676327,0.5025120772946857,0.49285024154589374,0.6374879227053135,0.4971014492753623,0.755458937198067,0.4971014492753623,0.8436714975845405,0.49439613526570053,0.9172946859903378,0.4888888888888889,0.9746859903381638,0.47932367149758454,0.998454106280193,0.45855072463768104,1.0,0.428695652173913,0.9744927536231883,0.3872463768115943,0.9142028985507245,0.331304347826087,0.845024154589372,0.2739130434782609,0.7685024154589374,0.21652173913043493,0.7009661835748794,0.16512077294686003,0.6427053140096618,0.11845410628019334,0.5948792270531402,0.07700483091787451,0.5594202898550726,0.0479227053140098,0.5289855072463768,0.02231884057971025,0.5034782608695652,0.0
Triangle,0.38729845343863106,0.026872874849182847,0.38729845343863106,0.026872874849182847,0.38729845343863106,0.026872874849182847,0.38729845343863106,0.026872874849182847,0.38729845343863106,0.026872874849182847,0.38729845343863106,0.026872874849182847,0.38729845343863106,0.026872874849182847,0.38729845343863106,0.026872874849182847,0.38729845343863106,0.026872874849182847,0.38729845343863106,0.026872874849182847,0.38729845343863106,0.026872874849182847,0.38729845343863106,0.026872874849182847,0.38729845343863106,0.026872874849182847,0.38729845343863106,0.026872874849182847,0.38729845343863106,0.028408467697707537,0.38729845343863106,0.0354283207195349,0.38488537896237784,0.04968739717012176,0.37534276626083135,0.07217286388066252,0.3332236481298673,0.12131183503345391,0.26697378523637155,0.1880004387408139,0.18789075353734788,0.26818032247449786,0.12471207634090167,0.37698804431282207,0.07337940111878904,0.4680267631896455,0.0315893385982231,0.5444773500054843,0.0,0.5971262476691895,0.010529779532741083,0.6374904025446969,0.06317867719644589,0.665569814632006,0.17363167708676064,0.6732477788746298,0.29976966107272096,0.6771964461994078,0.44367664802018203,0.6771964461994078,0.5812218931666111,0.6740155752988923,0.7036305802347259,0.6691894263463859,0.8019085225403091,0.6621695733245586,0.8764944608972249,0.6521882198091479,0.9401118789075356,0.6383678841724252,0.9892508500603269,0.6173083251069433,1.0,0.5825381156082047,0.9885927388395307,0.539541515849512,0.9429636941976529,0.4833826916748932,0.8771525721180217,0.4221783481408362,0.8008116705056492,0.3589996709443899,0.7130635077328072,0.2958209937479437,0.6322255127783264,0.23724909509707157,0.556323351979818,0.1824064933640452,0.4896347482724583,0.13677744872216768,0.43545025776022833,0.09740046067785472,0.3906986947460789,0.06295930678951414,0.3591093561478556,0.03838982121311841,0.33497861138532403,0.017549632554568373,0.31742897883075566,0.0
Triangle,0.7304178814382897,0.24761904761904763,0.7304178814382897,0.24761904761904763,0.7304178814382897,0.24761904761904763,0.7304178814382897,0.24761904761904763,0.7304178814382897,0.24761904761904763,0.7304178814382897,0.24761904761904763,0.7304178814382897,0.24761904761904763,0.7304178814382897,0.24761904761904763,0.7304178814382897,0.24761904761904763,0.7304178814382897,0.24761904761904763,0.7304178814382897,0.24761904761904763,0.7304178814382897,0.24761904761904763,0.7304178814382897,0.24761904761904763,0.7304178814382897,0.24761904761904763,0.7304178814382897,0.24761904761904763,0.7304178814382897,0.24761904761904763,0.7024295432458698,0.2686103012633626,0.6367346938775508,0.3166180758017493,0.5346938775510206,0.3959183673469389,0.40466472303206946,0.5043731778425656,0.268221574344023,0.625655976676385,0.16579203109815321,0.7401360544217688,0.08668610301263395,0.8295432458697766,0.030126336248785416,0.8965986394557826,0.0,0.9457725947521864,0.02274052478134135,0.9685131195335276,0.1049562682215743,0.9780369290573373,0.21457725947521858,0.9856171039844509,0.34130223517978603,0.9931972789115645,0.47774538386783305,1.0,0.61418853255588,1.0,0.7121477162293488,1.0,0.7896987366375123,1.0,0.8427599611273081,0.9949465500485909,0.8637512147716231,0.9780369290573373,0.8637512147716231,0.9401360544217687,0.8326530612244899,0.8835762876579203,0.7947521865889214,0.8101068999028181,0.7545189504373179,0.7197278911564624,0.7094266277939748,0.6132167152575315,0.6715257531584062,0.49951409135082564,0.6396501457725949,0.38581146744412076,0.6134110787172014,0.28027210884353715,0.5928085519922255,0.19028182701652108,0.5776482021379983,0.12264334305150618,0.5624878522837705,0.07716229348882415,0.5531584062196311,0.043343051506316704,0.5455782312925169,0.020796890184645294,0.5399416909620992,0.0075801749271137385,0.5399416909620992,0.0
Triangle,0.5078125,0.0625,0.5078125,0.05580357142857151,0.5078125,0.0546875,0.5078125,0.0546875,0.5078125,0.0546875,0.5078125,0.0546875,0.5078125,0.0546875,0.5078125,0.0546875,0.5078125,0.0546875,0.5078125,0.0546875,0.5078125,0.0546875,0.5078125,0.0546875,0.5078125,0.0546875,0.5078125,0.0546875,0.5078125,0.0546875,0.5078125,0.0546875,0.5078125,0.0546875,0.5033482142857144,0.0636160714285714,0.4799107142857144,0.0870535714285714,0.4263392857142856,0.1339285714285714,0.3426339285714284,0.2120535714285714,0.2421875,0.3125,0.1484375,0.4196428571428572,0.07700892857142883,0.5212053571428568,0.0234375,0.6037946428571428,0.0,0.6674107142857142,0.020089285714285587,0.7142857142857142,0.08705357142857117,0.7466517857142856,0.1875,0.7734375,0.3281249999999991,0.7935267857142856,0.49107142857142794,0.8080357142857142,0.6540178571428568,0.8258928571428572,0.7912946428571423,0.8459821428571428,0.8939732142857144,0.8638392857142856,0.9665178571428572,0.8761160714285714,1.0,0.8828125,0.9866071428571432,0.8560267857142858,0.9118303571428577,0.801339285714286,0.8337053571428577,0.723214285714286,0.7566964285714293,0.6227678571428577,0.6785714285714288,0.5066964285714288,0.6060267857142856,0.38839285714285765,0.5390625,0.28125,0.4854910714285716,0.18750000000000033,0.4375,0.1216517857142857,0.3995535714285712,0.07031250000000011,0.3660714285714288,0.033482142857143016,0.3370535714285712,0.011160714285714302,0.31808035714285765,0.0,0.3046875,0.0
Triangle,0.5887341005451242,0.06677771047849786,0.5887341005451242,0.06677771047849786,0.5887341005451242,0.06677771047849786,0.5887341005451242,0.06162931556632343,0.5887341005451242,0.05935796486977587,0.5887341005451242,0.05935796486977587,0.5887341005451242,0.05935796486977587,0.5887341005451242,0.05935796486977587,0.5887341005451242,0.05935796486977587,0.5887341005451242,0.05935796486977587,0.5887341005451242,0.05935796486977587,0.5887341005451242,0.05935796486977587,0.5887341005451242,0.05935796486977587,0.5887341005451242,0.05935796486977587,0.5887341005451242,0.05935796486977587,0.5887341005451242,0.05935796486977587,0.5887341005451242,0.05935796486977587,0.5867655966081163,0.06329497274379156,0.5752574197456084,0.08025439127801318,0.5383101150817687,0.1167474258025439,0.4516959418534226,0.19669897032101738,0.3269230769230771,0.31480920654149,0.20593579648697793,0.43473652331920015,0.11023622047244114,0.5449727437916413,0.039975772259237,0.631132646880678,0.0,0.6944276196244699,0.0006056935190796297,0.7374318594791033,0.046638400969109976,0.7586311326468804,0.13400969109630553,0.7631738340399755,0.2615081768625083,0.7568140520896424,0.4080860084797091,0.7568140520896424,0.573288915808601,0.7568140520896424,0.7344033918837071,0.7622652937613565,0.8614476075105991,0.7783161720169591,0.9550272562083587,0.7943670502725617,1.0,0.8045124167171409,0.9945487583282858,0.8039067231980616,0.9595699576014536,0.782253179890975,0.8986977589339797,0.7337976983646272,0.8316172016959418,0.6732283464566923,0.7450030284675957,0.5866141732283465,0.664445790430042,0.4878861296184129,0.5897940642035128,0.3826468806783765,0.5301332525741973,0.2805875227135065,0.4881889763779529,0.19200484554815278,0.4579043004239858,0.1211387038158692,0.4335251362810417,0.06798909751665648,0.41505148394912167,0.0325560266505147,0.4024833434282256,0.013325257419745632,0.3958207147183526,0.0
Triangle,0.4974385918823067,0.05149087087876002,0.4974385918823067,0.05149087087876002,0.4974385918823067,0.05149087087876002,0.4974385918823067,0.05149087087876002,0.4974385918823067,0.05149087087876002,0.4974385918823067,0.05149087087876002,0.4974385918823067,0.05149087087876002,0.4974385918823067,0.05149087087876002,0.4974385918823067,0.05149087087876002,0.4974385918823067,0.05149087087876002,0.4974385918823067,0.05149087087876002,0.49678182057007775,0.05214764219098913,0.49073952449757013,0.05805858400105089,0.4789176408774464,0.06396952581111257,0.46709575725732305,0.07539734664389865,0.45527387363719973,0.08222776829108101,0.44791803494023424,0.08813871010114287,0.43806646525679765,0.09799027978457904,0.42282937081308314,0.11322737422829375,0.39931695783528187,0.13673978720609484,0.362669118612899,0.17102324970445298,0.31170366478392253,0.21607776172336782,0.2499671614343886,0.2719033232628399,0.1798239852883227,0.3377118087481939,0.11532904242742689,0.4086431104689347,0.0621305661368711,0.4795744121896757,0.025876789701825977,0.5279127807697359,0.0006567713122291154,0.5649546827794562,0.0,0.5866281360830159,0.034414816760804115,0.5962169972415605,0.09588861158544609,0.5985813739655852,0.18192565348745565,0.5985813739655852,0.2923945882043875,0.5960856429791147,0.42046499408905863,0.590174701169053,0.5578615526073823,0.5857086562458952,0.6969657165375025,0.5847891764087743,0.8187311178247737,0.5792722973860501,0.9073952449756993,0.5792722973860501,0.9671614343885461,0.5792722973860501,1.0,0.5687639563903849,0.9869959280178642,0.5427558124261131,0.9465388151845529,0.49638775778274,0.8918954420070936,0.43583344279521874,0.8264810193090765,0.36766058058583984,0.7608038880861686,0.29410219361618284,0.7037961381846841,0.21936161828451303,0.6521739130434783,0.1500065677131222,0.6069880467621175,0.0870878760015763,0.5720478129515303,0.03546565086037031,0.5424931039012217,0.0
Triangle,0.3888888888888889,0.03968253968253968,0.36167800453514726,0.0668934240362812,0.33106575963718826,0.100907029478458,0.29024943310657586,0.15532879818594103,0.2448979591836737,0.22108843537414968,0.1950113378684806,0.29818594104308377,0.14512471655328793,0.3786848072562359,0.09523809523809523,0.4603174603174603,0.06349206349206349,0.5374149659863946,0.03401360544217703,0.608843537414966,0.011337868480725752,0.6632653061224488,0.0,0.7086167800453514,0.0,0.7448979591836735,0.020408163265306218,0.7709750566893424,0.047619047619047616,0.7936507936507936,0.10204081632653064,0.8072562358276645,0.16326530612244886,0.8197278911564625,0.24489795918367327,0.8287981859410433,0.3333333333333333,0.8401360544217688,0.42857142857142855,0.8537414965986393,0.5306122448979586,0.8775510204081631,0.6349206349206349,0.9047619047619048,0.72562358276644,0.9274376417233561,0.8095238095238095,0.947845804988662,0.873015873015873,0.9614512471655331,0.9274376417233559,0.9750566893424036,0.9727891156462584,0.9886621315192743,0.9909297052154198,0.981859410430839,1.0,0.9682539682539683,0.9727891156462584,0.9410430839002268,0.9399092970521543,0.9092970521541951,0.8900226757369617,0.8639455782312928,0.8310657596371883,0.8095238095238098,0.7630385487528346,0.746031746031746,0.6984126984126984,0.6723356009070298,0.6349206349206349,0.5952380952380952,0.5804988662131522,0.513605442176871,0.5283446712018139,0.43424036281179146,0.4829931972789118,0.3616780045351477,0.44217687074829937,0.2936507936507938,0.4058956916099775,0.2301587301587305,0.3798185941043086,0.18027210884353748,0.35714285714285715,0.1349206349206349,0.3390022675736962,0.1031746031746033,0.3219954648526076,0.0736961451247166,0.30839002267573723,0.05102040816326543,0.29705215419501146,0.03287981859410428,0.28798185941043125,0.019274376417233688,0.2823129251700679,0.009070294784580466,0.2777777777777778,0.0
Triangle,0.5466186474589834,0.0196078431372549,0.5400826997465651,0.0196078431372549,0.5400826997465651,0.0196078431372549,0.5400826997465651,0.0196078431372549,0.5400826997465651,0.0196078431372549,0.5387488328664797,0.0196078431372549,0.5335467520341468,0.0196078431372549,0.5335467520341468,0.0196078431372549,0.5335467520341468,0.0196078431372549,0.5335467520341468,0.0196078431372549,0.5308790182739759,0.0196078431372549,0.5270108043217285,0.0196078431372549,0.5270108043217285,0.0196078431372549,0.5235427504335066,0.0196078431372549,0.5204748566093101,0.0196078431372549,0.5204748566093101,0.0196078431372549,0.5204748566093101,0.0196078431372549,0.5204748566093101,0.0196078431372549,0.5204748566093101,0.0196078431372549,0.5154061624649858,0.0196078431372549,0.5139389088968919,0.0196078431372549,0.5139389088968919,0.02521008403361347,0.5022008803521407,0.04375083366680014,0.47018807523009176,0.08870214752567693,0.39135654261704644,0.18113912231559295,0.27637721755368755,0.323462718420702,0.16273175937041462,0.4867280245431506,0.08376684006936079,0.645324796585301,0.031212484993997376,0.7563025210084036,0.0,0.8331332533013206,0.023876217153528036,0.8802187541683341,0.09550486861411234,0.9006269174336402,0.20754968654128317,0.9190342803788181,0.34587168200613555,0.9326397225556888,0.48619447779111663,0.9513138588768842,0.6054421768707481,0.9757236227824464,0.6853408029878616,0.9930638922235562,0.73656129118314,1.0,0.755768974256369,0.9819927971188476,0.7402961184473785,0.9247699079631853,0.7006802721088432,0.8334000266773378,0.6486594637855139,0.7137521675336799,0.5989062291583298,0.5704948646125116,0.561157796451914,0.42577030812324945,0.5375483526744027,0.29331732693077184,0.5226090436174466,0.18047218887555005,0.509003601440576,0.10030678938241967,0.5014005602240893,0.04348406029078275,0.494597839135654,0.014138988928904838,0.494331065759637,0.0
Triangle,0.5906432748538012,0.16374269005847952,0.5906432748538012,0.1587301587301587,0.5864661654135338,0.1537176274018379,0.5814536340852131,0.14870509607351715,0.5764411027568921,0.1436925647451964,0.5714285714285715,0.14035087719298245,0.5672514619883041,0.14035087719298245,0.5672514619883041,0.14035087719298245,0.5672514619883041,0.14035087719298245,0.5672514619883041,0.14035087719298245,0.5672514619883041,0.14035087719298245,0.5672514619883041,0.14285714285714288,0.5672514619883041,0.14786967418546362,0.5672514619883041,0.15204678362573099,0.5672514619883041,0.15204678362573099,0.5672514619883041,0.15204678362573099,0.5672514619883041,0.15204678362573099,0.5672514619883041,0.15538847117794494,0.5622389306599834,0.16290726817042608,0.5505430242272346,0.1779448621553884,0.5304928989139516,0.2063492063492063,0.4853801169590643,0.25146198830409355,0.4051796157059315,0.32664995822890563,0.31244778613199675,0.4185463659147867,0.210526315789474,0.5271512113617375,0.12030075187969916,0.6374269005847951,0.05346700083542203,0.7309941520467836,0.010025062656641652,0.7978279030910611,0.0,0.847953216374269,0.03508771929824561,0.8830409356725144,0.10359231411862962,0.9097744360902255,0.20217209690893892,0.9348370927318295,0.3174603174603174,0.9573934837092732,0.4327485380116959,0.9757727652464495,0.5321637426900585,0.9899749373433584,0.6023391812865497,1.0,0.6524644945697573,0.974937343358396,0.6858813700918963,0.9289891395154555,0.6825396825396826,0.8654970760233918,0.6549707602339181,0.7852965747702596,0.6165413533834587,0.6900584795321637,0.5705931495405179,0.5839598997493739,0.52046783625731,0.47368421052631576,0.47034252297410234,0.3634085213032586,0.42439431913116116,0.26148705096073505,0.382623224728488,0.1746031746031748,0.34502923976608185,0.10693400167084406,0.3116123642439431,0.0568086883876358,0.2832080200501254,0.020050125313283304,0.2631578947368421,0.0
Triangle,0.5209404849375459,0.22116091109478322,0.5157972079353416,0.22116091109478322,0.5157972079353416,0.22116091109478322,0.5157972079353416,0.22116091109478322,0.5157972079353416,0.22116091109478322,0.5157972079353416,0.22116091109478322,0.5157972079353416,0.22116091109478322,0.5157972079353416,0.22116091109478322,0.5157972079353416,0.22116091109478322,0.5172667156502571,0.22116091109478322,0.5209404849375459,0.22116091109478322,0.5209404849375459,0.22116091109478322,0.5246142542248347,0.22116091109478322,0.5260837619397501,0.22116091109478322,0.5260837619397501,0.22116091109478322,0.5260837619397501,0.22116091109478322,0.5260837619397501,0.22116091109478322,0.5282880235121235,0.22116091109478322,0.5341660543717853,0.22116091109478322,0.5363703159441586,0.22116091109478322,0.5363703159441586,0.22116091109478322,0.5363703159441586,0.22116091109478322,0.5363703159441586,0.22189566495224097,0.5319617927994122,0.230712711241734,0.5033063923585597,0.2549595885378398,0.43864805290227765,0.3108008817046288,0.3269654665686997,0.4055841293166786,0.18001469507714943,0.5378398236590738,0.06833210874357086,0.668626010286554,0.0,0.7590007347538572,0.0029390154298309227,0.819250551065393,0.06980161645848602,0.8596620132255692,0.20499632623071257,0.8919911829537104,0.39015429831006626,0.9309331373989713,0.5973548861131512,0.9632623071271122,0.7575312270389418,0.9875091844232181,0.8589272593681113,1.0,0.9088905216752388,0.9617927994121969,0.8971344599559145,0.8684790595150629,0.8559882439382807,0.7450404114621603,0.781778104335048,0.5951506245407797,0.7009551800146953,0.4364437913299049,0.6186627479794268,0.28802351212343863,0.5429831006612786,0.17487141807494516,0.47538574577516535,0.09845701689933876,0.4232182218956649,0.04849375459221176,0.3879500367376929,0.02204261572373258,0.3695811903012492,0.00808229243203533,0.366642174871418,0.0007347538574577307,0.366642174871418,0.0
Triangle,0.4429012345679012,0.09182098765432098,0.4429012345679012,0.09182098765432098,0.4429012345679012,0.09182098765432098,0.4429012345679012,0.09182098765432098,0.4429012345679012,0.09182098765432098,0.4429012345679012,0.09182098765432098,0.4429012345679012,0.09182098765432098,0.4429012345679012,0.09182098765432098,0.4429012345679012,0.09182098765432098,0.4429012345679012,0.09182098765432098,0.4429012345679012,0.09182098765432098,0.4429012345679012,0.09182098765432098,0.4429012345679012,0.09336419753086414,0.4429012345679012,0.09799382716049379,0.4429012345679012,0.10262345679012344,0.42901234567901236,0.11651234567901232,0.39583333333333354,0.1496913580246913,0.3341049382716051,0.2083333333333333,0.2554012345679015,0.29166666666666646,0.17361111111111122,0.39043209876543183,0.09876543209876537,0.48919753086419737,0.043209876543209874,0.5725308641975307,0.00617283950617297,0.6280864197530863,0.0,0.6720679012345676,0.03086419753086393,0.7044753086419752,0.08873456790123434,0.7276234567901234,0.1736111111111109,0.7476851851851851,0.2932098765432098,0.7708333333333333,0.4320987654320987,0.7939814814814814,0.5802469135802463,0.8171296296296294,0.7245370370370364,0.8325617283950617,0.8402777777777776,0.8433641975308641,0.9259259259259256,0.8479938271604938,0.9814814814814811,0.8418209876543208,1.0,0.8194444444444444,0.9722222222222221,0.7777777777777777,0.949074074074074,0.712962962962963,0.9104938271604937,0.6365740740740742,0.8595679012345679,0.545524691358025,0.8016975308641978,0.448302469135803,0.7430555555555554,0.3526234567901235,0.6875000000000002,0.262345679012346,0.6319444444444443,0.18364197530864196,0.5856481481481481,0.1280864197530866,0.5432098765432097,0.08410493827160484,0.5108024691358023,0.05169753086419759,0.4876543209876542,0.02854938271604949,0.4706790123456791,0.013117283950617294,0.45833333333333315,0.004629629629629651,0.45370370370370366,0.0
Triangle,0.44562551103842996,0.08585445625511039,0.44562551103842996,0.08585445625511039,0.44562551103842996,0.08585445625511039,0.44562551103842996,0.08585445625511039,0.44562551103842996,0.08585445625511039,0.44562551103842996,0.08585445625511039,0.44562551103842996,0.08585445625511039,0.44562551103842996,0.08585445625511039,0.44562551103842996,0.08585445625511039,0.4415372035977103,0.08585445625511039,0.43990188062142255,0.08585445625511039,0.43990188062142255,0.08585445625511039,0.43990188062142255,0.08585445625511039,0.4390842191332785,0.08667211774325431,0.4341782502044152,0.09157808667211774,0.41946034341782495,0.11120196238757148,0.3883892068683563,0.151267375306623,0.33769419460343414,0.22158626328699912,0.27146361406377734,0.319705641864268,0.19623875715453798,0.4341782502044152,0.12101390024529858,0.5527391659852819,0.0621422730989369,0.6753883892068683,0.02289452166802911,0.7587898609975469,0.0,0.8217497955846278,0.009811937857726622,0.8642681929681112,0.0515126737530659,0.8863450531479967,0.12019623875715421,0.8961569910057237,0.21340964840556004,0.9051512673753067,0.33115290269828274,0.91005723630417,0.4636140637775954,0.9296811120196238,0.6001635322976283,0.9533932951757971,0.7244480784955024,0.9746524938675387,0.825020441537203,0.9918233851185608,0.9002452984464427,1.0,0.9525756336876531,0.9893704006541293,0.972199509403107,0.9501226492232215,0.9525756336876534,0.8765331152902701,0.9329517579721994,0.7865903515944401,0.893704006541292,0.6868356500408833,0.8372853638593625,0.5813573180703195,0.7718724448078493,0.4750613246116109,0.7031888798037618,0.3736713000817666,0.6345053147996728,0.28045789043336056,0.570727718724448,0.20686835650040913,0.5192150449713815,0.14554374488961563,0.47996729354047407,0.09648405560098129,0.4505314799672936,0.05968928863450548,0.4276369582992641,0.03352412101390027,0.41046606704824207,0.01471790678659042,0.40556009811937843,0.0
Triangle,0.4080733944954131,0.01798165137614679,0.4080733944954131,0.01798165137614679,0.4080733944954131,0.01798165137614679,0.4080733944954131,0.014495412844036723,0.4080733944954131,0.008990825688073394,0.4080733944954131,0.008990825688073394,0.4150458715596332,0.002018348623853263,0.4222018348623854,0.0,0.4293577981651381,0.0,0.4365137614678903,0.0,0.4436697247706425,0.0,0.4508256880733952,0.0,0.4579816513761469,0.0,0.46201834862385344,0.0,0.46201834862385344,0.0,0.46201834862385344,0.0,0.46201834862385344,0.013211009174311925,0.4524770642201838,0.03706422018348624,0.4293577981651381,0.07449541284403675,0.3891743119266059,0.1300917431192661,0.3247706422018351,0.21596330275229364,0.25394495412844087,0.32110091743119273,0.17779816513761512,0.43302752293577995,0.10733944954128452,0.544770642201835,0.05284403669724795,0.6484403669724768,0.017064220183486446,0.7271559633027521,0.0,0.7809174311926604,0.003302752293578253,0.8222018348623851,0.03302752293577997,0.850275229357798,0.09467889908256874,0.8638532110091743,0.19486238532110106,0.8710091743119266,0.3192660550458715,0.8781651376146787,0.45229357798165176,0.8853211009174312,0.5882568807339451,0.890091743119266,0.7214678899082574,0.890091743119266,0.8216513761467892,0.890091743119266,0.8924770642201834,0.8842201834862385,0.9488073394495417,0.864954128440367,0.9878899082568809,0.8319266055045871,1.0,0.7878899082568804,0.9713761467889906,0.7234862385321099,0.9200000000000003,0.6420183486238533,0.8550458715596327,0.5484403669724768,0.781467889908257,0.4482568807339451,0.7027522935779813,0.34844036697247677,0.6240366972477066,0.2625688073394496,0.5508256880733944,0.18220183486238503,0.4866055045871562,0.11449541284403672,0.43302752293577995,0.06091743119266075,0.39009174311926625,0.01798165137614679
Triangle,0.43995212129272504,0.058651416411756876,0.43995212129272504,0.058651416411756876,0.43995212129272504,0.058651416411756876,0.4354302433834285,0.058651416411756876,0.43343529724697427,0.058651416411756876,0.43343529724697427,0.058651416411756876,0.43343529724697427,0.058651416411756876,0.43343529724697427,0.058651416411756876,0.43343529724697427,0.058651416411756876,0.43343529724697427,0.05918340204814471,0.43343529724697427,0.06503524404841071,0.43343529724697427,0.06516824045750765,0.43343529724697427,0.06516824045750765,0.43343529724697427,0.06516824045750765,0.43343529724697427,0.06516824045750765,0.43343529724697427,0.06516824045750765,0.43343529724697427,0.06516824045750765,0.4317063439287139,0.06689719377576803,0.4237265593828966,0.07487697832158528,0.40497406570022587,0.09362947200425589,0.36986301369863045,0.1287405240058518,0.31240856496874553,0.1806091235536641,0.23912754355632404,0.2480383029658198,0.15879771246176336,0.32251629206011434,0.0912355366405107,0.38781752892671895,0.04149487963824996,0.43755818592897994,0.00957574145498076,0.4739992020215454,0.0,0.5000664982045485,0.017289533182604212,0.515760074477989,0.06570022609389534,0.5216119164782551,0.1476260140976195,0.527463758478521,0.251363213193244,0.5278627477058119,0.3758478521079928,0.5278627477058119,0.5128341534778558,0.5319856363878175,0.6532783614842399,0.5378374783880835,0.7769650219444071,0.5436893203883495,0.8716584652214385,0.5474132198430642,0.9418805692246308,0.5459502593429977,0.988961298044953,0.5385024604335682,1.0,0.5205479452054793,0.982444473999202,0.48543689320388356,0.9382896661790131,0.43436627211065304,0.8775103072217048,0.3723899454714722,0.8051602606729616,0.30402979119563744,0.7324112248969279,0.23380768719244596,0.6621891208937356,0.166245511371193,0.5959569091634526,0.1058651416411756,0.5414283814337011,0.05718845591169025,0.5017954515228088,0.023407368001064018,0.4725362415214789,0.0
Triangle,0.6031965575534038,0.007530351928692178,0.6031965575534038,0.007530351928692178,0.6031965575534038,0.007530351928692178,0.6031965575534038,0.007530351928692178,0.6031965575534038,0.003688335638543125,0.6031965575534038,0.0,0.6031965575534038,0.0,0.6031965575534038,0.0,0.6031965575534038,0.0,0.6031965575534038,0.0,0.6031965575534038,0.0,0.6031965575534038,0.0,0.6031965575534038,0.0,0.6031965575534038,0.0,0.6031965575534038,0.0,0.6031965575534038,0.0,0.602889196250192,0.0,0.5962809282311354,0.0,0.5896726602120789,0.0,0.5830643921930226,0.0,0.5723067465806055,0.008298755186721978,0.5558629168587674,0.024742584908559954,0.5245120639311508,0.056093437836176305,0.46334716459197783,0.11587521131089605,0.36898724450591674,0.20362686337790079,0.2500384201629012,0.31596741970185954,0.14953127401260163,0.42830797602581827,0.0713078223451668,0.5145228215767634,0.015829107115413996,0.5809128630705394,0.0,0.6302443522360536,0.03042876901798057,0.6625172890733056,0.10066082680190545,0.6792684800983557,0.20885200553250308,0.6858767481174122,0.341017365913631,0.6924850161364685,0.49208544644229235,0.6990932841555249,0.6386967880743809,0.7057015521745812,0.7662517289073306,0.7123098201936378,0.8675272783156598,0.7153834332257569,0.9429844782541875,0.7127708621484555,0.9906254802520362,0.7010911326264024,1.0,0.6715844475180577,0.9801751959428306,0.6187183033656065,0.9345320424158597,0.5464883971108041,0.8827416628246505,0.46273244198555447,0.8160442600276628,0.3676041186414636,0.747041647456585,0.27585676963270306,0.680958967266021,0.19548178884278455,0.6167204548947286,0.1283233440909789,0.5590902105424923,0.07730136775779928,0.5128323344090978,0.03765175964346089
Triangle,0.46656298600311047,0.038102643856920686,0.46656298600311047,0.038102643856920686,0.46656298600311047,0.038102643856920686,0.46656298600311047,0.038102643856920686,0.46656298600311047,0.038102643856920686,0.46656298600311047,0.038102643856920686,0.46656298600311047,0.038102643856920686,0.46656298600311047,0.038102643856920686,0.4674377916018663,0.038102643856920686,0.4717146189735614,0.038102643856920686,0.47599144634525664,0.038102643856920686,0.4760886469673406,0.038102643856920686,0.4760886469673406,0.038102643856920686,0.4760886469673406,0.038102643856920686,0.4760886469673406,0.038102643856920686,0.4760886469673406,0.038102643856920686,0.47433903576982883,0.03985225505443236,0.4675349922239503,0.04665629860031106,0.4515940902021775,0.06181959564541208,0.4193234836702954,0.08952177293934682,0.355171073094868,0.14512052877138404,0.26244167962674975,0.22521384136858477,0.17194790046656314,0.31726283048211495,0.10079704510108846,0.4082426127527216,0.0497667185069985,0.48230948678071534,0.013413685847589353,0.5357698289269052,0.0,0.5719284603421462,0.02216174183514785,0.5940902021772939,0.07601088646967345,0.6062402799377915,0.16718506998444832,0.6145995334370139,0.2869362363919126,0.6188763608087091,0.43059875583203766,0.6271384136858477,0.5760108864696735,0.6321928460342147,0.718409797822706,0.6364696734059098,0.8342729393468116,0.6407465007776049,0.9203926905132189,0.6388996889580093,0.9775466562986,0.6241251944012443,1.0,0.5941874027993779,0.9953343701399688,0.5502527216174183,0.9606337480559876,0.498736391912908,0.9050349922239505,0.4388608087091759,0.8416601866251947,0.37120917573872475,0.7809097978227061,0.3027799377916018,0.723950233281493,0.23726671850699824,0.6732115085536549,0.17554432348367044,0.6281104199066875,0.11955676516329707,0.5868001555209951,0.07406687402799372,0.5502527216174183,0.04179626749611188,0.521286936236392,0.017107309486780752,0.49990279937791604,0.0
Triangle,0.3863228487768017,0.037026541985453854,0.3863228487768017,0.037026541985453854,0.3863228487768017,0.037026541985453854,0.3863228487768017,0.037026541985453854,0.38868423538301683,0.037026541985453854,0.3927458203457071,0.037026541985453854,0.3980353263436289,0.037026541985453854,0.4061584962690091,0.037026541985453854,0.4142816661943893,0.037026541985453854,0.4224048361197694,0.037026541985453854,0.4305280060451496,0.037026541985453854,0.43562860111457424,0.037026541985453854,0.4372343440068007,0.03457069991499007,0.4372343440068007,0.03239822423727212,0.4372343440068007,0.03239822423727212,0.4372343440068007,0.03239822423727212,0.4370454330783033,0.03239822423727212,0.43298384811561336,0.03239822423727212,0.42155473694153217,0.03976575044866345,0.4062529517332579,0.05100595069424763,0.3772551242089354,0.07594219325587981,0.3287994710494004,0.12033626145272491,0.2622083687541325,0.1828657787853025,0.18588835364125794,0.25937470482667424,0.11419665627656565,0.3484462076131104,0.06139605176159464,0.43373949182960225,0.02370832152640043,0.49636346462642855,0.0,0.5412298101445167,0.008784358175120273,0.5712666477755737,0.053934070085954564,0.5914801171247756,0.1325210163407954,0.6062151695475583,0.23972796826296391,0.6174553697931424,0.36714838953433415,0.625956361575517,0.5093038632284873,0.6381411164635873,0.6475866628884476,0.6503258713516574,0.7658449041277035,0.6592046849910267,0.8576556153773496,0.664588646453197,0.9258524605648435,0.6643052800604513,0.9698687069046942,0.6522149806366297,0.9911211863606308,0.6236894304335504,1.0,0.5807121942004345,0.9837536601492394,0.5197884197600833,0.947671672806272,0.442996127325966,0.894115424577312,0.3590252196089546,0.8344195711721927,0.2793992632473792,0.766695003305941,0.20676301124020002,0.6952866723339941,0.1411164635874184,0.6285066591102294,0.08359308586001692,0.5687163502408614,0.036554264664210794,0.5159157457258902,0.0
Triangle,0.562152133580705,0.0,0.562152133580705,0.0,0.562152133580705,0.0,0.562152133580705,0.0,0.562152133580705,0.0,0.5596784168212738,0.0,0.5560915275200989,0.0,0.5560915275200989,0.0,0.5521335807050092,0.0,0.5455782312925169,0.0,0.5390228818800248,0.0,0.5324675324675323,0.0,0.5259121830550402,0.0,0.5257884972170687,0.00037105751391465854,0.524922696351268,0.006926406926406945,0.5183673469387755,0.01348175633889921,0.5118119975262833,0.02374768089053806,0.5005565862708722,0.04576376004947435,0.4780457637600493,0.07767470624613482,0.44180581323438445,0.12702535559678432,0.38824984539270213,0.1975262832405691,0.3162646876932592,0.2891774891774892,0.22795299938157032,0.3971552257266547,0.13085961657390183,0.5139146567717999,0.0615955473098328,0.6319109461966607,0.015955473098330057,0.7297464440321585,0.0,0.7930735930735932,0.02053184910327783,0.836487322201608,0.07643784786641948,0.8692640692640694,0.15757575757575792,0.9020408163265307,0.27717996289424934,0.9348175633889919,0.41150278293135417,0.9611626468769324,0.5491651205936922,0.9808286951144094,0.6742115027829317,0.9962894248608534,0.7687074829931971,1.0,0.8331478045763764,0.9948051948051948,0.875077303648732,0.9825602968460111,0.8829931972789117,0.9567099567099565,0.8614718614718613,0.909585652442795,0.821026592455164,0.8472479901051329,0.7719233147804575,0.7653679653679649,0.7129251700680267,0.6714904143475566,0.6565244279529993,0.573160173160173,0.604081632653061,0.4748299319727886,0.5552257266542976,0.3800865800865795,0.5134199134199134,0.3005565862708718,0.47866419294990725,0.23760049474335157,0.4560296846011132,0.1887445887445887,0.44192949907235596,0.15398886827458244,0.4288188002473717,0.13333333333333333
Triangle,0.45109199205823963,0.012971542025148912,0.45109199205823963,0.012971542025148912,0.45109199205823963,0.012971542025148912,0.45109199205823963,0.008471211118464606,0.45109199205823963,0.006485771012574456,0.45109199205823963,0.0033090668431502174,0.45109199205823963,0.0,0.45109199205823963,0.0,0.45109199205823963,0.0,0.45109199205823963,0.0,0.45109199205823963,0.0,0.45109199205823963,0.0,0.45109199205823963,0.005029781601588362,0.4467240238252816,0.015221707478491065,0.43348775645268034,0.0342819324950364,0.4068828590337526,0.06671078755790869,0.36479152878888166,0.11462607544672408,0.3089344804765055,0.17802779616148248,0.24381204500330936,0.25479814692256786,0.17432164129715444,0.3363335539377897,0.11025810721376575,0.4178689609530112,0.06843150231634673,0.49384513567174065,0.037458636664460594,0.5646591661151555,0.012574454003970973,0.6176042356055594,0.0,0.6570483123759101,0.008735936465916472,0.6861681005956322,0.04103242885506277,0.7027134348113834,0.09556585043017873,0.7053606882859036,0.17498345466578433,0.7004632693580413,0.2747849106551955,0.7004632693580413,0.3912640635340834,0.7004632693580413,0.5240238252812711,0.7004632693580413,0.6532097948378556,0.7004632693580413,0.769027134348114,0.7004632693580413,0.8590337524818005,0.7004632693580413,0.9236267372600927,0.6949040370615488,0.9696889477167441,0.6811383189940439,0.99735274652548,0.6607544672402386,1.0,0.6300463269358042,0.9821310390469887,0.5888815354070152,0.9471872931833225,0.5306419589675714,0.9016545334215753,0.4671078755790869,0.8504301786896096,0.39841164791528794,0.7940436796823296,0.3285241561879549,0.7358041032428858,0.2619457313037726,0.6775645268034417,0.20052945069490413,0.6213103904698876,0.14427531436135005,0.5702183984116478,0.09450694904037049,0.5249503639973526,0.05506287227001993,0.49000661813368634,0.025943084050297823
Triangle,0.3917557725089106,0.0075933674260034115,0.3917557725089106,0.0075933674260034115,0.3917557725089106,0.0075933674260034115,0.3917557725089106,0.00464900046490007,0.3917557725089106,0.0,0.3917557725089106,0.0,0.3917557725089106,0.0,0.3917557725089106,0.0,0.3917557725089106,0.0,0.3917557725089106,0.0,0.3917557725089106,0.0,0.3917557725089106,0.0,0.3917557725089106,0.004184100418410063,0.3864869053153575,0.015496668216333477,0.3722299705563305,0.03688207035487369,0.3480551681388501,0.07314427398109408,0.3127227646056096,0.13172167983883468,0.26840229350689593,0.2042460870912754,0.21509375484270876,0.29025259569192635,0.15558654889198828,0.3878816054548274,0.10119324345265715,0.4906245157291185,0.05764760576476044,0.5825197582519761,0.023090035642336835,0.6576785991011938,0.0021695335502866274,0.7171858050519142,0.0,0.7632109096544245,0.02417480241747993,0.7934294126762746,0.08523167518983382,0.8131101813110183,0.16286998295366467,0.8275220827522086,0.25615992561599227,0.8396094839609486,0.3661862699519601,0.8523167518983421,0.48706028203936147,0.8704478537114523,0.6079342941267628,0.8834650550131723,0.7216798388346507,0.8919882225321559,0.8203936153726951,0.8980319231365259,0.8971021230435456,0.9031458236479161,0.9514954284828759,0.8971021230435459,0.9910119324345269,0.8761816209514957,1.0,0.8451882845188287,0.98047419804742,0.8052068805206882,0.943592127692546,0.7559274755927478,0.8952425228575857,0.689446768944677,0.8372849837284986,0.6181620951495432,0.7703393770339376,0.542383387571672,0.6978149697814969,0.46381527971486153,0.6252905625290559,0.38524717185805046,0.5527661552766152,0.3066790640012399,0.4848907484890744,0.23740895707422888,0.42460870912753784,0.17402758406942517,0.373314737331474,0.11668991166899144,0.33100883310088325,0.06834030683403071
Triangle,0.7178841309823677,0.023509655751469353,0.7097277198032864,0.027587861341009948,0.6947343169005636,0.03622406141297828,0.6719443444884249,0.05085762264603575,0.631162288593019,0.08348326736236054,0.568309943624805,0.1299028427491904,0.48914477629842856,0.1867578265563153,0.3912678421494543,0.2560873215785054,0.30310663308144425,0.3254168166006957,0.22178241573707572,0.3918675782655633,0.14837471512534486,0.45304066210867217,0.09355883411299022,0.49934029027228016,0.04821878373515643,0.5384430850425813,0.012234616768621698,0.5705889408660191,0.0,0.5869017632241814,0.009355883411299074,0.5984166966534724,0.0356243252968693,0.6053736356003359,0.07232817560273488,0.6053736356003359,0.1291831594098597,0.5996161688856902,0.19983207388748933,0.5903802326976131,0.28547439126784224,0.5781456159289913,0.3811922753988242,0.5659109991603694,0.48218783735156545,0.5521170684898645,0.5882211826796211,0.535804246131702,0.6865779057214827,0.5194914237735396,0.7742593258966054,0.5052177042101476,0.8503058654192158,0.4932229818879693,0.9033225380832433,0.48506657070888815,0.9462636439966413,0.47691015952980687,0.9793690776058535,0.4687537483507257,0.9956818999640158,0.46059733717164447,1.0,0.44944224541201877,0.9964015833033464,0.43480868417896124,0.9841669665347247,0.41441765623125826,0.9649754108192394,0.3870696893366919,0.9429051217464318,0.35516372795969786,0.9184358882091878,0.31845987765383227,0.8860501379393065,0.27779776898164804,0.8534244932229818,0.2370157130862422,0.8211586901763224,0.19659349886050137,0.7926112510495382,0.15988964855463603,0.7667026508336334,0.1258246371596497,0.7422334172963894,0.09487825356842991,0.717764183759146,0.07040902003118635,0.6995322058294352,0.049058414297709005,0.6845388029267124,0.03130622526088524,0.6723041861580904,0.01907160849226341,0.6636679860861221,0.010435408420295037,0.6573107832553677,0.004078205589540594,0.653232577665827,0.0
Triangle,0.5305491105955142,0.0038669760247486136,0.5305491105955142,0.0,0.528228924980665,0.0007733952049497073,0.5228151585460169,0.006960556844547519,0.5112142304717712,0.022428460943542127,0.4841453982985306,0.05027068832173236,0.4470224284609434,0.08739365815931939,0.4006187161639598,0.13379737045630313,0.34261407579273,0.1995359628770301,0.27996906419180206,0.2699149265274555,0.21500386697602478,0.3426140757927301,0.15313225058004634,0.4122196442382058,0.10363495746326386,0.4787316318638823,0.06341840680587785,0.5382830626450116,0.03248259860788863,0.5885537509667439,0.009280742459396795,0.6233565351894819,0.0,0.651198762567672,0.004640371229698397,0.6720804331013146,0.027842227378190233,0.6836813611755607,0.06651198762567667,0.6921887084300078,0.11523588553750977,0.6999226604795049,0.17324052590873937,0.7076566125290024,0.24671307037896356,0.711523588553751,0.3341067285382834,0.7153905645784997,0.4300077339520493,0.720030935808198,0.5228151585460172,0.7277648878576953,0.6125290023201857,0.7385924207269915,0.6968290796597059,0.7486465583913379,0.774168600154679,0.7563805104408353,0.8399071925754061,0.7602474864655839,0.8940448569218872,0.7617942768754834,0.9381283836040216,0.7594740912606341,0.9729311678267595,0.7478731631863881,0.9922660479505027,0.7269914926527454,1.0,0.697602474864656,0.9961330239752513,0.6589327146171693,0.9806651198762566,0.6125290023201855,0.9559164733178653,0.5614849187935033,0.9234338747099766,0.5065738592420727,0.8847641144624904,0.44856921887084295,0.8399071925754058,0.3905645784996132,0.7935034802784221,0.3341067285382831,0.7470997679814385,0.27996906419180195,0.7006960556844548,0.23356535189481814,0.6589327146171694,0.18948182521268353,0.6218097447795822,0.1492652745552976,0.590873936581593,0.11832946635730837,0.5692188708430009,0.09358081979891728,0.5514307811291571,0.07347254447022428,0.5359628770301624,0.05800464037122966
Triangle,0.7372116349047139,0.09829488465396186,0.7372116349047139,0.09829488465396186,0.7372116349047139,0.09829488465396186,0.7372116349047139,0.09829488465396186,0.7372116349047139,0.09829488465396186,0.7372116349047139,0.09829488465396186,0.7372116349047139,0.09829488465396186,0.7372116349047139,0.09478435305917751,0.7372116349047139,0.08901705115346037,0.7372116349047139,0.08600802407221662,0.7372116349047139,0.08600802407221662,0.7372116349047139,0.08600802407221662,0.7372116349047139,0.08600802407221662,0.7372116349047139,0.08600802407221662,0.7363340020060181,0.08688565697091273,0.7295636910732194,0.09365596790371111,0.7118856569709127,0.11133400200601802,0.6772818455366096,0.14593781344032092,0.6095787362086253,0.20260782347041129,0.5043881644934801,0.29112337011033107,0.39004513540621855,0.4024573721163491,0.2571464393179536,0.517803410230692,0.1468154463390168,0.6171013039117351,0.06695085255767297,0.6911985957873619,0.017301905717151532,0.7448595787362084,0.0,0.7794633901705112,0.01755265797392161,0.7975175526579737,0.07284353059177551,0.8069207622868604,0.1676278836509531,0.809177532597793,0.30002507522567734,0.8020310932798392,0.44796890672016043,0.7914994984954863,0.586384152457372,0.785732196589769,0.7235456369107323,0.7802156469408222,0.833124373119358,0.7802156469408222,0.9088515546639918,0.7745737211634901,0.9627632898696089,0.768806419257773,1.0,0.7532597793380137,0.9984954864593778,0.7224172517552654,0.974548645937813,0.675401203610832,0.9381895687061178,0.6122116349047138,0.8944332998996987,0.5362337011033096,0.8482948846539615,0.44947342026078196,0.8021564694082243,0.35982948846539586,0.7605315947843527,0.2755767301905715,0.7278084252758273,0.19859578736208608,0.7019809428284852,0.13390170511534594,0.6846790371113338,0.08425275827482441,0.6681293881644933,0.04538615847542625,0.6569709127382142,0.017301905717151445,0.6512036108324973,0.0
Triangle,0.9443126087644359,0.20155038759689922,0.9443126087644359,0.20155038759689922,0.9384591045720613,0.20155038759689922,0.9316563834836261,0.20155038759689922,0.9288087327954436,0.20155038759689922,0.925802879291251,0.20155038759689922,0.9210567948109475,0.20155038759689922,0.9210567948109475,0.20155038759689922,0.9210567948109475,0.20155038759689922,0.9210567948109475,0.20155038759689922,0.9150450878025628,0.20155038759689922,0.9133048568264514,0.20155038759689922,0.9133048568264514,0.20155038759689922,0.9101408005062487,0.20155038759689922,0.9033380794178136,0.2037652270210409,0.8940041132732162,0.21183357063755742,0.8726467331118493,0.22607182407846854,0.8318304065812371,0.25328270843221,0.7478247112798608,0.3175130517323209,0.6385065654168642,0.41164372725834514,0.5015029267520963,0.5307704477139692,0.35184306280651817,0.6600221483942411,0.2187944945420029,0.7774086378737539,0.12244897959183665,0.8655276063913939,0.049992089859199146,0.9258028792912515,0.009175763328587366,0.9734219269102988,0.0,0.9957285239677267,0.02547065337763006,1.0,0.09049201075779119,1.0,0.18952697358012982,0.9965195380477772,0.3127669672520169,0.989716816959342,0.45040341718082566,0.9813320677108053,0.5894636924537257,0.9677266255339344,0.6915045087802562,0.9541211833570636,0.7676000632811264,0.9340294257237779,0.8258186995728524,0.9025470653377632,0.8573010599588671,0.8593576965669989,0.8704318936877076,0.8008226546432525,0.8718557190317984,0.7274165480145547,0.8615725359911404,0.6423034330011077,0.8411643727258346,0.5462743236829617,0.8207562094605282,0.4442335073564313,0.8003480461952223,0.3488372093023259,0.7856351843062804,0.26498971681695965,0.7767758266097138,0.18810314823603902,0.7699731055212782,0.12466381901597834,0.7631703844328426,0.0759373516848599,0.7563676633444074,0.03891789273849071,0.7505141591520328,0.013605442176870739,0.7505141591520328,0.0
Triangle,0.5613121582921115,0.10205675605311117,0.5613121582921115,0.09580838323353291,0.5613121582921115,0.08956001041395474,0.5613121582921115,0.08929966154647227,0.5613121582921115,0.08929966154647227,0.5613121582921115,0.08929966154647227,0.5613121582921115,0.08929966154647227,0.5613121582921115,0.08929966154647227,0.5613121582921115,0.08929966154647227,0.5613121582921115,0.08929966154647227,0.5613121582921115,0.08929966154647227,0.5662587867742775,0.08929966154647227,0.5676907055454309,0.08929966154647227,0.5676907055454309,0.08929966154647227,0.5676907055454309,0.08929966154647227,0.5676907055454309,0.08929966154647227,0.563394949231971,0.08929966154647227,0.5571465764123926,0.0934652434261911,0.5428273887008592,0.10778443113772453,0.508461338193179,0.13824524863316842,0.4458474355636553,0.198385837021609,0.3489976568601929,0.28794584743556345,0.24004165581879736,0.39494923197084086,0.14397292371778192,0.5040354074459776,0.07276750846133832,0.5939859411611558,0.022780525904712395,0.6595938557667274,0.0,0.7068471752147878,0.017183025253840228,0.7386097370476438,0.06287425149700583,0.7608695652173912,0.1373340275969799,0.7770111950013017,0.25214787815673,0.7919812548815415,0.3966414996094764,0.8107263733402759,0.5572767508461337,0.8294714917990107,0.7155688622754489,0.846133819317886,0.8393647487633431,0.8566779484509242,0.9258005727675083,0.8592814371257486,0.9843790679510543,0.847956261390263,1.0,0.8167143972923717,0.9630304608174955,0.7609997396511327,0.9041916167664674,0.6821140328039578,0.8354595157511066,0.584873730799271,0.7677688102056758,0.4724030200468629,0.7061963030460822,0.361754751366832,0.651523040874772,0.2633428794584743,0.6084353033064308,0.17781827649049745,0.571986461858891,0.1111689664149963,0.5473834938818017,0.06821140328039572,0.5288987242905495,0.03722988804998704,0.5165321530851341,0.01249674563915653,0.5102837802655559,0.0
Triangle,1.0,0.125,0.9921875,0.125,0.9921875,0.1171875,0.9921875,0.109375,0.9921875,0.109375,0.9921875,0.109375,0.9921875,0.109375,0.9921875,0.1015625,0.984375,0.1015625,0.984375,0.1015625,0.9765625,0.1015625,0.96875,0.1015625,0.9609375,0.1015625,0.953125,0.1015625,0.9453125,0.1015625,0.9375,0.1015625,0.9375,0.1015625,0.9375,0.1015625,0.9375,0.109375,0.9296875,0.1171875,0.9140625,0.1328125,0.8671875,0.1640625,0.7734375,0.2265625,0.6171875,0.3203125,0.4296875,0.4375,0.2421875,0.5625,0.109375,0.671875,0.015625,0.75,0.0,0.8046875,0.0390625,0.84375,0.125,0.8671875,0.234375,0.890625,0.359375,0.90625,0.4921875,0.9296875,0.6171875,0.953125,0.7265625,0.96875,0.8046875,0.984375,0.859375,0.9921875,0.8984375,0.9765625,0.9140625,0.953125,0.90625,0.9140625,0.890625,0.8515625,0.8671875,0.7734375,0.828125,0.6640625,0.78125,0.5390625,0.734375,0.40625,0.6953125,0.28125,0.65625,0.1640625,0.6171875,0.0703125,0.578125,0.0
Triangle,0.3969528758710286,0.1620408645328924,0.3969528758710286,0.1620408645328924,0.3969528758710286,0.1620408645328924,0.3969528758710286,0.1620408645328924,0.3969528758710286,0.1620408645328924,0.3969528758710286,0.1620408645328924,0.3969528758710286,0.15837959135467108,0.3969528758710286,0.15625369079957482,0.3969528758710286,0.15625369079957482,0.3969528758710286,0.15625369079957482,0.3969528758710286,0.15625369079957482,0.3969528758710286,0.15625369079957482,0.3969528758710286,0.15625369079957482,0.3957718200070865,0.15625369079957482,0.39033896303295157,0.15625369079957482,0.38443368371323944,0.15719853549072876,0.37333175859218143,0.16818235502539272,0.3516003306956419,0.18448092594779733,0.30908231959371657,0.2215660800755877,0.2510924766741465,0.2741230660210229,0.1868430376756817,0.33742766032833366,0.1175150584622652,0.4108893350655487,0.06200543285697386,0.4793905751742058,0.023384906106058763,0.5377347348529586,0.0,0.5828510688555569,0.0,0.615448210700366,0.028109129561828136,0.6355261603873863,0.07960316522971536,0.6423762843982521,0.15471831817644977,0.6407228061887328,0.2577063895122239,0.6365891106649345,0.3772292429431913,0.6365891106649345,0.49911420810204327,0.6365891106649345,0.6398960670839734,0.6365891106649345,0.77028463446321,0.6365891106649345,0.8634699421282628,0.6365891106649345,0.9310263375457661,0.6316286760363765,0.9777961497578836,0.6215897011928664,1.0,0.6022203850242116,0.9968111491673557,0.5726939884256524,0.9753159324436046,0.5294673438053619,0.9290185425770636,0.4773827802055036,0.8720916499350417,0.42021967639069313,0.812802645565135,0.35797803236093056,0.7476083618755165,0.29278374867131207,0.682414078185898,0.22758946498169355,0.6158025274595487,0.16522971536553674,0.5473012873508913,0.11196409590173612,0.488248494153773,0.06448565017125309,0.43462855793079,0.027164284870674377,0.391165702137711,0.0
Triangle,0.49700598802395207,0.0718562874251497,0.49700598802395207,0.0714896737137969,0.49700598802395207,0.0658682634730539,0.49700598802395207,0.0658682634730539,0.4984724428693633,0.06440180862764266,0.5048270805328119,0.05804717096419405,0.5111817181962607,0.05389221556886228,0.5175363558597093,0.05389221556886228,0.5209580838323353,0.05389221556886228,0.5209580838323353,0.05389221556886228,0.5209580838323353,0.05389221556886228,0.5209580838323353,0.05389221556886228,0.5165587192961016,0.05389221556886228,0.5102040816326531,0.05865819381644876,0.5038494439692046,0.06501283147989738,0.4864963949651717,0.08236588048393009,0.4557008432115363,0.11316143223756574,0.4049859464743983,0.16412073811560557,0.34596113894659625,0.22950018330685582,0.267750213857998,0.31308810949529525,0.17878528656971757,0.4033972870585363,0.09666381522668928,0.4952951240376392,0.03934987168520093,0.5716729805694734,0.0070878650861543125,0.6278870829769035,0.0,0.6667481363803006,0.01906391299034593,0.6889893682023707,0.07136746914334607,0.6981547109861908,0.1505560307955519,0.7045093486496394,0.2566295979469634,0.7108639863130881,0.38494439692044513,0.7218623976536723,0.5234021752413545,0.7395820603690579,0.6685812049370651,0.7586459733594038,0.797507026762801,0.7719662715385555,0.8935598191372358,0.778565318342906,0.9615055603079558,0.7839423194427471,1.0,0.7750213857998288,1.0,0.7471587437370157,0.9936453623365514,0.7058535989245996,0.9623609923011122,0.6491506782353658,0.9132347549798362,0.5769277770988632,0.8533545154588782,0.4952951240376387,0.7928632530856652,0.4032750824880846,0.7322497861420013,0.3113772455089816,0.6687034095075154,0.22620065990468005,0.6134669436636924,0.1560552364658435,0.5671514114627885,0.10155199804472659,0.5275571306366856,0.060491262373212534,0.49993889771477457,0.03287302945130132,0.48014175730172315,0.013075889038250035,0.47305389221556887,0.0
Triangle,0.48386092371561995,0.0,0.48386092371561995,0.0,0.48386092371561995,0.0,0.48386092371561995,0.0,0.48386092371561995,0.0,0.48386092371561995,0.0,0.48386092371561995,0.0,0.48386092371561995,0.0,0.48386092371561995,0.0,0.48386092371561995,0.0,0.48386092371561995,0.0,0.48386092371561995,0.0,0.48386092371561995,0.0,0.48386092371561995,0.0,0.48386092371561995,0.0,0.48386092371561995,0.0,0.48853139595225703,0.0,0.4940321743642967,0.006746237675142729,0.4940321743642967,0.02148417228853139,0.49071094966268813,0.05044110015568243,0.46611312921639836,0.10212765957446818,0.420653866113129,0.18598858329008822,0.3533990659055524,0.30586403736377793,0.2774260508562532,0.4355993772703686,0.19252724442138025,0.5622210690192008,0.10576024909185228,0.6869745718733784,0.04359107420861434,0.7852620653866115,0.005500778412039345,0.8518941359626364,0.0,0.8957965749870266,0.04763881681369963,0.9103269330565646,0.1324338349766476,0.9103269330565646,0.2490918526206539,0.9103269330565646,0.3884795018162946,0.9145822522055007,0.5450960041515309,0.9327451997924235,0.6917488323819411,0.9627400103788273,0.7882719252724443,0.9851582771146863,0.8517903476907107,1.0,0.8691229891022313,0.9955371043072133,0.8391281785158274,0.9670991177996885,0.7864037363777892,0.9235080435910741,0.7190451478982871,0.8607161390762841,0.6443175921120908,0.7800726517903473,0.5746756616502335,0.6836533471717697,0.5050337311883754,0.5850544888427607,0.44327970939283845,0.49008822003113633,0.3914893617021274,0.4057083549558898,0.34488842760767996,0.3401141670991177,0.31323300467047216,0.2946549039958483,0.2854177477944991,0.2643487285936689,0.26517903476907095,0.2441100155682408
Triangle,0.5145286131201623,0.10569724654231694,0.5145286131201623,0.10049486105824135,0.5145286131201623,0.09110518969673902,0.5145286131201623,0.08387260499936555,0.5145286131201623,0.07867021951528988,0.5145286131201623,0.07460982108869431,0.5145286131201623,0.07460982108869431,0.5145286131201623,0.07460982108869431,0.5145286131201623,0.07460982108869431,0.5145286131201623,0.07460982108869431,0.5145286131201623,0.07460982108869431,0.5145286131201623,0.07460982108869431,0.5142748382185002,0.07486359599035657,0.5090724527344243,0.08006598147443225,0.5083111280294378,0.08526836695850784,0.5083111280294378,0.09047075244258333,0.5010785433320646,0.10049486105824126,0.4798883390432686,0.12168506534703705,0.44194899124476605,0.15962441314554,0.38472275091993374,0.2168506534703719,0.2909529247557415,0.2923486867148838,0.19566044918157557,0.381043014845832,0.11724400456794805,0.47468595355919274,0.059383326988960705,0.5622382946326608,0.015607156452226857,0.6330414921964219,0.0,0.6850653470371779,0.026646364674533633,0.7230046948356808,0.09465803832001017,0.7594213932242099,0.19654866133739388,0.8038320010150996,0.31785306433193766,0.85750539271666,0.4414414414414417,0.9128283212790252,0.5558939220911049,0.9544474051516303,0.6365943408196929,0.9816013196294886,0.699403628981094,1.0,0.7370892018779344,0.9988580129425195,0.7490166222560587,0.9690394619972081,0.7407689379520366,0.9057226240324827,0.7147570105316583,0.806877299835046,0.6788478619464534,0.6832889227255422,0.6384976525821595,0.5623651820834921,0.5968785687095545,0.45146555005709926,0.5552594848369494,0.3550310874254534,0.514528613120162,0.273569343991879,0.4781119147316327,0.20073594721482,0.4518462124095927,0.14312904453749517,0.4298946834158102,0.09808399949245014,0.4121304402994542,0.06255551325973852,0.3985534830605254,0.035401598781880365,0.3901789113056718,0.015607156452226769,0.3901789113056718,0.0
Triangle,0.5207901643873464,0.23014228484597318,0.5207901643873464,0.2237878159966847,0.5207901643873464,0.2233733941152093,0.5263157894736842,0.2178477690288714,0.5326702583229729,0.21149330017958282,0.5390247271722611,0.20983561265368145,0.5496615554634618,0.20983561265368145,0.5585025556016024,0.20983561265368145,0.564857024450891,0.20638209697472026,0.5712114933001797,0.20306672192291753,0.5775659621494684,0.20044205000690704,0.5839204309987571,0.1962978311921536,0.5902748998480457,0.1962978311921536,0.5952479624257495,0.1962978311921536,0.5952479624257495,0.1962978311921536,0.5946953999171158,0.19685039370078736,0.5880646498135104,0.20334300317723444,0.5690012432656447,0.2160519408758116,0.531703273932864,0.24091725376433212,0.4595938665561543,0.29465395772896813,0.36759220886862815,0.3623428650366074,0.2577704102776625,0.4467467882304186,0.15665147119767903,0.5357093521204588,0.08136482939632543,0.6166597596353087,0.02859510982179863,0.6821384169084127,0.0,0.7297969332780772,0.014919187733112379,0.7596353087443017,0.0774968918358894,0.7786987152921674,0.175576737118387,0.7958281530598148,0.31661831744716157,0.8070175438596492,0.48072938251139696,0.8133720127089377,0.6375189943362347,0.8204171846940184,0.7756596214946818,0.8331261223925958,0.877331123083299,0.8458350600911728,0.9479209835612656,0.8523276695676197,0.9888106092001664,0.8528802320762536,1.0,0.8259428097803564,0.9964083436938804,0.7742782152230969,0.9581433899709904,0.6988534327945845,0.8990192015471753,0.5996684624948194,0.835474513054289,0.48791269512363555,0.7686144495096007,0.3801630059400467,0.704517198508081,0.28429341069208436,0.6473269788644839,0.2027904406686005,0.5942809780356402,0.13703550214117963,0.5514573836165216,0.08481834507528659,0.5158171018096422,0.049178063268407214,0.49122807017543846,0.024589031634203607,0.4725790855090485,0.006354468849288574,0.45987014781047114,0.0
Triangle,0.4907094594594594,0.11824324324324323,0.4907094594594594,0.11233108108108107,0.4907094594594594,0.11233108108108107,0.4907094594594594,0.11233108108108107,0.4907094594594594,0.11233108108108107,0.4907094594594594,0.11233108108108107,0.4907094594594594,0.11233108108108107,0.4907094594594594,0.11233108108108107,0.4907094594594594,0.11233108108108107,0.4907094594594594,0.11233108108108107,0.4907094594594594,0.11233108108108107,0.4907094594594594,0.11233108108108107,0.4907094594594594,0.11233108108108107,0.4907094594594594,0.11233108108108107,0.49662162162162155,0.1064189189189189,0.5033783783783784,0.1064189189189189,0.5084459459459458,0.1064189189189189,0.5109797297297297,0.10388513513513511,0.5177364864864863,0.10050675675675674,0.5202702702702702,0.10050675675675674,0.5202702702702702,0.10050675675675674,0.5202702702702702,0.1064189189189189,0.48986486486486464,0.12922297297297297,0.4256756756756756,0.17652027027027017,0.32094594594594616,0.25422297297297275,0.1925675675675678,0.35557432432432406,0.08277027027027059,0.4510135135135132,0.013513513513513799,0.5185810810810809,0.0,0.5616554054054054,0.059121621621621274,0.5802364864864864,0.16385135135135104,0.5869932432432431,0.3091216216216209,0.5912162162162161,0.47804054054054035,0.5945945945945944,0.6494932432432433,0.6055743243243243,0.8032094594594589,0.6241554054054053,0.9104729729729728,0.6385135135135134,0.9797297297297293,0.6444256756756755,1.0,0.6376689189189189,0.9797297297297296,0.6005067567567569,0.9425675675675675,0.5396959459459459,0.880067567567568,0.45945945945945976,0.8125000000000003,0.36655405405405417,0.7390202702702702,0.26604729729729726,0.6722972972972976,0.17989864864864888,0.6114864864864865,0.11064189189189193,0.5557432432432432,0.06418918918918937,0.518581081081081,0.03378378378378383,0.49577702702702714,0.015202702702702773,0.48057432432432423,0.006756756756756774,0.4729729729729729,0.0
Triangle,0.6549810503519222,0.013264753654574982,0.6549810503519222,0.013264753654574982,0.6549810503519222,0.013264753654574982,0.6549810503519222,0.013264753654574982,0.6549810503519222,0.007715213860314056,0.6549810503519222,0.006632376827287491,0.6549810503519222,0.006632376827287491,0.6549810503519222,0.006632376827287491,0.6549810503519222,0.006632376827287491,0.6549810503519222,0.006632376827287491,0.6549810503519222,0.006632376827287491,0.6549810503519222,0.006632376827287491,0.65836491608013,0.003248511099079603,0.664726583649161,0.0,0.6682458040064971,0.0,0.6682458040064971,0.0,0.6682458040064971,0.0,0.6641851651326478,0.004060638873849456,0.6479426096372495,0.020303194369247424,0.6135625338386578,0.053194369247428215,0.5426367081754196,0.11532214401732543,0.436112615051435,0.2018137520303193,0.303194369247429,0.3099621007038437,0.1783974011911212,0.4177043854899836,0.0898754737412026,0.5188142934488357,0.026258798050894146,0.5887926367081752,0.0,0.640092041147807,0.02219815917704408,0.6671629669734703,0.08743909041689232,0.6869247428262043,0.18448835950189518,0.7005955603681644,0.33256632376827294,0.718462371413102,0.5013535462912833,0.7375473741201948,0.6639144558743909,0.7520303194369244,0.7969680563075255,0.7647536545749861,0.8934759068760149,0.7693557119653489,0.9610178668110447,0.7617758527341633,0.9971575527883052,0.7384948565240927,1.0,0.6969409853817,0.9753654574986468,0.6371142393069844,0.9290741743367622,0.5617217108825121,0.8718191662154844,0.47414726583649125,0.8123984840281543,0.3787222523010289,0.7487818083378455,0.2851922035733621,0.6867893881970764,0.19937736870600958,0.6322414726583654,0.12709799675148908,0.5898754737412022,0.07309149972929078,0.5596913914455874,0.036545749864645344,0.540606388738495,0.01218191662154851,0.5220628045479158,0.0,0.5157011369788849,0.0
Triangle,0.45714285714285713,0.011428571428571429,0.45714285714285713,0.011428571428571429,0.45714285714285713,0.011428571428571429,0.45714285714285713,0.011428571428571429,0.45714285714285713,0.011428571428571429,0.45714285714285713,0.011428571428571429,0.45714285714285713,0.011428571428571429,0.45714285714285713,0.011428571428571429,0.45714285714285713,0.011428571428571429,0.45714285714285713,0.011428571428571429,0.45714285714285713,0.011428571428571429,0.45714285714285713,0.011428571428571429,0.4514285714285714,0.011428571428571429,0.44571428571428573,0.011428571428571429,0.44,0.011428571428571429,0.4342857142857143,0.017142857142857144,0.4228571428571429,0.022857142857142857,0.4057142857142857,0.03428571428571429,0.37714285714285717,0.05714285714285714,0.3314285714285714,0.10285714285714286,0.26285714285714284,0.17142857142857143,0.17714285714285713,0.2571428571428571,0.09714285714285714,0.3485714285714286,0.04,0.44571428571428573,0.0,0.5257142857142857,0.0,0.5828571428571429,0.045714285714285714,0.6285714285714286,0.12,0.6742857142857143,0.22285714285714286,0.7371428571428571,0.36,0.8114285714285714,0.5028571428571429,0.8914285714285715,0.6285714285714286,0.9428571428571428,0.7142857142857143,0.9828571428571429,0.7771428571428571,1.0,0.8114285714285714,0.9771428571428571,0.8057142857142857,0.9257142857142857,0.7657142857142857,0.84,0.7142857142857143,0.7371428571428571,0.6457142857142857,0.6171428571428571,0.5771428571428572,0.49714285714285716,0.5142857142857142,0.38285714285714284,0.45714285714285713,0.28,0.4057142857142857,0.19428571428571428,0.37142857142857144,0.12571428571428572,0.3485714285714286,0.07428571428571429,0.3314285714285714,0.04,0.32,0.017142857142857144,0.3142857142857143,0.005714285714285714,0.30857142857142855,0.0,0.3028571428571429,0.0
Triangle,0.7061024082300679,0.09738134206219314,0.7010755202244563,0.09738134206219314,0.7003740939911153,0.09738134206219314,0.7003740939911153,0.09738134206219314,0.7003740939911153,0.09738134206219314,0.7003740939911153,0.09738134206219314,0.7003740939911153,0.09738134206219314,0.7003740939911153,0.09738134206219314,0.7003740939911153,0.09738134206219314,0.7003740939911153,0.09738134206219314,0.7003740939911153,0.09738134206219314,0.7003740939911153,0.09738134206219314,0.7003740939911153,0.09738134206219314,0.7003740939911153,0.09738134206219314,0.7003740939911153,0.09738134206219314,0.699438859013327,0.09738134206219314,0.6939443535188218,0.09784895955108719,0.6788636895019874,0.10790273556231005,0.645545943418284,0.13163432312368487,0.5872106616787465,0.1760579845686229,0.502922609305588,0.24526537292494732,0.39759176993219564,0.33306055646481164,0.28021978021978067,0.432078559738134,0.16693944353518836,0.5365910685059623,0.08323591302314703,0.6350245499181671,0.02291325695581015,0.7054009819967265,0.0,0.7570727145195228,0.019639934533551322,0.7993920972644377,0.06944119710077142,0.8297872340425532,0.15548281505728329,0.8523497778816927,0.2754267009586161,0.874327799859715,0.41232172083235885,0.9006312836100071,0.5526069675005846,0.9298573766658874,0.6883329436520924,0.949964928688333,0.804886602758943,0.9652794014496143,0.8918634556932428,0.9762684124386254,0.955342529810615,0.9727612812719195,0.9918166939443538,0.9492635024549919,1.0,0.9061257891045127,0.9835164835164837,0.8456862286649521,0.9465747018938513,0.7679448211363108,0.8963058218377372,0.6724339490296941,0.8558569090483986,0.5720130932896894,0.7988075754033203,0.4672667757774145,0.7384849193359837,0.36520925882628064,0.6837736731353752,0.2674772036474162,0.6356090717792844,0.17827916764086962,0.5931727846621464,0.10346036941781615,0.559387421089549,0.045241992050502666,0.5342529810614918,0.0
Triangle,0.59375,0.0,0.59375,0.0,0.59375,0.0,0.59375,0.0,0.59375,0.0,0.59375,0.0,0.59375,0.0,0.59375,0.0,0.59375,0.0,0.59375,0.0,0.59375,0.0,0.59375,0.0,0.59375,0.0,0.59375,0.0020408163265305925,0.59375,0.008928571428571442,0.59375,0.015816326530612247,0.5858418367346936,0.026658163265306102,0.5628826530612244,0.04502551020408156,0.519642857142857,0.0866071428571428,0.44795918367346915,0.15829081632653058,0.35867346938775524,0.2543367346938773,0.25446428571428614,0.37232142857142814,0.1503826530612244,0.497831632653061,0.07423469387755119,0.6243622448979591,0.020663265306122724,0.733035714285714,0.0,0.8156887755102039,0.03265306122448948,0.8723214285714285,0.11607142857142846,0.9158163265306122,0.22857142857142812,0.9464285714285714,0.35165816326530575,0.9679846938775508,0.47487244897959185,0.988265306122449,0.5830357142857142,1.0,0.6711734693877549,0.9983418367346939,0.7285714285714284,0.9868622448979594,0.7679846938775509,0.9603316326530613,0.7883928571428573,0.91875,0.7979591836734695,0.8621173469387757,0.770918367346939,0.7904336734693882,0.7186224489795918,0.7091836734693878,0.6635204081632654,0.6204081632653062,0.6016581632653064,0.5235969387755106,0.5396683673469393,0.4202806122448985,0.4794642857142861,0.3205357142857149,0.4292091836734695,0.233418367346939,0.3878826530612244,0.15994897959183696,0.3502551020408163,0.10535714285714315,0.32448979591836746,0.06581632653061228,0.3088010204081634,0.04132653061224496,0.29502551020408135,0.026275510204081698,0.29375,0.01875
Triangle,0.5009622323791193,0.20038489295164774,0.5009622323791193,0.20038489295164774,0.5056531152273275,0.19569401010343987,0.5109453933124845,0.19449121962954044,0.5162376713976422,0.19449121962954044,0.5186432523454412,0.19449121962954044,0.5186432523454412,0.19449121962954044,0.5186432523454412,0.19449121962954044,0.5186432523454412,0.19449121962954044,0.5191243685350009,0.19449121962954044,0.5244166466201582,0.19449121962954044,0.5245369256675485,0.19449121962954044,0.5245369256675485,0.19449121962954044,0.5245369256675485,0.19449121962954044,0.5211691123406301,0.19449121962954044,0.5158768342554725,0.19725763771950922,0.5019244647582387,0.2090449843637238,0.46764493625210457,0.23646860716863113,0.40991099350493154,0.2826557613663697,0.3287226365167186,0.34760644695694,0.22287707481356764,0.4322828963194608,0.13218667308154924,0.5270627856627373,0.0644695694010104,0.6045224921818616,0.016357950445032434,0.6632186673081547,0.0,0.7063988453211446,0.02116911234063013,0.7355063747895113,0.0778205436612939,0.7546307433245125,0.16442145778205444,0.7690642290113059,0.2736348328121241,0.779648785181621,0.40113062304546554,0.7902333413519362,0.538729853259562,0.8008178975222511,0.671397642530671,0.8163338946355542,0.790714457541496,0.8278806831849889,0.8810440221313444,0.8347365888862156,0.9479191724801538,0.8369016117392346,0.9884532114505646,0.8293240317536682,1.0,0.8038248737070001,0.985446235265816,0.7575174404618713,0.9402213134471971,0.6964156843877793,0.8763531392831362,0.6166706759682459,0.7969689680057734,0.5214096704354102,0.7127736348328119,0.4213375030069761,0.6238874188116422,0.32499398604763025,0.5411354342073604,0.23694972335819062,0.4677652152994948,0.16129420254991592,0.4037767620880441,0.10211691123406301,0.34917007457300925,0.059898965600192366,0.3051479432282895,0.030550878037045856,0.27459706519124377,0.01058455617031515,0.2534279528506133,0.0
Triangle,0.5325013000520022,0.005096203848153928,0.5325013000520022,0.005096203848153928,0.5325013000520022,0.005096203848153928,0.5325013000520022,0.005096203848153928,0.5325013000520022,0.0017680707228289098,0.5325013000520022,0.0,0.5325013000520022,0.0,0.5325013000520022,0.0,0.5325013000520022,0.0,0.5325013000520022,0.0,0.5325013000520022,0.0,0.5325013000520022,0.0,0.5325013000520022,0.0,0.5325013000520022,0.0,0.5325013000520022,0.0,0.5325013000520022,0.0,0.5325013000520022,0.0,0.5325013000520022,0.0,0.5325013000520022,0.0,0.5325013000520022,0.0,0.5325013000520022,0.0,0.5325013000520022,0.0,0.5325013000520022,0.0,0.5286531461258452,0.0038481539261570412,0.508684347373895,0.019136765470618787,0.45408216328653145,0.05595423816952675,0.34955798231929336,0.1333333333333332,0.22683307332293295,0.2403536141445658,0.1138845553822155,0.35600624024960986,0.03775351014040573,0.4574102964118563,0.0,0.52938117524701,0.0221528861154448,0.5774310972438899,0.11544461778471124,0.6059282371294853,0.25969838793551697,0.6276651066042643,0.43380135205408155,0.6482579303172128,0.6162246489859597,0.6756110244409778,0.7761830473218932,0.7007800312012482,0.8868434737389498,0.7189807592303693,0.9597503900156008,0.7287571502860116,1.0,0.7212688507540304,0.9983359334373373,0.6867394695787833,0.9628705148205932,0.6216328653146128,0.8979719188767556,0.5314612584503384,0.8012480499219974,0.4210088403536147,0.7223088923556942,0.31024440977639106,0.6351534061362457,0.21476859074362986,0.5573582943317735,0.1395735829433179,0.48965158606344317,0.0846593863754552,0.4414976599063968,0.045761830473219106,0.410192407696308,0.02038481539261571
Triangle,0.5421686746987951,0.20481927710843373,0.5306122448979591,0.1932628473075977,0.5301204819277109,0.1927710843373494,0.5301204819277109,0.1927710843373494,0.5301204819277109,0.1927710843373494,0.5301204819277109,0.1927710843373494,0.5301204819277109,0.1927710843373494,0.5301204819277109,0.1927710843373494,0.5301204819277109,0.1927710843373494,0.5301204819277109,0.1927710843373494,0.5301204819277109,0.1927710843373494,0.5301204819277109,0.1927710843373494,0.5301204819277109,0.1927710843373494,0.5301204819277109,0.1927710843373494,0.5301204819277109,0.1927710843373494,0.5347922301450704,0.1927710843373494,0.5421686746987951,0.1927710843373494,0.5421686746987951,0.1927710843373494,0.5389722153921803,0.19596754364396357,0.524711089254979,0.21022866978116544,0.494959429554955,0.23776739611507258,0.43373493975903615,0.287435456110155,0.3491517088763217,0.36046225719203323,0.23432505532333428,0.46447012539955745,0.13105483157118303,0.567986230636833,0.06171625276616706,0.6488812392426847,0.0036882222768623986,0.7071551512171134,0.0,0.7541185148758298,0.051635111876074946,0.7693631669535285,0.15859355790508997,0.7809195967543644,0.2928448487828858,0.7831325301204819,0.4403737398573886,0.7831325301204819,0.5906073272682566,0.7914925006147037,0.7329727071551503,0.8030489304155396,0.8421440865502824,0.8146053602163758,0.9208261617900174,0.8192771084337349,0.977378903368576,0.8128841898205066,1.0,0.7895254487337106,0.9891812146545369,0.7494467666584708,0.9513154659454144,0.6933857880501598,0.8891074502089992,0.6196213425129087,0.8158347676419974,0.5347922301450704,0.7280550774526681,0.4388984509466439,0.6240472092451437,0.3378411605606097,0.522498155888862,0.24784853700516382,0.43398082124416026,0.16892058028030502,0.36759282026063433,0.10253257929677892,0.32235062699778705,0.0572903860339318,0.28817310056552764,0.023112859601672045,0.26506024096385544,0.0
Triangle,0.7253086419753082,0.050411522633744835,0.7253086419753082,0.050411522633744835,0.7253086419753082,0.050411522633744835,0.7253086419753082,0.050411522633744835,0.7345679012345682,0.050411522633744835,0.7379115226337444,0.050411522633744835,0.7391975308641975,0.050411522633744835,0.7505144032921806,0.050411522633744835,0.756430041152263,0.050411522633744835,0.7631172839506168,0.050411522633744835,0.7631172839506168,0.050411522633744835,0.7631172839506168,0.050411522633744835,0.7631172839506168,0.050411522633744835,0.7631172839506168,0.050411522633744835,0.7631172839506168,0.050411522633744835,0.7631172839506168,0.050411522633744835,0.7631172839506168,0.050411522633744835,0.761574074074074,0.05195473251028805,0.7427983539094649,0.06687242798353908,0.6944444444444439,0.09413580246913567,0.6113683127572014,0.13888888888888876,0.4894547325102876,0.2052469135802469,0.3425925925925926,0.29295267489711907,0.2111625514403291,0.38245884773662525,0.10725308641975301,0.4668209876543207,0.04012345679012291,0.5264917695473248,0.0,0.5712448559670781,0.018518518518517883,0.603909465020576,0.08256172839506154,0.6175411522633742,0.19110082304526693,0.6175411522633742,0.3233024691358019,0.6111111111111108,0.46373456790123424,0.5961934156378599,0.6090534979423864,0.5923353909465018,0.7440843621399172,0.5923353909465018,0.8541666666666662,0.5923353909465018,0.9233539094650202,0.5869341563786006,0.9753086419753085,0.5565843621399174,1.0,0.5118312757201644,0.9778806584362133,0.45473251028806577,0.931327160493827,0.38040123456790126,0.8716563786008222,0.305812757201646,0.8119855967078188,0.23122427983539084,0.7613168724279835,0.15663580246913567,0.7278806584362136,0.09336419753086406,0.6990740740740738,0.04835390946502066,0.6874999999999996,0.02186213991769551,0.6874999999999996,0.006944444444444474,0.6874999999999996,0.0,0.6977880658436207,0.0,0.7001028806584357,0.0
Triangle,0.8496093749999999,0.0,0.8496093749999999,0.0,0.8496093749999999,0.0,0.8496093749999999,0.0,0.8496093749999999,0.0,0.8496093749999999,0.0,0.8496093749999999,0.0,0.8496093749999999,0.0,0.8496093749999999,0.0,0.8496093749999999,0.0,0.8496093749999999,0.0,0.8496093749999999,0.0,0.8496093749999999,0.0,0.8496093749999999,0.0,0.8496093749999999,0.0,0.8300781249999997,0.019531250000000038,0.7675781249999999,0.07421874999999996,0.6464843750000002,0.1640624999999999,0.4902343749999999,0.2890624999999999,0.31835937500000006,0.4296875,0.16992187499999953,0.5703125,0.07031249999999958,0.6835937500000003,0.0,0.7578125000000003,0.0,0.7968750000000002,0.06445312499999936,0.8066406250000003,0.17382812499999942,0.8066406250000003,0.3085937499999991,0.7968750000000004,0.4609374999999988,0.7929687500000003,0.6171874999999998,0.7929687500000003,0.7539062499999999,0.7929687500000003,0.8554687500000001,0.7929687500000003,0.9218749999999999,0.7929687500000003,0.9687499999999993,0.7929687500000003,0.9960937500000001,0.7832031250000002,1.0,0.7558593750000004,1.0,0.7109375000000003,0.9843750000000004,0.6640625000000004,0.9648437500000002,0.6171875000000002,0.9335937499999996,0.5703125000000003,0.8945312500000007,0.5156250000000003,0.8574218749999997,0.4433593750000006,0.8144531250000001,0.3652343750000003,0.7675781249999999,0.3007812500000001,0.7226562499999992,0.24023437500000028,0.6914062500000001,0.1972656250000001,0.6660156249999997,0.17187500000000014,0.6503906250000001,0.1562500000000001,0.6347656249999998,0.15039062500000006,0.6191406249999993,0.15039062500000006,0.6035156249999998,0.15039062500000006
Triangle,0.6220824030850416,0.07956159935051757,0.6220824030850416,0.07956159935051757,0.6220824030850416,0.07956159935051757,0.6220824030850416,0.07956159935051757,0.6220824030850416,0.07956159935051757,0.6220824030850416,0.07956159935051757,0.6220824030850416,0.07956159935051757,0.6220824030850416,0.07956159935051757,0.6220824030850416,0.07956159935051757,0.6220824030850416,0.07956159935051757,0.6220824030850416,0.06941343616805364,0.6220824030850416,0.05967119951288818,0.6220824030850416,0.05967119951288818,0.6220824030850416,0.05967119951288818,0.6220824030850416,0.05967119951288818,0.6168053582301604,0.06494824436776944,0.5995534808199716,0.08220012177795817,0.5557134158717275,0.11873350923482837,0.4759488532575602,0.17921656180231377,0.3789324132332046,0.26364927948041406,0.26953521412624354,0.3620864623503143,0.15323726405520624,0.47026588187538026,0.07286381165009173,0.5615993505175562,0.021514105946823257,0.6239090724578852,0.0,0.6653135782423382,0.027400040592652157,0.6762735944793993,0.09721940328800426,0.6697787700426224,0.1999188146945401,0.6588187538055613,0.33509234828496004,0.6478587375685001,0.48711183275826975,0.6368987213314391,0.6405520600771263,0.6364927948041406,0.7874974629592041,0.6348690886949462,0.8891820580474932,0.6212705500304446,0.9585954942155468,0.5956971788106356,0.9947229551451188,0.5628171300994523,1.0,0.524254110006089,0.9933022122995742,0.48041404505784474,0.9669169880251676,0.4288613760909279,0.9165820986401464,0.3740612949056222,0.8715242541100059,0.31926121372031674,0.8276841891617619,0.2644611325350114,0.7838441242135179,0.21148772072254948,0.7428455449563631,0.16764765577430518,0.7099654962451799,0.12380759082606062,0.6770854475339962,0.08483864420539898,0.6500913334686426,0.05784453014004479,0.6281713009945197,0.035924497665922504,0.6141668358027192,0.02192003247412222,0.6032068195656584,0.010960016237061145,0.6021920032474122,0.0
Slash,0.004629629629629629,0.023148148148148147,0.001889644746787569,0.023148148148148147,0.0,0.023148148148148147,0.0,0.023148148148148147,0.0,0.023148148148148147,0.0,0.023148148148148147,0.0,0.023148148148148147,0.0,0.023148148148148147,0.0,0.023148148148148147,0.0,0.023148148148148147,0.0,0.023148148148148147,0.0,0.023148148148148147,0.0,0.023148148148148147,0.0,0.023148148148148147,0.0,0.023148148148148147,0.0,0.023148148148148147,0.0021730914588057766,0.023148148148148147,0.006330309901738481,0.023148148148148147,0.022770219198790714,0.023148148148148147,0.04261148904006052,0.023148148148148147,0.06727135298563867,0.023148148148148147,0.1038359788359789,0.023148148148148147,0.1454081632653061,0.02305366591080879,0.20020786092214665,0.02031368102796686,0.2597316704459561,0.01757369614512467,0.3282312925170068,0.014833711262282608,0.4003212396069539,0.01209372637944068,0.4743008314436885,0.009353741496598619,0.5429894179894177,0.006613756613756689,0.6084656084656083,0.004629629629629629,0.6660052910052909,0.004629629629629629,0.7171201814058955,0.004629629629629629,0.7636999244142102,0.004629629629629629,0.802910052910053,0.0021730914588057766,0.8390022675736964,0.0,0.8664021164021163,0.0,0.8909674981103554,0.0,0.9128873771730913,0.0,0.9280045351473923,0.0,0.9413265306122448,0.0,0.952286470143613,0.0,0.9620181405895694,0.0,0.9702380952380951,0.0,0.976379440665155,0.0,0.9818594104308389,0.0,0.987339380196523,0.0,0.9917800453514737,0.0,0.9945200302343159,0.0,0.9972600151171581,0.0,1.0,0.0
Slash,1.0,0.1676470588235294,1.0,0.1676470588235294,1.0,0.1676470588235294,0.9997599039615847,0.1676470588235294,0.997719087635054,0.1676470588235294,0.9970588235294118,0.1676470588235294,0.9970588235294118,0.1676470588235294,0.9970588235294118,0.1676470588235294,0.9970588235294118,0.1676470588235294,0.9970588235294118,0.1676470588235294,0.9970588235294118,0.1676470588235294,0.9970588235294118,0.1676470588235294,0.9970588235294118,0.1676470588235294,0.9970588235294118,0.1676470588235294,0.9970588235294118,0.1676470588235294,0.9958583433373349,0.1676470588235294,0.9935174069627851,0.16734693877551018,0.9894357743097237,0.16530612244897963,0.9810324129651861,0.16182472989195676,0.967046818727491,0.157202881152461,0.9425570228091237,0.15108043217286915,0.9012605042016807,0.1449579831932773,0.8454381752701081,0.1380552220888355,0.771968787515006,0.12989195678271306,0.667767106842737,0.11788715486194472,0.5565426170468188,0.10462184873949583,0.4412965186074428,0.09009603841536606,0.3433373349339736,0.07172869147659071,0.2630252100840338,0.05588235294117647,0.19723889555822324,0.04231692677070827,0.14825930372148866,0.032112845138055277,0.11128451380552215,0.023409363745498228,0.08103241296518608,0.015846338535414242,0.05654261704681879,0.009723889555822292,0.03901560624249699,0.005342136854741853,0.02521008403361346,0.0021008403361344775,0.015006002400960368,6.002400960382789e-05,0.008763505402160868,0.0,0.004801920768307329,0.0,0.0027611044417767097,0.00018007202881148367,0.0007202881152461019,0.0022208883553421336,0.0,0.004261704681872783,0.0,0.0058823529411764705,0.0,0.0058823529411764705,0.0,0.0058823529411764705,0.0,0.0058823529411764705,0.0,0.0058823529411764705,0.0,0.0058823529411764705,0.0,0.0058823529411764705,0.0,0.0058823529411764705
Slash,0.0,0.0028328611898017,0.0,0.0012718968607273267,0.0,0.0,0.0,0.0,0.0005781349366942238,0.0,0.002139099265768627,0.0,0.0037000635948430407,0.0,0.005261027923917444,0.0,0.0056657223796034,0.0,0.0056657223796034,0.0,0.0056657223796034,0.0,0.005839162860611667,0.0,0.007400127189686071,0.0,0.009886107417471235,0.0,0.014569000404694445,0.0,0.02150661964502515,0.0,0.03087240561947157,0.0,0.04648204891021558,0.0,0.0652136208591085,0.0,0.10123142741515868,0.002659420708793472,0.14123836503439888,0.005954789847950526,0.20679886685552384,0.013759611493322473,0.27513441637278124,0.02225819506272765,0.3531826328265016,0.033184945366248504,0.4312308492802219,0.04411169566976928,0.509279065733942,0.05503844597329021,0.5817771867953978,0.06504018037810019,0.6504596172746718,0.07440596635254668,0.7094293808174826,0.08134358559287733,0.7656240966641611,0.08758744290917489,0.8082904549921953,0.09232814939006759,0.848355206105105,0.09677978840261314,0.8764525640284442,0.09990171706076197,0.9019483147366595,0.10250332427588603,0.9222408510146266,0.1040642886049604,0.9392958316471064,0.1048158640226629,0.9533445106087759,0.1048158640226629,0.9640978204312887,0.1048158640226629,0.973463606405735,0.1048158640226629,0.9786668208359831,0.1048158640226629,0.9832340868358674,0.1048158640226629,0.9863560154940162,0.1048158640226629,0.989073249696479,0.1048158640226629,0.9906342140255536,0.1048158640226629,0.992195178354628,0.1048158640226629,0.9937561426837025,0.1048158640226629,0.9953171070127768,0.1048158640226629,0.9968780713418511,0.1048158640226629,0.9984390356709256,0.1048158640226629,1.0,0.1048158640226629
Slash,1.0,0.4584717607973422,1.0,0.4584717607973422,1.0,0.4584717607973422,1.0,0.4584717607973422,1.0,0.4584717607973422,1.0,0.4584717607973422,1.0,0.4584717607973422,1.0,0.4584717607973422,1.0,0.4584717607973422,1.0,0.4584717607973422,1.0,0.4584717607973422,1.0,0.4584717607973422,1.0,0.4584717607973422,1.0,0.4584717607973422,0.9981015662078786,0.4584717607973422,0.996067530002034,0.4584717607973422,0.9940334937961897,0.4584717607973422,0.9933554817275747,0.45711573666011246,0.9931520781069904,0.4549460980405451,0.9870499694894568,0.44884398942301174,0.9760661739778967,0.44030103735846493,0.9577598481252968,0.4280968201233981,0.9269781002101837,0.409654891857075,0.8894162316089225,0.38822971048884664,0.8324632178452775,0.3597532036070242,0.764323004949488,0.328225642416435,0.6849955929215539,0.293647026917079,0.5968540240016272,0.25554274866092613,0.5073564309444708,0.2173706691979118,0.41785883788731454,0.18075801749271145,0.3381246186182112,0.14780663095803095,0.2648993152078105,0.11729608787036405,0.20740389178927382,0.09268424977964607,0.15587497457454744,0.07030985151535699,0.1151942504576582,0.052003525662756823,0.08305647840531552,0.03796867584242995,0.055393586005830865,0.02603566343480912,0.03912129635907517,0.017899518611431273,0.025493253779917294,0.01064478947725273,0.015323072750694972,0.004542680859719309,0.008407349650823761,0.0016950301715370456,0.0029832531019051965,0.0,0.0009492168960607229,0.0,0.0,0.0,0.0,0.0,0.0,0.0018306325852599792,0.0,0.0038646687911045,0.0,0.005898704996948973,0.0,0.006644518272425249,0.0,0.006644518272425249
Slash,0.0031446540880503146,0.0,0.0031446540880503146,0.0,0.0031446540880503146,0.0,0.0031446540880503146,0.0,0.0031446540880503146,0.0,0.0031446540880503146,0.0,0.0025670645616737236,0.0,0.0008984725965857786,0.0,0.0,0.0,0.0,0.0,0.0,0.0,0.0,0.0,0.0,0.0,0.0,0.0,0.0013477088948787126,0.0,0.0030163008599666126,0.0,0.01084584777307153,0.0,0.01957386728276218,0.0,0.03792837889872935,0.0,0.05859324862020288,0.0002567064561674036,0.09196508792196129,0.0019252984212553036,0.12982929020664885,0.004492362982929027,0.17988704915928647,0.009498138878192817,0.23700423565652695,0.016429213194711866,0.30541650622513156,0.026440764985239354,0.37549736875882433,0.03728661275831088,0.44724682325760495,0.04896675651392637,0.5159158002823772,0.061673726094211276,0.582659478885894,0.07502246181491466,0.6420870234886408,0.08837119753561803,0.6988191503016303,0.10171993325632142,0.7456680785521757,0.11224489795918371,0.7907200616095496,0.1222564497497112,0.824541137209601,0.13066358618919263,0.8572712103709409,0.1387498395584649,0.8823000898472598,0.1437556154537287,0.9057245539725324,0.14876139134899247,0.9224104736234118,0.15376716724425626,0.9375561545372867,0.15825953022718525,0.9492362982929021,0.16159671415736104,0.9595045565395969,0.16422795533307666,0.9678475163650367,0.16589654729816455,0.9743935309973046,0.16756513926325245,0.9793993068925684,0.16923373122834043,0.9833140803491208,0.16981132075471697,0.9866512642792968,0.16981132075471697,0.9899884482094726,0.1710948530355539,0.9933256321396482,0.1727634450006418,0.9966628160698242,0.17295597484276728,1.0,0.17295597484276728
Slash,0.002890173410404624,0.09248554913294797,0.002890173410404624,0.09248554913294797,0.002890173410404624,0.09248554913294797,0.002890173410404624,0.09248554913294797,0.002890173410404624,0.09248554913294797,0.0015335614014391683,0.09248554913294797,0.0,0.09248554913294797,0.0,0.09248554913294797,0.0,0.09248554913294797,0.0,0.09248554913294797,0.0,0.09248554913294797,0.0,0.09248554913294797,0.0,0.09248554913294797,0.0,0.09248554913294797,0.0,0.09248554913294797,0.0,0.09248554913294797,0.0,0.09248554913294797,0.0,0.09248554913294797,0.0014155951397900267,0.09248554913294797,0.004482717942668404,0.09195470095552667,0.010498997286775977,0.08994927450749086,0.03468208092485549,0.08464079273327826,0.06812551610239471,0.07785773268845114,0.1102394715111478,0.06983602689630763,0.1674531084109945,0.061814321104164204,0.23363218119617785,0.05379261531202077,0.30818685855845246,0.04577090951987726,0.3884039164798868,0.03774920372773391,0.46862097440132106,0.0297274979355904,0.5474224371829657,0.022059690928394476,0.6196177893122566,0.01604341158428686,0.6829656718178602,0.011501710510793926,0.739589477409461,0.008080688922968001,0.7877197121623215,0.006075262474932184,0.8272973929456175,0.004069836026896286,0.8620974401321222,0.0020644095788604692,0.8921788368526603,5.8983130824570755e-05,0.9164209036215641,0.0,0.9362392355786245,0.0,0.9519287483779638,0.0,0.9639613070661791,0.0,0.9733986079981125,0.0,0.9810074318744839,0.0,0.9870237112185914,0.0,0.9915064291612599,0.0,0.994868467618261,0.0,0.9968738940662971,0.0,0.9988793205143328,0.0,1.0,0.0,1.0,0.0
Slash,1.0,0.0056179775280898875,1.0,0.0056179775280898875,1.0,0.0056179775280898875,1.0,0.0056179775280898875,1.0,0.0052740197202476476,1.0,0.003783535886264636,1.0,0.0022930520522815444,1.0,0.0008025682182985326,1.0,0.0,1.0,0.0,1.0,0.0,1.0,0.0,1.0,0.0,1.0,0.0,1.0,0.0,1.0,0.0,0.998624168768631,0.0,0.9971910112359551,0.0,0.9971910112359551,0.0,0.996961706030727,0.0,0.9954712221967439,0.0,0.992776886035313,0.0004012841091492663,0.9868149506993809,0.001891767943132358,0.9756936482458152,0.0033822517771153696,0.9563173584040358,0.0048727356110983815,0.9309791332263243,0.007853703279064485,0.8996789727126807,0.01232515478101352,0.8546204998853474,0.017713827103875222,0.8009630818619583,0.02367576243980743,0.7331460674157303,0.0307268975005733,0.6601123595505618,0.03817931667048844,0.5845562944278835,0.04563173584040358,0.5085416188947488,0.0530841550103188,0.4368264159596421,0.06053657418023386,0.3660857601467552,0.06798899335014907,0.30497592295345083,0.0754414125200643,0.2464457693189634,0.08289383168997944,0.19875028663150637,0.09034625085989449,0.15518229763815622,0.09688144920889705,0.12090116945654655,0.10135290071084617,0.0910341664755789,0.10519376289841782,0.06718642513185039,0.10817473056638385,0.0473515248796147,0.11115569823434995,0.03095620270580133,0.11413666590231598,0.0194336161430864,0.1151685393258427,0.01049071313918821,0.1151685393258427,0.004987388213712435,0.1151685393258427,0.0005159367117633395,0.1151685393258427,0.0,0.11385003439578076,0.0,0.11235955056179775
Slash,0.0027100271002710027,0.1002710027100271,0.0012167468613461575,0.1002710027100271,0.0,0.1002710027100271,0.0,0.1002710027100271,0.0,0.09971793595486972,0.0,0.09822465571594492,0.0,0.0975609756097561,0.0,0.0975609756097561,0.0,0.0975609756097561,0.0,0.0975609756097561,0.0,0.0975609756097561,0.0,0.0975609756097561,0.0,0.0975609756097561,0.0,0.0975609756097561,0.0,0.0975609756097561,0.0007189867817045423,0.0975609756097561,0.0022122670206293875,0.0975609756097561,0.007687627896687096,0.09656545545047286,0.015154029091311303,0.09507217521154807,0.0340689121176926,0.09230684143576126,0.05547259554228189,0.08926497428239592,0.0898180410375531,0.08478513356562135,0.12880924727614612,0.08030529284884685,0.1840606161163652,0.07582545213207235,0.2453957192633149,0.07134561141529779,0.3155798904927822,0.06686577069852336,0.3875338753387532,0.062385929981748786,0.46070460704607036,0.057906089264974286,0.5303910181958961,0.05342624854819979,0.5990819091864384,0.048946407831425294,0.660582932359936,0.04446656711465072,0.7200376085393507,0.03998672639787622,0.7693158564238701,0.035506885681101726,0.8141142635916154,0.031524805043968804,0.8499529893258115,0.02853824456611911,0.8803716608594658,0.025551684088269497,0.905757424921188,0.022565123610419808,0.9258890548089154,0.01957856313257012,0.9438084176760135,0.016592002654720425,0.956418339693601,0.013605442176870736,0.9680327415519053,0.010729495050052567,0.9754991427465295,0.00923621481112776,0.9821912504839334,0.007742934572202876,0.9866710912007078,0.006249654333277992,0.9904872518112936,0.004756374094353186,0.9934738122891432,0.0032630938554283786,0.9955201592832256,0.0017698136165035718,0.9970134395221503,0.0002765333775786879,0.9985067197610752,0.0,1.0,0.0
Slash,1.0,0.04521276595744681,1.0,0.04380156317846289,1.0,0.0425531914893617,1.0,0.0425531914893617,1.0,0.0425531914893617,1.0,0.0425531914893617,1.0,0.0425531914893617,1.0,0.0425531914893617,1.0,0.0425531914893617,1.0,0.0425531914893617,1.0,0.0425531914893617,1.0,0.0425531914893617,1.0,0.0425531914893617,1.0,0.0425531914893617,1.0,0.0425531914893617,1.0,0.0425531914893617,1.0,0.0425531914893617,0.9999457229700389,0.0425531914893617,0.9985345201910552,0.0425531914893617,0.9971233174120712,0.0425531914893617,0.9957121146330874,0.0425531914893617,0.9927811550151976,0.04217325227963527,0.9857251411202779,0.04076204950065128,0.9743269648284846,0.038265306122448974,0.9559813287016935,0.03403169778549715,0.9298740772904905,0.03050369083803736,0.8960052105948763,0.02768128528006953,0.8499782891880155,0.024858879722101622,0.7963525835866262,0.022036474164133794,0.7303517151541467,0.020245332175423292,0.6597915762049499,0.018834129396439452,0.5844550586191922,0.017422926617455464,0.5082501085540597,0.016011723838471548,0.4306882327399043,0.017314372557533646,0.35404906643508455,0.018617021276595744,0.28913373860182356,0.018617021276595744,0.22801780286582704,0.018617021276595744,0.18285931393834115,0.018617021276595744,0.14204298740772894,0.018182805036908327,0.11099652627008236,0.016771602257924487,0.08412939643942675,0.015360399478940497,0.06296135475466771,0.013949196699956581,0.04559270516717318,0.011778115501519724,0.03148067737733384,0.008955709943551894,0.021059487624837125,0.0070560138949197285,0.012592270950933517,0.005644811115935737,0.0073816760746851775,0.004233608336951747,0.0031480677377333744,0.0028224055579679067,0.0014112027789839343,0.0014112027789839154,0.0,0.0
Slash,0.0106951871657754,0.0,0.0106951871657754,0.0,0.0106951871657754,0.0,0.0106951871657754,0.0,0.0106951871657754,0.0,0.0106951871657754,0.0,0.0106951871657754,0.0,0.0106951871657754,0.0,0.010040379788278944,0.0,0.008621630470369963,0.0,0.00638437193059041,0.0,0.003546873294772446,0.0,0.001691585725199166,0.0,0.00027283640729018377,0.0,0.0,0.0,0.0,0.0,0.0,0.0013096147549929125,0.0,0.00267379679144385,0.0,0.00267379679144385,0.0006548073774964563,0.00267379679144385,0.004911055331223403,0.00267379679144385,0.013368983957219308,0.00267379679144385,0.03323147440794504,0.00267379679144385,0.05800502018989425,0.0021281239768634447,0.09063625450180071,0.0007093746589544816,0.1339081086980247,0.0,0.187820582778566,0.0,0.2495907453890648,0.0,0.3162719633307869,0.0,0.38606351631561725,0.0,0.4570009822110664,0.0,0.5219360471461313,0.0024009603841537233,0.5857797664520354,0.00523845901997165,0.6441667576121358,0.010804321728691451,0.7015715377059916,0.01647931900032738,0.7498090145148969,0.022154316271963386,0.7958638000654807,0.027829313543599313,0.8327512823311144,0.033504310815235167,0.8665829968350979,0.03874276983520682,0.8935392338753684,0.04299901778893378,0.9168940303394085,0.046655025646622314,0.9353377714722254,0.04949252428244024,0.9507257448433919,0.05233002291825817,0.9634944887045729,0.05516752155407625,0.9744079449961803,0.057077376405107516,0.9843391902215433,0.058496125723016476,0.989905052930263,0.058823529411764705,0.9941613008839899,0.058823529411764705,0.997162501364182,0.058823529411764705,1.0,0.058823529411764705
Slash,1.0,0.3018867924528302,1.0,0.3004015622421476,1.0,0.2991913746630728,1.0,0.2991913746630728,1.0,0.2991913746630728,1.0,0.2991913746630728,1.0,0.2991913746630728,1.0,0.2991913746630728,1.0,0.2991913746630728,1.0,0.2991913746630728,0.9986247868419605,0.29781616150503326,0.9971395566312778,0.2963309312943507,0.9956543264205951,0.294845701083668,0.9937290279993398,0.2933604708729853,0.9907585675779745,0.29187524066230264,0.9870729963144288,0.2896748996094395,0.9826173056823807,0.28670443918807414,0.9751911546289677,0.2837339787667088,0.9662797733648716,0.2807635183453436,0.9485120193630013,0.27526266571318553,0.9287639584135542,0.2692117278178118,0.8975741239892183,0.26030034655371587,0.8614335221959405,0.2507288629737609,0.8079652346113647,0.23884702128829968,0.746025633973266,0.2251498982342263,0.6717641234391334,0.20881236591671717,0.5931019307992742,0.1907145607569173,0.511414269211728,0.17140656801804283,0.43088178667693516,0.1509433962264151,0.3506793553000719,0.13015017327685804,0.2847791407668188,0.11221739369602288,0.22228945486550417,0.09483469937840369,0.17624731833434196,0.07998239727157715,0.13466087243522765,0.06612024863853903,0.10198580780020929,0.05423840695307781,0.07547169811320759,0.04389680400462073,0.05467847516365046,0.034985422740524796,0.03911106221464334,0.02816436547664891,0.025743990318499374,0.02222344463391826,0.017657736949227138,0.01760272842290557,0.010451620001100188,0.013257054843500793,0.005995929369052219,0.010286594422135467,0.0023103581055063643,0.007701193685021189,0.0008251278948237016,0.0062159634743385265,0.0,0.004730733263655902,0.0,0.0032455030529732008,0.0009351449474668554,0.0017602728422905379,0.002420375158149499,0.0002750426316079133,0.0026954177897574125,0.0,0.0026954177897574125,0.0
Slash,0.0026954177897574125,0.0026954177897574125,0.0013752131580394898,0.0013752131580394898,5.500852632158649e-05,5.500852632160564e-05,0.0,0.0,0.0,0.0,0.0,0.0,0.0,0.0,0.0,0.0011551790527531821,0.0,0.0024753836844711046,0.0011001705264315957,0.003795588316188989,0.0024203751581495184,0.005115792947906912,0.006876065790197469,0.007481159579734843,0.01215688431706914,0.010121568843170689,0.025358930634248326,0.013752131580394976,0.04120138621486328,0.017712745475548703,0.06452500137521319,0.023543649265636183,0.09092909400957146,0.030144672424225756,0.12701468727652787,0.03762583200396064,0.16794103085978318,0.0455470597942681,0.21711865339127562,0.0559436712690467,0.27124704329171023,0.06782551295450792,0.3307662687716595,0.08047747400847124,0.3941360910941195,0.09367952032565047,0.4596512459431212,0.10831178832719068,0.5269816821607347,0.12415424390780568,0.589691402167336,0.13999669948842067,0.6477804059629242,0.15583915506903567,0.7004235656526763,0.17107651686011333,0.746630727762803,0.18559876780901033,0.7884372077672039,0.19902084823147584,0.8240827328235877,0.21090268991693714,0.8557676439848175,0.22129930139171572,0.880851531987458,0.22922052918202318,0.9032950107266625,0.2362616205511854,0.9204576709389956,0.24154243907805711,0.9360800924143242,0.24643819792067775,0.9479619340997854,0.25039881181583146,0.9588536223114583,0.25402937455305574,0.9667748501017658,0.2566697838164916,0.9738709499972495,0.25903515044831943,0.9778315638924033,0.2603553550800374,0.9817921777875569,0.2616755597117553,0.9857527916827108,0.2629957643434732,0.9895483799988998,0.2641509433962264,0.9921887892623356,0.2641509433962264,0.9947191814731283,0.26426096044886954,0.9960393861048462,0.2655811650805875,0.9973595907365641,0.2669013697123054,0.9986797953682821,0.26822157434402333,1.0,0.2695417789757412
Slash,1.0,0.004629629629629629,1.0,0.0026455026455025703,1.0,0.0006613756613756426,1.0,0.0,1.0,0.0,0.9993386243386242,0.0,0.9973544973544974,0.0,0.9953703703703703,0.0,0.9914021164021163,0.0,0.9874338624338624,0.0,0.982142857142857,0.0,0.9761904761904764,0.0,0.9689153439153438,0.0,0.9589947089947088,0.0,0.9490740740740741,0.0,0.9332010582010581,0.0019841269841270595,0.9173280423280422,0.003968253968253855,0.8961640211640214,0.005952380952380915,0.8723544973544974,0.007936507936507842,0.8432539682539681,0.011243386243386319,0.8035714285714285,0.017195767195767233,0.7638888888888888,0.023148148148148147,0.7162698412698413,0.029100529100529064,0.6686507936507937,0.035052910052910106,0.6197089947089949,0.04232804232804231,0.5701058201058202,0.05026455026455015,0.5205026455026456,0.05820105820105813,0.47089947089947093,0.0661375661375661,0.4212962962962963,0.07407407407407407,0.3716931216931219,0.08201058201058205,0.32208994708994726,0.08994708994708989,0.2777777777777778,0.09656084656084658,0.2361111111111111,0.1025132275132275,0.1977513227513228,0.10780423280423276,0.16600529100529102,0.11177248677248676,0.13425925925925927,0.11574074074074074,0.1104497354497356,0.11574074074074074,0.08664021164021168,0.11574074074074074,0.06812169312169315,0.11574074074074074,0.052248677248677475,0.11574074074074074,0.039682539682539604,0.1150793650793651,0.033730158730158694,0.11309523809523817,0.027777777777777776,0.1111111111111111,0.021825396825396862,0.10912698412698406,0.015873015873015817,0.10714285714285712,0.011243386243386187,0.1051587301587302,0.0072751322751322,0.10317460317460314,0.003968253968253987,0.10185185185185185,0.0019841269841270595,0.10185185185185185,0.0,0.10185185185185185
Slash,0.0,0.09900990099009901,0.0,0.09678722974338244,0.0,0.09456455849666602,0.0,0.09405940594059406,0.0,0.09405940594059406,0.0024247322691452935,0.09284703980602141,0.006870074762578285,0.09062436855930485,0.01272984441301279,0.08840169731258843,0.021620529399878772,0.08617902606587186,0.0317235805213174,0.0837542937967267,0.053950292988482494,0.07930895130329357,0.07617700545564746,0.07486360880986058,0.1137603556273995,0.06849868660335426,0.1537684380682967,0.0618306728632047,0.20084865629420076,0.05657708628005652,0.25197009496868067,0.052131743786623524,0.3067286320468782,0.04768640129319054,0.3667407557082238,0.043241058799757544,0.42634875732471195,0.03879571630632455,0.48413820973934124,0.034350373812891424,0.5419276621539703,0.02990503131945843,0.5975954738330976,0.0275813295615275,0.6531622550010103,0.025358658314811076,0.7022630834512025,0.02313598706809465,0.7489391796322489,0.020913315821378085,0.7889472620731462,0.01869064457466152,0.8222873307738936,0.016467973327944953,0.8532026672054962,0.014245302081228529,0.8776520509193776,0.012022630834512103,0.9017983430996162,0.009799959587795537,0.9195797130733482,0.007577288341078971,0.9373610830470804,0.005354617094362546,0.9496868054152355,0.0031319458476459804,0.9608001616488179,0.0009092746009295553,0.9692867245908264,0.0,0.9759547383309761,0.0,0.9818145079814106,0.0,0.9862598504748434,0.0,0.9904021014346331,0.0,0.9926247726813497,0.0,0.9948474439280663,0.0,0.9970701151747828,0.0,0.9992927864214994,0.0,1.0,0.0,1.0,0.0,1.0,0.0,1.0,0.0,1.0,0.0,1.0,0.0,1.0,0.0
Slash,1.0,0.0,0.9986938775510203,0.0,0.9973877551020408,0.0,0.993578231292517,0.0,0.9896598639455781,0.0,0.9833469387755102,0.0,0.9768163265306122,0.0,0.9657142857142856,0.001142857142857186,0.9539591836734694,0.0024489795918367085,0.9324081632653062,0.0059319727891156615,0.9088979591836734,0.009850340136054455,0.8336870748299321,0.022040816326530602,0.7448707482993199,0.036408163265306104,0.6550748299319729,0.051755102040816306,0.564952380952381,0.06742857142857141,0.47390476190476194,0.08217687074829928,0.3824761904761905,0.09654421768707486,0.30933333333333335,0.10829931972789117,0.24533333333333346,0.11874829931972787,0.19357823129251703,0.12674829931972786,0.14917006802721083,0.13327891156462587,0.11238095238095244,0.13828571428571437,0.08103401360544221,0.14220408163265302,0.05605442176870747,0.14541496598639453,0.03646258503401365,0.14802721088435372,0.020789115646258512,0.14933333333333335,0.009034013605442169,0.14933333333333335,0.0020680272108843573,0.14933333333333335,0.0007619047619047686,0.14933333333333335,0.0,0.14878911564625846,0.0,0.14748299319727887,0.0009795918367346795,0.14617687074829927,0.0035918367346938758,0.14487074829931984,0.007510204081632632,0.14356462585034024,0.014040816326530621,0.14225850340136065,0.020190476190476186,0.14095238095238088,0.02541496598639454,0.13964625850340145,0.030312925170068034,0.13834013605442183,0.03423129251700679,0.13703401360544223,0.03814965986394556,0.1357278911564625,0.04206802721088436,0.13442176870748304,0.04576870748299319,0.13311564625850345,0.04838095238095237,0.13180952380952385,0.050993197278911565,0.13050340136054425,0.05360544217687074,0.12919727891156466,0.05610884353741496,0.12789115646258506,0.05741496598639456,0.12658503401360546,0.05872108843537414,0.12533333333333332,0.060027210884353734,0.12533333333333332,0.06133333333333333,0.12533333333333332
Slash,0.007537688442211055,0.11557788944723618,0.007537688442211055,0.11557788944723618,0.007537688442211055,0.11557788944723618,0.007537688442211055,0.11557788944723618,0.006819813352476671,0.11557788944723618,0.005384063173007886,0.11557788944723618,0.003948312993539119,0.11557788944723618,0.002512562814070352,0.11557788944723618,0.0010768126346015845,0.11557788944723618,0.0,0.11557788944723618,0.0,0.11557788944723618,0.0,0.11557788944723618,0.0,0.11557788944723618,0.0,0.11557788944723618,0.0,0.11557788944723618,0.0014357501794687673,0.11557788944723618,0.004666188083273503,0.11521895190236907,0.013280689160086125,0.1137832017229002,0.03266331658291452,0.11019382627422837,0.06281407035175872,0.10445082555635316,0.11019382627422815,0.09655419956927498,0.16331658291457288,0.08793969849246232,0.23510409188801146,0.07932519741564971,0.308686288585786,0.07106963388370421,0.3876525484565684,0.06389088298636034,0.46446518305814777,0.05599425699928218,0.5391241923905239,0.0473797559224695,0.6073223259152906,0.040918880114859994,0.6733668341708543,0.035175879396984924,0.7264895908111987,0.030868628858578585,0.7763819095477387,0.02656137832017225,0.8165829145728641,0.022254127781765984,0.8517587939698491,0.018664752333094083,0.8819095477386935,0.015793251974156475,0.9055994256999282,0.012921751615219013,0.9271356783919598,0.010050251256281407,0.9414931801866474,0.008614501076812676,0.9544149318018664,0.007178750897343872,0.963029432878679,0.005743000717875069,0.9709260588657574,0.004307250538406338,0.9781048097631012,0.0028715003589375346,0.9831299353912419,0.001435750179468803,0.9874371859296482,0.0,0.9903086862885857,0.0,0.992821249102656,0.0,0.994256999282125,0.0,0.9956927494615938,0.0,0.9971284996410624,0.0,0.9985642498205313,0.0,1.0,0.0
Slash,1.0,0.006134969325153374,0.9987479654438461,0.004882934768999647,0.9974959308876924,0.003630900212845921,0.9948666583197697,0.002378865656692107,0.9911105546513083,0.0011268311005383802,0.987354450982847,0.0,0.9835983473143858,0.0,0.9798422436459246,0.0,0.9760861399774634,0.0,0.9723300363090022,0.0,0.9685739326405409,0.0,0.9648178289720796,0.0,0.9610617253036186,0.0,0.9563665957180418,0.0009390259171153605,0.9513584574934267,0.002191060473269087,0.9452234881682735,0.0038187053962689408,0.9364592462751972,0.006322774508576394,0.927695004382121,0.008826843620883935,0.9104169275071994,0.011330912733191475,0.891636409164893,0.01383498184549893,0.8673469387755102,0.017340678602729417,0.8347940403155126,0.02234881682734441,0.802241141855515,0.02735695505195949,0.7518467509703267,0.03236509327657448,0.700513334168023,0.037373231501189395,0.6416677100287969,0.04300738700388129,0.5753098785526481,0.049267559784650104,0.5090772505321145,0.05540252910980339,0.44522348816827334,0.05915863277826466,0.38136972580443235,0.06291473644672592,0.32502817077751334,0.06591961938149493,0.27369475397520965,0.06842368849380238,0.22480280455740576,0.07092775760610993,0.1897458369851008,0.07343182671841747,0.15468886941279583,0.07593589583072492,0.12664329535495178,0.07756354075372478,0.1016026042318768,0.0788155753098786,0.07906598222110929,0.07975460122699386,0.06404156754726421,0.07975460122699386,0.049017152873419234,0.07975460122699386,0.04000250406911228,0.07975460122699386,0.03249029673218983,0.07975460122699386,0.02585451358457494,0.07975460122699386,0.020846375359959948,0.07975460122699386,0.01583823713534491,0.07975460122699386,0.011956930011268295,0.07975460122699386,0.008200826342807027,0.07975460122699386,0.005008138224614994,0.07975460122699386,0.002504069112307497,0.07975460122699386,0.0,0.07975460122699386
Slash,0.0,0.1757188498402556,0.0,0.17428441024972285,0.0,0.17284997065919022,0.0,0.17252396166134185,0.0,0.17252396166134185,0.0,0.17252396166134185,0.0,0.17252396166134185,0.0,0.17252396166134185,0.0,0.17252396166134185,0.0,0.17252396166134185,0.0,0.17252396166134185,0.0,0.17252396166134185,0.0,0.17252396166134185,0.0,0.17252396166134185,0.0009128251939753278,0.17252396166134185,0.0023472647845080635,0.17252396166134185,0.003194888178913738,0.1719371454652148,0.003194888178913738,0.17050270587468225,0.004759731368585735,0.1688074590858708,0.013366368911781968,0.16593857990480543,0.021973006454978156,0.16306970072374002,0.0401643085349156,0.1574623459607486,0.05881202321184062,0.15172458759861773,0.10145400013040369,0.14181391406402824,0.15309382538958072,0.13033839733976654,0.21477472778248682,0.11814566082023865,0.2864967073091217,0.1052357045054444,0.35860989763317475,0.09271695898806806,0.4317663167503422,0.08124144226380653,0.5046619286692314,0.06989632913868422,0.5720805894242681,0.06128969159548808,0.639499250179305,0.05268305405229185,0.6963552194040555,0.04525004890134965,0.7508639238442981,0.038077850948686244,0.7952011475516725,0.032600899784834096,0.8324965769055226,0.028297581013235977,0.865619091086914,0.02399426224163786,0.8914390037165025,0.019690943470039836,0.9160852839538371,0.01558323009715068,0.9332985590402294,0.012714350916085299,0.9505118341266217,0.009845471735019918,0.9612049292560476,0.006976592553954537,0.9712460063897763,0.004107713372889066,0.9783530025428702,0.002216861185368757,0.9840907609050009,0.0007824215948360212,0.9891765012714352,0.0,0.9934798200430333,0.0,0.9971311208189345,0.0,0.9985655604094673,0.0,1.0,0.0
Slash,1.0,0.0,1.0,0.0,1.0,0.0,0.9980655769416771,0.0,0.995840990424606,0.0,0.9936164039075344,0.0,0.9913918173904633,0.0,0.9864590385917399,0.0,0.9797852790405259,0.0,0.9709836541251573,0.0010639326820775978,0.9598607215398007,0.0032885191991489145,0.946416481284457,0.005513105716220231,0.9286197891478867,0.0077376922332915475,0.9088886739529934,0.010445884514943334,0.8821936357481379,0.014895057549086101,0.8531772898732952,0.01953767288906084,0.7997872134635845,0.026211432440274657,0.7463971370538737,0.03288519199148847,0.6674726762743011,0.03955895154270242,0.587387561659735,0.04623271109391637,0.5054647451397619,0.051068768739723484,0.42315504400812454,0.055517941773865986,0.3547731888964115,0.05996711480800848,0.29248476641841575,0.06441628784215112,0.24025534384369868,0.06886546087629361,0.1957636135022729,0.07331463391043624,0.15707515233581582,0.0767965954154174,0.1259309410968178,0.07902118193248872,0.10020311442112388,0.08056872037914692,0.08685559531869612,0.08056872037914692,0.0746687300512622,0.08056872037914692,0.06799497050004825,0.08056872037914692,0.06132121094883444,0.08056872037914692,0.054647451397620624,0.08056872037914692,0.04797369184640681,0.08056872037914692,0.043331076506431934,0.08056872037914692,0.03888190347228931,0.08056872037914692,0.036173711190637385,0.08056872037914692,0.0339491246735662,0.08056872037914692,0.03172453815649488,0.08056872037914692,0.02949995163942357,0.08056872037914692,0.026114711287358535,0.08056872037914692,0.0216655382532159,0.08056872037914692,0.017216365219073403,0.08056872037914692,0.012767192184930904,0.08056872037914692,0.00889834606828513,0.08056872037914692,0.006673759551213815,0.08056872037914692,0.004449173034142499,0.08056872037914692,0.0022245865170713165,0.08056872037914692,0.0,0.08056872037914692
Slash,0.016574585635359115,0.0,0.016574585635359115,0.0,0.016574585635359115,0.0,0.016574585635359115,0.0,0.016574585635359115,0.0,0.016574585635359115,0.0,0.015447062803021704,0.0,0.013417521704814613,0.0,0.011387980606607206,0.0,0.009358439508400115,0.0,0.007328898410192867,0.0,0.005299357311985619,0.0,0.0032698162137782135,0.0,0.0012402751155711224,0.0,0.0,0.0,0.0,0.0,0.0,0.0,0.0,0.0,0.0,0.0,0.0,0.0,0.0,0.0,0.0,0.0,0.0,0.0,0.0,0.0,0.0,0.0,0.003044311647310951,0.0,0.009132934941932696,0.0,0.015221558236554284,0.0,0.03867403314917127,0.0,0.06708760852407275,0.0,0.09719246814748003,0.0,0.1560491599954899,0.0,0.21490585184349995,0.0,0.2791746532867292,0.0,0.35426767392039704,0.0,0.4293606945540648,0.0,0.4982523396098772,0.0012402751155711224,0.5631976547525088,0.0032698162137783705,0.6281429698951404,0.005299357311985619,0.6822640658473335,0.00913293494193254,0.7350321344007216,0.013192017138347036,0.7850941481565,0.016912842485060246,0.8216258879242305,0.01894238358326765,0.8581576276919607,0.02097192468147474,0.8901792761303418,0.023001465779682147,0.9165633104070359,0.02503100687788924,0.94294734468373,0.027060547976096486,0.9634682602322698,0.027624309392265192,0.9817341301161352,0.027624309392265192,1.0,0.027624309392265192
Slash,1.0,0.0,0.9984120449332471,0.0,0.9971181556195965,0.0,0.9971181556195965,0.0,0.9971181556195965,0.0,0.9971181556195965,0.0,0.9971181556195965,0.0,0.9971181556195965,0.0,0.9959418926071869,0.0,0.994353937540434,0.0,0.9912956537081692,0.0,0.9877668646709404,0.0001764394518613961,0.9814150444039287,0.0017643945186143705,0.9722401929071341,0.003822854790331068,0.9563606422396048,0.006998764923836935,0.9305416691172145,0.01170381697347523,0.8940187025818973,0.018055637240486963,0.8352643651120393,0.028642004352173105,0.7653943421749104,0.04134564488619649,0.6738810798094454,0.05675469034876194,0.5785449626536495,0.07269305416691174,0.4816797035817213,0.09016055990119388,0.3894018702581899,0.10656942892430749,0.31318002705404935,0.11927306945833095,0.24666235370228792,0.13068282067870385,0.1942598364994415,0.1402105510792212,0.1512674233958714,0.14785626065988353,0.11474445686055405,0.15420808092689525,0.08810209962947722,0.1593248250308769,0.06428277362818337,0.16408869023113573,0.04963829912368405,0.16579427159912954,0.03605246133035348,0.16714697406340057,0.02652473092983594,0.16714697406340057,0.018584955596071304,0.16714697406340057,0.013821090395812535,0.16714697406340057,0.009880609304240433,0.16714697406340057,0.006704699170734588,0.16714697406340057,0.0046462388990178285,0.16714697406340057,0.003058283832264895,0.16714697406340057,0.001470328765511972,0.1657354584485091,0.0,0.16414750338175618,0.0,0.1625595483150033,0.0,0.1609715932482504,0.0,0.1593836381814975,0.000705757807445738,0.15779568311474446,0.002293712874198661,0.15620772804799157,0.002881844380403458,0.15561959654178675,0.002881844380403458,0.15561959654178675,0.002881844380403458,0.15561959654178675,0.002881844380403458,0.15561959654178675
Slash,0.0,0.11055276381909548,0.0,0.11055276381909548,0.0,0.11055276381909548,0.0,0.11055276381909548,0.0,0.11055276381909548,0.0,0.11055276381909548,0.0,0.11055276381909548,0.0,0.11055276381909548,0.0,0.11055276381909548,0.0,0.11055276381909548,0.0,0.11055276381909548,0.0001538303763716549,0.11039893344272386,0.0015383037637165403,0.109014460055379,0.0029227771510614256,0.10804020100502512,0.00430725053840632,0.10804020100502512,0.0070249205209722086,0.10737360270741464,0.011178340683006865,0.10598912932006962,0.019023689877961204,0.10460465593272478,0.028715003589375437,0.10322018254538005,0.0466618808327351,0.10065634293918568,0.06671110655317397,0.0978361193723721,0.10409188801148586,0.09368269921033752,0.1442416162444876,0.08952927904830266,0.19408265818890366,0.08537585888626809,0.24674392370013318,0.08065839401087062,0.3035073325812735,0.07512050046149119,0.36355245615834264,0.06958260691211161,0.4258537585888626,0.06404471336273203,0.48815506101938244,0.059583632447954074,0.5504563634499023,0.05543021228591936,0.6074248794995385,0.049943595528663794,0.6633678597066968,0.04461080914777971,0.7145933750384573,0.040457388985745066,0.7625884524664134,0.036765459952825416,0.80412265408676,0.03399651317813556,0.8413496051687006,0.03122756640344584,0.874576966464978,0.028458619628755982,0.9000102553584247,0.025689672854066266,0.922161829555943,0.022920726079376477,0.9381601886985951,0.020151779304686687,0.9530817352066454,0.017382832529996898,0.9641575223054044,0.01461388575530711,0.974156496769562,0.011844938980617392,0.9810788637062865,0.009075992205927605,0.9867705876320377,0.006922366936724436,0.9909240077940723,0.005537893549379577,0.994205722490001,0.004153420162034647,0.9969746692646908,0.0027689467746897884,0.9986155266126552,0.0013844733873448587,1.0,0.0
Slash,1.0,0.008221016721659861,0.9986018679044796,0.0068228846261394836,0.9972596610927801,0.005480677814439908,0.9972596610927801,0.005480677814439908,0.9972596610927801,0.005368827246798303,0.9972596610927801,0.003970695151277847,0.9970918852413176,0.002740338907219954,0.9956937531457972,0.002740338907219954,0.9942956210502769,0.002740338907219954,0.9928974889547565,0.002740338907219954,0.991219730440132,0.0024607124881158627,0.9884234662490912,0.0010625803925954844,0.9849560986522007,0.0,0.9793635702701191,0.0,0.972988087914546,0.0,0.9645992953414239,0.0,0.9544208936860353,0.0,0.9404395727308316,0.0,0.9229349588949165,0.0,0.8991667132710699,0.0,0.8692466864269338,0.0005592528382081825,0.8300989877523629,0.001957384933728561,0.7823387953693864,0.004585873273306909,0.7236172473575303,0.008780269559868045,0.6595268720988757,0.014316872658128756,0.5896202673228566,0.021307533135730646,0.513170404339802,0.028298193613332617,0.43068061070409935,0.03528885409093443,0.35523740282981925,0.04071360662155354,0.2853307980538001,0.044908002908114746,0.22632962362283993,0.049102399194675884,0.17459873608858556,0.0532967954812371,0.13360550304792795,0.05480677814439908,0.09865220065991823,0.05480677814439908,0.0703540070465858,0.0529053184944914,0.04518762932721884,0.05010905430345056,0.02908114758682397,0.046306135003635125,0.016497958727140567,0.04211173871707399,0.009227671830434544,0.037917342430512854,0.0036351434483529914,0.03372294614395172,0.0013981320955203979,0.030647055533806797,0.0,0.027850791342766117,0.0009507298249538791,0.02505452715172528,0.0023488619204742574,0.022258262960684526,0.0037469940159946358,0.02069235501370166,0.005145126111515033,0.019294222918181284,0.006543258207035412,0.017896090822660905,0.00794139030255581,0.01649795872714053,0.009339522398076188,0.016442033443319723,0.010737654493596566,0.016442033443319723
Slash,0.015665796344647518,0.028720626631853787,0.015665796344647518,0.027281931049182105,0.015132946128843193,0.02610966057441253,0.012255554963499756,0.02610966057441253,0.009911014013960667,0.02610966057441253,0.008472318431288968,0.02610966057441253,0.00703362284861725,0.02610966057441253,0.0055949272659455325,0.02610966057441253,0.004156231683273833,0.02610966057441253,0.002717536100602115,0.02610966057441253,0.0012788405179304158,0.02610966057441253,0.0,0.02610966057441253,0.0,0.02610966057441253,0.0,0.02610966057441253,0.0,0.02610966057441253,0.0027708211221825554,0.02610966057441253,0.00852560345286939,0.02610966057441253,0.019076037725795244,0.02610966057441253,0.03202429796984065,0.02610966057441253,0.06213033516278573,0.02243299408536255,0.09596632386636104,0.018116907337347433,0.14919806042521427,0.013800820589332392,0.20498747801992845,0.009804443970799805,0.26972877924015554,0.0069270528054563695,0.3368146214099215,0.0046357968774977205,0.4073107049608352,0.0031971012948260394,0.47610166782117525,0.001758405712154359,0.5437203602067459,0.00031971012948260396,0.6046251398731814,0.0,0.6636116587627215,0.0,0.712900303724623,0.001385410561091259,0.760323972931209,0.002824106143763014,0.7991687536633452,0.004262801726434695,0.8351361432301379,0.005221932114882507,0.8653487504662437,0.005221932114882507,0.8910854158895934,0.005221932114882507,0.9126658496296691,0.005221932114882507,0.9291842063196035,0.005221932114882507,0.9435711621463208,0.005221932114882507,0.9541215964192465,0.005221932114882507,0.9639793254116268,0.005221932114882507,0.9711728033249853,0.005221932114882507,0.9776202909362178,0.005221932114882507,0.9819363776842329,0.005221932114882507,0.9862524644322481,0.005221932114882507,0.9905685511802631,0.005221932114882507,0.993978792561411,0.005221932114882507,0.9968561837267543,0.005221932114882507,0.9985613044173283,0.005221932114882507,1.0,0.005221932114882507
Slash,1.0,0.009584664536741214,0.9985655604094673,0.009584664536741214,0.9971311208189347,0.009584664536741214,0.9968051118210862,0.008476233944056836,0.9968051118210862,0.007041794353524099,0.9960226902262502,0.006389776357827476,0.9945882506357175,0.006389776357827476,0.9931538110451847,0.005933363760839812,0.9917193714546522,0.004498924170307076,0.9900241246658409,0.0030644845797744313,0.9857208058942427,0.0016300449892416957,0.9814174871226444,0.0001956053987089599,0.9758753341592228,0.0,0.9701375757970919,0.0,0.9616613418530351,0.0,0.9516202647193064,0.0,0.9392319228010694,0.0,0.9234530873052096,0.0,0.9063702158179566,0.0,0.8834191823694334,0.0,0.8604681489209104,0.0,0.8251939753537197,0.0,0.7893329855904022,0.0,0.7451261654821674,0.0,0.6977896589945883,0.0,0.6483014931212102,0.0,0.596661667862033,0.0,0.5430657886157658,0.0,0.4842537654039251,0.0,0.4257677511899328,0.0,0.3741279259307556,0.0,0.3224881006715784,0.0,0.2767164373736715,0.0,0.23224881006715797,0.0,0.19540979331029534,0.0,0.16385212231857607,0.0,0.13542413770620076,0.0,0.11247310425767755,0.0,0.0905000978026994,0.0,0.07472126230683966,0.0,0.05894242681098007,0.0,0.047075699289300395,0.0,0.03560018256503878,0.0,0.02705874682141225,0.0,0.019886548868748796,0.0,0.014018386907478636,0.0,0.00971506813588052,0.0,0.005737758362130807,0.0,0.0028688791810653805,0.0,0.0,0.0
Slash,0.003048780487804878,0.027439024390243903,0.003048780487804878,0.027439024390243903,0.003048780487804878,0.027439024390243903,0.003048780487804878,0.027439024390243903,0.003048780487804878,0.027439024390243903,0.0019910403185664314,0.027439024390243903,0.0005599800895968603,0.027439024390243903,0.0,0.027439024390243903,0.0,0.027439024390243903,0.0,0.027439024390243903,0.0,0.027439024390243903,0.0,0.027439024390243903,0.0,0.027439024390243903,0.0,0.027439024390243903,0.0,0.027439024390243903,0.0,0.027439024390243903,0.0,0.027439024390243903,0.0,0.027439024390243903,0.006844201095072179,0.027439024390243903,0.013999502239920338,0.027439024390243903,0.034158785465405704,0.026256844201094993,0.057055749128919885,0.024825783972125422,0.09687655550024886,0.023394723743155852,0.14410154305624687,0.021963663514186108,0.20103285216525638,0.020532603285216538,0.26543056246888996,0.019101543056246877,0.3304504728720756,0.01767048282727722,0.3962792434046791,0.016239422598307563,0.46210801393728235,0.01524390243902439,0.5279367844698858,0.01524390243902439,0.5922722747635641,0.014995022399203554,0.6495146839223493,0.013563962170233982,0.706197112991538,0.012132901941264325,0.7505599800895969,0.010701841712294666,0.7949228471876557,0.009270781483325096,0.8275261324041814,0.007839721254355352,0.8590094574415134,0.00640866102538578,0.8837730214036835,0.006097560975609756,0.9066699850671976,0.006097560975609756,0.9249004479840718,0.005164260826281684,0.9406421105027376,0.0037332005973121133,0.953397212543554,0.0023021403683424553,0.9634146341463414,0.0008710801393727976,0.9723120955699354,0.0,0.9794673967147837,0.0,0.9858760577401693,0.0,0.9901692384270782,0.0,0.9942757590841214,0.0,0.9971378795420607,0.0,1.0,0.0
Slash,1.0,0.0064516129032258064,1.0,0.0064516129032258064,1.0,0.0064516129032258064,1.0,0.0064516129032258064,1.0,0.0064516129032258064,1.0,0.0064516129032258064,1.0,0.0064516129032258064,1.0,0.0064516129032258064,1.0,0.0064516129032258064,1.0,0.0064516129032258064,1.0,0.0064516129032258064,1.0,0.0064516129032258064,0.9988150098749176,0.0064516129032258064,0.9971033574720212,0.0064516129032258064,0.9953917050691243,0.0064516129032258064,0.9936800526662277,0.0064516129032258064,0.9919684002633311,0.0064516129032258064,0.9901909150757078,0.006385780118499027,0.9867676102699144,0.004674127715602407,0.9825543120473995,0.0029624753127056955,0.9739960500329164,0.0012508229098091672,0.9622119815668202,0.0,0.9416721527320606,0.0,0.9152073732718894,0.0006583278472679731,0.8792626728110601,0.0023699802501645933,0.8347597103357474,0.004081632653061214,0.7816984858459514,0.005793285055957833,0.7159973666886109,0.007504937458854453,0.6423963133640552,0.009216589861751166,0.5575378538512177,0.010928242264647878,0.4685319289005923,0.012639894667544406,0.3911125740618827,0.014351547070441117,0.31579986833443036,0.016063199473337647,0.25694535878867664,0.014483212639894674,0.20019749835418033,0.012771560236998054,0.16082949308755753,0.011059907834101343,0.12376563528637252,0.009348255431204723,0.09637919684002624,0.007636603028308103,0.07320605661619481,0.005924950625411483,0.05951283739302167,0.004213298222514771,0.04726793943383803,0.002501645819618151,0.03699802501645822,0.0007899934167215311,0.028571428571428494,0.0,0.02172481895984201,0.0,0.01599736668861096,0.0,0.010862409479921006,0.0,0.007044107965766909,0.0,0.0036208031599736686,0.0,0.00171165240289662,0.0,0.0,0.0
Slash,0.0034129692832764505,0.06484641638225255,0.0015323535557568134,0.06296580065473292,0.0,0.061085184927213286,0.0,0.059204569199693455,0.0,0.05802047781569966,0.0,0.05802047781569966,0.0,0.05802047781569966,0.0,0.05802047781569966,0.0,0.05802047781569966,0.0,0.05802047781569966,0.0,0.05802047781569966,0.0,0.05802047781569966,0.0,0.05802047781569966,0.0,0.05802047781569966,0.0,0.05802047781569966,0.0,0.05802047781569966,0.0,0.05802047781569966,0.007522462910078646,0.0567667339973532,0.01880615727519676,0.054886118269833466,0.04931392352162712,0.049801490562095076,0.08400083582921214,0.0440899909451835,0.14041930765480232,0.03656752803510485,0.2005990109354321,0.02904506512502621,0.2739430243086996,0.021522602214947367,0.3488193912377236,0.01476631608274713,0.42592463606603026,0.009124468900188023,0.49634324719648937,0.004597060667270246,0.5621647976596781,0.0008358292122309715,0.6235982447586541,0.0,0.6837779480392837,0.0,0.731280908267744,0.0,0.7769032527686842,0.00027860973741025913,0.8145155673190777,0.0021592254649299932,0.8483666504144317,0.0034129692832764505,0.8746952705997072,0.0034129692832764505,0.8971233544612384,0.0034129692832764505,0.9159295117364351,0.0034129692832764505,0.9307654802535347,0.0034129692832764505,0.9439297903461725,0.0034129692832764505,0.9537507835898865,0.0034129692832764505,0.9630145573587797,0.0034129692832764505,0.9705370202688585,0.0034129692832764505,0.977571916138469,0.0034129692832764505,0.9832137633210281,0.0034129692832764505,0.9880197812913561,0.0034129692832764505,0.9917810127463954,0.0034129692832764505,0.9943581528174411,0.0034129692832764505,0.9962387685449607,0.0034129692832764505,0.9981193842724804,0.0034129692832764505,1.0,0.0034129692832764505
Slash,1.0,0.05379746835443038,0.998450012916559,0.0522474812709894,0.9969000258331181,0.050697494187548424,0.9968354430379747,0.05063291139240506,0.9968354430379747,0.05063291139240506,0.9968354430379747,0.05063291139240506,0.9968354430379747,0.05063291139240506,0.9968354430379747,0.05063291139240506,0.9968354430379747,0.05063291139240506,0.9968354430379747,0.05063291139240506,0.9968354430379747,0.05063291139240506,0.9968354430379747,0.05063291139240506,0.9968354430379747,0.05063291139240506,0.9968354430379747,0.05063291139240506,0.9968354430379747,0.05063291139240506,0.9968354430379747,0.05063291139240506,0.9968354430379747,0.05063291139240506,0.9947687935933867,0.05063291139240506,0.9916688194265046,0.05063291139240506,0.9866313614053216,0.05063291139240506,0.9804314130715577,0.05063291139240506,0.9679023508137433,0.04972875226039786,0.9508524928958926,0.04817876517695688,0.9287651769568587,0.0466287780935159,0.9024153965383622,0.04507879101007492,0.8675406871609403,0.04352880392663394,0.8241410488245932,0.04197881684319296,0.7736373030224748,0.04042882975975198,0.714737793851718,0.038878842676311004,0.6539008008266599,0.03668302764143635,0.59035133040558,0.0335830534745543,0.5262206148282099,0.03048307930767243,0.46112115732368897,0.027383105140790474,0.39860501162490336,0.02479979333505548,0.3412554895375871,0.0232498062516145,0.2861663652802894,0.021699819168173613,0.2365667786101784,0.020149832084732634,0.19045466287780932,0.018599845001291655,0.15480495995866708,0.017049857917850676,0.12141565486954285,0.015499870834409697,0.09661586153448719,0.013949883750968717,0.07310772410229917,0.012399896667527829,0.05605786618444853,0.010849909584086851,0.03997675019374838,0.009299922500645872,0.030676827693102596,0.007749935417204893,0.02163523637303025,0.006199948333763914,0.015435288039266337,0.004649961250322936,0.009299922500645827,0.003099974166881957,0.004649961250322936,0.0015499870834409786,0.0,0.0
Slash,0.0,0.011661807580174927,0.0,0.011661807580174927,0.0,0.011661807580174927,0.0,0.011661807580174927,0.0,0.011661807580174927,0.0,0.011661807580174927,0.0,0.011661807580174927,0.0,0.011661807580174927,0.0,0.011661807580174927,0.0,0.011661807580174927,0.0,0.011661807580174927,0.0,0.011661807580174927,0.0,0.011661807580174927,0.0,0.011661807580174927,0.0012494793835901353,0.011661807580174927,0.00279645385851132,0.011661807580174927,0.008627357648598824,0.010233831141786155,0.01511275063961445,0.008686856666865011,0.029035520913904947,0.007139882191943866,0.044624263699649,0.00559290771702264,0.06937585529838763,0.004045933242101497,0.0974593919200334,0.0024989587671803534,0.1345867793181413,0.0009519842922592099,0.17944903909085513,0.0,0.23668709466293802,0.0,0.29933956089724517,0.0007734872374605717,0.3674064377937764,0.0023204617123817155,0.4335693461057893,0.0048194204795620685,0.49854227405247814,0.007913369429404439,0.5623847206521093,0.013268281073362339,0.625810674123877,0.01945617897304691,0.6826917355863631,0.026953055274587974,0.7383828166835247,0.03468792764919386,0.782174094127447,0.04093532456714462,0.8245373951329804,0.04688522639376445,0.8554768846314036,0.04997917534360682,0.8846314035818409,0.05307312429344919,0.9062890462307372,0.056167073243291475,0.9260427202951153,0.058785030047004284,0.9415124650443268,0.060332004521925345,0.9550187421907538,0.06187897899684657,0.965847563515202,0.06342595347176772,0.9750104123281966,0.0641399416909621,0.9827452847028025,0.0641399416909621,0.9884571904563575,0.0641399416909621,0.9930981138811209,0.0641399416909621,0.9953590765752366,0.0641399416909621,0.9969060510501577,0.0641399416909621,0.9984530255250789,0.0641399416909621,1.0,0.0641399416909621
Slash,1.0,0.010958904109589041,1.0,0.009505171931786432,0.9998322616717921,0.00821917808219178,0.9983785294939894,0.00821917808219178,0.9969247973161867,0.00821917808219178,0.995471065138384,0.00821917808219178,0.9945205479452055,0.00821917808219178,0.9945205479452055,0.00821917808219178,0.9945205479452055,0.00821917808219178,0.9945205479452055,0.00821917808219178,0.9936818563041655,0.00821917808219178,0.9922281241263627,0.00821917808219178,0.9917808219178083,0.0072127481129438805,0.9917808219178083,0.005759015935141194,0.9906066536203522,0.004305283757338507,0.9891529214425496,0.0028515515795358983,0.9863572826390831,0.0027397260273972603,0.9832820799552698,0.0026838132513279413,0.9760134190662566,0.0012300810735253324,0.9678501537601342,0.0,0.9547665641599106,0.0,0.9385518590998042,0.0,0.9138384120771595,0.0,0.8846519429689683,0.0,0.8483086385239028,0.0,0.8054235392787252,0.0007268660889013045,0.7559966452334359,0.002180598266703913,0.699412915851272,0.004528934861615862,0.6383561643835617,0.0074363992172211575,0.5762370701705339,0.01140620631814375,0.5137265865250208,0.015767402851551576,0.45121610287950786,0.02012859938495948,0.3887056192339949,0.024489795918367384,0.331786413195415,0.02885099245177521,0.2758736371260832,0.033100363433044476,0.2293542074363991,0.03600782778864969,0.18563041655018164,0.038915292144254994,0.1536483086385238,0.04182275649986021,0.12435001397819394,0.04428291864691079,0.10109029913335188,0.04573665082471348,0.08090578697232312,0.047190383002516094,0.06491473301649422,0.0486441151803187,0.05127201565557724,0.049315068493150684,0.03964215823315622,0.049315068493150684,0.029913335197092508,0.049315068493150684,0.0211909421302767,0.049315068493150684,0.01470506010623424,0.05043332401453738,0.008890131395023728,0.05188705619233991,0.004361196533407904,0.0533407883701426,0.0,0.0547945205479452
Slash,0.0027247956403269754,0.06267029972752043,0.0012233776344325125,0.06267029972752043,0.0,0.06267029972752043,0.0,0.06267029972752043,0.0,0.06267029972752043,0.0,0.06267029972752043,0.0,0.06267029972752043,0.0,0.06267029972752043,0.0,0.06267029972752043,0.0,0.06267029972752043,0.0,0.06267029972752043,0.0,0.06267029972752043,0.0,0.06267029972752043,0.0,0.06267029972752043,0.0,0.06267029972752043,0.002891619863204138,0.06194739476171941,0.008897291886781952,0.06044597675582491,0.02291052660846349,0.056942668075404615,0.04092754267919701,0.052438414057721185,0.0678974587110048,0.04665517433131291,0.09736973808596998,0.04064950230773506,0.1514207862981703,0.03464383028415728,0.20747372518489676,0.02863815826057943,0.27053328143246397,0.02263248623700158,0.33420452649724725,0.01723850303064008,0.39876550075070877,0.012734249012956651,0.4615470166268141,0.009119724183951527,0.5231051548684869,0.006116888172162601,0.5823277539898792,0.0031140521603736752,0.6408830562197628,0.00011121614858474923,0.6922093087916366,0.0,0.7419229272090307,0.0,0.7839626313740754,0.0,0.8224990268586997,0.0,0.8540288049824832,0.0,0.8808875048657064,0.0,0.9034087749541232,0.0,0.9217038313963186,0.0,0.9382194294611579,0.0,0.9507312461769449,0.0,0.962520157926931,0.0,0.9715286659622977,0.0,0.9793694044375242,0.0,0.9838736584552078,0.0,0.9883779124728911,0.0,0.9928821664905745,0.0,0.9954957459823166,0.0,0.9969971639882111,0.0,0.9984985819941056,0.0,1.0,0.0
Slash,1.0,0.32051282051282054,0.9982339089481947,0.31874672946101523,0.9967948717948718,0.3173076923076923,0.9967948717948718,0.3173076923076923,0.9967948717948718,0.3173076923076923,0.9967948717948718,0.3173076923076923,0.9967948717948718,0.3173076923076923,0.9967948717948718,0.3173076923076923,0.9954866562009419,0.3173076923076923,0.9937205651491365,0.3173076923076923,0.9935897435897436,0.31567242281527996,0.9933935112506541,0.3141025641025641,0.9916274201988489,0.3141025641025641,0.9898613291470435,0.3141025641025641,0.988095238095238,0.3141025641025641,0.9863291470434328,0.3132522239665097,0.9845630559916273,0.3114861329147044,0.9804421768707484,0.3085426478283621,0.9751439037153324,0.30501046572475143,0.9638278388278386,0.29846938775510207,0.9510727367870225,0.2912742019884877,0.928113553113553,0.28067765567765574,0.903192046049189,0.2696886446886448,0.8714024071166929,0.2573260073260073,0.8324175824175825,0.24352433281004712,0.7829670329670331,0.22762951334379905,0.7251439037153324,0.20964154892726328,0.6615646258503401,0.19021454735740453,0.593864468864469,0.1694139194139195,0.5249869178440608,0.14822082679225546,0.4595107273678703,0.12872841444270014,0.3954735740450027,0.10982469911041338,0.338958660387232,0.09392987964416541,0.2859759288330719,0.07862375719518584,0.24005756148613316,0.06449502878074316,0.1987179487179487,0.05219780219780217,0.16163003663003678,0.04160125588697019,0.13075614861329163,0.033490319204604956,0.10249869178440608,0.026425954997383573,0.08052066980638418,0.020931449502878053,0.05985086342229205,0.015763997906855065,0.04572213500784937,0.012231815803244417,0.03296703296703303,0.00915750915750917,0.024136577708006257,0.0073914181057038245,0.01687598116169548,0.005625327053898479,0.011577708006279445,0.0038592360020931783,0.007391418105703779,0.002093144950287787,0.0038592360020931783,0.00032705389848248665,0.0017660910518053458,0.0,0.0,0.0
Slash,0.0,0.0,0.0,0.0,0.0,0.0,0.0,0.0,0.0,0.0,0.0,0.0,0.0,0.0,0.0,0.0,0.0,0.0,0.0,0.0,0.00034357177214321827,0.0,0.002061430632859214,0.0,0.004603861746718896,0.0004122861265718428,0.00975743832886693,0.0021301449872878388,0.01587301587301585,0.0038480038480038343,0.024462310176595878,0.00556586270871983,0.03580017865732151,0.008383151240294106,0.052978767264481565,0.01353672782244214,0.0738679310107882,0.019927162784305657,0.10135367278224423,0.028516457087885683,0.1329622758194187,0.03848003848003844,0.17075517075517088,0.050505050505050504,0.21308321308321307,0.06555349412492271,0.26118326118326113,0.08444994159279877,0.3142307428021715,0.10499553356696219,0.37263794406651557,0.12732769875627023,0.4319384319384319,0.1514464371607229,0.492063492063492,0.17721432007146282,0.5512265512265513,0.20394420394420398,0.6096337524908955,0.23142994571566,0.6628873771730913,0.2578849721706864,0.7127052841338556,0.2836528550814266,0.7570260427403284,0.3072218786504501,0.7982546553975127,0.3295540438397582,0.8324744039029751,0.34838177695320544,0.8633958633958635,0.3655603655603656,0.888133030990174,0.37902837902837905,0.910465196179482,0.39105339105339104,0.9275750704322133,0.4004672576101148,0.9430358001786574,0.4090565519136948,0.954373668659383,0.4148972720401292,0.964680821823679,0.4200508486222772,0.9721019721019721,0.4237614237614238,0.9789734075448361,0.42719714148285576,0.9843331271902702,0.42912114340685775,0.989486703772418,0.4308390022675737,0.9930598502027074,0.4325568611282897,0.9964955679241394,0.43427471998900574,0.998282141139284,0.43434343434343436,1.0,0.43434343434343436
Slash,1.0,0.4807017543859649,1.0,0.4807017543859649,1.0,0.4807017543859649,1.0,0.4807017543859649,1.0,0.4807017543859649,0.9998567848191908,0.4807017543859649,0.9984246330110992,0.4807017543859649,0.9969924812030074,0.4807017543859649,0.9955603293949159,0.4807017543859649,0.9941281775868241,0.4807017543859649,0.9926960257787326,0.4807017543859649,0.9912638739706409,0.4807017543859649,0.9898317221625491,0.4807017543859649,0.9883995703544576,0.4796276405298962,0.9869674185463659,0.4781954887218045,0.9842463301109917,0.47633369137128534,0.9785177228786253,0.4734693877551021,0.9727891156462585,0.4706050841389187,0.963408521303258,0.4653061224489796,0.9533834586466166,0.459577515216613,0.9410669530970284,0.452703186537773,0.9253132832080201,0.4441102756892231,0.9095596133190116,0.435517364840673,0.8883637665592553,0.4242033655567489,0.8668814894378803,0.41274615109201584,0.8403866809881847,0.399140708915145,0.8088793412101682,0.38338703902613674,0.7767275331185105,0.3674185463659147,0.732330827067669,0.3473684210526316,0.6879341210168277,0.32731829573934845,0.6383816684568563,0.3046902971715001,0.5853920515574649,0.2803437164339419,0.5319727891156464,0.2559971356963838,0.47611886860007147,0.2316505549588256,0.42026494808449705,0.20730397422126748,0.3684210526315789,0.18395989974937338,0.31829573934837097,0.1610454708199069,0.27103472968134623,0.13884711779448625,0.2323666308628713,0.11879699248120293,0.19369853204439663,0.09874686716791979,0.16190476190476188,0.08213390619405654,0.13182957393483705,0.0663802363050484,0.10476190476190478,0.05263157894736842,0.0832796276405299,0.04260651629072685,0.06179735051915494,0.03258145363408518,0.046759756534192565,0.02513426423200856,0.03243823845327605,0.017973505191550308,0.020050125313283238,0.011457214464733249,0.010025062656641619,0.005728607232366624,0.0,0.0
Slash,0.0,0.0,0.0,0.0,0.0,0.0,0.0,0.0,0.0,0.0,0.0,0.0,0.0,0.0,0.0013959981386691088,0.0,0.0029914245828625216,0.0,0.007245895100711313,0.0013295220368277358,0.012032174433291274,0.002924948481021056,0.020607591570830322,0.005783420860200739,0.03018015023599015,0.00897427374858738,0.04334241840058495,0.013361696470118962,0.05770125639832483,0.01814797580269892,0.07771056305258262,0.02519444259788607,0.100046533271289,0.03317157481885263,0.12770059163730643,0.042212324669281376,0.15801369407697932,0.05178488333444125,0.19430964568237716,0.0643488665824636,0.23419530678721007,0.07870770458020349,0.28059562587249876,0.09399720800372258,0.33164927208668477,0.10995147244565578,0.3878880542444991,0.12763411553546505,0.44851425912384485,0.1467792328657847,0.5067473243369008,0.16592435019610446,0.5625872498836668,0.1850694675264242,0.6169647011899223,0.20567705909725453,0.6696137738483015,0.2280130293159609,0.7182742803961976,0.24901947749783956,0.761350794389417,0.26816459482815924,0.8002393139666288,0.2855148574087614,0.8321478428504953,0.2998736954065014,0.8613973276607059,0.31316891577477884,0.8853287243236058,0.3243369008841322,0.9069334574220567,0.33457422056770586,0.9228877218639898,0.34255135278867244,0.9376454164727781,0.34973077178754236,0.9488134015821312,0.3545170511201223,0.9593166256730705,0.3589709499434953,0.9672937578940372,0.362161802831882,0.9747390813002725,0.365086751312903,0.9795253606328523,0.3666821777570963,0.9843116399654325,0.3682776042012897,0.9890979192980124,0.36987303064548294,0.9936182942232269,0.3713355048859935,0.9952137206674201,0.3713355048859935,0.9968091471116134,0.3713355048859935,0.9984045735558067,0.3713355048859935,1.0,0.3713355048859935
Slash,1.0,0.005390835579514825,1.0,0.004180648000440037,1.0,0.0029704604213653257,0.9981297101050665,0.0017602728422905379,0.9957093349469168,0.0005500852632158266,0.9939490621046262,0.0,0.9927388745255514,0.0,0.9907585675779745,0.0,0.9871280048407501,0.0,0.983387425050883,0.0,0.9785466747345838,0.0,0.9737059244182849,0.0,0.9657296881016557,0.0,0.9572583750481324,0.0,0.9457065845206007,0.0015402387370042686,0.9323945211507784,0.003960613895153768,0.9171021508333792,0.007866219263985891,0.8989493371472578,0.013917157159359678,0.8779360800924143,0.020848231475878772,0.8440508278783211,0.031739919687551556,0.8101655756642279,0.04263160789922442,0.7658837119753561,0.05929919137466307,0.7211067715495901,0.07624181748170965,0.6675284669123713,0.09670498927333744,0.610649650695858,0.11848836569668302,0.5537708344793443,0.1396666483304912,0.49689201826283086,0.16023983717476212,0.4403432532042466,0.18048297486110348,0.3846746245668079,0.19984597612629948,0.32944606413994165,0.21898894328620935,0.283458936135101,0.23351119423510652,0.23747180813026011,0.2480334451840035,0.20039606138951538,0.2585950822377469,0.1653006215963475,0.2682765828703449,0.13592606854062375,0.2765278618185818,0.11051212938005395,0.28378898729303037,0.08817866769349256,0.29016997634633357,0.07123604158644595,0.2950107266626327,0.054953517795258255,0.299686451399967,0.042851642004510686,0.30331701413719125,0.03074976621376319,0.30694757687441543,0.023048572528741963,0.3083777985587767,0.015787447054293427,0.30958798613785143,0.011001705264315957,0.30997304582210244,0.007371142527091709,0.30997304582210244,0.004840750316299037,0.30997304582210244,0.0036305627372242677,0.30997304582210244,0.002420375158149499,0.30997304582210244,0.0012101875790747495,0.30997304582210244,0.0,0.30997304582210244
Slash,0.0,0.41543026706231456,0.0032701507902864564,0.4132501665354569,0.006540301580572913,0.41107006600859924,0.011324411070066048,0.40798159026221764,0.020044813177496516,0.4025313389450735,0.028765215284927023,0.3970810876279295,0.04111911827045359,0.3892085023920548,0.05637982195845697,0.37939805002119553,0.07164052564646035,0.36958759765033605,0.10143523284684794,0.35432689396233275,0.13413674074971238,0.3379761400109004,0.16768606552413257,0.3215042693635319,0.20801792527099863,0.3040634651486708,0.24834978501786475,0.28662266093380967,0.28995337007206445,0.2687579482831708,0.333555380609217,0.25022709380488095,0.37715739114636954,0.2316962393265911,0.42075940168352205,0.2138920850239205,0.4643614122206746,0.19645128080905955,0.5079634227578272,0.17901047659419855,0.5495064494640587,0.162599164294798,0.5909283594743534,0.1462484103433658,0.6311391025252832,0.13062435656755284,0.667110761218434,0.11754375340640699,0.7030824199115848,0.10446315024526126,0.7357839278144492,0.0930176224792587,0.7652152849270273,0.08320717010839941,0.7946466420396051,0.07339671773754013,0.8189910979228486,0.06528189910979229,0.8418821534548537,0.057651547265790554,0.8644098588990493,0.05008175376975716,0.8807606128504816,0.04354145218918433,0.8971113668019137,0.037001150608611415,0.9120087204021076,0.031187549203657718,0.9239992732998245,0.02682734814994244,0.9359898261975413,0.02246714709622717,0.9453158117846546,0.018773087870162936,0.9529461636286561,0.015502937079876478,0.9605765154726579,0.012232786289590021,0.9662690001816752,0.009931569066795877,0.9717192514988191,0.007751468539938239,0.9769878277720584,0.005753043056985447,0.9813480288257737,0.004662992793556544,0.9857082298794888,0.0035729425301277247,0.989583964149458,0.00248289226669899,0.9928541149397444,0.0013928420032701715,0.9961242657300309,0.00030279173984135263,0.9978198994731423,0.0,0.9989099497365711,0.0,1.0,0.0
Slash,1.0,0.005633802816901409,0.9986777809715436,0.004311583788444936,0.997355561943087,0.0029893647599884632,0.9971830985915493,0.0016671457315319907,0.9971830985915493,0.0003449267030755981,0.9971830985915493,0.0,0.9971830985915493,0.0,0.9971830985915493,0.0,0.9971830985915493,0.0,0.996550732969244,0.0,0.9952285139407876,0.0,0.9943661971830986,0.0,0.9943661971830986,0.0,0.9937913193446394,0.0,0.9911468812877263,0.0,0.9885024432308134,0.0,0.9858580051739005,0.0,0.9832135671169878,0.0,0.9780396665708536,0.0,0.9727507904570278,0.0,0.9620005748778384,0.0,0.9501006036217305,0.0,0.9317620005748778,0.0,0.9106064961195746,0.0,0.8804828973843057,0.0,0.8434607645875252,0.0,0.7978154642138545,0.0,0.7409600459902269,0.0,0.6828973843058349,0.0,0.6220753089968379,0.0,0.5610232825524574,0.0,0.49887898821500426,0.0,0.4371371083644725,0.0,0.3842483472262143,0.0,0.3313595860879563,0.0,0.2869215291750501,0.0,0.24328830123598713,0.0,0.2048289738430582,0.0010347801092267942,0.16780684104627755,0.002356999137683267,0.13682092555331984,0.0036792181661396595,0.10905432595573435,0.005001437194596132,0.0861167002012072,0.005633802816901409,0.06760563380281687,0.005633802816901409,0.05116412762288011,0.005633802816901409,0.037941937338315586,0.005633802816901409,0.025754527162977856,0.005633802816901409,0.01649899396378269,0.005633802816901409,0.007933314170738715,0.005633802816901409,0.003966657085369358,0.005633802816901409,0.0,0.005633802816901409
Slash,0.0,0.010362694300518135,0.0,0.010362694300518135,0.0,0.010362694300518135,0.0023263191286877496,0.009781114518346184,0.006555990271756371,0.008723696732578973,0.01131437030770858,0.00766627894681191,0.020831130379612997,0.006608861161044699,0.030347890451517378,0.005551443375277561,0.045363223009411015,0.004494025589510424,0.06333932536745267,0.0034366078037432876,0.08385323041133552,0.0023791900179761503,0.11451834619858309,0.0013217722322089397,0.14518346198583063,0.00026435444644172903,0.18298614782700637,0.0,0.2231680236861584,0.0,0.26557047689542146,0.0006344506714602969,0.3131542772549435,0.002749286242994571,0.3607380776144654,0.004864121814528919,0.41011948820979166,0.0069789573860632665,0.4598181241408481,0.009093792957597541,0.5129004969863593,0.012900496986359323,0.571058475203553,0.01924500370096222,0.6292164534207467,0.025589510415565262,0.6743153219837159,0.030929470233689367,0.7187268689859364,0.03621655916252513,0.7573226181664375,0.040974939198477354,0.7901025695252194,0.04520461034154598,0.8224066828804061,0.049381410595326254,0.8456698741672836,0.052553663952627665,0.868933065454161,0.055725917309929145,0.8877551020408164,0.05826371999577033,0.9036163688273237,0.060378555567304606,0.9188431849423706,0.062334778470973844,0.9304747805858095,0.06339219625674106,0.9421063762292481,0.0644496140425082,0.9507772020725389,0.06550703182827533,0.9581791265729089,0.06656444961404254,0.9650523421803955,0.0676218673998096,0.9703394311092313,0.06867928518557681,0.9756265200380669,0.06973670297134395,0.9792217405096754,0.07079412075711108,0.9823939938669767,0.0718515385428783,0.9855662472242783,0.07253886010362694,0.9887385005815796,0.07253886010362694,0.9919107539388812,0.07253886010362694,0.9941313312889923,0.07253886010362694,0.9962461668605266,0.07253886010362694,0.9978851644284658,0.07253886010362694,0.9989425822142329,0.07253886010362694,1.0,0.07253886010362694
Slash,1.0,0.009259259259259259,1.0,0.003401360544217703,1.0,0.0,1.0,0.0,1.0,0.0,1.0,0.0,1.0,0.0,1.0,0.0,1.0,0.0,1.0,0.0,1.0,0.0,1.0,0.0,1.0,0.0,1.0,0.0,1.0,0.0,1.0,0.0,1.0,0.0,1.0,0.0,1.0,0.0,0.9996220710506426,0.0,0.9879062736205595,0.0,0.965608465608466,0.0026455026455025703,0.9304610733182161,0.00850340136054439,0.880007558578987,0.014361300075585682,0.8204837490551774,0.021919879062736222,0.7443310657596375,0.033635676492819594,0.6640211640211636,0.04535147392290271,0.5812547241118664,0.05782312925170069,0.4933862433862433,0.07539682539682536,0.40873015873015894,0.09297052154195003,0.32671957671957663,0.11054421768707495,0.25604686318972003,0.12244897959183679,0.19482237339380187,0.1341647770219199,0.14795918367346944,0.145880574452003,0.11054421768707495,0.15287226001511714,0.07804232804232819,0.1587301587301587,0.05461073318216197,0.16458805744520025,0.03495842781557062,0.16666666666666666,0.01776266061980365,0.16666666666666666,0.00604686318972001,0.16666666666666666,0.0,0.16666666666666666,0.0,0.16666666666666666,0.0,0.16666666666666666,0.0,0.16666666666666666,0.0,0.16666666666666666,0.0,0.16666666666666666,0.0,0.16666666666666666,0.0,0.16666666666666666,0.0,0.16666666666666666,0.0,0.16666666666666666
Slash,1.0,0.0125,0.9960459183673471,0.0125,0.99375,0.0125,0.99375,0.0125,0.99375,0.0091836734693878,0.99375,0.005229591836734748,0.99375,0.0012755102040815202,0.99375,0.0,0.99375,0.0,0.99375,0.0,0.99375,0.0,0.99375,0.0,0.99375,0.0,0.99375,0.0,0.99375,0.0,0.99375,0.0,0.9929846938775508,0.0,0.989030612244898,0.0,0.9753826530612244,0.002423469387755084,0.9548469387755102,0.006377551020408134,0.9113520408163268,0.010331632653061362,0.8625,0.014285714285714412,0.8071428571428573,0.018239795918367285,0.7448979591836732,0.02563775510204085,0.6804846938775508,0.03354591836734695,0.6132653061224488,0.04145408163265305,0.5432397959183675,0.05216836734693882,0.47257653061224475,0.06403061224489796,0.4053571428571427,0.07589285714285712,0.34247448979591866,0.08992346938775526,0.28316326530612235,0.10573979591836746,0.235331632653061,0.11772959183673475,0.19094387755102032,0.1295918367346939,0.15140306122448982,0.14145408163265305,0.11823979591836746,0.15012755102040815,0.08839285714285694,0.1571428571428573,0.06466836734693863,0.16109693877551018,0.04604591836734713,0.16505102040816322,0.030484693877551195,0.16900510204081626,0.018622448979591866,0.1729591836734695,0.010586734693877631,0.175,0.006632653061224403,0.175,0.00267857142857153,0.175,0.0,0.175,0.0,0.175,0.0,0.175,0.0,0.175,0.0,0.175,0.0,0.175,0.0,0.175
Slash,0.0,0.1641025641025641,0.0,0.1641025641025641,0.0,0.16253270538984832,0.0,0.15918367346938786,0.0,0.15897435897435896,0.0,0.15897435897435896,0.0,0.15897435897435896,0.0,0.15897435897435896,0.0,0.15897435897435896,0.0,0.15897435897435896,0.0,0.15897435897435896,0.0,0.15897435897435896,0.0,0.15897435897435896,0.0,0.15897435897435896,0.0,0.15897435897435896,0.0,0.15897435897435896,0.0,0.15897435897435896,0.0,0.15897435897435896,0.0,0.15897435897435896,0.004186289900575538,0.15688121402407107,0.011512297226582946,0.1532182103610675,0.024908424908425077,0.14652014652014644,0.043956043956043876,0.1379382522239665,0.06760858189429626,0.12789115646258511,0.09774986917844053,0.11784406070120358,0.1312401883830454,0.10779696493982206,0.16807953950811091,0.09774986917844068,0.21140763997906828,0.08770277341705916,0.25787545787545785,0.07912087912087906,0.30811093668236517,0.07242281527995828,0.3583464154892725,0.06572475143903722,0.41360544217687056,0.059026687598116155,0.4772370486656197,0.05232862375719524,0.538042909471481,0.045630559916274176,0.5983254840397696,0.038932496075353255,0.6586080586080584,0.03223443223443234,0.7162742019884875,0.025536368393511276,0.7690214547357405,0.01883830455259021,0.8092098377812663,0.012140240711669146,0.8421768707482991,0.007849293563579243,0.8716902145473574,0.004500261643118783,0.8984824699110414,0.0011512297226583237,0.9208791208791208,0.0,0.9405546834118264,0.0,0.9572998430141288,0.0,0.9700680272108845,0.0,0.979905808477237,0.0,0.9866038723181582,0.0,0.9933019361590791,0.0,1.0,0.0
Slash,1.0,0.059113300492610835,1.0,0.059113300492610835,1.0,0.059113300492610835,1.0,0.059113300492610835,1.0,0.059113300492610835,1.0,0.059113300492610835,1.0,0.059113300492610835,1.0,0.059113300492610835,1.0,0.059113300492610835,1.0,0.059113300492610835,1.0,0.059113300492610835,1.0,0.059113300492610835,1.0,0.059113300492610835,1.0,0.059113300492610835,1.0,0.059113300492610835,0.999899467176033,0.059113300492610835,0.9962802855132198,0.059113300492610835,0.9926611038504072,0.059113300492610835,0.9901477832512315,0.059113300492610835,0.9901477832512315,0.059113300492610835,0.9867296672363529,0.059113300492610835,0.9809992962702321,0.059113300492610835,0.9705438825776616,0.058309037900874536,0.948828792600784,0.05468985623806175,0.9115311149090177,0.04795415703227105,0.8662913441238566,0.0407157937066452,0.8141148084849701,0.03347743038101935,0.7525887202171506,0.02623906705539364,0.6910626319493312,0.021815622800844557,0.6250125666029958,0.01819644113803163,0.5528299989946718,0.014778325123152709,0.4840655474012262,0.014778325123152709,0.4153010958077812,0.014778325123152709,0.3489494319895445,0.014778325123152709,0.287423343721725,0.014778325123152709,0.23293455313159742,0.014778325123152709,0.18528199457122738,0.012566602995878097,0.1445662008645822,0.009852216748768473,0.11199356589926612,0.009852216748768473,0.08585503166783963,0.006635166381823557,0.06434100733889608,0.0030159847190107713,0.047451492912435764,0.0,0.03659394792399726,0.0,0.025736402935558487,0.0,0.016487383130592028,0.0,0.009550618276867465,0.0,0.00593143661405454,0.0,0.0023122549512416147,0.0,0.0,0.0,0.0,0.0
Slash,0.0,0.0684931506849315,0.0,0.0684931506849315,0.0,0.0684931506849315,0.0,0.0684931506849315,0.0,0.0684931506849315,0.0,0.0684931506849315,0.0,0.0684931506849315,0.0,0.0684931506849315,0.0,0.0684931506849315,0.0,0.0684931506849315,0.0,0.0684931506849315,0.0,0.0684931506849315,0.0,0.0684931506849315,0.0,0.0684931506849315,0.0,0.0684931506849315,0.0,0.0684931506849315,0.0,0.0684931506849315,0.0,0.0684931506849315,0.0,0.0684931506849315,0.0,0.0684931506849315,0.0,0.0684931506849315,0.0,0.0684931506849315,0.0,0.0684931506849315,0.00503214984623976,0.06597707576181162,0.012487186655484128,0.06308824899822936,0.024042493709812676,0.06019942223464722,0.04174820613176763,0.05731059547106509,0.06271549715776724,0.05442176870748295,0.0887149380300066,0.05153294194390081,0.11946696486813886,0.0486441151803188,0.15413288603112504,0.04575528841673654,0.1943900848010439,0.0428664616531544,0.23595191501258045,0.03997763488957226,0.2792843164663124,0.03708880812599012,0.3342652129344892,0.03419998136240799,0.3926940639269409,0.03131115459882572,0.45335942596216566,0.02842232783524371,0.5158885471997018,0.025533501071661444,0.5794427359985092,0.022644674308079437,0.6429969247973164,0.019755847544497173,0.7023576553909237,0.016867020780915162,0.7572453638989844,0.013978194017332897,0.8069145466405744,0.01108936725375076,0.8532289628180041,0.008200540490168622,0.893672537508154,0.005311713726586615,0.9233994967850154,0.002422886963004348,0.9484670580560992,0.0,0.9686888454011743,0.0,0.9855558661820892,0.0,1.0,0.0
Slash,1.0,0.0,0.9971095734431111,0.0,0.9942191468862224,0.0,0.9914163090128756,0.0,0.9914163090128756,0.0,0.9914163090128756,0.0,0.9914163090128756,0.0,0.9914163090128756,0.0,0.989752124025576,0.0,0.9868616974686871,0.0,0.9839712709117981,0.0,0.9810808443549093,0.0,0.9781904177980206,0.0,0.9752999912411316,0.0,0.9687308399754749,0.0,0.9587457300516774,0.0,0.9414031707103444,0.0,0.9144258561793815,0.0,0.8800035035473417,0.0005255321012523987,0.8337566786371201,0.003415958658141445,0.7794516948410267,0.008320924936498265,0.7204169221336605,0.01471489883507058,0.6568275378821056,0.02338617850573711,0.5932381536305512,0.03415958658141372,0.5282473504423231,0.04642200227730571,0.45887711307699053,0.06087413506174996,0.3938863098887626,0.07532626784619423,0.33108522378908634,0.09056669878251732,0.2703862660944206,0.10790925812385038,0.21879653148813175,0.12297451169308922,0.17228694052728397,0.13655075764211258,0.13182096873084,0.14811246386966803,0.10081457475694142,0.1573092756415871,0.07480073574494182,0.16501707979329075,0.05456774984671984,0.17079793290706835,0.03923973022685479,0.1765787860208461,0.026889725847420498,0.18130857493211877,0.01821844617675397,0.18419900148900759,0.012087238328807976,0.18454935622317598,0.007445038101077356,0.18454935622317598,0.004554611544188431,0.18454935622317598,0.0016641849872996285,0.18454935622317598,0.0,0.18454935622317598,0.0,0.18454935622317598,0.0,0.18454935622317598,0.0,0.18454935622317598,0.0,0.18454935622317598,0.0,0.18454935622317598,0.0,0.18454935622317598,0.0,0.18454935622317598
Slash,1.0,0.004048582995951417,1.0,0.0007436172849706144,0.9974386515739898,0.0,0.9941336858630091,0.0,0.9919028340080972,0.0,0.9919028340080972,0.0,0.9919028340080972,0.0,0.9919028340080972,0.0,0.9919028340080972,0.0,0.9919028340080972,0.0,0.9919028340080972,0.0,0.9919028340080972,0.0,0.9919028340080972,0.0,0.9919028340080972,0.0,0.9919028340080972,0.0,0.9919028340080972,0.0,0.9916549615797734,0.0,0.988349995868793,0.0,0.9850450301578123,0.0,0.9817400644468314,0.0,0.979757085020243,0.0,0.979757085020243,0.0,0.979757085020243,0.0,0.979757085020243,0.0,0.979757085020243,0.0,0.979757085020243,0.0,0.9788482194497232,0.0,0.9752127571676442,0.00016524828554899987,0.9652978600347022,0.0034702139965296875,0.9444765760555234,0.0067751797075104895,0.907460960092539,0.010080145418491292,0.852515905147484,0.01338511112947198,0.7811286457903,0.017681566553747013,0.6985045030157812,0.02759646368668919,0.6036519871106338,0.04056845410228867,0.5078079814921919,0.05610179294389822,0.41667355201189793,0.072626621498802,0.3332231678096339,0.08915145005370567,0.2575394530281747,0.10559365446583484,0.19474510451954052,0.11881351730975805,0.1451706188548293,0.12938940758489634,0.10460216475254085,0.13740394943402456,0.0728744939271255,0.14285714285714282,0.05056597537800558,0.14616210856812362,0.03404114682310168,0.14946707427910444,0.020490787408080583,0.14979757085020243,0.01173262827398175,0.14979757085020243,0.00660993142196149,0.14979757085020243,0.0033049657109806875,0.14979757085020243,0.0,0.14979757085020243
Slash,0.0035714285714285713,0.1392857142857143,0.001093294460641354,0.1392857142857143,0.0,0.1392857142857143,0.0,0.13899416909620987,0.0,0.13651603498542275,0.0,0.1357142857142857,0.0,0.1357142857142857,0.0,0.1357142857142857,0.0,0.1357142857142857,0.0,0.1357142857142857,0.0,0.1357142857142857,0.0,0.1357142857142857,0.0,0.1357142857142857,0.0,0.1357142857142857,0.0,0.1357142857142857,0.001457725947521839,0.13425655976676376,0.0043002915451895414,0.13177842565597667,0.009256559766763876,0.12930029154518943,0.01946064139941695,0.1250728862973761,0.03250728862973753,0.12011661807580175,0.04737609329446063,0.1151603498542274,0.0683673469387755,0.11020408163265308,0.09446064139941696,0.10430029154518954,0.12667638483965016,0.09686588921282799,0.17288629737609337,0.08943148688046644,0.2212099125364432,0.08199708454810499,0.27106413994169104,0.07456268221574344,0.3255830903790086,0.06712827988338188,0.38775510204081626,0.05969387755102044,0.4551020408163266,0.05225947521865889,0.5244897959183673,0.044825072886297335,0.5938775510204083,0.037390670553935884,0.661807580174927,0.030685131195335204,0.7262390670553935,0.02572886297376097,0.7822157434402333,0.020772594752186534,0.8316326530612246,0.015816326530612303,0.8737609329446064,0.010860058309037867,0.903862973760933,0.008309037900874675,0.9296647230320697,0.005830903790087457,0.9513119533527697,0.0033527696793003415,0.9661807580174927,0.0008746355685131236,0.9778425655976676,0.0,0.986734693877551,0.0,0.9916909620991252,0.0,0.9947521865889213,0.0,0.9972303206997085,0.0,0.9997084548104955,0.0,1.0,0.0,1.0,0.0,1.0,0.0
Slash,1.0,0.0,1.0,0.0,1.0,0.0,1.0,0.0,1.0,0.0,1.0,0.0,1.0,0.0,1.0,0.0,1.0,0.0,1.0,0.0,1.0,0.0,1.0,0.0,1.0,0.0,1.0,0.0,1.0,0.0,1.0,0.0,1.0,0.0,1.0,0.0,0.9986833443054639,0.0,0.9960500329163922,0.0,0.9874917709019091,0.0,0.9769585253456221,0.0,0.9506254114549045,0.002633311389071814,0.9216589861751152,0.005266622778143497,0.8847926267281107,0.00789993416721531,0.840026333113891,0.010533245556286994,0.7873601053324557,0.013166556945358676,0.7307439104674129,0.01579986833443062,0.6728110599078341,0.018433179723502304,0.6122448979591838,0.0236998025016458,0.5523370638578013,0.028966425279789296,0.49440421329822276,0.034233048057932924,0.4377880184331797,0.04081632653061213,0.3824884792626728,0.048716260697827446,0.3311389071757737,0.056616194865042754,0.28110599078341014,0.06451612903225806,0.24160631994733384,0.06978275181040156,0.20342330480579313,0.07504937458854519,0.16919025674786048,0.08031599736668855,0.1375905200789995,0.08558262014483219,0.10862409479921019,0.09084924292297555,0.08558262014483231,0.09414088215931542,0.06451612903225806,0.0967741935483871,0.05134957208689939,0.09940750493745878,0.0388413429888085,0.10138248847926268,0.02830809743252151,0.10138248847926268,0.019091507570770095,0.10138248847926268,0.011191573403555045,0.10138248847926268,0.005266622778143366,0.10138248847926268,0.0,0.10138248847926268
Slash,0.0,0.13839285714285715,0.0,0.13575072886297385,0.0,0.13392857142857142,0.0,0.13392857142857142,0.0,0.13392857142857142,0.0,0.13392857142857142,0.0,0.13392857142857142,0.0,0.13392857142857142,0.0,0.13392857142857142,0.0,0.13392857142857142,0.0,0.13392857142857142,0.0,0.13392857142857142,0.0,0.13392857142857142,0.0,0.13392857142857142,0.0,0.13392857142857142,0.0,0.13392857142857142,0.0,0.13392857142857142,0.0008199708454811169,0.13365524781341115,0.008746355685131237,0.1310131195335276,0.01995262390670557,0.1272776967930029,0.03580539358600581,0.12199344023323608,0.06313775510204067,0.11479591836734697,0.09502551020408134,0.10686953352769672,0.1320153061224489,0.09894314868804674,0.16991618075801743,0.09101676384839649,0.20954810495626827,0.08309037900874625,0.2526421282798833,0.07516399416909612,0.297558309037901,0.067237609329446,0.3526785714285712,0.05931122448979588,0.408892128279883,0.052113702623906785,0.46701895043731767,0.046829446064139954,0.5266946064139942,0.04154518950437325,0.5874635568513119,0.03626093294460642,0.6434948979591838,0.030976676384839714,0.6973396501457726,0.025692419825072883,0.7448979591836736,0.02040816326530605,0.7883564139941692,0.016490524781341165,0.8279883381924196,0.01384839650145775,0.8610604956268223,0.011206268221574334,0.8916727405247814,0.008564139941690918,0.9154518950437317,0.005922011661807629,0.9356778425655976,0.003279883381924214,0.9515306122448978,0.0006377551020409251,0.9633746355685133,0.0,0.9737609329446063,0.0,0.9816873177842564,0.0,0.9886115160349854,0.0,0.9938957725947523,0.0,0.9973578717201167,0.0,1.0,0.0
Slash,1.0,0.008032128514056224,1.0,0.008032128514056224,1.0,0.008032128514056224,1.0,0.008032128514056224,1.0,0.008032128514056224,1.0,0.008032128514056224,1.0,0.008032128514056224,1.0,0.008032128514056224,1.0,0.008032128514056224,1.0,0.008032128514056224,1.0,0.008032128514056224,0.9992623555446276,0.008032128514056224,0.9966396197033031,0.008032128514056224,0.9940168838619785,0.008032128514056224,0.991394148020654,0.008032128514056224,0.9887714121793296,0.008032128514056224,0.9843455454470944,0.008032128514056224,0.9791000737644455,0.008032128514056224,0.9738546020817966,0.008032128514056224,0.9653307105974919,0.008032128514056224,0.9541021227768217,0.008032128514056224,0.9357429718875502,0.008032128514056224,0.9114826653552988,0.006556839603311197,0.8823047291205639,0.003934103761986741,0.8429636915006967,0.001311367920662171,0.7996885501188427,0.0,0.7524793049750022,0.0,0.695106958446029,0.0,0.6374067699368907,0.0,0.5797065814277518,0.0,0.5243832472748139,0.0,0.4683222686665029,0.0,0.4106220801573644,0.0,0.3573477583804606,0.0,0.30653225145479873,0.0,0.2593230063109585,0.0,0.21826079829522185,0.0020490123760347418,0.18023112859601684,0.004671748217359198,0.14613556265879857,0.007294484058683654,0.11769527087943629,0.009917219900008224,0.09245143840668796,0.01253995574133268,0.07146955167609231,0.015162691582657137,0.05393000573723472,0.017785427423981592,0.03884927464961895,0.020080321285140562,0.02835833128432113,0.020080321285140562,0.01942463732480959,0.020080321285140562,0.011720350790918738,0.020080321285140562,0.00647487910826994,0.020080321285140562,0.002622735841324456,0.02147364970084422,0.0,0.024096385542168676
Slash,0.0,0.05907172995780591,0.0,0.05907172995780591,0.0012916559028674222,0.057780074054938485,0.0040471884956514645,0.05502454146215444,0.006802721088435266,0.052269008869370644,0.010677688797037774,0.05063291139240506,0.016188753982605858,0.05063291139240506,0.02411091018685959,0.05063291139240506,0.03237750796521124,0.049685697063635556,0.04064410574356312,0.04693016447085163,0.05338844398518887,0.044174631878067715,0.06794110049082915,0.04141909928528367,0.08447429604753291,0.038663566692499866,0.10514079049341263,0.035908034099715824,0.1277878239903556,0.03315250150693191,0.152587617325411,0.030396968914147983,0.17738741066046668,0.02764143632136394,0.2030483079307671,0.024455351760957502,0.23335916645139063,0.01894428657538966,0.26367002497201414,0.015155429260311631,0.29423921467321107,0.012399896667527709,0.3273056057866184,0.009644364074743787,0.35727202273314373,0.006888831481959865,0.3849134590545079,0.0041332988891759435,0.4152243175751314,0.001377766296392021,0.4469129423921468,0.0,0.4799793335055539,0.0,0.5157151468182207,0.0,0.5527426160337553,0.0012055455093429434,0.5913200723327307,0.0039610781021269855,0.6323947300439159,0.004219409282700422,0.6737277189356754,0.004219409282700422,0.7150607078274346,0.004219409282700422,0.7540687160940324,0.004219409282700422,0.7917850684577628,0.004219409282700422,0.8276069921639541,0.004219409282700422,0.8591233961939205,0.006372169120812872,0.8880564884181521,0.008438818565400843,0.9128562817532078,0.008438818565400843,0.933694996986136,0.010419357616464337,0.9519504004133298,0.012658227848101266,0.9657280633772497,0.012658227848101266,0.9758890898131404,0.012658227848101266,0.9838112460173943,0.012658227848101266,0.9893223112029622,0.012658227848101266,0.9931972789115647,0.012658227848101266,0.9959528115043486,0.012830448635150343,0.9987083440971326,0.015585981227934146,1.0,0.016877637130801686,1.0,0.016877637130801686
Slash,1.0,0.004347826086956522,1.0,0.0019520851818988969,0.9995563442768413,0.0,0.9971606033717837,0.0,0.994764862466726,0.0,0.9923691215616681,0.0,0.9899733806566102,0.0,0.9875776397515529,0.0,0.9869565217391304,0.0,0.9869565217391304,0.0,0.9847382431233364,0.0,0.9826086956521739,0.0,0.9826086956521739,0.0,0.9818988464951197,0.0,0.9795031055900618,0.0,0.9759538598047915,0.0,0.9711623779946763,0.0,0.9615794143744453,0.0015971606033717911,0.9496007098491571,0.003992901508429416,0.9294587400177462,0.004347826086956522,0.9076308784383319,0.0044365572315882675,0.8788819875776401,0.006832298136645892,0.8485359361135757,0.008695652173913044,0.8125998225377108,0.008695652173913044,0.7727595385980481,0.009671694764862493,0.7272404614019523,0.012067435669920117,0.6803016858917483,0.014463176574977742,0.6323868677905945,0.01685891748003549,0.5844720496894411,0.021118012422360142,0.5365572315882878,0.025909494232475638,0.49094942324755997,0.03070097604259089,0.4454303460514641,0.035847382431233366,0.39991126885536826,0.04303460514640636,0.35598935226264433,0.05022182786157937,0.31526175687666397,0.057409050576752364,0.2770186335403727,0.06335403726708068,0.24108251996450758,0.06814551907719617,0.20851818988464954,0.07462289263531496,0.17737355811889993,0.08181011535048809,0.1504880212954746,0.08686779059449869,0.12448979591836747,0.09165927240461394,0.10292812777284835,0.09645075421472932,0.08198757763975169,0.10062111801242234,0.0628216503992902,0.1030168589174801,0.04685004436557254,0.10541259982253771,0.03487133984028392,0.10780834072759533,0.02440106477373547,0.10869565217391304,0.014818101153504971,0.10869565217391304,0.007187222715173121,0.10869565217391304,0.0,0.10869565217391304
Slash,0.0,0.12927756653992395,0.0,0.12927756653992395,0.0,0.12927756653992395,0.0,0.12927756653992395,0.0,0.12927756653992395,0.0,0.12927756653992395,0.0,0.12927756653992395,0.0,0.12927756653992395,0.0,0.12927756653992395,0.0,0.12927756653992395,0.0,0.12927756653992395,0.0,0.12927756653992395,0.0,0.12927756653992395,0.001862341894932887,0.12741522464499105,0.004888647474198774,0.12493210211841392,0.009854892527353068,0.12244897959183666,0.01652828431752921,0.11996585706525952,0.02514161558159376,0.11709474664390467,0.04004035074105685,0.11212850159075037,0.058042989058741355,0.10716225653759598,0.07860634748195841,0.10196321874757512,0.10592069527430735,0.09451385116784358,0.13463179948785584,0.08706448358811214,0.1646620625436486,0.07961511600838059,0.2019089004423061,0.07216574842864905,0.24039729960425238,0.0647163808489175,0.28012726002948696,0.057267013269186054,0.3270737952975867,0.04981764568945451,0.376425855513308,0.042368278109723066,0.4285714285714286,0.034918910529991416,0.4807170016295488,0.027469542950259974,0.5328625746876696,0.02095134631799487,0.5850081477457902,0.015985101264840578,0.6350585861721114,0.013113990843485728,0.683169085124544,0.010630868316908473,0.727865290602933,0.008147745790331326,0.7686816171335453,0.00566462326375418,0.8065492356638472,0.0038022813688212928,0.8388298285093504,0.0038022813688212928,0.8675409327228989,0.002017537052843925,0.8939241095677813,0.0,0.9162722123069761,0.0,0.935361216730038,0.0,0.952122293784434,0.0,0.9645379064173196,0.0,0.9740048110498951,0.0,0.9814541786296267,0.0,0.9889035462093582,0.0,0.9950337549468459,0.0,1.0,0.0
Slash,1.0,0.004347826086956522,0.9983141082519963,0.002661934338952985,0.9966282165039927,0.0009760425909494484,0.994232475598935,0.0,0.9908606921029283,0.0,0.987488908606921,0.0,0.985536823425022,0.0,0.9838509316770183,0.0,0.9812777284826977,0.0,0.9762200532386868,0.0,0.9711623779946763,0.0,0.9649511978704526,0.0,0.958207630878438,0.0,0.9512866015971603,0.0,0.942857142857143,0.0,0.9344276841171252,0.0,0.9251109139307897,0.0,0.9149955634427684,0.0,0.9048802129547472,0.0,0.8915705412599821,0.0,0.8780834072759539,0.0,0.8627329192546584,0.0,0.8441881100266194,0.0,0.8256433007985804,0.0,0.8044365572315882,0.0,0.7825199645075421,0.0,0.7598935226264418,0.0,0.7346051464063886,0.0,0.7093167701863352,0.0,0.6818988464951197,0.001064773735581194,0.6532386867790592,0.0027506654835847306,0.6244010647737355,0.0044365572315882675,0.5923691215616681,0.006122448979591804,0.5603371783496006,0.00780834072759534,0.5267080745341616,0.010292812777284834,0.49130434782608695,0.013664596273291908,0.45590062111801255,0.01703637976929898,0.42049689440993815,0.020408163265306176,0.3850931677018633,0.023779946761313252,0.3491570541259984,0.027684117125110798,0.3120674356699201,0.03274179236912153,0.27497781721384207,0.037799467613132263,0.237888198757764,0.04285714285714287,0.20079858030168596,0.047914818101153486,0.16397515527950315,0.052972493345164094,0.1285714285714285,0.05803016858917483,0.0931677018633541,0.06308784383318544,0.060692102928127815,0.06912156166814562,0.030346051464063908,0.07586512866015976,0.0,0.08260869565217391
Slash,0.09933774834437085,0.0,0.09933774834437085,0.0,0.09933774834437085,0.0,0.09933774834437085,0.0,0.09933774834437085,0.0,0.09933774834437085,0.0,0.09933774834437085,0.0,0.09933774834437085,0.0,0.09906744154615457,0.0,0.08744424922286802,0.0,0.06554939856737413,0.0,0.04662792269225565,0.0,0.03270712258413308,0.0,0.02108393026084616,0.0,0.01135288552507101,0.0,0.005541289363427736,0.0,0.0,0.0,0.0,0.0,0.0,0.0,0.0044600621705637045,0.0,0.010271658332206978,0.0,0.01608325449385063,0.0,0.025949452628733737,0.0,0.047033382889579894,0.0,0.08311934045141228,0.0,0.13542370590620323,0.0,0.21475875118259236,0.0,0.31909717529395837,0.004595215569671662,0.4370860927152314,0.014191106906338668,0.5561562373293689,0.02581429922962578,0.6659007974050547,0.035275037167184636,0.7579402621975944,0.04108663332882829,0.8260575753480204,0.04689822949047175,0.8783619408028109,0.05270982565211521,0.9140424381673199,0.052980132450331126,0.9394512771996217,0.052980132450331126,0.9587782132720641,0.052980132450331126,0.9731044735775106,0.056088660629814886,0.9847276659007971,0.059602649006622516,0.9948641708338961,0.059602649006622516,1.0,0.059602649006622516,1.0,0.059602649006622516,1.0,0.06527909176915783,1.0,0.06622516556291391,1.0,0.06622516556291391,1.0,0.06622516556291391,1.0,0.06622516556291391,1.0,0.06622516556291391,1.0,0.06622516556291391,1.0,0.06622516556291391
Slash,1.0,0.010836192884233391,1.0,0.008909758593702953,1.0,0.00788634037685876,1.0,0.00788634037685876,1.0,0.00788634037685876,1.0,0.00788634037685876,1.0,0.00788634037685876,1.0,0.00788634037685876,1.0,0.00788634037685876,1.0,0.00788634037685876,1.0,0.00788634037685876,0.9994581903557884,0.00788634037685876,0.9975317560652579,0.00788634037685876,0.9970501474926253,0.00788634037685876,0.996628739991572,0.00788634037685876,0.9947023057010413,0.00788634037685876,0.9927758714105114,0.00788634037685876,0.9908494371199809,0.00788634037685876,0.9889230028294502,0.00788634037685876,0.9821804828125941,0.00788634037685876,0.9712840888567819,0.007705737162121494,0.9481668773704173,0.005779302871591141,0.9163807115766663,0.0038528685810608728,0.877250015050268,0.0019264342905304364,0.8194569863343569,0.0,0.7443260490036724,0.0019264342905304364,0.6518572030582148,0.007705737162121494,0.5649870567696108,0.015351273252663928,0.4808259587020649,0.024742640418999533,0.39991571849978924,0.036301246162181736,0.33122629582806623,0.04785985190536393,0.26813557281319633,0.059418457648546134,0.21226897838781533,0.07097706339172834,0.16778038649087962,0.08091024020227565,0.12840888567816505,0.08994040093913681,0.09565950273914897,0.09764613810125822,0.07043525374751679,0.10234182168442602,0.04924447655168266,0.10619469026548681,0.03383300222743967,0.1100475588465476,0.022575401842152856,0.11251580278128957,0.013665643248449733,0.11444223707181993,0.00788634037685876,0.11636867136235028,0.0033712600084282217,0.11703088314972011,0.0,0.11703088314972011,0.0,0.11703088314972011,0.0,0.11703088314972011,0.0,0.11703088314972011,0.0,0.11703088314972011,0.0,0.11703088314972011,0.0,0.11703088314972011
Slash,0.006920415224913495,0.16608996539792387,0.006920415224913495,0.16608996539792387,0.0055787020690629295,0.16608996539792387,0.0034602076124567475,0.16608996539792387,0.0034602076124567475,0.16608996539792387,0.0034602076124567475,0.16608996539792387,0.0034602076124567475,0.16608996539792387,0.0034602076124567475,0.16608996539792387,0.0034602076124567475,0.16608996539792387,0.0034602076124567475,0.16608996539792387,0.0034602076124567475,0.16608996539792387,0.0034602076124567475,0.16608996539792387,0.0023303439022668493,0.16608996539792387,0.0,0.16608996539792387,0.0,0.16608996539792387,0.0,0.16608996539792387,0.0,0.16608996539792387,0.0,0.16608996539792387,0.0,0.16439516983263894,0.0,0.16262975778546712,0.0,0.16262975778546712,0.00395452298566484,0.16065249629263467,0.010592472283030811,0.15733352164395173,0.020196313819645536,0.1525316008756444,0.050137702139679406,0.13869077042581743,0.08735258809406116,0.12428500812089548,0.1308523409363745,0.10987924581597344,0.17887154861944762,0.0954734835110515,0.22985664854176951,0.08106772120612957,0.28521997034107766,0.06708565779252877,0.35244686109738005,0.05508085587176053,0.4232045759480264,0.043076053950992205,0.49452722265376725,0.032483581667961295,0.5641550737942236,0.02528070051550037,0.6296871689852411,0.018077819363039354,0.6915472071181411,0.011863568956994619,0.7491702563378292,0.007061648188687306,0.79747192994845,0.004590071322646744,0.8404067509356685,0.0021891109384930382,0.8779747192994846,0.0,0.9067862439093284,0.0,0.9293835181131276,0.0,0.9476025704399408,0.0,0.9620083327448626,0.0,0.9727420379916671,0.0,0.9815690982275261,0.0,0.9887719793799871,0.0,0.9938563660758419,0.002118494456606182,0.9975990396158461,0.0034602076124567475,1.0,0.0034602076124567475
Slash,1.0,0.0,1.0,0.0,0.9996564282278568,0.0,0.9978011406582836,0.0,0.99594585308871,0.0,0.9940905655191368,0.0,0.9932659932659933,0.0,0.9932659932659933,0.0,0.9932659932659933,0.0,0.9932659932659933,0.0,0.9932659932659933,0.0,0.9932659932659933,0.0,0.9932659932659933,0.0,0.9932659932659933,0.0,0.9932659932659933,0.0,0.9932659932659933,0.0,0.9932659932659933,0.0,0.990792276506562,0.0,0.9870817013674156,0.0,0.9817906960764107,0.0,0.9759499759499757,0.0,0.9629629629629629,0.0,0.9479145193430908,0.0,0.9256510685082114,0.0,0.8988524702810418,0.0,0.8654572940287227,0.0,0.8254655397512541,0.0010994296708582794,0.7809386380814952,0.002954717240431524,0.7291967291967295,0.006253006253006171,0.6753933896791042,0.009963581392152756,0.6162303305160448,0.01724730296158868,0.5568611282896998,0.02521816807531094,0.4974919260633548,0.0363498934927506,0.43935958221672544,0.04748161891019026,0.38370095512952695,0.05861334432762992,0.331890331890332,0.06974506974506968,0.2836528550814267,0.08087679516250944,0.240637669209098,0.0920085205799491,0.19982134267848564,0.10314024599738875,0.16560159417302278,0.1142719714148286,0.13261870404727555,0.12526626812341102,0.10478939050367651,0.13454270597127743,0.0793650793650795,0.14285714285714282,0.060812203669346476,0.14842300556586274,0.0447330447330448,0.15398886827458258,0.0317460317460318,0.1595547309833024,0.021095306809592512,0.16395244966673542,0.011818868961726096,0.1676630248058819,0.005565862708719926,0.16986188414759848,0.0,0.1717171717171717
Slash,0.0,0.2965779467680608,0.0,0.2965779467680608,0.0,0.2965779467680608,0.0,0.2965779467680608,0.0,0.2965779467680608,0.0,0.2965779467680608,0.0,0.2965779467680608,0.0,0.2965779467680608,0.0,0.29510359276790565,0.0,0.29277566539923955,0.0,0.29277566539923955,0.0,0.29277566539923955,0.0,0.29277566539923955,0.0,0.29277566539923955,0.0,0.29277566539923955,0.0,0.29277566539923955,0.0,0.29277566539923955,0.0,0.29277566539923955,0.0,0.29277566539923955,0.0,0.29277566539923955,0.0,0.2909909210832622,0.0010863661053774813,0.2878870179250408,0.00620780631644292,0.2827655777139753,0.01691627221230691,0.275781795607977,0.030961434003258976,0.26685807402809036,0.048886474741987956,0.2540544735004267,0.08815084969348941,0.23155117560332125,0.13843408085667736,0.2045472181267944,0.19989136338946217,0.17381857686040197,0.2633661829750912,0.1471250096996974,0.3374718708776286,0.12074183285481492,0.4347792348878712,0.09257391169395517,0.5258011950027157,0.07278652906029341,0.610304958485295,0.05656863505858617,0.6845658415457435,0.04376503453092263,0.7479630635524169,0.03313416621401415,0.8038333204004033,0.02382245673934972,0.8499262822999922,0.016140296422751613,0.884767595251028,0.010708465895863991,0.9140218825172656,0.006595794211220623,0.9370683634670599,0.004035074105687958,0.953131062310856,0.0014743540001551842,0.966322650733297,0.0,0.9765655311554279,0.0,0.9819973616823157,0.0,0.9871188018933809,0.0,0.9922402421044462,0.0,0.9948785597889345,0.0,0.9974392798944672,0.0,1.0,0.0
Slash,1.0,0.0,1.0,0.0,1.0,0.0,1.0,0.0,1.0,0.0,1.0,0.0,0.9973251436496929,0.0,0.9951456310679612,0.0,0.9951456310679612,0.0,0.9951456310679612,0.0,0.9951456310679612,0.0,0.9951456310679612,0.0,0.9941549435308104,0.0,0.9884089558153357,0.0,0.9785020804438279,0.0,0.9641371111551416,0.0,0.9452149791955617,0.0,0.9251040221914008,0.00029720626114516723,0.90499306518724,0.0031702001188824735,0.8825044580939171,0.0060431939766197795,0.8566475133742818,0.008916187834357086,0.8224687933425798,0.013869625520110977,0.784723598177135,0.01961561323558545,0.7358827025956013,0.025361600951060066,0.6692094313453536,0.04101446403804246,0.5686546463245491,0.07549039033088958,0.48127600554785005,0.10808401030315037,0.40083217753120687,0.13968694273826032,0.3370319001386963,0.16851595006934803,0.276996235387359,0.1956607885872795,0.22528234594808808,0.21864473944917767,0.18198930057459878,0.23826035268476328,0.14464038042401423,0.255498315831187,0.11759461065979793,0.2675847037844264,0.09352090350703386,0.278482266693085,0.07628294036061002,0.2871012482662968,0.060531008519912714,0.29423419853378247,0.04616603923122646,0.29998018624925693,0.036556370120863844,0.30334852387556965,0.028333663562512428,0.3062215177333068,0.02258767584703795,0.3090945115910441,0.016841688131563337,0.31196750544878143,0.011095700416088726,0.3148404993065186,0.007529225282345892,0.3155339805825243,0.0046562314246087234,0.3155339805825243,0.0017832375668714172,0.3155339805825243,0.0,0.3155339805825243,0.0,0.3155339805825243,0.0,0.3155339805825243,0.0,0.3155339805825243
Slash,0.003861003861003861,0.1776061776061776,0.0012607359546134385,0.1750059096997872,0.0,0.17374517374517376,0.0,0.17374517374517376,0.0,0.17374517374517376,0.0,0.17374517374517376,0.0,0.17374517374517376,0.0,0.17374517374517376,0.0,0.17224804979907032,0.0,0.1696477818926799,0.0,0.16704751398628948,0.0,0.16602316602316602,0.0,0.16602316602316602,0.0,0.16602316602316602,0.0,0.16602316602316602,0.00039397998581674066,0.16602316602316602,0.0029942478922070537,0.16602316602316602,0.005594515798597476,0.16428965408557242,0.00819478370498779,0.1616893861791821,0.010795051611378101,0.1590891182727918,0.017019935387282407,0.15648885036640137,0.02537231108659674,0.15333701047986764,0.03577338271215821,0.14813647466708682,0.04995666220156021,0.1429359388543062,0.06744937357182258,0.13773540304152546,0.09085178472933572,0.13253486722874483,0.12410369553226684,0.1273343314159641,0.16050744622173188,0.12142463162871331,0.1969111969111969,0.11362382790954226,0.2374123394531558,0.10787172011661814,0.2805925458986682,0.10188322433220402,0.3273973682136947,0.09408242061303286,0.37632968245213144,0.08628161689386182,0.42660152864234496,0.07848081317469077,0.4786068867701519,0.07068000945551961,0.530612244897959,0.06287920573634856,0.5826176030257662,0.05602395398313765,0.6346229611535733,0.05082341817035702,0.6843432353636437,0.045622882357576174,0.7316996296588133,0.040422346544795554,0.7759041840674494,0.035221810732014816,0.8153809786462848,0.030021274919234082,0.8510755653612797,0.024820739106453344,0.8822787802379639,0.01962020329367272,0.9110393192025845,0.014419667480891985,0.936096446300528,0.01040107162556147,0.9568985895516507,0.0078008037191710485,0.9726577889843196,0.005200535812780735,0.9869986604680481,0.0026002679063904226,1.0,0.0
Slash,1.0,0.04819277108433735,0.9971313826735511,0.04532415375788867,0.9942627653471027,0.04417670682730924,0.9913941480206542,0.04417670682730924,0.9885255306942052,0.04417670682730924,0.9856569133677568,0.04417670682730924,0.9827882960413084,0.04417670682730924,0.9799196787148594,0.04417670682730924,0.9770510613884106,0.04417670682730924,0.9741824440619621,0.04417670682730924,0.9713138267355136,0.04417670682730924,0.9684452094090648,0.04417670682730924,0.9655765920826163,0.04417670682730924,0.9627079747561678,0.04417670682730924,0.9598393574297188,0.04417670682730924,0.95697074010327,0.04417670682730924,0.9558232931726908,0.04417670682730924,0.9558232931726908,0.04417670682730924,0.9558232931726908,0.04417670682730924,0.9558232931726908,0.04417670682730924,0.9558232931726908,0.04417670682730924,0.9558232931726908,0.04417670682730924,0.9558232931726908,0.04417670682730924,0.9541021227768215,0.04417670682730924,0.9500860585197934,0.04417670682730924,0.9414802065404476,0.04417670682730924,0.921399885255307,0.04188181296615038,0.8904188181296615,0.037865748709122155,0.8473895582329317,0.0321285140562249,0.7900172117039588,0.02639127940332753,0.7274813539873777,0.020654044750430277,0.6603557085484797,0.014916810097533022,0.5886402753872633,0.009179575444635654,0.5169248422260468,0.005737234652897254,0.44750430292598975,0.0028686173264486844,0.3815261044176707,0.0,0.321285140562249,0.0,0.2662076878944346,0.0,0.21629374641422847,0.000573723465289714,0.17326448651749843,0.003442340791738284,0.1371199082042454,0.006310958118187083,0.10613884107860018,0.009179575444635654,0.08032128514056225,0.012048192771084338,0.060240963855421686,0.014916810097533022,0.043602983362019405,0.017785427423981707,0.030407343660355645,0.020080321285140562,0.021801491681009817,0.020080321285140562,0.013195639701663766,0.020080321285140562,0.005737234652897369,0.020080321285140562,0.0,0.020080321285140562
Slash,0.009302325581395349,0.08372093023255814,0.009302325581395349,0.08372093023255814,0.009302325581395349,0.08372093023255814,0.009302325581395349,0.08372093023255814,0.009302325581395349,0.08372093023255814,0.009302325581395349,0.08372093023255814,0.009302325581395349,0.08372093023255814,0.009302325581395349,0.08372093023255814,0.009302325581395349,0.08372093023255814,0.009302325581395349,0.08372093023255814,0.009302325581395349,0.08372093023255814,0.009302325581395349,0.08372093023255814,0.009302325581395349,0.08372093023255814,0.009302325581395349,0.08372093023255814,0.006644518272425325,0.08372093023255814,0.0037968675842429294,0.08372093023255814,0.0009492168960607985,0.08372093023255814,0.0,0.08372093023255814,0.0,0.08372093023255814,0.0,0.08372093023255814,0.0,0.08372093023255814,0.0,0.08372093023255814,0.0,0.08372093023255814,0.0007593735168486916,0.0833412434741338,0.006454674893213218,0.08049359278595153,0.01214997626957748,0.0776459420977694,0.01784527764594227,0.07479829140958713,0.028476506881822367,0.07195064072140488,0.041196013289036694,0.0684385382059801,0.05828191741813001,0.06274323682961558,0.10783103939250152,0.05363075462743234,0.17902230659705745,0.04224015187470342,0.24746084480303754,0.033602278120550576,0.3158044613194113,0.026008542952064582,0.38414807783578536,0.020313241575700056,0.45049833887043206,0.01461794019933553,0.5158044613194116,0.00911248220218311,0.5784527764594212,0.006264831514000979,0.6386331276696727,0.0034171808258187156,0.6955861414333174,0.0005695301376364526,0.7479829140958711,0.0,0.79734219269103,0.0,0.8372093023255814,0.0,0.8740389178927386,0.0,0.9082107261509255,0.0,0.9346938775510204,0.0,0.9580446131941148,0.0,0.9751305173232084,0.0,0.9886093972472709,0.0,1.0,0.0
Slash,0.9811320754716981,0.0,0.9811320754716981,0.0,0.9811320754716981,0.0,0.9811320754716981,0.0,0.9811320754716981,0.0,0.9823835194455143,0.0,0.9854639969195224,0.0,0.9885444743935309,0.0,0.9916249518675395,0.0,0.994705429341548,0.0,0.9977859068155563,0.0,1.0,0.0,1.0,0.0,1.0,0.0,1.0,0.0,1.0,0.0,1.0,0.0,1.0,0.0,1.0,0.0,1.0,0.0,1.0,0.0,1.0,0.0,0.991336157104351,0.0,0.975452445128995,0.0,0.9446476703889105,0.0,0.903061224489796,0.0030804774740084413,0.850693107431652,0.009241432422025457,0.7804197150558337,0.021370812475933736,0.7055256064690026,0.03504043126684644,0.6254331921447823,0.05044281863688878,0.5425490951097425,0.0686368887177512,0.4628417404697732,0.08827493261455516,0.38891028109356957,0.10983827493261451,0.32277628032345024,0.12880246438197915,0.26097420100115537,0.14632268001540236,0.20552560646900303,0.1617250673854447,0.16211012706969594,0.17472083172891795,0.12437427801309217,0.18627262225644964,0.09356950327300749,0.19551405467847507,0.06940700808625341,0.20254139391605705,0.048998844820947234,0.2087023488640738,0.033596457450905025,0.21486330381209082,0.02223719676549869,0.2190026954177897,0.013380824027724204,0.22169811320754718,0.007219869079707456,0.22169811320754718,0.0028879476318829553,0.22169811320754718,0.0,0.22169811320754718,0.0,0.22169811320754718,0.0,0.22169811320754718,0.0,0.22169811320754718
Slash,0.0,0.1953125,0.0,0.1953125,0.0,0.1953125,0.0,0.1953125,0.0,0.1953125,0.0,0.1953125,0.0,0.1953125,0.0,0.1953125,0.0,0.1953125,0.0,0.1953125,0.0,0.1953125,0.0,0.1953125,0.0,0.1953125,0.0,0.1953125,0.0,0.1953125,0.0,0.1953125,0.0,0.1953125,0.0,0.1953125,0.0,0.19379783163265307,0.00023915816326536277,0.19124681122448983,0.007653061224489832,0.1863042091836734,0.018415178571428603,0.1802455357142857,0.03324298469387754,0.17283163265306123,0.05452806122448983,0.16326530612244894,0.07892219387755106,0.1533801020408163,0.10857780612244905,0.14349489795918358,0.14524872448979598,0.13185586734693877,0.1860650510204085,0.11918048469387743,0.23549107142857162,0.1043526785714286,0.2889827806122449,0.09088010204081631,0.3458227040816326,0.07852359693877542,0.4098373724489799,0.06616709183673464,0.47409119897959195,0.054767219387755084,0.5383450255102038,0.04488201530612246,0.600605867346939,0.036989795918367374,0.660714285714286,0.029575892857142794,0.7150829081632655,0.022161989795918324,0.7630739795918366,0.016342474489795977,0.806919642857143,0.011559311224489832,0.8415178571428572,0.009088010204081565,0.8725286989795917,0.006616709183673519,0.8997130102040818,0.004145408163265252,0.9224330357142858,0.0016741071428572063,0.9422831632653061,0.0,0.9571109693877551,0.0,0.9701052295918369,0.0,0.9816645408163265,0.0,0.9890784438775511,0.0,0.9950573979591837,0.0,1.0,0.0
Slash,1.0,0.045454545454545456,1.0,0.045454545454545456,1.0,0.045454545454545456,1.0,0.045454545454545456,1.0,0.045454545454545456,1.0,0.045454545454545456,0.9969078540507113,0.045454545454545456,0.991883116883117,0.045454545454545456,0.9891001855287569,0.045454545454545456,0.9863172541743969,0.045454545454545456,0.9848484848484849,0.045454545454545456,0.9848484848484849,0.045454545454545456,0.9848484848484849,0.045454545454545456,0.9848484848484849,0.045454545454545456,0.9848484848484849,0.045454545454545456,0.9848484848484849,0.045454545454545456,0.9848484848484849,0.045454545454545456,0.9848484848484849,0.045454545454545456,0.9848484848484849,0.045454545454545456,0.9848484848484849,0.045454545454545456,0.9848484848484849,0.045454545454545456,0.9848484848484849,0.045454545454545456,0.9848484848484849,0.045454545454545456,0.9848484848484849,0.045454545454545456,0.9776592455163883,0.045454545454545456,0.9651360544217686,0.045454545454545456,0.9472789115646257,0.045068027210884334,0.9222325293753866,0.042285095856524506,0.882034632034632,0.03733766233766235,0.8328695114409399,0.030612244897959114,0.7767470624613482,0.022263450834879406,0.7127396413110697,0.013914656771799587,0.6467996289424859,0.0074984539270253735,0.5790816326530611,0.0028602350030921416,0.5095083487940628,7.730364873220259e-05,0.4399350649350648,0.0,0.37206246134817544,0.0017006802721088875,0.3073593073593072,0.005179344465058758,0.24891774891774873,0.010745207173778635,0.20037105751391454,0.016311069882498513,0.1574675324675324,0.021876932591218284,0.12036178107606677,0.02744279529993816,0.09253246753246759,0.03300865800865804,0.06918676561533703,0.038574520717377915,0.04939703153988854,0.042903525046382125,0.033163265306122444,0.045686456400742065,0.02203153988868269,0.048469387755102004,0.012909709338280739,0.04924242424242424,0.005565862708719878,0.04924242424242424,0.0,0.04924242424242424
Slash,0.0,0.08045977011494253,0.0,0.08045977011494253,0.0,0.08045977011494253,0.0,0.08045977011494253,0.0,0.08045977011494253,0.0,0.08045977011494253,0.0,0.08045977011494253,0.0,0.08045977011494253,0.0,0.08045977011494253,0.0,0.08045977011494253,0.0,0.08045977011494253,0.0,0.08045977011494253,0.000781921964188014,0.08006880913284853,0.005317069356478212,0.07780123543670336,0.010946907498631543,0.07553366174055832,0.017749628587067003,0.07326608804441317,0.026350770193134723,0.07099851434826801,0.03589021815622802,0.06873094065212297,0.04949566033309883,0.06646336695597771,0.06497771522402057,0.0632574869028071,0.08311830479318158,0.05872233951051689,0.1061850027367269,0.05418719211822658,0.13128469778716081,0.04965204472593639,0.1607631558370475,0.04511689733364608,0.19180545781530997,0.04058174994135588,0.22581906325748696,0.036046602549065575,0.2628039721635782,0.03151145515677538,0.3013527249980453,0.02697630776448507,0.3442802408319649,0.02244116037219487,0.3879896786300727,0.017906012979904674,0.4333411525529751,0.013370865587614364,0.47869262647587774,0.010164985534443748,0.5240441003987801,0.007897411838298484,0.5693955743216826,0.00562983814215344,0.6138087418875594,0.003362264446008286,0.654625068418172,0.0010946907498631325,0.6942685120025024,0.0,0.7328172648369691,0.0,0.7694894049573852,0.0,0.8054578153100319,0.0,0.8394714207522088,0.0,0.8704355305340528,0.0,0.8976464148877942,0.0,0.9196966142778951,0.0,0.939792008757526,0.0,0.9556650246305417,0.0,0.9698178121823441,0.0,0.98115568066307,0.0,0.9909297052154193,0.0,1.0,0.0
Slash,1.0,0.009966777408637873,0.9978981625872941,0.009966777408637873,0.9966777408637874,0.009966777408637873,0.9966777408637874,0.009966777408637873,0.9949149094853889,0.009966777408637873,0.9933554817275747,0.009966777408637873,0.9933554817275747,0.009966777408637873,0.9933554817275747,0.009966777408637873,0.9933554817275747,0.009966777408637873,0.9933554817275747,0.009966777408637873,0.9933554817275747,0.009966777408637873,0.9933554817275747,0.009966777408637873,0.9933554817275747,0.009966777408637873,0.9933554817275747,0.009966777408637873,0.9933554817275747,0.009966777408637873,0.9933554817275747,0.009966777408637873,0.992948674486406,0.009966777408637873,0.9908468370736999,0.009966777408637873,0.9900332225913622,0.009966777408637873,0.9899654213845006,0.009966777408637873,0.9878635839717946,0.009966777408637873,0.9838633127669671,0.009966777408637873,0.9775578005288494,0.009966777408637873,0.9657603905349516,0.008136144823377895,0.951318733473456,0.00603430741067186,0.9324021967591024,0.003932469997966014,0.9060275272899856,0.0018306325852599792,0.8755169842023186,0.0,0.8376839107736117,0.0,0.7963929757949691,0.0,0.7522543901281441,0.0,0.7020136958437858,0.0,0.6483151400094921,0.0016272289646755789,0.5894636924537258,0.00583090379008746,0.5136619431825886,0.016814699301647522,0.43616516373991415,0.029425723777883356,0.36680452912061823,0.042036748254118995,0.3055800393247,0.05600379686758416,0.24950844125025418,0.0705810563428029,0.2032680181707232,0.08319208081903864,0.16109566750288146,0.09580310529527429,0.12326259407417453,0.10841412977150992,0.09492168960607493,0.11912672045562413,0.07030985151535685,0.1282798833819243,0.051393314801003384,0.13458539562004204,0.03715506136009226,0.14089090785815994,0.024883042918163952,0.14685741406197034,0.014373855854634155,0.1510610888873822,0.0063055122381178216,0.1540443419892874,0.0,0.15614617940199335
Slash,0.0,0.1732283464566929,0.0,0.1732283464566929,0.0,0.1732283464566929,0.0,0.1732283464566929,0.0,0.1732283464566929,0.0,0.1732283464566929,0.0,0.1732283464566929,0.0,0.1732283464566929,0.0,0.1732283464566929,0.0,0.1732283464566929,0.0,0.1732283464566929,0.0,0.1732283464566929,0.0,0.1732283464566929,0.0,0.1732283464566929,0.0,0.1732283464566929,0.0,0.1732283464566929,0.0,0.17146071026835927,0.0,0.16929133858267717,0.0,0.16929133858267717,0.0,0.16929133858267717,0.00024104129840907262,0.1690502972842681,0.00281214848143974,0.16647919010123732,0.006829503454925291,0.16390808291820663,0.01205206492045643,0.16133697573517597,0.01976538646954843,0.1587658685521452,0.028764261610155824,0.15490920777759914,0.039048690342278605,0.14976699341153793,0.05431463924152334,0.1421340189619155,0.07424071991001115,0.1344206974128234,0.09995179174031828,0.12670737586373126,0.1326530612244896,0.11666398843001778,0.1699341153784347,0.10541539450425837,0.2136429374899565,0.09255985858910504,0.26602924634420694,0.07970432267395147,0.32162943917724574,0.06765225775349505,0.38076490438695143,0.05736782902137238,0.44190904708340006,0.047083400289249594,0.5036156194761368,0.037441748352884455,0.5653221918688734,0.029728426803792337,0.6251807809738066,0.02386308854250356,0.683352080989876,0.018720874176442227,0.7373453318335206,0.01357865981038089,0.7896512935883014,0.010123734533183288,0.8394664952595211,0.0075526273501526206,0.8780331030049815,0.004981520167121953,0.9120199260806684,0.0024104129840912857,0.9423911296802184,0.0,0.9655310943274945,0.0,0.9845733569018158,0.0,1.0,0.0
Slash,1.0,0.0,1.0,0.0,0.99930426716141,0.0,0.9970624613481757,0.0,0.9962121212121212,0.0,0.9962121212121212,0.0,0.9962121212121212,0.0,0.9962121212121212,0.0,0.9962121212121212,0.0,0.9962121212121212,0.0,0.9962121212121212,0.0,0.9962121212121212,0.0,0.9954390847247989,0.0,0.9909554730983301,0.0,0.9875541125541124,0.0,0.9853123067408781,0.0,0.9812925170068026,0.0,0.976113172541744,0.0,0.9649041434755721,0.0,0.9518398268398268,0.0,0.9361471861471863,0.0,0.9155844155844154,0.0,0.8927798392084106,7.730364873220259e-05,0.859152752009895,0.0023191094619666158,0.8232065553494124,0.004560915275201029,0.7828540507111934,0.006802721088435442,0.7380952380952382,0.01051329622758192,0.6910173160173161,0.01499690785405064,0.6374458874458876,0.019480519480519466,0.5830241187384045,0.023964131106988185,0.526978973407545,0.028447742733457012,0.4709338280766854,0.032931354359925835,0.4148886827458256,0.03741496598639456,0.3628633271490414,0.04390847247990097,0.3126932591218305,0.050633889919604214,0.2678571428571427,0.057359307359307346,0.22649969078540502,0.06292517006802723,0.18838899196042067,0.06740878169449593,0.15584415584415592,0.07189239332096477,0.12538651824366112,0.07637600494743359,0.1007266542980829,0.0808596165739022,0.07908163265306123,0.08534322820037103,0.06114718614718613,0.08982683982683985,0.04661410018552871,0.0926097711811998,0.033472479901051365,0.0948515769944341,0.024505256648113816,0.09709338280766852,0.01638837353123061,0.09933518862090282,0.009662956091527477,0.10157699443413734,0.004483611626468827,0.10381880024737165,0.0,0.10606060606060606
Slash,0.017857142857142856,0.026785714285714284,0.017857142857142856,0.026785714285714284,0.017857142857142856,0.026785714285714284,0.017857142857142856,0.026785714285714284,0.017857142857142856,0.026785714285714284,0.017857142857142856,0.026785714285714284,0.017857142857142856,0.026785714285714284,0.017857142857142856,0.026785714285714284,0.017857142857142856,0.026785714285714284,0.017857142857142856,0.026785714285714284,0.017857142857142856,0.026785714285714284,0.015032798833819376,0.026785714285714284,0.0119351311953351,0.026785714285714284,0.008837463556851333,0.026785714285714284,0.005739795918367311,0.026785714285714284,0.0026421282798832885,0.026785714285714284,0.0,0.026785714285714284,0.0,0.026785714285714284,0.0,0.026785714285714284,0.0008199708454811169,0.026785714285714284,0.003917638483965139,0.026785714285714284,0.01466836734693874,0.024234693877551092,0.03298104956268233,0.02113702623906707,0.06086005830903777,0.01803935860058305,0.10623177842565619,0.01202623906705545,0.16198979591836732,0.007379737609329544,0.22813411078717216,0.004282069970845396,0.311771137026239,0.0011844023323615005,0.39923469387755084,0.0,0.48906705539358597,0.0,0.5788994169096208,0.0,0.6596209912536446,0.002277696793002905,0.7325072886297376,0.0053753644314869274,0.7944606413994167,0.008473032069970823,0.8432033527696792,0.011570699708454844,0.8845663265306121,0.013392857142857142,0.9186406705539358,0.013392857142857142,0.9406887755102041,0.013392857142857142,0.9590925655976678,0.01503279883381925,0.9740342565597668,0.017857142857142856,0.9833272594752186,0.017857142857142856,0.9906158892128281,0.017857142857142856,0.9961734693877552,0.017857142857142856,0.9992711370262389,0.017857142857142856,1.0,0.017857142857142856,1.0,0.017857142857142856,1.0,0.017857142857142856,1.0,0.017857142857142856,1.0,0.017857142857142856,1.0,0.017857142857142856
Slash,1.0,0.006896551724137931,1.0,0.006896551724137931,1.0,0.006896551724137931,1.0,0.006896551724137931,1.0,0.006896551724137931,1.0,0.006896551724137931,1.0,0.006896551724137931,1.0,0.006896551724137931,1.0,0.006896551724137931,1.0,0.006896551724137931,1.0,0.006896551724137931,1.0,0.006896551724137931,1.0,0.006896551724137931,1.0,0.006896551724137931,1.0,0.006896551724137931,1.0,0.006896551724137931,1.0,0.006896551724137931,1.0,0.006896551724137931,1.0,0.006896551724137931,1.0,0.006896551724137931,1.0,0.006896551724137931,1.0,0.006896551724137931,0.9960591133004926,0.006896551724137931,0.9901477832512314,0.006403940886699521,0.9783251231527094,0.0044334975369457845,0.9576354679802958,0.0024630541871921464,0.9280788177339903,0.0004926108374385076,0.8896551724137933,0.0,0.8482758620689655,0.0,0.7931034482758622,0.0,0.7354679802955667,0.0004926108374384096,0.6704433497536948,0.0024630541871921464,0.6054187192118228,0.006403940886699521,0.5403940886699508,0.012315270935960633,0.4768472906403943,0.019704433497536974,0.41379310344827586,0.027586206896551724,0.35665024630541875,0.037438423645320115,0.30197044334975365,0.046798029556650286,0.2546798029556651,0.05467980295566504,0.21133004926108392,0.0625615763546798,0.17192118226601016,0.07044334975369464,0.13842364532019713,0.07684729064039406,0.10689655172413794,0.08275862068965517,0.08325123152709368,0.08866995073891629,0.06108374384236456,0.09408866995073889,0.04334975369458132,0.09802955665024626,0.028571428571428543,0.10098522167487692,0.01674876847290642,0.10295566502463045,0.007881773399014849,0.10492610837438429,0.0,0.10689655172413794
Slash,0.00823045267489712,0.1728395061728395,0.005878894767783724,0.1728395061728395,0.0035273368606702107,0.1728395061728395,0.001175778953556698,0.1728395061728395,0.0,0.1728395061728395,0.0,0.1728395061728395,0.0,0.1728395061728395,0.0,0.1728395061728395,0.0,0.1728395061728395,0.0,0.1728395061728395,0.0,0.1728395061728395,0.0,0.1728395061728395,0.0,0.1728395061728395,0.0,0.1728395061728395,0.0,0.1728395061728395,0.0,0.1728395061728395,0.0,0.1728395061728395,0.0,0.1728395061728395,0.001175778953556698,0.1728395061728395,0.0035273368606702107,0.1728395061728395,0.009406231628453818,0.17107583774250434,0.01646090534979424,0.16872427983539096,0.03292181069958848,0.1616696061140505,0.05173427395649611,0.15402704291593186,0.07760141093474417,0.14462081128747806,0.10934744268077595,0.13403880070546742,0.14697236919459133,0.12228101116990009,0.1934156378600823,0.11052322163433288,0.24279835390946503,0.09876543209876543,0.30393885949441496,0.0846560846560847,0.36566725455614335,0.07113462669018233,0.4291593180482067,0.059376837154614996,0.4926513815402702,0.048794826572604366,0.5561434450323338,0.03938859494415055,0.616108171663727,0.03174603174603178,0.6748971193415638,0.024691358024691357,0.7242798353909465,0.019988242210464448,0.7718988830099941,0.01528512639623754,0.8142269253380363,0.010582010582010632,0.8518518518518519,0.0070546737213404214,0.8847736625514403,0.004703115814226909,0.9088771310993532,0.002351557907113513,0.9300411522633745,0.0,0.9465020576131687,0.0,0.9617871840094062,0.0,0.9735449735449735,0.0,0.9829512051734275,0.0,0.9900058788947678,0.0,0.995296884185773,0.0,1.0,0.0
Slash,1.0,0.0,1.0,0.0,1.0,0.0,1.0,0.0,1.0,0.0,1.0,0.0,1.0,0.0,1.0,0.0,1.0,0.0,1.0,0.0,1.0,0.0,0.9978458049886623,0.0,0.9951247165532878,0.0,0.9924036281179139,0.0,0.9896825396825398,0.0,0.9869614512471656,0.0,0.9842403628117915,0.0,0.9833333333333333,0.0,0.9833333333333333,0.0,0.9833333333333333,0.0,0.9833333333333333,0.0,0.9833333333333333,0.0,0.9833333333333333,0.0,0.9833333333333333,0.0,0.9833333333333333,0.0,0.9819727891156462,0.0,0.9792517006802721,0.0,0.9765306122448979,0.0,0.9738095238095241,0.0,0.9710884353741499,0.0,0.9683673469387758,0.0,0.9625850340136057,0.0,0.9517006802721091,0.0,0.936281179138322,0.0,0.9117913832199545,0.0,0.8825396825396824,0.0,0.8417233560090703,0.0,0.7968253968253969,0.0006802721088435406,0.7396825396825398,0.003401360544217703,0.6797052154195017,0.006689342403628176,0.6089569160997731,0.012131519274376501,0.5377551020408166,0.01802721088435375,0.4642857142857145,0.026190476190476236,0.3908163265306121,0.034693877551020415,0.31734693877551035,0.04557823129251706,0.24455782312925198,0.05668934240362802,0.1792517006802721,0.07029478458049883,0.1142857142857142,0.08390022675736965,0.05714285714285741,0.0975056689342403,0.0,0.1111111111111111
Slash,0.0,0.15315315315315314,0.0,0.15315315315315314,0.0,0.15315315315315314,0.0,0.15315315315315314,0.0,0.15315315315315314,0.0,0.15315315315315314,0.0,0.15315315315315314,0.0,0.15315315315315314,0.0,0.15315315315315314,0.0,0.15315315315315314,0.0,0.15315315315315314,0.0,0.15315315315315314,0.0,0.15315315315315314,0.0,0.15315315315315314,0.0,0.15315315315315314,0.0,0.15315315315315314,0.0,0.15315315315315314,0.0,0.15315315315315314,0.0,0.15315315315315314,0.0,0.15315315315315314,0.0,0.15315315315315314,0.0,0.15315315315315314,0.0,0.15241772384629518,0.0,0.14910829196543485,0.0028497885640743985,0.14864864864864866,0.007813936385364973,0.14699393270821842,0.01581173009744437,0.14322485751057176,0.032358889501746715,0.13660599374885093,0.056628056628056686,0.12998712998713,0.08861923147637442,0.12198933627505047,0.1288839860268433,0.11187718330575477,0.17852546423975008,0.0986394557823129,0.23735980878838028,0.08540172825887116,0.30244530244530254,0.0732671446957161,0.3719433719433721,0.06333884905313471,0.4478764478764479,0.05341055341055343,0.5239933811362385,0.04348225776797202,0.5992829564258138,0.0343813200956058,0.6720904578047435,0.027762456333884866,0.7419562419562422,0.02114359257216406,0.8044677330391615,0.014524728810443123,0.8579702151130723,0.008457437028865597,0.8976833976833979,0.00514800514800513,0.9267328553042838,0.0018385732671446617,0.9502665931237361,0.0,0.9695716124287553,0.0,0.9828093399521972,0.0,0.9912667769810626,0.0,0.9966905681191398,0.0,1.0,0.0
Slash,1.0,0.00558659217877095,0.9966936495268499,0.00558659217877095,0.994413407821229,0.00558659217877095,0.994413407821229,0.00558659217877095,0.994413407821229,0.00558659217877095,0.994413407821229,0.00558659217877095,0.994413407821229,0.00558659217877095,0.994413407821229,0.00558659217877095,0.994413407821229,0.00558659217877095,0.994413407821229,0.00558659217877095,0.994413407821229,0.00558659217877095,0.994413407821229,0.00558659217877095,0.994413407821229,0.005016531752365721,0.994413407821229,0.0017101812792155256,0.994413407821229,0.0,0.994413407821229,0.0,0.994413407821229,0.0,0.994413407821229,0.0,0.994413407821229,0.0,0.9930452627978565,0.0,0.9897389123247062,0.0,0.9792498004788507,0.0,0.9657963744156882,0.0,0.9459582715767874,0.0,0.9215596853266447,0.0,0.888496180595143,0.0,0.8489339870026223,0.0,0.8059514308516702,0.0,0.7565841979249801,0.0,0.7060768441454796,0.0009120966822482697,0.653175236575077,0.004218447155398466,0.5963972181051191,0.007524797628548662,0.5368829095884162,0.010831148101698858,0.4773686010717137,0.01710181279215605,0.41853836506669717,0.023714513738456282,0.36233040702314434,0.030327214684756677,0.3095428115380228,0.036939915631056905,0.259947554440771,0.043552616577357144,0.21856116748375312,0.050165317523657535,0.18025310682932388,0.05677801846995777,0.1504959525709726,0.063390719416258,0.1222209554212745,0.0685212632539049,0.09577015163607357,0.0718276137270551,0.07433587960323819,0.07513396420020528,0.05495382510546107,0.07844031467335533,0.041728423212860605,0.08174666514650553,0.02975715425835129,0.08379888268156424,0.01983810283890086,0.08379888268156424,0.00991905141945043,0.08607912438718515,0.0,0.0893854748603352
Slash,0.004464285714285714,0.08482142857142858,0.004464285714285714,0.08482142857142858,0.004464285714285714,0.08482142857142858,0.004464285714285714,0.08482142857142858,0.0020954810495627135,0.08482142857142858,0.0,0.08482142857142858,0.0,0.08482142857142858,0.0,0.08482142857142858,0.0,0.08482142857142858,0.0,0.08482142857142858,0.0,0.08482142857142858,0.0,0.08482142857142858,0.0,0.08482142857142858,0.0,0.08482142857142858,0.0,0.08482142857142858,0.0,0.08482142857142858,0.0,0.08482142857142858,0.0,0.08482142857142858,0.0,0.08482142857142858,0.0,0.08482142857142858,0.0,0.08482142857142858,0.0025510204081631927,0.08354591836734697,0.008199708454810408,0.08072157434402337,0.023688046647230263,0.07789723032069976,0.04309402332361526,0.07425291545189504,0.06851311953352786,0.06860422740524783,0.10395408163265328,0.06095116618075812,0.14495262390670582,0.05247813411078717,0.19579081632653075,0.04400510204081635,0.2512755102040816,0.03553206997084552,0.3105867346938777,0.027059037900874574,0.37536443148688087,0.01858600583090375,0.44141763848396515,0.011206268221574334,0.5092018950437317,0.005557580174927119,0.5747084548104959,0.0021865889212828093,0.6390306122448983,0.0,0.7011661807580174,0.0,0.7578352769679301,0.0,0.8107689504373179,0.0,0.8531341107871722,0.0,0.8900327988338194,0.0,0.9211005830903789,0.0,0.9445153061224489,0.0,0.9643768221574344,0.0,0.9784985422740525,0.0,0.9884293002915453,0.0,0.9959912536443147,0.0,0.9988155976676385,0.0,1.0,0.0,1.0,0.0
Slash,1.0,0.0,0.9946196660482377,0.0,0.9900742115027829,0.0,0.9873840445269016,0.0,0.9846938775510206,0.0,0.9820037105751391,0.0,0.9793135435992579,0.0,0.9772727272727273,0.0,0.9772727272727273,0.0,0.9772727272727273,0.0,0.9772727272727273,0.0,0.9772727272727273,0.0,0.9772727272727273,0.0,0.9772727272727273,0.0,0.9772727272727273,0.0,0.9772727272727273,0.0,0.9772727272727273,0.0,0.9772727272727273,0.0,0.9772727272727273,0.0,0.9772727272727273,0.0,0.9772727272727273,0.0,0.9772727272727273,0.0,0.9772727272727273,0.0,0.9772727272727273,0.0,0.9772727272727273,0.0,0.9772727272727273,0.0,0.9772727272727273,0.0,0.9772727272727273,0.0,0.9616883116883119,0.0,0.9433209647495362,0.0,0.9191094619666049,0.0,0.8870129870129869,0.0,0.8493506493506492,0.0,0.7948051948051947,0.0,0.7360853432282004,0.0005565862708719878,0.6688311688311687,0.003246753246753284,0.5987940630797771,0.007328385899814485,0.5261595547309835,0.012708719851576946,0.45575139146567745,0.018089053803339538,0.38729128014842307,0.023840445269016703,0.3281076066790353,0.03191094619666046,0.27254174397031544,0.03998144712430422,0.22142857142857147,0.04805194805194798,0.17643784786641922,0.0540816326530612,0.13395176252319138,0.05946196660482366,0.09897959183673492,0.06484230055658625,0.06706864564007446,0.07022263450834884,0.040166975881261766,0.0756029684601113,0.018831168831168685,0.07912801484230052,0.0,0.08181818181818182
Slash,0.0,0.09829059829059829,0.0,0.09829059829059829,0.0,0.09829059829059829,0.0,0.09829059829059829,0.0,0.09829059829059829,0.0,0.09829059829059829,0.0,0.09829059829059829,0.0,0.09829059829059829,0.0,0.09829059829059829,0.0,0.09829059829059829,0.0,0.09829059829059829,0.0,0.09829059829059829,0.0,0.09829059829059829,0.0,0.09829059829059829,0.0,0.09829059829059829,0.0,0.09829059829059829,0.0,0.09829059829059829,0.0,0.09829059829059829,0.0,0.09829059829059829,0.0,0.09829059829059829,0.004011861154718236,0.09628466771323911,0.012210012210012227,0.09340659340659342,0.029478458049886476,0.09052851909994773,0.05302633874062442,0.0855572998430141,0.08171986743415303,0.07910343624629337,0.11913483342054758,0.0704692133263562,0.16527123669980795,0.06183499040641901,0.2165532879818595,0.05320076748648182,0.2741147741147742,0.04456654456654451,0.34074655503226936,0.035932321646607326,0.41069248212105347,0.027298098726670144,0.482644339787197,0.018663875806732958,0.5593057735914877,0.012384440955869627,0.6331763474620616,0.007587650444793277,0.6993720565149135,0.0047095761381474675,0.7582417582417581,0.0018315018315019009,0.8116169544740972,0.0,0.8576661433804289,0.0,0.8910692482121053,0.0,0.9193267050409909,0.0,0.9423512994941566,0.0,0.9575266003837432,0.0,0.9694749694749696,0.0,0.9781091923949068,0.0,0.9840397697540555,0.0,0.9884877027734172,0.0,0.9913657770800628,0.0,0.9942438513867087,0.0,0.9971219256933544,0.0,1.0,0.0
